Title,Year,Country,Characters,Gender,Dialogues,Playability
Elder Scrolls Morrowind,2002,US,Abassel Asserbassalit,Male,"[""I don't know you. What do you want?"", 'No, foreigner. We will keep this pilgrim.', 'So, this pilgrim has value? I will give her to you for 500 drakes.', 'Thank you, . She is free to go.', 'Come back when you are ready to trade.']",NPC
Elder Scrolls Morrowind,2002,US,Addhiranirr,Female,"[""Great. So Caius says to you, 'Speak with Addhiranirr.' And you have done this thing. You are speaking with Addhiranirr. But Addhiranirr will not talk to you about the Nerevarine or the Sixth House cult, and because why? Because Addhiranirr is, at this moment, very distracted by a nice Census and Excise agent, who also wants to speak with her."", 'Addhiranirr is what you see, no one important, just a person who knows little things and does little things.', 'No. Addhiranirr is not talking about this with you, because Addhiranirr is very distracted by an annoying taxman.', 'No. Addhiranirr is not talking about this with you, because Addhiranirr is very distracted by an annoying taxman.', ""You do not know this? They are the collectors of the Emperor's taxes and tariffs. And the Emperor has outlawed trade in many things, like Dwemer artifacts and ebony, and a Census and Excise agent will enjoy being a pest about such things. For several reasons, a Census and Excise agent is not Addhiranirr's favorite person. If you want Addhiranirr to help you, make the bad agent go away. Then she will tell you things."", 'Perhaps your ears are clogged? I said, if you want Addhiranirr to help you, go get rid of this agent who is bothering me.', 'So, Addhiranirr has already said that she does not want to talk to you about the Nerevarine or the Sixth House cult, as long as her mind is distracted by the Census and Excise agents looking for her.', 'So. Are you the one Addhiranirr must thank for getting rid of the annoying Census and Excise agent? Indeed, Addhiranirr is very glad to see you, and very happy to tell a friend of my good friend Caius all about the Sixth House cult. And Addhiranirr knows nothing about the Nerevarine, but Addhiranirr is happy to tell you that, too, if it makes Caius happy. Ask away, friend .', 'Really? You have made the agent go away? This is a good trick. And Addhiranirr does not ask you how you do this trick, because Addhiranirr does not want to know. But now Addhiranirr is feeling quite good, and happy to talk to you about the Nerevarine cult or the Sixth House cult. Go ahead. Ask your questions.', 'Yes. Addhiranirr knows nothing about this Nerevarine cult, because it is just silly superstition. So you tell Caius this. Nobody in her right mind pays any attention to this nonsense. Prophecies and ancient heroes reborn and other silliness. Fuzzy tales for little kitties.', ""This Addhiranirr knows about, because it is about smuggling. Some smart smugglers are suddenly too busy for their old clients, because they have a new employer, the Sixth House, who pays VERY well. But what do they smuggle now? Addhiranirr doesn't know, because they are very secret. And this is odd, because these smugglers are always loud and bragging, and now they hush up like fat-bellied kitties full of sweet-meats."", ""Smuggling is big business. The Empire says we can't trade skooma, moon sugar, ebony, Dwemer artifacts, exotic Dunmer weapons and armor, and slaves. So smugglers trade these things. Smugglers also smuggle greef, shein, and sujamma to avoid Imperial tax. And now the Sixth House hires smugglers, though what they smuggle, Addhiranirr cannot say."", 'It is just a social club. We like the finer things in life. Those who join this club, they must know how to get the finer things in life. We are like other guilds, so we get deals on training, on goods, and on services. The Guild Stewards? They know the finer things in life very well, and know where to find them. Addhiranirr must tell you, though. There is a war between Thieves Guild and Camonna Tong. Addhiranirr is loyal to the Guild, but Addhiranirr thinks maybe the Guild is losing this war.', 'You have come from Caius, so of course he tells you all about Addhiranirr, how she is a friend of Caius, and who does little things for Caius, and who is also a member of the Thieves Guild, not at all important, but very helpful and loyal to fellow guild members.', 'Yes. So you want Addhiranirr to tell you about the Nerevarine? Or about the Sixth House cult? Or about the Thieves Guild? Or anything else?', 'You have some nerve, and also some great stupidity, to think you can do Addhiranirr the favor of selling her out to a Census and Excise agent, and then think Addhiranirr will tell you about the Nerevarine cult, or the Sixth House cult, or anything else.', 'No. Addhiranirr is not talking about this with you, because Addhiranirr is very angry with you.', 'No. Addhiranirr is not talking about this with you, because Addhiranirr is very angry with you.', 'No. Addhiranirr is not talking about this with you, because Addhiranirr is very angry with you.', 'All right. All right. I am still mad, and think you are stupid to tell that taxman where to find Addhiranirr. But since you are a friend of Caius, and Addhiranirr owes Caius a favor, I will tell you what you want to know about the Sixth House cult. And Addhiranirr knows nothing about the Nerevarine, but Addhiranirr is happy to tell you that, too, if it makes Caius happy.', ""All RIGHT! Addhiranirr is still mad. But wants you to GO AWAY! Addhiranirr knows about smuggling. Some smart smugglers are suddenly too busy for their old clients, because they have a new employer, the Sixth House, who pays VERY well. But what do they smuggle now? Addhiranirr doesn't know, because they are very secret. And this is odd, because these smugglers are always loud and bragging, and now they hush up like fat-bellied kitties full of sweet-meats. Happy? Now go away."", ""Smuggling is big business. The Empire says we can't trade skooma, moon sugar, ebony, Dwemer artifacts, exotic Dunmer weapons and armor, and slaves. So smugglers trade these things. Smugglers also smuggle greef, shein, and sujamma to avoid Imperial tax. And now the Sixth House hires smugglers, though what they smuggle, Addhiranirr cannot say."", 'As Addhiranirr said... sully superstition. Maybe you got lucky? Maybe this Dagoth, poor old fellow, and tired, so he falls down? All the stories Addhiranirr hears? Make you sound like some kind of hero or something.', 'It is just a social club. We like the finer things in life. Those who join this club, they must know how to get the finer things in life. We are like other guilds, so we get deals on training, on goods, and on services. The Guild Stewards? They know the finer things in life very well, and know where to find them. Addhiranirr must tell you, though. There is a war between Thieves Guild and Camonna Tong. Addhiranirr is loyal to the Guild, but Addhiranirr thinks maybe the Guild is losing this war.', 'Addhiranirr still thinks you are a fool for selling her out to a Census and Excise agent, but you are a friend of Caius, so Addhiranirr will tell you about the Nerevarine cult and the Sixth House cult.', 'You have come from Caius, so of course he tells you all about Addhiranirr, how she is a friend of Caius, and who does little things for Caius, and who is also a member of the Thieves Guild, not at all important, but very helpful and loyal to fellow guild members.']",NPC
Elder Scrolls Morrowind,2002,US,Addut-Lamanu,Female,"['We know about the prophecies. Our ashkhan and gulakhans say they are foolish superstition. There will be trouble if you speak with them. Perhaps you should speak to our wise woman, Manirai.', 'We were told these prophecies were foolish superstition. But you have made many changes here. Now we think, maybe these are not foolish superstition. Maybe you are something special. Maybe we can hope for something better.']",NPC
Elder Scrolls Morrowind,2002,US,Aengoth the Jeweler,Male,"['What is it, Blackcap ? Are you here looking for jobs, or are you ready for advancement?', ""I got a job for you. Something that might add some clink to your pockets. I've heard the Ald'ruhn Guild of Mages has been left unguarded. I want you to get Anareren's Devil Tanto."", ""Like I said, my source in the Mages Guild says they'll all be gone for a while. Go in there and take whatever you want, but be sure to bring me Anareren's Devil Tanto."", ""You were sent to fetch Anareren's Devil Tanto from the Guild of Mages. What happened?"", 'Did you run into any trouble?', ""Damn. Seems like the Mages Guild always knows when we're planning something. Did you get the Devil Tanto?"", ""Good. I guess the Mages Guild didn't know about our plans this time. So did you get the Devil Tanto?"", 'Yes, this is just what I wanted. You can keep anything else you found.', ""Well, what's keeping you? You're not going to let some apprentice get in the way, are you?"", 'What is it, Operative ? Are you here looking for jobs, or are you ready for advancement?', ""There's a customer who wants a Redoran Master Helm."", ""A client of ours wants a Redoran Master Helm. Most of the Councilors in House Redoran have one, but they can be hard to find. I know Miner Arobar has one, probably in his bedroom. You'd have to check Arobar Manor here in Ald'ruhn, Under-Skar."", 'Do you have that Redoran Master Helm, Operative ?', 'Did you get a Redoran Master Helm?', 'Good work. I hope our client appreciates this. Here. Take a little gold for your trouble.', ""Well get us a Redoran Master Helm, . I can't keep our clients waiting forever."", 'What is it, Operative ? Are you here looking for jobs, or are you ready for advancement?', ""Gandosa Arobar is a Councilor's daughter if you know what I mean. I hear she's got a copy of Boethiah's Pillow Book."", ""A client of ours wants some dirt on the Arobar family. Apparently Gandosa Arobar has a copy of this book, which has been banned by the Temple. Fetch the book and return it to me. I have to admit I'm a bit curious myself."", ""Any luck getting hold of Boethiah's Pillow Book? I'm sure Gandosa has a copy."", 'Did you get the book?', ""Hm. Interesting books these Dunmer have. We're getting paid well for this job. I looked over the emergency supplies here and found a ring and another you might like. Just don't tell anyone I gave them to you, eh?"", ""I need that book. I can't keep my client waiting forever. I might have to hire someone else to get that book, if you know what I mean."", 'What is it, Operative ? Are you here looking for jobs, or are you ready for advancement?', ""Another client wants us to find a copy of this book for him. It's not for sale if you know what I mean. I've heard that Miles Gloriosus over at the Andus Tradehouse in Maar Gan has a copy."", 'Have you returned with a copy of Withershins?', 'Did you get a copy of Withershins?', ""This is the right book, . I'll give you a fair price for it. How does 1000 septims sound?"", ""Well, keep looking. Like I said, I think Miles Gloriosus over in Maar Gan has a copy. I don't know where he keeps it, though."", 'What is it, Operative ? Are you here looking for jobs, or are you ready for advancement?', ""We got some Dwemer Spider Centurion from a friend, and we got Estoril who can fix them up, but we don't have any scrap metal."", ""You can find scrap metal in most Dwemer ruins. I wish I knew a better place to get some, but I don't. We need four pieces of scrap metal to be on the safe side, but you don't need to try and clear out a Dwemer ruin, just run in, snatch some, and get out."", 'We will need four pieces of scrap metal to fix the centurions. Have you found some?', 'Did you find some scrap metal?', ""So you found some, eh? Well, I'll give you a fair price for it. How about 250 septims each? That should put some clink in your pockets."", 'Well, keep looking. We used to have some Spider Centurion guards, and I sure felt safer with them around.', 'What is it, Bandit ? Are you here looking for jobs, or are you ready for advancement?', 'Eindel, a Bosmer like me, has some fine arrows, the Darts of Judgement.', ""Eindel has four Darts of Judgement. They're very rare arrows made in my home province of Valenwood. Eindel is a guard at Llethri Manor in Ald'ruhn. If you find the Darts there, feel free to use them, but the Guild will pay good money if you don't want them."", 'Well, Bandit , have you been able to recover the Darts of Judgement?', 'So you found the Darts of Judgement. Do you want to keep them or sell them to the Guild?', ""Here's 500 septims for the Dart."", ""Here's 1000 septims for the Darts."", 'You put them to good use, then.', ""You've done pretty good work for me, Bandit . If you've got a price on your head, I'll see if I can take care of it."", ""I got not jobs for you, Bandit . Try Sugar-Lips Habasi in Balmora, or Big Helende in Sadrith Mora. Or you could talk to the Master Thief himself, Gentleman Jim Stacey. He's in Vivec, but is very choosy about who he has work for him."", 'You can find her in Balmora, at teh South Wall Cornerclub.', ""Go to Sadrith Mora. You'll find Big Helende at the Dirt Muriel's Cornerclub. It's quite a place."", ""Look for him in Vivec. You'll find him in the basement of Simine Fralinie's bookstore in the Foreign Quarter.""]",NPC
Elder Scrolls Morrowind,2002,US,Ahaz,Male,"['What do you want?', 'Oh, all right. If you insist....', ""Why do you bother us? We don't like you. Go away."", 'He is like the Nix-Hound chasing a bone. We told him the Mabrigash wanted to hear him speak from his books. He went to them, and never returned.', ""The wise-woman who left us, and our rules. She steals a man's vital essence to make herself a powerful sorcerer. Her camp is to the west, along the lava. She has others with her and I would stay away. It'll be hard to find the camp in this landscape anyway.""]",NPC
Elder Scrolls Morrowind,2002,US,Ahdni,Female,"['Do you have the key to these bracers? Will you let me go free?', 'You have the key. Will you let me go free?', 'Yes, Ahdni is free! You are a good friend to Ahdni.', 'You freed me, .', 'Ahdni is so very sorry. Please do not punish poor Ahdni.']",NPC
Elder Scrolls Morrowind,2002,US,Ajira,Female,"[""What brings you to Anjira's shop? Do you want to try the local brews? Need something to help in a fight? Some Telvanni bug musk to bring you a mate? Or a way to get to those high places where your hands cannot reach?"", 'Yes, Anjira sells mazte, flin, and sujamma. They make you as strong as a kagouti and half as smart. Puts hair on your face.', 'Ajira sells potions of restore health for when your are bleeding. And potions of restore fatigue when you are weary.', 'Ajira does not like the Telvanni, but even Khajiit like the smell of bug musk. Try some and smell how all the women like you.', ""What brings you to Anjira's shop? Do you want duties from Ajira? Do you want the local brews? Or help in a fight? Some Telvanni bug musk? Or a way reach the high places?"", 'Yes, Ajira has duties for you. Before Ajira can be a Journeyman in the Mages Guild, Ajira must study local mushrooms.', ""To finish Ajira's report, Ajira needs samples of Luminous Russula, Violet Coprinus, Bungler's Bane, and Hypha Facia. Ajira knows you can find all these on the Bitter Coast. The easiest way is go south along the River Odai until you see a wooden bridge across the river. Get out of the river there and find a path west over the hills."", ""Do you have samples of all the mushrooms? Luminous Russula, Violet Coprinus, Bungler's Bane, and Hypha Facia?"", 'Where are these samples? Ajira does not see all four samples.', 'Please hurry, . Ajira wants to be Journeyman very soon.', 'Russula comes from a short, smelly toadstool which is brown on top.', 'Coprinus comes from long-stemmed toadstools which glow blue at night.', ""Bungler's Bane grows on trees and sometimes other things. It looks like the tree has brown shelves. Ajira warns you not to eath Bungler's Bane."", ""Hypha Facia looks much like Bungler's Bane and grows like a shelf on trees and other things. Hypha Facia is safe to eat, but make sure it is not Bungler's Bane."", 'Has found the mushrooms Ajira needs?', ""Do you have samples of all the mushrooms? Luminous Russula, Violet Coprinus, Bungler's Bane, and Hypha Facia?"", 'Yes, these are all good samples. Now Ajira can write the report and be a Journeyman of the Mages Guild. Ajira has made potions for you to take in return. Ajira is not great alchemist yet, but Ajira thinks you can use these.', ""What brings you to Anjira's shop? Do you want duties from Ajira? Do you want the local brews? Or help in a fight? Some Telvanni bug musk? Or a way reach the high places?"", 'Yes, Ajira has some duties for . Ajira made a bet with Galbedir...', 'Ajira made a bet with Galbedir that Ajira would be a Journeyman before Galbedir. Now Ajira must study these mushrooms and write a report. Ajira wants you to give Galbedir a fake soul gem.', ""Ajira has made a fake soul gem. Take it and put it in Galbedir's desk upstairs. Galbedir should be coming downstairs to talk with Marayn Dren, so no one will see you do this thing."", ""Has put the fake soul gem in Galbedir's desk?"", 'You have put the gem in the desk as Ajira asked? Ajira thanks you.', ""What brings you to Anjira's shop? Do you want duties from Ajira? Do you want the local brews? Or help in a fight? Some Telvanni bug musk? Or a way reach the high places?"", 'Ajira must now study local flowers.', 'Yes, Ajira must study flowers now. Ajira needs samples of Gold Kanet, Stoneflower Petals, Willow Anther, and Heather. These can all be found on the shores of Lake Amaya.', 'Do you have the flowers that Ajira wants?', 'Do not lie to Ajira. Ajira needs Gold Kanet, Stoneflower Petals, Willow Anther, and Heather. You do not have all that Ajira needs.', ""Ajira must make Journeyman before Galbedir. Ajira must have those flowers very soon or Ajira might forget that good things you've done and ask Ajira's good friend Bribanne Erien to bring her the flowers."", 'Gold kanet grows near rocks. It has yellow flowers and broad dark-green leaves. The leaves are spiny, so Ajira warns you not to touch the leaves.', 'Stoneflowers are dark blue and their stems bend towards the ground when they are in bloom. The leaves look like they are folded along the stems.', 'Willow flowers are reddish and tall, but they do not bend to the ground like stoneflowers. The leaves are long and thin.', 'Heather has needles like the trees in Skyrim and High Rock, but it grows near the ground and has pink flowers.', 'To get to Lake Amaya, go southeast out of Balmora, past Fort Moonmoth. Then follow the signs and take the road to Pelagiad. After you cross the Foyada Mamae, go towards Suran at the next crossroads. All the flowers Ajira needs are near the path to Suran which runs along the north shore of Laka Amaya.', 'Does have the flowers for Ajira?', 'Do you have the flowers that Ajira wants?', 'Yes, these are the flowers that Ajira needs. Ajira has made more potions for you. Ajira hopes that you will use them well.', 'Ajira must now study these flowers and mushrooms. knows this. Why does pester Ajira now?', 'Ajira is very sorry. Ajira has much work to do on these reports so Ajira can win her bet with Galbedir. Maybe you could fetch a new ceramic bowl for Ajira?', ""Yes, take these 10 drakes and go find Ajira a ceramic bowl. Ajira thinks Ra'Virr the trader here in Balmora has some."", 'Ajira must find her stolen reports!', 'Yes, Ajira needs a ceramic bowl. Did you find one for Ajira?', 'Yes, good. This is an very good bowl. But now Ajira must find her stolen reports!', 'Nevermind then. Ajira must find her stolen reports!', 'Ajira must find her stolen reports!', ""Ajira needs your help very badly. Galbedir stole Ajira's reports on the properties of local mushrooms and flowers. Ajira knows Galbedir did not leave the Mages Guild, so the reports must be nearby."", ""Have you found Ajira's reports?"", 'Ajira does not see the reports. Bring the reports to Ajira.', 'Ajira asks you to keep looking, then. They cannot be far from here.', ""Has found Ajira's stolen reports?"", ""Have you found Ajira's reports?"", 'Yes, these are the reports Ajira needs. Ajira thanks you, . Ajira is your friend always. Ajira worked very hard on these potions for you.', 'Ajira knows that is a good friend of Ajira.', ""Ajira knows many secrets, but they are not yet for friend . Speak with Ajira again when you are a Warlock. Ranis Athrys may have duties for you, but Ajira does not like Ranis much. Maybe you should speak with Ajira's good friend Edwinna Elbert at the Guild of Mages in Ald'ruhn?"", ""Ajira has some duties for Ajira's good friend, ."", 'Ajira has no duties for friend , but she is ready to tell you a secret. Ajira knows all about the Staff of Magnus.', 'Ajira knows the Staff of Magnus is in Assu. It is a cave on the slopes of Mount Kand just northwest of Molag Mar.', 'Ajira is a good friend of and tells about the Staff of Magnus.', 'Ajira knows you have found the Staff of Magnus. Now Ajira might tell you her other secret.', ""Ajira has some duties for Ajira's good friend, ."", ""Ajira will tell friend another secret. Ajira also knows about the Warlock's Ring."", ""Ajira knows that Vindamea Drethan has the Warlock's Ring. Ajira tells you this because Ajira does not like Vindamea Drethan. She is in Ashirbadon, a cave on a small island west of the ruins of Bal Fell."", ""Ajira is a good friend of and tells about the Warlock's Ring."", ""So you have found the Warlock's Ring. Remember that Ajira is your good friend who shares all her secrets.""]",NPC
Elder Scrolls Morrowind,2002,US,Alarvyne Indalas,Female,"['Greetings, friend. How can I help you? We have an excellent selection of glassware, although getting more exotic items has become very difficult.', 'Well, some of the finer materials are hard to come by these days. While it would be nice to have such items as dwarven limeware, it has become too difficult to obtain it.', ""It didn't used to be as much of a problem, but Bolryn at the East Empire Company has been manipulating the prices; I'm sure of it. And he won't give most of us a license to sell the stuff. Actually, I know for a fact that there's a shipment of limeware being held up on a ship in Ebonheart. If you'd be willing to...recover it for me...I would be willing to reward you very generously. Perhaps 1,500 drakes?"", 'Excellent. You can find the limeware aboard the Chun-Ook, docked in Ebonheart. It is likely to be very well guarded, so take care. There should be at least ten pieces of it...bowls and cups, I believe. Anything else you find -- flasks, plates, or platters -- is probably fake, so leave it behind.', 'I would be good to get my hands on that shipment. Let me know when you get the pieces.', ""Well, I suppose I shouldn't have expected your help."", 'You got the cups, but where are the bowls? Come back when you have everything.', 'You got the bowls, but where are the cups? Come back when you have it all.', ""You've gotten it! Well done, . I was beginning to think we'd never see this kind of merchandise again. As promised, here is your reward. I hope it wasn't too much trouble for you."", ""It's good to finally get my hands on some good merchandise.""]",NPC
Elder Scrolls Morrowind,2002,US,Albecius Colollius,Male,"[""The heavy armor styles, called 'Legion' or 'knight' style in the West and 'ebony' style in the East, require great strength and endurance. The light armor styles, called 'militia' the West and 'Ashlander' in the East, favor speed and agility. The medium armor styles, called 'Imperial guard' in the West and 'Great House' in the East, are compromises between the heavy and light styles, balancing protection against mobility. A few less common exotic armor types are also found in Morrowind."", ""In the West, cheap iron, steel, and silver heavy armor is made in quantity for the Legions, and many are trained in its use. In the East, the expense of the superb ebony and daedric heavy armors limits their use to aristocratic families. Suits of ebony and daedric armor are passed down from generation to generation, and represent a sizable portion of a Great House nobles' personal wealth."", 'As it wears out, armor becomes less effective. Broken armor is completely useless until you repair it, but worn armor stops only a fraction of the damage that new or well-maintained armor does. Learn the basics of armor repair, and go over your armor, piece by piece, before every big battle. Or visit a smith regularly to keep your armor in good shape.', ""Weapons become less effective with wear. Eventually they break, and are useless until you repair them, but a worn weapon does only a fraction of the damage it should do. You'll hack and stab and slash away, and suddenly realize you're doing almost nothing to your enemy. So learn the basics of weapon repair, and touch up your weapons before every big fight, or pay a smith to keep your weapons in top shape."", ""Did you hear that some fool lost Mentor's Ring. In a tomb along the Bitter Coast, or so they say.""]",NPC
Elder Scrolls Morrowind,2002,US,Alfe Fyr,Female,"['I suppose you want to speak to Divayth Fyr? Have you got corprus disease? Or were you planning to plunder the dungeon?', ""He's in his study. He's busy. He's always busy."", ""If you've got the disease, go down to the dungeon with all the other monsters."", ""You're smart. Get corprus disease. Get killed by corprus monsters. Get killed by Vistha-Kai. A very good plan. Plunder the dungeon of a 4000-year-old wizard. What could be easier?""]",NPC
Elder Scrolls Morrowind,2002,US,Alvela Saram,Female,"[""I'm sorry. No pilgrims allowed in the Ministry. I'll have to ask you to leave... but... you're not here to visit anyone, are you?"", ""Mehra said you would come. I'll say you subdued me with magic and stole my key. It opens all three exterior doors -- the upper back door is best. You'll need the other keys in desks; no one carries keys while on duty. Mehra is in Prison Keep in the cell on the far right. Mehra said you'd bring scrolls to get out. Some of us are sympathetic to the Dissident priests, but kill an Ordinator, and you'll lose that sympathy. Here's the key to the entrance. Now get going."", ""You have the key. Now get moving. And remember what I said. Don't shed Ordinator blood. Don't betray our trust.""]",NPC
Elder Scrolls Morrowind,2002,US,Alven Salas,Male,"['If Dratha needs the ring so badly, I do not understand why she does not seek after it herself. Hiding behind mere servants like you is a sign of cowardice. Yes, I admit it. I have the ring. If you want it, you can fight me for it.', 'So you do have some courage. We shall settle this now. To the death!', 'So you are just another Telvanni coward. Go back to your servants, Dark Elf . If you have any.']",NPC
Elder Scrolls Morrowind,2002,US,Alvis Teri,Male,"['Just what I need. Another stupid Redoran.', ""I don't think so. I like the way it fits."", 'I stole it fair and square.', ""Fine. Take the stupid helm. Just like the Redorans to send a girl to do a man's job."", ""Fine. Take the stupid helm. But you're a momma's boy and so is your stupid Founder."", 'I gave you the helm so just shut up about it. Go away.']",NPC
Elder Scrolls Morrowind,2002,US,Ama Nin,Female,"[""I'm SO glad to see you! I'm a healer, and I had been making my way to Gnisis from Ald'ruhn when these two winged twilights snatched me from the road, bore me into the air, dragged me deep beneath the earth, and stranded me on this high pillar of rock. I prayed to Mara for Divine Intervention. You must have been sent in answer to my prayers."", ""No. I haven't seen any boots anywhere. But... I do believe I saw the remains of some poor wretch down on the floor of the cavern where the winged twilights stand watch. I wonder... perhaps he was wearing the boots you seek."", ""Mara be praised! And you, too, for your forethought and compassion. Since you came prepared -- not just for yourself, but for other poor victims -- a scroll of Divine Intervention can carry me from this terrible captivity to the safety of an Imperial cult shrine. Please, give me that scroll. I don't want to be here a moment longer."", ""Bless you, and all your endeavors. Farewell, and good fortune. But before I go, please -- let me at least give you a gift. All I have is this lucky change of clothes I've carried with me on my travels. I never wear them -- I just keep them as a good luck charm. Perhaps you can wear them in remembrance of me, and in token of your generosity to a stranger."", 'Woe is me. I prayed for aid, and received a cruel rebuff. It is enough to make one wonder about the gods. Perhaps they are evil and cruel, or careless and indifferent to the fate of poor mortals. Go, then. Leave me to suffer -- no doubt, as the gods intend.', ""You haven't GOT a Divine Intervention scroll? But... I thought you were a servant of the Imperial cult? Surely the prudent and pious champion of the faith will carry Divine Interventions scrolls, both for personal use and for the aid of the less fortunate. Alas. I think you should go get a Divine Interventions scroll and bring it back to me so I can be rescued."", 'So. Have you brought me a Divine Intervention scroll?', ""At last! You have found a Divine Intervention scroll? Give me that scroll, and I'm free."", ""Bless you, and all your endeavors. Farewell, and good fortune. But before I go, please -- let me at least give you a gift. All I have is this lucky change of clothes I've carried with me on my travels. I never wear them -- I just keep them as a good luck charm. Perhaps you can wear them in remembrance of me, and in token of your generosity to a stranger."", 'Woe is me. I prayed for aid, and received a cruel rebuff. It is enough to make one wonder about the gods. Perhaps they are evil and cruel, or careless and indifferent to the fate of poor mortals. Go, then. Leave me to suffer -- no doubt, as the gods intend.']",NPC
Elder Scrolls Morrowind,2002,US,Andil,Male,"['Did Master Aryon send you with more potions of cure blight?', 'Good. Thank you. This will help. I can spare a few other potions. Why not take these?', 'You already delivered more Cure Blight potions to me.', ""The people of Tel Vos are depending on you. It's not like Master Aryon to be so inefficient.""]",NPC
Elder Scrolls Morrowind,2002,US,Ane Teria,Female,"['Welcome, Incarnate. I am Ane Teria. I was not the one. But I wait and hope. Ask, and I shall tell you my story.', 'I was a holy crusader of the Temple in the golden era of the Tribunate. I contributed substantially to the writings that were later suppressed by the Temple, and now would be called apographa. I followed the Tribunal unquestioningly, to my regret. I never believed in the Nerevarine prophecies until it was too late. Take my humble possessions, with my blessing.', 'I have failed. I was not the one.', 'I am Ane Teria. I was called to the prophecies, but I was not the one.', 'An ancestor has no trade, but to guard and counsel the living kin.', 'You are the Nerevarine. You are the Incarnate. You are the one. You must not fail.', 'The Devil is dead, and the Blight is gone. You are the Nerevarine. You are the Incarnate. You are the one.', 'You are the Prophesied One. You must save the Dunmer people.', 'A darkness is on the land, and only you can bring the light.']",NPC
Elder Scrolls Morrowind,2002,US,Anes Hlaren,Male,"[""Have you seen a runaway slave near here? Goes by the name J'Saddha."", 'Yes, that dirty little Khajiit better be good at hiding. Have you seen him?', ""I'll take a look over there. Thank you, ."", ""I'm going to look around the ruins, like you said."", ""Right. Sure. He left town. I can't believe you thought I was that stupid. I don't like you, Dunmer . You better stay out of this."", ""You lied to me once, . I don't care what you say about J'Saddha, I'm staying right here."", ""Have you seen a runaway slave near here? Goes by the name J'Saddha."", 'Yes, that dirty little Khajiit better be good at hiding. Have you seen him?', ""I'll take a look over there. Thank you, ."", ""No idea where hwent? Damn. He's probably halfway to the mainland by now... Thanks, . I'd best start looking for the next slave on my list, then."", ""You said he left town. There's no reason for me to stick around here."", ""Have you seen a runaway slave near here? Goes by the name J'Saddha."", ""The bounty on J'Saddha will keep me in wine and women for a month!""]",NPC
Elder Scrolls Morrowind,2002,US,Angoril,Male,"[""I'll be happy to help you, stranger. I'm Angoril. People are fairly friendly here in Pelagiad. We don't mind answering a few questions."", 'I am a master-at-arms. I am a master of all basic hand weapon types: long blades, short blades, axes, blunt weapons, and spears. I am willing to train with weapons, for a fee.', ""Nothing to it. Just get yourself an armorer's hammer and start banging away. Anyone can do it. Of course, anyone can do it really badly, too. It does help to have a little skill. But if you got plenty of time, and a lot of coin for hammers, you can teach yourself. Actually, unless you're a professional armsman, you probably should pay an armorer to keep your weapons in good repair."", 'Things have been very quiet here. Sorry, no pressing business. Check with the Knight Protectors of the other Legion forts.', ""The heavy armor styles, called 'Legion' or 'knight' style in the West and 'ebony' style in the East, require great strength and endurance. The light armor styles, called 'militia' in the West and 'Ashlander' in the East, favor speed and agility. The medium armor styles, called 'Imperial guard' in the West and 'Great House' in the East, are compromises between the heavy and light styles, balancing protection against mobility. A few less common exotic armor types are also found in Morrowind."", ""In the West, cheap iron, steel, and silver heavy armor is made in quantity for the Legions, and many are trained in its use. In the East, the expense of the superb ebony and daedric heavy armors limits their use to aristocratic families. Suits of ebony and daedric armor are passed down from generation to generation, and represent a sizable portion of a Great House nobles' personal wealth."", ""Both the Western 'militia' and eastern 'Ashlander' armor styles depends on light, cheap leather armors. The Eastern reinforced chitin armor, however, is distinctly superior to Western-style leather armors, and offers better protection, pound for pound and drake for drake, than any other armor. The 'glass' light armors of the noble Great Houses are in the high Altmer style, strikingly light and stylish, and comparable with the ebony and daedric in protection, but are expensive and in short supply."", ""The chain and scale medium armors of the Western 'Imperial guard' style offer less protection than the heavy iron and steel plate armors of the Legions, but with a considerable advantage in mobility. The Dunmer bonemold medium armor is generally lighter and more durable than its Western equivalent. The most prized of medium armors, Orcish, is limited in availability and very expensive, but markedly superior, and is the medium armor of choice for nobles and mercenaries in both the West and East."", 'Fur armor is a light armor style popular among Nord barbarians. Dreugh is a remarkably strong Dunmer medium armor, made from Dreugh hide. But the most famous exotic armor is Dwemer, or Dwarvish armor, a highly ornate heavy armor valued as much for its rarity and antique craftsmanship as for its distinctive impact-absorbing qualities in combat.', ""Shields and tower shields are basic armor protection, but limit you to one-handed weapons. For body armor, get a cuirass first for the chest, then greaves for the legs, helm for the head, and boots for the feet. Add left and right pauldrons for upper arms and gauntlets or bracers for lower arms. Balance protection against weight; you can't fight if you're exhausted by the weight of your armor."", ""First, wear as much armor as you can carry and still fight without passing out. Second, use armor that matches the style you are skilled in -- light, medium, or heavy armored style. Third, keep your armor in good shape. Worn armor is less effective; badly-worn armor is just as heavy as new armor, but provides almost no protection. Fourth, buy the best quality armor you can afford. Fifth, if you're trained in unarmored style, you may be better protected without armor than with armor."", 'As it wears out, armor becomes less effective. Broken armor is completely useless until you repair it, but worn armor stops only a fraction of the damage that new or well-maintained armor does. Learn the basics of armor repair, and go over your armor, piece by piece, before every big battle. Or visit a smith regularly to keep your armor in good shape.', 'The two basic shield styles are the standard shield and the much larger and heavier tower shield. Use the bigger shield if you have the strength and endurance. Different materials are heavier and lighter, but your actual effectiveness with the shield depends on your skill in the light, medium or heavy armored fighting styles.', 'Short blades include the dagger, tanto, shortsword, and wakizashi. Long blades include the broadsword, saber, longsword, katana, claymore, and dai-katana. Blunt weapons include the club, staff, mace, morningstar, and warhammer. Axes include the war axe and battle axe. Spears include spears and halberds. Marksman weapons include short bow, long bow, crossbow, throwing star, and throwing knife. Bows shoot arrows; crossbows shoot bolts. Use of each weapon type relies on a different skill.', 'The dagger and short sword are Western Imperial weapons. The tanto and wakizashi are styled after Akaviri blades. These weapons are light and fast, most effective against lightly armored opponents, but a skilled user can outlast more heavily armed and armored opponents. The dagger, tanto, and short sword are thrusting weapons, the wakizashi a chopping and slashing weapon. Rank them by effectiveness as dagger, tanto, short sword, and wakizashi, with dagger least effective.', 'The broadsword, saber, longsword, and claymore are Western weapons. The katana and dai-katana are Akaviri-style blades. Long blades, one-handed or two-handed, and the most common weapons here. The claymore and dai-katana are two-handed weapons, and relatively heavy and slow; the rest are one-handed. Rank them by effectiveness as broadsword, saber, longsword, katana, claymore, and dai-katana, with broadsword least effective.', 'Two styles of spear are popular here, both used two-handed for thrusting attacks: the spear and the halberd, with the halberd the most effective. Spear weapons have the longest reach of any weapon -- except, of course, marksman weapons.', 'Clubs and staves are cheap, easy-to-master, all-purpose weapons for travelers and militias. The mace and morningstar are one-handed, the warhammer is two-handed, slow, and heavy; all three are proper weapons for professional warriors. Rank them by effectiveness as club, staff, mace, morningstar, and warhammer, with club least effective.', 'Only two types of axe are common here -- the one-handed war axe and the two-handed battle axe. Use the war axe with a shield or use the two-handed battle axe for maximum effect.', 'Short bows and long bows use arrows. Crossbows use bolts. Bow and crossbows are more cumbersome, two-handed weapons, but more effective. Throwing stars and throwing knives are fast, light, one-handed attacks, but less damaging than bows and crossbows.', ""Weapons become less effective with wear. Eventually they break, and are useless until you repair them, but a worn weapon does only a fraction of the damage it should do. You'll hack and stab and slash away, and suddenly realize you're doing almost nothing to your enemy. So learn the basics of weapon repair, and touch up your weapons before every big fight, or pay a smith to keep your weapons in top shape."", ""Nothing to it. Just get yourself an armorer's hammer and start banging away. Of course, you don't literally use the hammer on a blade's edge. Unless you're a barbarian. The 'armorer's hammer' is just a package deal, a complete portable kit for maintaining your armor and weapons in the field. And my advice is pay a smith to do your repairs unless you have a decent skill as an armorer.""]",NPC
Elder Scrolls Morrowind,2002,US,Anhaedra,Male,"['I am Anhaedra. If you are a pilgrim, read the inscription on the stupid rock.', 'Your threats are weak like your flesh, mortal.', 'Continue with your insults, mortal. I long to feast on your marrow.', 'Ha! Fine words from one born from the wrong end of a guar.', ""After I kill you, I will rape your corpse. Don't worry. I'll be gentle.""]",NPC
Elder Scrolls Morrowind,2002,US,Arara Uvulas,Female,"['What brings you here, ? Do you want chores?', 'Master Neloth needs five portions of Sload Soap.', 'Yes, he is my patron and I represent him on the Telvanni Council. Master Neloth lives in the tower of Tel Naga, here in Sadrith Mora. What do you want?', 'Yes, Master Neloth needs five portions of sload soap to help with his research. Here are 500 drakes. You can keep what is left after you purchase the sload soap.', 'Do you have the Sload Soap?', 'Do you have the five portions of sload soap?', 'Perhaps these will put Master Neloth in a better mood. He is old, you see, and has trouble moving about. I use the soap along with some roobrush and bonemeal to make an ointment for his joints.', 'Master Neloth is venerable and patient, but he will not wait forever.', 'I have all the sload soup I need right now.', 'What brings you here, ? Do you want chores?', 'Master Neloth asked me to acquire a Staff of the Silver Dawn and deliver it to him.', 'I believe someone in the Mages Guild here in Sadrith Mora has this staff. Master Neloth wants the staff, and I cannot leave my duties here long enough to fetch it for him. Go to Wolverine Hall, get the staff, and bring it back to me.', 'Have you found the Staff of the Silver Dawn?', 'Is that the Staff of the Silver Dawn?', 'Good. I hope Master Neloth will be pleased with it. I have this old dagger I no longer use. And I can teach you to blind your enemies as the staff does.', ""Yes, of course. (Arara teaches you to blind your enemies) Now, if you'll excuse me..."", 'Very well. If you want more chores, speak with the other Mouths.', 'I do not have any chores for you. Check with my patron, Master Neloth, or with the other Mouths.', 'You already gave me the Staff of the Silver Dawn.', 'Master Neloth will want the Staff of the Silver Dawn soon, . You should give it to me before Master Neloth becomes less cooperative.']",NPC
Elder Scrolls Morrowind,2002,US,Arethan Mandas,Male,"[""Pots and pans and bottles and cans. Furniture for my furniture. The trees have her. Fear's tower. Flowers and trees and birds and bees and for eyes myself invite. In the tower. In decision. In perfect Oblivion. Rest of Oblivion. Rest and death's leaper time."", ""Daughter, my daughter, mine. Delyna Mandas. Saint Delyn, a man thus ain't. Lock it, her locket. Keep it locked up. In her pocket. Who owns that locket?"", ""My daughter. Where is she? Her locket... is it? Is she? No! Must know! Can't bear to know!"", ""She's... safe. Safe. So safe. I must be there for her. I must. Thank you, . I will stop now. The attacks on the road. I knew it was wrong. But what could I do? My guards are loyal. Always looking out for me. Tell Athyn to visit."", ""Yes, my daughter is safe. She's safe. I can think in better categories now. My guards will trouble you no more. Nor the travelers. I await a visitor. My daughter, Delyna, or my old friend, Athyn. I feel I will feel better soon."", ""No, no, no. Not the pickles. Death's sickles. Tickles. Get out of my head, father."", 'I was a noble of House Redoran. Now I am noble to rocks and caves.', ""I'm a knight by night. Not the best night to be a knight. No horse, no title, no stronghold."", 'My daughter is safe. So very safe. Things will change around here. Tell Athyn I will order no more attacks on the road out front my house. He should visit me. The weather is very nice in here. Neither ash nor rain.']",NPC
Elder Scrolls Morrowind,2002,US,Arielle Phiencel,Female,"[""Yes, I have a Staff of the Silver Dawn. I don't use it very often, I prefer daggers, myself. I'll sell it to you for 300 drakes."", ""Here. Take it. Come see me if you're ever looking for another enchanted item."", 'I already sold you the Staff of the Silver Dawn.', ""Well, your loss. I'm sure it's worth more than that."", 'Yes, I could arrange for a wizard to guard your precious guildhall. But first you must bring me four pieces of raw ebony for an experiment. If you bring me the ebony, I will send you a guard.', ""I don't know where you can find it. Buy it. Steal it. Mine it yourself. I just know what I need if you want to hire a wizard."", 'So do you have the ebony?', ""Yes, these are fine samples. I will send one of our fine Battlemages, Natalinus Flavonius, over to Dirty Muriel's."", 'No ebony, no guard for your guildhall.']",NPC
Elder Scrolls Morrowind,2002,US,Arius Rulician,Male,"['What are you doing here? This is for Talos Cult members only.', 'Ahhh...you have spoken to Oritius, then? Excellent. We are always interested in meeting those who sympathize with our cause. Feel free to look around and hear of our plans.', 'We are those who worship the true following of the Legion. Protecting the Glory of Tiber Septim, Talos, the Dragonborn.']",NPC
Elder Scrolls Morrowind,2002,US,Arrille,Male,"[""Welcome to Arrille's Tradehouse. I barter for goods or coin. I also have a small selection of spells for sale. No credit. want a little advice? That's free. That's ALL that's free. Would you like to hear about our most popular potions? Our most popular scrolls?"", ""If you want to live to a ripe old age, buy a weapon and as much armor as you can wear and still from trouble. Buy a spell or two. And practice your skills. Don't practice on citizens. We call that foul murder, and we don't like it. But you can kill smugglers and bandits and other outlaws all you like. Outlaws have no rights. Plenty of adventurers make a living from killing and looting outlaws. That smuggler scum down in Addamasartus, for instance. The cave down near the silt strider platform."", ""Practice on creatures. And outlaws. And anyone who attacks you first. When in doubt, run away. And if you attack a citizen by accident, DON'T kill him. Turn yourself in to a guard, pay your fine, and clear your name. Or people will treat you like an outlaw."", ""Cure Common Disease and Cure Blight Disease potions are most popular with travelers. Fortify strength, endurance, speed, agility are very helpful in combat. Fortify personality is popular with merchants and shy persons. Of course, fortify fatigue keeps you fighting at your best. Restore health and restore fatigue are perhaps our most popular items. And for a short burst of power during a fight, you can't beet greef, shein, flin, mazte, and sujamma."", ""Vigor and Vitality are our best-selling bargain items, restoring fatigue and health, respectively. Almsivi Intervention and Divine Intervention transport you instantly to the nearest Temple or nearest Imperial shrine -- good for routine or emergency transportation. Heartwise helps with persuasion. Summon Skeletal Minion brings help in a iffy. And Drathis' Winter Guest does a lot of damage at a touch -- handy to whittle a too-tough opponent down to size."", ""I heard that Hrisskar upstairs is having some financial troubles. Can't seem to win a wager these days.""]",NPC
Elder Scrolls Morrowind,2002,US,Artisa Arelas,Female,"['The Temple has been pressuring Mistress Dratha to allow them to put some healers in Tel Mora. Women, of course.', ""Someone thinks the Masque of Clavicus Vile is here on Vvardenfell. Apparently there are many copies of 'N'Gasta! Kvata! Kvakis!' here on Vvardenfell. N'Gasta was a great Sload necromancer and servant of Clavicus Vile in the Second Era, and he may have had a wizard's tower here. An agent came to me asking questions about N'Gasta. The agent would not give his name, but I have learned he was in the employ of someone named Sorkvild the Raven."", 'It is a powerful Daedric artifact that makes its wearer seem charming and trustworthy. According to legend, it seems to come and go as it pleases, appearing here and there according to the perverse whims of its patron.', ""Sarnir the Clerk of Dagon Fel has spoken of him. Sorkvild the Raven has occupied an old wizard's tower in those parts, and he has a local reputation as a necromancer.""]",NPC
Elder Scrolls Morrowind,2002,US,Aryni Orethi,Female,"[""Do you think I'd marry just anyone?"", ""I must admit I'm interested in you offer. But not quite interested enough to accept."", ""Okay. I might as well try looking around Indarys Manor. There certainly aren't any real men around here."", ""You're convinced me, . I'm moving to Indarys Manor.""]",NPC
Elder Scrolls Morrowind,2002,US,Aryon,Male,"['I am Master Aryon of House Telvanni. What brings you here?', 'What brings the Archmagister here?', 'I have heard of you, yes. You are the outlander who wishes to be the Telvanni Hortator.', '. I have heard you may want to be the Telvanni Hortator.', 'He is the current head of House Telvanni. He has held this position for many years. If you need to speak with him, you may find him in Tel Aruhn. If you have never been there, Tel Aruhn is west of Sadrith Mora. I will mark it on your map.', ""A Hortator is chosen by consensus. Everyone has to agree. A single 'no' is a veto. First a Great House has to choose a Hortator. Then that Hortator has to go persuade the other Great Houses to agree to name him Hortator of their houses, too."", 'There are two men you should speak with. Orvas Dren at the Dren Plantation and Crassius Curio in Vivec.', 'I heard that you were named Hortator by House Hlaalu.', 'A Hortator is a champion who leads by inspiration. He challenges opposing heroes in single combat. He goes on long, desperate quests. He goes alone into the citadels of the enemy. He confronts the dangers no one else in the House is strong enough... or courageous enough... to face.', ""I know little of House Redoran, but I have had dealings with Athyn Sarethi in the past. Perhaps you should speak with him first. He lives under Skar in Ald'ruhn."", 'Yes, I heard. You are the Hortator of House Redoran.', 'Have you brought me a Daedra skin? I will pay you 300 drakes for it.', 'Excellent. Yes, this Daedra skin will serve my purpose. Take these 300 drakes. You know, Daedra skins if not properly prepared can causes paralysis, a useful effect in some circumstances. Perhaps you would like to paralyze your enemies...', 'It is rather simple, actually. (Aryon teaches you the spell Paralyze.) This is a simple version of the spell. It is far more useful if you can cast it at a distance.', 'I do not need any more Daedra skins at the moment.', 'I would not pay more than 300 drakes. For that price, I could go to an alchemist.', 'Yes, I will be your patron, but first you must convince Baladas Demnevanni to join the Council.', 'Baladas Demnevanni is a reclusive member of House Telvanni. He lives in Arvs Delen just northwest of Gnisis.', 'Yes, speak with Baladas Demnevanni and convince him to join the Council. With his support we can wrest control from the old, cautious, and unimaginative like Gothren and Neloth. Once you have convinced him, speak with me again and I will sponsor you in House Telvanni.', 'Have you convinced Baladas Demnevanni to join the Council?', ""Baladas will be joining the council, and, as we agreed, I will be your patron. Please accept this Silver Staff of Peace, the traditional patron's gift to his protege. You are now my Mouth in House Telvanni with all the duties and privileges of that rank."", 'His support on the Council will be useful to us.', 'Baladas is now on the Council. While I doubt he will participate as often as I would like, I expect we will have his vote on crucial issues.', 'I am your patron.', 'While other Councilors would insist that you stay in the Telvanni Council Hall day and night awaiting my decisions, I understand the insignificance of the daily business of the Council.', 'What can I do for you, Spellwright?', 'I have heard that the Blight has infested the Mulan-Mul Egg Mine.', ""The mine is due west of my tower here in Tel Vos, just a few minutes from here. There's also a shortcut if you go through the dungeons. The Kwama queen there has a blight disease. If you wish, I can teach you a spell of cure blight that you can cast on the queen."", 'It is a rather complicated spell. (Aryon teaches you a targeted cure blight spell.) You should understand the principle now. You will find this spell is much more efficient than most. If you want, you can also buy scrolls of cure blight from Hetman Abelmawia in Gnisis.', 'Yes, I have taught you the spell. Now you just need to go find the queen and cure her of the blight.', 'I trust you can already cast this spell, then. If not, speak with Hetman Abelmawia in Gnisis. He sells scrolls of cure blight.', 'Is the blight cured in the Mulan-Mul egg mine?', '. As your patron, I suppose I should give you some lessons. This book, though somewhat simplistic, has a good lesson on the school of Alteration.', 'You have already cured the kwama queen.', 'What can I do for you, Spellwright?', 'I admire what you have accomplished in House Telvanni, but any student of mine must learn the rudimentary wizard spells.', 'Learn the rudimentary spell of Recall, a spell of flying, and a spell fire damage. I will recognize the standard spells such as Levitate, Great Levitate, or Wild Levitate. For fire damage, I would suggest Fireball, Greater Fireball, or Fire Storm. Spells you research yourself will not be sufficient.', 'Have you learned the rudimentary wizard spells?', 'You have learned the rudimentary spells. I am proud to be your patron. For your next lesson, please take this book on War Magic by the legendary Zurin Arctus.', 'You have demonstrated your knowledge of the basic spells.', 'What can I do for you, Spellwright?', 'One of our fellow Telvanni, Milyn Faram, is being assaulted by member of House Hlaalu at Odirniran.', ""It is on Azura's coast, west of the shrine to Azura and south of the old Dwemer ruins of Nchurdamz. I will mark these ruins on your map. Go there and speak with Milyn Faram who is under attack by forces of House Hlaalu. He is probably making his last stand at the top of his tower."", 'Do you have news from Odirniran?', 'Yes, the leader of the Hlaalu in Odirniran has been retired... Perhaps they will not be so hasty to oppose us next time.', 'You dealt with the problems in Odirniran.', 'What can I do for you, Spellwright?', 'Thanks to recent agreements with House Hlaalu, we have a chance of passing a resolution which would overturn the Mages Guild monopoly.', ""According to one interpetation of the Armistice, only the Mages Guild can officially offer spells and training to non-members. Speak with the House Redoran Councilors in Ald'ruhn. If you can convince at least three Councilors, we will have enough support in the Grand Council. I would start with Athyn Sarethi, as he seems to be the most open-minded."", 'Do we have enough support now to overturn the Mages Guild monopoly?', 'You have convinced at least three Councilors. This deserves a rewards. Perhaps you could use this glove. I enchanted it myself many years ago.', 'You already convinced enough Councilors of House Redoran on this issue. Soon we will take it before the Grand Council.', 'What can I do for you, Spellwright?', 'There is another Telvanni in trouble. I do not normally interfere with these matters, but I have taken an interest in this one. I need someone to stop the Redoran attack on Faves Andes in Shishi.', 'Several Redoran have infiltrated Shishi and the Telvanni Faves Andes has gone into hiding. Shishi is a Velothi tower in the middle of the Foyada Bani-Dad northwest of Maar Gan. Leave Maar Gan, go east past the silt strider, then follow the Foyada north and west. If you cannot find Faves Andes, look for a skull on a desk, which opens a door to a secret storage space.', 'Have you won the fight for House Telvanni in Shishi?', 'I am glad to hear that Faves Andes is safe. Perhaps this will keep House Redoran from making any other unwise decisions. Vvardenfell has plenty of land for all three Great Houses. I have prepared for you a Silver Staff of War, another tradition gift of House Telvanni.', 'You have already ended the Redoran siege of Shishi.', 'What can I do for you, Spellwright?', 'If you wish to become a Wizard in House Telvanni, you must have someone to represent you in the Telvanni Council Hall. Find a promising Telvanni to be your Mouth.', 'I have heard of a promising Telvanni in Balmora who might agree to be your Mouth, but I do not know more than this. Ask the other Telvanni if they know of someone who would agree to be you Mouth.', 'Have you found someone who will be your Mouth?', 'You have found a Mouth to represent you on the Council. As your protege, Fast Eddie will do chores for you. I am pleased to see my own protege rise so quickly to the rank of Wizard in House Telvanni. Please accept this glove. It was one of my first successful enchantments.', 'What can I do for you, Wizard?', ""The other Great Houses have also built strongholds without the Duke's charter. While we Telvanni can defend our holdings, the other Houses cannot. I want you to visit the Hlaalu Stronghold of Rethan Manor and retire the Hlaalu noble Raynasa Rethan."", 'Rethan Manor is on the Odai Plateau. Follow the Odai River south from Balmora and you will see it on your right. Go there and slay this young Hlaalu noble.', 'Is Raynasa Rethan dead?', 'A stronghold is no good without its master.', 'What can I do for you, Wizard?', 'The Redoran Stronghold of Indarys Manor also deserves a visit from House Telvanni. Retire the young Redoran noble Banden Indarys.', ""Indarys Manor is built in Bal Isra, named after the rows of stones there. You can find it on the road from Ald'ruhn to Maar Gan. Go there and slay the Redoran Banden Indarys."", 'Is Banden Indarys no longer a threat?', 'Indarys Manor has no leader. The Redoran have been defeated.', 'What can I do for you, Wizard?', 'I am prepared to declare you Magister of House Telvanni.', 'If you wish, I can declare you a Magister in House Telvanni. But you should be aware of what a Magister is and does.', 'I can grant you the rank of Master now. That will give you an equal place on the Telvanni Council. But if you aspire to a higher claim, I can also grant you the title of Magister. By accepting the title of Magister, you are announcing that you deserve the title of Archmagister more than Gothren who currently holds that rank. Which will it be?', 'Very well. I must admit I am surprised. I thought you would surely claim the title for yourself. You understand that if you choose the title of Master now, you can NEVER advance further in House Telvanni? You can never again make a claim for Archmagister?', 'Very well, then. You are now raised to the rank of Master, and so you shall remain forever.', 'You have chosen the title Magister, forgoing the chance to advance further in House Telvanni. But... have you changed your mind?', 'You have foresworn the title of Magister... But perhaps you have changed your mind. Will you fight Archmagister Gothren and claim the title as your own?', 'You are now the Magister of House Telvanni. Defeat Gothren and you shall be the Archmagister.', 'To become Archmagister you must win the support of all the active Telvanni Councilors. When you have their support, I can call a vote to see if you will win or if Gothren shall remain Archmagister. If you cannot get their votes, there is another way...', ""Here's a recent edition of the Brown Book of Great House Telvanni. It lists the current Telvanni councilors and their residences. Let me mark the locations of the councilor's towers on your map -- Tel Aruhn, Tel Vos, Tel Mora, Tel Branora. And Tel Naga is right in the center of Sadrith Mora."", ""You should consult the recent edition of the Brown Book of Great House Telvanni. It lists the current Telvanni councilors and their residences. Let me mark the locations of the councilor's towers on your map -- Tel Aruhn, Tel Vos, Tel Mora, Tel Branora. And Tel Naga is right in the center of Sadrith Mora. And don't forget Baladas Demnevanni. He is a councilor of House Telvanni now as well."", 'Take your time.', 'Take your time.', 'Good. I have long waited to see who the next Archmagister would be. I can think of no better qualified candidates. You have my support and that of the surviving councilors. Now you must dispose of Archmagister Gothren. You will find him in his tower in Tel Aruhn.', 'You are now a Magister of House Telvanni. You must defeat Archmagister Gothren.', 'Once you have disposed of Archmagister Gothren, speak with me again.', 'Take your time.', 'Is Gothren dead? Have you fulfilled your duty as Magister of House Telvanni.', 'You have the support of the other Councillors, and Gothren is dead. Congratulations, Archmagister .', 'You are the new Archmagister of House Telvanni.', 'What can I do for you, Spellwright?', 'You are qualified for Wizard, but you must first build a stronghold.', 'For matters regarding your tower, you should speak with Llunela Hleran at the Telvanni Council House in Sadrith Mora.', 'She is in the Hermitage at the Telvanni Council House in Sadrith Mora.', 'What can I do for you, Spellwright?', 'The souls of a summoned creature will work just as well. Just summon a storm atronach, cast soul trap on it, and dispatch it. Do this twice while carrying a powerful soul gem and give the gems to Llunela Hleran.', 'of House Telvanni.', 'I have heard of you, yes. You are the outlander who wishes to be the Telvanni Hortator.', 'A Hortator is a special champion and war leader chosen to lead a Great House in war. Why do you ask?', 'The Telvanni councilors would have to vote, and the vote would have to be unanimous.', ""Here's a recent edition of the Brown Book of Great House Telvanni. It lists the current Telvanni councilors and their residences. Let me mark the locations of the councilor's towers on your map -- Tel Aruhn, Tel Vos, Tel Mora, Tel Branora. And Tel Naga is right in the center of Sadrith Mora."", ""You should consult the recent edition of the Brown Book of Great House Telvanni. It lists the current Telvanni councilors and their residences. Let me mark the locations of the councilor's towers on your map -- Tel Aruhn, Tel Vos, Tel Mora, Tel Branora. And Tel Naga is right in the center of Sadrith Mora."", 'Yes, I understand. You are willing to take the responsibility, and I am willing to vote for you as Hortator. I think the other Telvanni councilors will also cooperate, though some might need a little persuading. Master Neloth is ill-tempered and Mistress Therana is losing her mind. You are not a male, so Mistress Dratha will like you. Archmagister Gothren is another problem. He will not refuse you directly, but will delay indefinitely. I recommend that you to kill Archmagister Gothren.', ""Yes, I understand. You are willing to take the responsibility, and I am willing to vote for you as Hortator. I think the other Telvanni councilors will also cooperate, though some might need a little persuading. Master Neloth is ill-tempered, Mistress Dratha doesn't like men, and Mistress Therana is losing her mind. Archmagister Gothren is another problem. He will not refuse you directly, but will delay indefinitely. I recommend that you to kill Archmagister Gothren."", 'He lives in Tel Naga, the tower in Sadrith Mora. He has a short temper, but he will listen to reason if you are persuasive enough. Do not expect him to be polite.', 'Mistress Dratha is the oldest living Telvanni Councilor and is sustained by the necromantic arts. She dislikes men of all races, though I do not know why. You may find her in her tower in Tel Mora.', ""She has not aged well and becomes more eccentric every year. Her tower is in Tel Branora, which on Azura's Coast far to the southeast."", ""Archmagister Gothren never directly refuses request; he just delays indefinitely, never giving an answer. I don't know of any solution, other than killing Gothren. I'll tell you plainly. I stand to gain if Archmagister Gothren dies. I say this so you won't think I'm trying to trick you. My advice is till good. Gothern won't name you Hortator, but he'll never come out and say so. And in House Telvanni it is customary to settle disputes in this manner."", 'So, have you gathered the votes of the other councilors?', 'I have given you my own vote for Hortator of House Telvanni. But you must get the votes of all the surviving councilors.', 'So, have you gathered the votes of the other councilors?', ""I see you've gathered the votes of all the surviving Telvanni councilors. That means you are now the Hortator of House Telvanni. And I have something for you. It's called the Robe of the Hortator. It is an ancient artifact, and hasn't been used in centuries. But I think you'll be pleased. I wish you luck, Hortator. I may even pray for you."", 'I have given you the title of Hortator and the Robe of the Hortator. I wish you luck.', 'What brings the Telvanni Hortator here?']",NPC
Elder Scrolls Morrowind,2002,US,Ashibaal,Male,"['Welcome, , Zainab Nerevarine. We have heard our chief does you great honor. How can I help you?', 'Why are you speaking to me about ebony?', 'Yes, that is true. The Zainab are very strong and we have ebony to sell. Why do you want our ebony when you have ebony of your own?', 'Why does House Hlaalu want our ebony? House Hlaalu already has ebony.', 'Yes, I hear the truth of your words. When two strong warriors stand side by side, no one dares challenge them. I will trade ebony with House Hlaalu.', 'We Zainab have ebony and are strong. You do not have ebony of your own, and you are too weak to speak with me.', 'No, you have convinced me. We will trade ebony only with our partner, House Hlaalu. We will stand side by side like two strong warriors and the Empire will trade the way we tell them.', 'Then I will tell you to leave here.']",NPC
Elder Scrolls Morrowind,2002,US,Ashu-Ahhe,Male,"['What do you want?', ""Go away, stupid. I'd kill you, but it's not worth the trouble."", 'Oh, all right. If you insist....', 'You are the outlander who claims to fulfill the Nerevarine Prophecies. What do you want?', ""You don't listen, outlander."", ""You don't listen, outlander."", 'Nobody cares about that. You just make us tired. Go away.', ""Why do you bother us? We don't like you. Go away.""]",NPC
Elder Scrolls Morrowind,2002,US,Assaba-Bentus,Male,"[""Outlander. You'll find no welcome here, I'm afraid."", ""He came to our camp speaking many lies from a large book. We told him the Mabrigash wanted to hear his words. Of course he was captured by the Mabrigash, who hold him captive still. He couldn't escape from his shirt without help."", 'What? You want me to go live with the witch-women? Do you think I am a fool like Jocien? Do you think I would fall for their charms?', 'I am a hunter of the Erabinimsun. I have proven my bravery many times against the war-loving Erabinimsun who think all the peace-lovers are cowards.', 'I will show you that I am not afraid of any witch-woman. I will follow you to the mabrigash camp.', 'Mimanu tried her charms on me. I let her think they were working and escaped the next morning.', 'You words move me. I will show you how a real warrior deals with these witch-women. I will follow you to the mabrigash camp.', 'Then what do you want, outlander?', 'Yes, we travel together to the Mabrigash camp.', 'Yes, we travel together to the Mabrigash camp.', 'Yes, we travel to the Mabrigash camp.', 'I shall follow you to the Mabrigash camp.', 'I will wait here. But do not test my patience.', ""Outlander. You'll find no welcome here, I'm afraid."", 'I am here as I promised. Do not worry about me. No witch-woman can hold a real warrior for long.']",NPC
Elder Scrolls Morrowind,2002,US,Assantus Hansar,Male,"['Leave me. I am diseased. I do not need your help.', 'I have Droops. I can barely move and I have no strength.', 'Yes, but I am outcast. The Wise Women will not cure me.', 'Then go away.', 'Have you a potion or will you cure me with a spell?', 'Go ahead.', 'What potion? You are mocking me.', 'Yes, thank you, . Thank you for healing me.', 'You have cured me, .']",NPC
Elder Scrolls Morrowind,2002,US,Athanden Girith,Male,"[""Stranger! Yes, you! Please, can you help me? I've been attacked by a couple of bastard Ashlanders who robbed me and left me for dead."", ""I can't believe those damned Ashlanders would take my hides! Dirty fetchers, all of them."", ""I'd know them anywhere. They looked kind of like normal dark elves, but wild. They wore animal skins and had tattoos. And they had odd hair. They should be easy to spot, friend. It's no surprise they robbed me."", ""Yes, the bastard n'wahs nearly killed me, and they took my entire shipment of guar hides. It's easy to tell they're mine; they have my damn mark on them! Look, if you can help me get those hides back, and kill the fetchers who stole them, I promise you an excellent reward. Although I have nothing left since I was attacked, my friend Berwen in Tel Mora will be most generous, I promise you. What do you say?"", 'Figures. No one left in this world willing to help an honest trader.', ""It was those damned Ashlanders, I tell you. Took my guar hides! I'll teach them to steal Athanden Girith's guar hides!"", ""Yeah, those bastard Ashlanders took my entire shipment. It's easy to identify mine; they have my mark on them."", ""Excellent. Go get those bastard Ashlanders. I promise, when you get those hides back to me, Berwen will be very generous. She has a stake in this trade, after all, and we can't let an unwarranted attack on a guar hide trader ruin business."", ""That's what happened all right. Fetchers, all of them."", ""It was those damned Ashlanders, I tell you. Took my guar hides! I'll teach them to steal Athanden Girith's guar hides!"", 'Good luck finding them, friend. My entire business depends on getting those back.', ""Good to finally have them back. Don't know how I would have made it without them. Shame you couldn't get rid of those two Ashlanders, but I thank you for your help. Remember to talk to my friend Berwen in Tel Mora. I'll send word to her to keep an eye out for you, Indoril."", ""Thank you for getting them back. It's good to hear you were able to make at least one of those fetchers pay as well. Make sure to see Berwen in Tel Mora for your reward. I'll send word along the trade routes to make sure she keeps an eye out for Indoril."", ""Thank you for getting them back. It's good to hear you were able to make those fetchers pay as well. Make sure to see Berwen in Tel Mora for your reward. I'll send word along the trade routes to make sure she keeps an eye out for Indoril."", ""I'm glad this business is over.""]",NPC
Elder Scrolls Morrowind,2002,US,Athyn Sarethi,Male,"['I am Athyn Sarethi, a councilor of House Redoran. What can I do for you?', ""That's a title given to a war leader among the Great Houses. Why are you interested?"", ""Only the Redoran councilors can choose a Hortator for House Redoran, and it must be unanimous. The Hortator's duty is defined by ancient custom, but, in essence, a Hortator is a House champion, and must be both skilled in combat and known for his courage and honor."", 'Currently the Redoran councilors are myself, Athyn Sarethi, the Archmaster Bolvyn Venim, Garisa Llethri, Hlaren Ramoran, Brara Morvayn, and Miner Arobar. Did you not get a Red Book of the Great House Redoran?', 'He is a strong leader, and has done great things for House Redoran. How can I explain the hold he has over the hearts of the Redoran people? He brought us back from certain defeat. He moved the council here to Vvardenfell and took our share of the frontier lands. He is a natural leader, born to rule. One only wishes he was just and fair as well as strong.', 'Garisa Llethri will be in Llethri Manor, the last manor on your left as you enter Skar, between the Redoran Council Hall and my own home. It may be difficult to win his support, but you will have to speak with him and find out what he asks in return.', 'Ramoran Manor is between my home and the entrance to Skar. He has a temper, especially with foreigners, but he trusts my judgement. I believe I can convince him to support us.', 'Since the Morvayn Manor has been overrun, Mistress Morvayn stays in the Redoran Council Hall. Speak with her there and get her support.', 'You must speak with Miner Arobar. His Manor is the last on your right as you enter Skar. Between the Redoran Council Hall and the Morag Tong Guildhall.', ""A Hortator is chosen by consensus. Everyone has to agree. A single 'no' is a veto. First a Great House has to choose a Hortator. Then that Hortator has to go persuade the other Great Houses to agree to name him Hortator of their houses, too."", ""Hortator is more a chief hero than a general. The councils plan and approve strategy. It's a terrible system. The Legions aren't like that. The generals ignore the politicians. And win the wars. But a Hortator leads by doing. The champion who wins every battle and inspires by example. The hero who challenges and defeats the opposing hero in single combat. Doesn't have to be polite or smart. Or even a nice person. Just has to win. And make others want to win."", 'You have told a remarkable story. It has the ring of truth. You may have been deceived, but I believe you. I may be able to persuade other councilors to believe you as well. But, as a condition of my support, I require a favor. Rescue my son, Varvur Sarethi, from Venim Manor.', 'Yes, my son. He is being held in Venim Manor, which is the first manor to your right when you enter Skar. I have heard Bolvyn Venim is keeping him in the right wing of his manor. You must be careful not to kill Bolvyn Venim himself, or the other councilors will turn against you.', 'Venim Manor is the first manor to your right when you enter Skar.', 'Yes, my son, Varvur Sarethi. You have returned him to me, and I am in your debt.', 'You have rescued my son, and I am forever in your debt.', ', you rescued my son from Venim Manor. I have not forgotten.', 'You rescued my son. Words cannot express my gratitude. Therefore, I name you Hortator of House Redoran. I also promise that I will use my influence with the other councilors of House Redoran. Alas, there is one obstacle, Bolvyn Venim will never name an outlander Hortator. But if you have the full support of the council, he may agree to an honorable duel.', ""The duel is an honorable tradition dating back at least to the founding of Resdayn. Each party to the deal makes an agreement as to the compensation that will be given to the winner. The loser is legally bound to this agreement. Most duels are fought until one party admits defeat or falls in battle. The duel to the death is less common and only ends when one party is dead. The winner of a duel may take what he wants of the loser's possessions, but some consider this dishonorable."", 'If any other councilor were killed or murdered, the other councilors would refuse to name you Hortator. But Venim is tyrannical and unjust, and if he were to die in a duel or a fair fight, no councilor could find dishonor in it. I gaurantee it. In fact, if Venim dies an honorable death, I promise I will continue to plead your case with the other councilors.', 'With my influence, the other councilors should agree to name you Hortator. All except Bolvyn Venim. He would never allow an outlander to be named Hortator, nor can you simply kill him without provoking the other councilors. But if you have the support of the Redoran Council, perhaps Venim will agree to an honorable duel.', 'I will give you my support as the Redoran Hortator. I will try to use my influence with the other councilors.', ""The Council of House Redoran is in agreement. You are the Hortator of House Redoran. I hope you are as successful in persuading the rest of Morrowind to unite against Dagoth Ur and his blighted hosts. On behalf of the house and council, take the Ring of the Hortator, a token of your office. By this ring others shall know you as our chosen champion. I also have a sealed package for you. I do not know what it contains, but I received it from a contact in the highest ranks of the Temple. My guess is that it has something to do with the Temple's position on your claim to fulfill the Nerevarine prophecies. And here is a copy of a recent public notice identifying you as an Imperial agent. I am satisfied of your sincerity, but I warn you that others may not be so understanding."", '. Now go forth and fight for House Redoran until Dagoth Ur and his Blight has been swept from the land.', '. I am in your debt. I will do what I can to return the favor. Tell Neminda that I am safe.', 'I am Athyn Sarethi, a councilor of House Redoran. What can I do for you?', 'I would consider sponsoring an outlander. I have done so before, when the circumstances warranted it. Archmaster Bolvyn Venim holds my son hostage for a crime I know he did not commit. If you want me as your sponsor, you must rescue my son, Varvur Sarethi, and return him to me.', 'My son is being held in Venim Manor, which is the first manor to your right when you enter Skar. Bolvyn Venim holds my son as a privilege of private justice. Find my son and bring him back to me. Once you and Varvur leave Venim Manor, you will be safe and no one will follow you.', 'Yes, my son, Varvur Sarethi. You have returned him to me, and I am in your debt.', 'You have brought my son back to me and I am grateful. For this, I will sponsor you in House Redoran. You may come to me now for duties and for advancement, House Brother.', 'I am Athyn Sarethi, a councilor of House Redoran. What can I do for you?', 'You have rescued my son, and I am grateful, but there is another favor I would ask of you. Varvur Sarethi has been accused of the foul murder of Bralen Carvaren.', ""Bralen Carvaren was one of Varvur Sarethi's friends. I cannot believe that my son would do such a thing, but the evidence is... persuasive. I would start by speaking with my son about Bralen Carvaren. He is in his room in the guard quarters."", 'Speak with him about the murder of Bralen Carvaren.', ""Have you been able to clear my son of Bralen Carvaren's murder?"", 'This ash statue troubles me. I would have you speak with someone at the Temple about this statue. Perhaps Lloros Sarano would know more of it.', 'Have you spoken to Lloros about the ash statue?', ""Have you been able to clear my son of Bralen Carvaren's murder?"", "". I understand that my son's name will be cleared when he has been purged of the ash statue's influence. I knew my son would never murder his friend, but I understand this statue influenced him in some way."", 'I am glad my son is feeling better.', ""Thank you for clearing my son's name. I knew he could not be a murderer, but did not know of the influence of these ash statues."", 'I am Athyn Sarethi, a councilor of House Redoran. What can I do for you?', ""Ondres Nerano, a Hlaalu Noble, claims that Archmagister Bolvyn Venim is guilty of certain indiscretions with the wife of another councilor. While I do not approve of all the Archmaster does, as a Councilman of House Redoran I cannot let this accusation stand. I want you to stop Ondres Nerano's slanders."", 'Ondres Nerano is a Hlaalu noble who lives in Balmora. Go there and stop his slanders about Bolvyn Venim.', 'The slander is being spread by Ondres Nerano. Track him down, and demand that he withdraw his slander. If he refuses, challenge him to a duel, but do not shame House Redoran by murdering him.', ""Have you silenced Ondres Nerano's slanders?"", 'You have defeated Ondres Nerano in a duel and defended the honor of your House.', 'The honor of House Redoran has been defended.', 'I am Athyn Sarethi, a councilor of House Redoran. What can I do for you?', 'I believe there are smugglers operating near the coast in the cave of Shurinbaal.', ""Shurinbaal is a cave southwest of Gnaar Mok. I'll mark this town on your map. I have heard that the smugglers are led by a Dunmer named Daroder and the Redguard Enjine. Kill the leaders and report back to me. I believe the smugglers have a local contact somewhere here in Ald'ruhn. It may be worth your time to investigate here as well."", 'Any word on the smugglers in Shurinbaal?', 'So the leaders of Shurinbaal are dead? Good. They shall trouble House Redoran no longer.', 'You stopped the smugglers in Shurinbaal.', 'I am Athyn Sarethi, a councilor of House Redoran. What can I do for you?', 'Arethan Mandas, once a great noble of House Redoran, now claims to be the Lord of West Gash and is demanding tribute from travelers on the road to Maar Gan. I need someone to stop the Mad Lord Arethan Mandas.', ""You can find him in the cavern of Milk. On the Ald'ruhn-Caldera Road, west of Ald'ruhn, two crossroads marked by signposts are very close to one another. To reach Milk, head west from the 'Gnisis' sign on the westernmost signpost, and watch right for a north-branching path to Milk. The Mad Lord has a few loyal followers and some outlaws have joined his estate. They will protect Arethan Mandas with their lives. I would prefer that Arethan Mandas be cured of his madness, rather than killed. You might want to go to Ebonheart and speak with Llerar Mandas, Arethan's father."", 'Have you found a solution to the madness of Arethan Mandas?', ""Arethan Mandas no longer troubles the travelers to Maar Gan. I will visit him when I can. Perhaps Delyna and some of his friends can keep him from Sheogorath's grasp."", 'In order to advance further in House Redoran, you must earn the support of at least two of the Councilmen. I would start by speaking with Mistress Brara Morvayn and Hlaren Ramoran. You must also build a stronghold.', 'Since the Morvayn Manor has been overrun, Mistress Morvayn stays in the Redoran Council Hall. Speak with her and get her support.', ""Yes, speak with Hlaren Ramoran. He is usually in the Ramoran Manor here in Ald'ruhn. The Ramoran family has fallen on hard times recently along with the Morvayn family, and, I must admit, the Sarethi family. Hlaren Ramoran will probably demand several duties before he grants his support, but his concerns are wordly concerns and should not prove too difficult for you."", 'Speak with Galsa Gindu in the Redoran Council Hall. She can contract to build strongholds.', 'I am Athyn Sarethi, a councilor of House Redoran. What can I do for you?', 'Miner Arobar did not even consider your case? This is troubling. I believe from this and from his recent votes on the Council that Miner Arobar may be under Telvanni influence. Go to Sadrith Mora and find out who is influencing Miner Arobar and how.', 'I am Athyn Sarethi, a councilor of House Redoran. What can I do for you?', ""You have rescued Nartise Arobar. Speak with Miner Arobar again and give him this news if he has not already heard. I believe you'll find that he will be more than willing to offer his support now."", 'I am Athyn Sarethi, a councilor of House Redoran. What can I do for you?', 'Yes, I see your point, the Mages Guild monopoly is unfair. I will support this resolution to overturn the Mage Guild monopoly. Perhaps you could convince the other councilors with an appeal to fairness. The only councilor who would never support this resolution is Archmaster Bolvyn Venim.', 'I have agreed to help you overturn the Mages Guild monopoly. Perhaps you can convince the other councilors with an appeal to fairness.', 'You may be able to convince the other councilors if you use an appeal to fairness. House Redoran does not approve of all that House Telvanni does, but we are proud of our record of just and fair dealings with the other Great Houses. The other councilors may be easier to persuade if you take this approach.']",NPC
Elder Scrolls Morrowind,2002,US,Audenian Valius,Male,"[""Welcome to my shop, friend. Perhaps I can offer you something you need? I'd have more to offer, but for this incredible rat infestation."", ""It's been awful in the past few weeks, and nothing I do seems to help. I've tried poison, spells, everything! I've even got a couple of them shut up in my back room. I'd be grateful if you could take care of this for me, and I would be willing to pay you for your services."", ""You will? Excellent. Just let me know when you've solved my rat problem."", ""Oh well. I'm sure I'll find a way to take care of this problem."", 'Oh, how I hate those damn rats.', ""You've killed the rats in my back room? Well, I could have done that! I'm talking about the source of the infestation. There must be a nest of them somewhere, probably down in the Underworks. When you've gotten rid of those, let me know, and I'll reward you."", ""I don't believe you've killed them all. I still can hear them skittering around below."", ""You've gotten rid of them all? Excellent! Well, as promised, here's something for your troubles. They're not particularly easy to come by, but I appreciate your effort.""]",NPC
Elder Scrolls Morrowind,2002,US,Aurane Frernis,Female,"['Those are secret. I will not reveal them to you.', 'I like you, , but I would never reveal my secrets.', ""A leaflet? What's this? This is ridiculous! It's all lies! Why...someone must pay for this. Tell you what, (player's name), if you can find out who is behind this slander, I'll reward you well. Ask whoever gave you this leaflet what's going on. This is an outrage!"", ""Galuro Belan? That fetcher! I can't believe she'd do this to me! I'm reporting this to the magistrate! This is ridiculous. Thank you for your help. Here's your payment, as promised.""]",NPC
Elder Scrolls Morrowind,2002,US,Azura,Female,"['They have taken you from the Imperial City prison, first by carriage and now by boat. To the east, to Morrowind. Fear not, for I am watchful. You have been chosen.', 'You have done well, mortal. The death of Almalexia is a boon for all of Morrowind, though it may take time for this to be understood. She would have betrayed the Dunmer as surely as she had betrayed all those whom she loved. This was her curse, and her undoing. Weep not for Sotha Sil. He shed his mortality long ago, and I am sure his death was no small relief to him. These gods lived with the burden of a power no mortal was meant to possess. Your work in Morrowind is not finished, Nerevarine. Vivec still lives, but I believe his time grows short. Protect my people, defend these lands. The skies of Mournhold are clear once again. Let these people suffer no longer. Now go, mortal. Embrace your destiny, and go with my blessing.', 'You have done well, mortal. The death of Almalexia is a boon for all of Morrowind, though it may take time for this to be understood. She would have betrayed the Dunmer as surely as she had betrayed all those whom she loved. This was her curse, and her undoing. Weep not for Sotha Sil. He shed his mortality long ago, and I am sure his death was no small relief to him. These gods lived with the burden of a power no mortal was meant to possess. Your work in Morrowind is not finished, Nerevarine. The Tribunal are dead, and the faith of my people is shaken. Protect them. Defend these lands. The skies of Mournhold are clear once again. Let these people suffer no longer. Now go, mortal. Embrace your destiny, and go with my blessing.', 'You have done well, mortal. The death of Almalexia is a boon for all of Morrowind, though it may take time for this to be understood. She would have betrayed the Dunmer as surely as she had betrayed all those whom she loved. This was her curse, and her undoing. Weep not for Sotha Sil. He shed his mortality long ago, and I am sure his death was no small relief to him. These gods lived with the burden of a power no mortal was meant to possess. There is much for you still to do. Vivec lives, and he may yet have a part to play in your future. Continue on your chosen path. The skies of Mournhold are clear once again. Let these people suffer no longer. Now go, mortal. Embrace your destiny, and go with my blessing.', 'your destiny, and go with my blessing.', 'You have come here for a reason, though you may not know what it is. Sheogorath and I have made a wager. He contends that solitude causes madness, while I maintain it allows for solace and meditation. To test this, I sent one of my priestesses to live alone on an island north of Dagon Fel. If she can live there for 100 years, my theory will be proven. If not, Sheogorath wins our wager. The time has almost passed, and she remains steadfast. But, Sheogorath has tried to sway the decision in his favor. Travel there, rid the island of his minions, and bring back proof of his meddling. Do not disturb the wise woman, though, as that would void our wager. Serve me, and I will reward you well.']",NPC
Elder Scrolls Morrowind,2002,US,Bacola Closcius,Male,"[""Good day. I'm Bacola Closcius, publican of the South Wall here in Balmora. We rent beds, and I have a limited selection of goods for barter. If you're new here, I can also tell you where to look for other services, or a specific place nearby. If you're looking for someone in particular, I may be able to help."", 'Yes, this is the South Wall.', ""Speaking. I'm the owner and proprietor of the South Wall."", 'Old Caius rents a little bed-and-basket just up the hill on the north edge of town. Go out the front door -- NOT the upper door to the terrace -- then right up the stairs, then left at the top of the stairs and down to the end of the street.', ""Bad people? What do you mean? The Camonna Tong? I don't know about that. Understand? I don't want to know about that. None of my business. I stay out of the Council Club."", ""As you probably know, the Camonna Tong is the old criminal syndicate here in Morrowind. And, as EVERYONE around here knows, the Thieves Guild is at war with the Camonna Tong. We're the new gang in town, and the Camonna Tong want us to be the dead-and-gone gang. If you are looking for the Camonna Tong, their Balmora hangout is the cornerclub called the Council Club."", ""Sorry. I've only two bottles, and you're welcome to one of them for the cult. But I happen to know that Banor Seran just took delivery of some Cyrodilic brandy. He's probably got it stored in the closet in the hall just right of the bar. Now of course it would be WRONG to steal that brandy. Even though EVERYONE knows the Council Club is just a front for those Camonna Tong gangsters. But for such a good cause...."", 'I gave you a bottle. And an idea where to get the others.']",NPC
Elder Scrolls Morrowind,2002,US,Baladas Demnevanni,Male,"['I am Baladas Demnevanni. And this, Arvs Drelen is my home. Why have you come here?', 'Speaking. Hurry up.', 'Concerning this, I can only speak to a friend.', ""It was unfashionable among the Dwemer to view their spirits as synthetic constructs three, four, or forty creational gradients below the divine. During the Dawn Era they researched the death of the Earth Bones, what we call now the laws of nature, dissecting the process of the sacred willing itself into the profane. I believe their mechanists and tonal architects discovered systematic regression techniques to perform the reverse -- that is, to create the sacred from the deaths of the profane. As the Dwemer left no corpses or traces of conflict behind, I believe that generations of ritualistic 'anti-creation' resulted in their immediate, but foreseen removal from the Mundus. They retreated behind math, behind color, behind the active principle itself. That the Dwemer vanished during a conflict with Nerevar and the Tribunal is merely coincidence."", 'He plays his role in town, and best keep his hands out of my business.', ""Everyone here leaves me alone. That's how I like it."", 'House Telvanni is one of the Great Houses. We value talent, knowledge, and initiative. Perhaps you would like to join House Telvanni?', 'Go to Sadrith Mora and speak with the Mouths in the Telvanni Council Hall.', 'I am Baladas Demnevanni. And this, Arvs Drelen is my home. Why have you come here?', 'She came demanding tribute for the Empire of men. I was here before Gnisis, before the Empire of men. I will be here after Gnisis is gone and after this short-lived Empire has crumbled. The people of Gnisis live only because I tolerate them. Why should I pay tribute?', 'What? So soon? Even the short-lived orcs need time to reflect on their transgressions.', 'You trouble me now. Do you think I have nothing better to do than listen to such lies? Leave now or you shall join the orc in my prison.', 'Can you make such a promise? I do not know if I should trust you... But I shall. Take this key and take the orc with you when you leave.', 'I do not pay tribute to any man. Do not anger me, or you shall join the orc in my prison.', 'I am Baladas Demnevanni. And this, Arvs Drelen is my home. Why have you come here?', 'Unfortunately, I cannot read the Dwemer language without some kind of translation key.', 'I cannot read and write the Dwemer language.', 'I am Baladas Demnevanni. And this, Arvs Drelen is my home. Why have you come here?', ""Yes, I can now translate these books. This first one is Bthuand Mzahnch's refutation of a popular theory from Nerevar's time. A few tones of Dwemer believed that using the power Lorkhan's Heart was an unjustifiable risk. The Egg of Time contains Bthuand's arguments against this idea, many of which are quite compelling. The next book, Divine Metaphysics, is an explanation of how the Dwemer tried to make a new god, Anumidium, using Kagrenac's tools and the sacred tones on Lorkhan's heart."", ""This is an explanation of how the Dwemer tried to make a new god, Anumidium, using Kagrenac's tools and the sacred tones on Lorkhan's heart. It has several interesting theories about how to bend the Ehlnofey or Earth Bones, but I am not entirely sure I understand it myself. Perhaps after another century of study I could have a better answer for you."", ""This is Bthuand Mzahnch's refutation of a popular theory from Nerevar's time. A few tones of Dwemer believed that using the power Lorkhan's Heart was an unjustifiable risk. The Egg of Time summarized many of Bthuand's arguments against this idea, many of which are quite compelling."", 'So you have found a book. Let me see... Yes, this is written in both Dwemer and Aldmeris. I would keep this book somewhere safe. Perhaps you will find other books in the Dwemer language, and could use this book to translate them. If you find anything of interest, bring both the books to me.', 'I am Baladas Demnevanni. And this, Arvs Delen is my home. Why have you come here?', 'You may ask your three questions. You want to know first about the disappearance of the Dwarves?', ""It was unfashionable among the Dwemer to view their spirits as synthetic constructs three, four, or forty creational gradients below the divine. During the Dawn Era they researched the death of the Earth Bones, what we call now the laws of nature, dissecting the process of the sacred willing itself into the profane. I believe their mechanists and tonal architects discovered systematic regression techniques to perform the reverse -- that is, to create the sacred from the deaths of the profane. As the Dwemer left no corpses or traces of conflict behind, I believe that generations of ritualistic 'anti-creation' resulted in their immediate, but foreseen removal from the Mundus. They retreated behind math, behind color, behind the active principle itself. That the Dwemer vanished during a conflict with Nerevar and the Tribunal is merely coincidence."", 'You may ask your three questions. You said something about Dwemer artifacts?', 'In their denial of both phenomena and noumena, the Dwemer found comfort in the creation of Animunculi, which in their operation, combined two incompatible principles, thus denying both. In the first Dwemer ruin I studied, quite by chance in my wandering youth, someone had activated the Animunculi guardians and I was unable to make a proper study of them. Since then, I have, on occasion, found ruins, especially here in Vvardenfell, where the Animunculi are still active.', 'You may ask your three questions. Did you not say your last question was about the Dwemer language?', 'The Dwemer language is unknown, perhaps unknowable. Some Dwemer books, especially records dating from after the founding of Resdayn, were written in Aldmeris, making them accessible to modern scholars. However, even in Aldmeris, many Dwemer terms remain uncertain. As the books and other artifacts in Dwemer ruins rarely show signs of wear or age, I believe that the Dwemer knew of a preservative effect, perhaps a device still active which denies or controls the Earth Bones governing time and decay.', 'You seem to truly have an interest in the Dwarves, so I will tell you this. Sneak into the Gnisis Eggmine. I heard they made a most unusual discovery recently.', 'I have answered your three questions.', 'It would not be proper of me to be your patron. But I am pleased that you would ask.', 'I have little interest in the affairs of House Telvanni... But it would not be an inconvenience to me. I will agree to join the Council on the condition that you do three chores for me.', ""I have three simple chores for you. Bring me a copy of the Dwemer books Nchunak's Fire and Faith, Antecedents of Dwemer Law, and Chronicles of Nchuleft."", 'I know the Hall of Wisdom in Vivec has a copy of this book, but their library is well guarded. Rare booksellers may have a copy. There are certainly a few copies in the hand of private collectors such as myself.', 'This book is the most common of the ones I desire. Many scholars own a copy of this book. You need only find one.', 'Chronicles of Nchuleft is very rare. There are probably still copies of the book in the Dwemer ruin of Nchuleft. Otherwise, you could try asking booksellers where one might find a copy.', ""Have you found a copy of Nchunak's Fire and Faith?"", ', and no trickery.', 'Have you found a copy of Antecedents of Dwemer Law?', '. You do not have a copy of this book, and we both know it. Go find one before I lose my patience.', 'If I knew where to find one, I would do it myself.', '. Bring me a copy of Chronicles of Nchuleft. Do not try to trick me.', 'I know it may be difficult to find this book. You could try the Dwemer ruins of Nchuleft itself, which is supposed to be somewhere between Vos and the Ghostgate.', ""Have you found a copy of Nchunak's Fire and Faith?"", ""Have you found a copy of Nchunak's Fire and Faith?"", 'This is one of the three books I was looking for. Speak with me again when you have delivered all three.', 'Have you found a copy of Antecedents of Dwemer Law?', 'Good. This is one of the three books I was looking for.', '. As you have brought me all three books. Please accept these trinkets of mine. I no longer have any use for them.', ""You have brought me the books that I desired, and so I will consider young Aryon's offer. I will join the Council, at least for the next century or two, and sponsor a Mouth to send to Sadrith Mora."", 'Yes, I will join the council. Tell Aryon to expect me to take a more active role in House Telvanni.', ""You already brought me a copy of Nchunak's Fire and Faith."", 'You already brought me a copy of Antecedents of Dwemer Law.', 'You already brought me a copy of Chronicles of Nchuleft.', 'I am Baladas Demnevanni. And this, Arvs Delen is my home. Why have you come here?', 'I am interested in the Ring of Dahrk Mezalf.', 'Mezalf is sometimes referred to as Mezalf Bthungthumz. Perhaps he was from the Dwemer village of Bthungthumz. Go to Maar Gan. Head east past the silt strider, then go north towards the Foyada. Follow the Foyada Bani-Dad to the northwest until you see what remains of Bthungthumz on the right. If you find the ring, bring it to me.', 'Did you find the ring of Dahrk Mezalf?', 'No, you do not have the ring. You will find the ring. You will give it to me.', 'If you bring me the ring, I will reward you. Until you have it, do not remind me of your laziness.', 'Were you able to find Dahrk Mezalf?', 'Did you find the ring of Dahrk Mezalf?', 'Yes, this is the ring I was looking for. As a reward, I will order my centurion to assist you. You will find it waiting outside. I have made some improvements to this one. You may also find this storm ring to be of some minor use.', ""You have already brought me Dahrk Mezalf's ring."", 'I have no more chores for you, .']",NPC
Elder Scrolls Morrowind,2002,US,Balur Salvu,Male,"[""Well, well! You brung me a little present from Sera Synnolian, eh? Good on you. He's a good old flah, for an outlander. And what can I do you for?"", ""Sera Synnolian needs marshmerrow, eh? Not a problem. There's a little field of marshmerrow growing right here next to my house. Help yourself. And my regards to Sera Synnolian. And that's all you need?"", ""You're welcome. And good day."", ""Well, now. With this fine Strength potion you brung me, won't take no time at all to grub out those roots for the new marshmerrow plot. Thank you kindly. Why don't you take this book? I know it by heart already. Experience and practice is the real stuff, but there's nothing wrong with a little book learning. Well, then. Reckon I better get back to work. Good day. And my regards to Sera Synnolian."", 'Good day to you, . Is there anything I can do you for?', 'Hope you find the book useful. I did.']",NPC
Elder Scrolls Morrowind,2002,US,Banor Seran,Male,"['We rent beds. I have some goods for barter. What do you want?', 'Five bottles of Cyrodilic brandy? For the Imperial cult? Do I look like an Imperial stooge to you? Get out of here.', 'You seem a decent sort. If stupid. Let me make myself clear. No brandy for the Imperial cult, imported or otherwise. Do you understand me?', ""Against my will, I'm impressed by your lack of courtesy and good sense. Here. This is a bottle of Cyrodilic brandy. A small price to be rid of you. Now, go away. And stay away."", ""You're being tiresome. Go away.""]",NPC
Elder Scrolls Morrowind,2002,US,Baren Alen,Male,"['Is that report for me?', 'Good, good. You can tell Edryno Arethi that you delivered it.', 'You already gave me the sealed report, .', ""Well, thank Almalexia. I'm tired of dealing with all the reports I get."", 'Is that report for me?', 'The seal on this has been broken, . I will tell Edryno Arethi not to use you as a courier again.', 'You already gave me the sealed report, .', ""Well, thank Almalexia. I'm tired of dealing with all the reports I get."", 'Sealed orders? From Odral Helvi? Well, give them to me.', 'These orders are addressed to Ten... Hmm... Yes, this is very interesting, . Here, take these 500 drakes and forget about this matter.', ""You gave me the orders already. Don't let yourself be troubled by it."", 'I thought you meant that you had sealed orders for me... Obviously I was mistaken.', ""Crassius Curio has told me enough of what Odral is planning. Since Odral will not be satisfied unless he has the original land deed, perhaps you'd like to make you a copy... for a token of 10 gold, of course."", 'Here you go. I doubt Odral can tell the difference. If he asks you to do anything else odd in the Hlaalu Treasury or Hlaalu Vaults, be sure to keep me informed.', ""I hope you're not planning on stealing the documents. That would be a serious crime."", 'Yes, I have the land deed for the abandoned Rethan Manor. We just need to barter and agree on the method of payment.']",NPC
Elder Scrolls Morrowind,2002,US,Bashuk gra-Bat,Female,"['You got a note from Bugrol to me? Where that fool get himself? He not smart like me, you know.', ""Yeah, that Bugrol always getting in trouble. Not me, though. I'm too smart. He a good hider, but I'm a better finder. I'll find him near tree and rock and other rock. No problem. He feel better if you take this note to him, if you can find him. I bet you not as good a finder as me. Not even close, I bet. But, give it a try, big shot.""]",NPC
Elder Scrolls Morrowind,2002,US,Beden Giladren,Male,"[""Hey! Dark Elf ! I'm Beden Giladren, a poor pilgrim trapped by these ashlanders. Can you get me out of here? These ashlanders are holding me for ransom."", 'I thought the Ashlanders would kill me so I told them that I was a famous noble. I knew it was wrong, but what else could I do?', ""You paid my ransom? Thank you, . I'll continue on the pilgrimage on my own."", 'Thank you, . This pilgrimage has taught me a lesson in humility. I will ponder this lesson for awhile and then continue the pilgrimage.']",NPC
Elder Scrolls Morrowind,2002,US,Benunius Agrudilius,Male,"[""Good day. I'm Benunius Agrudilius, publican of the Lucky Lockup here in Balmora. We rent beds, and I have a limited selection of goods for barter. If you're new here, I can also tell you where to look for other services, or a specific place nearby. If you're looking for someone in particular, I may be able to help."", ""FIVE bottles of Cyrodilic brandy? Do you know what that stuff costs? And I don't mind saying, I don't like your manner, either."", ""FIVE bottles of Cyrodilic brandy? For a fund-raising dinner? Do you know what you're asking? That stuff is imported, and very dear indeed. No, I'll give you a bottle of the local greef, which is good enough, and all I'll give you."", ""I gave you greef, and that's all you're getting."", 'Saints and Spirits! Give it a rest! All right. All right. Here. Rob me of my profits and comforts. Take this Cyrodilic brandy for the fund-raising dinner and leave me in peace.', ""For the Nine's sake, leave me alone.""]",NPC
Elder Scrolls Morrowind,2002,US,Berel Sala,Male,"[""What do you want us to do, ? Shall we lie down like dogs in the street and let the heretics and Dagoth Ur's creatures trample over us?"", 'Perhaps. Perhaps I would listen to you if I had any respect for you. Saryoni was a far greater man, and he would never place these impossible restrictions on us. Leave me.', 'I see that you still have some reason about you. Leave me now, as I am quite busy.']",NPC
Elder Scrolls Morrowind,2002,US,Berwen,Female,"['Are you here to get rid of the Corprus Stalker?', ""We were able to trap it upstairs, but no one wants to risk disease by getting close to it. Normally Master Aryon would take care of it, but he's been so busy recently. Please hurry. It's wrecking my shop!"", ""We were able to trap it upstairs, but no one wants to risk disease by getting close to it. Normally Master Aryon would take care of it, but he's been so busy recently. Are you saying that you're up to the challenge?"", ""Then leave now. It's not safe here with that thing on the loose!"", 'Excellent! Have at it! But be careful!', ""Aren't you finished yet? Didn't you say you'd kill it for me?"", 'Ah, my friend . How may I be of service to you?', 'Thanks for dispatching that Corprus Stalker, . You obviously have great skill.', 'Yes. Thank you very much.', ""Ahhh...my old friend Girith! I heard you helped him out of some serious trouble not long ago. Some business with a couple of no-good Ashlanders, right? They'll never learn. Anyway, you have my thanks; I had quite an investment in those guar hides. Would have taken quite a beating had Girith not been able to sell them. Here, take these as a token of our appreciation."", 'Thank you again for helping us out with that Ashlander business.']",NPC
Elder Scrolls Morrowind,2002,US,Bethes Sarothril,Male,"['Who are you, outlander? And what are you doing here?', ""I don't know you, outlander. What are you doing here? Are you here to worship at this foul shrine?"", 'Then you defy the law of the Temple, and shall die for it.', ""All right, then. We don't care about that. In fact, you'll be doing us a favor if you kill a few witches and warlords in the process. Just be careful, leave us alone, and we'll leave you alone."", 'No! You are the False Incarnate, and the Devil of Lies! You claim to be chosen by Azura, and savior of Morrowind, but you curse the Tribunal, call them false gods, and turn the people against their true protectors! You are nothing but a Dreamer and Deceiver, and mad servant of the Devil Dagoth Ur, and you must be destroyed!', ""Hello, . I'm Bethes Sarothril, and I'm here to clean out this den of Daedra worshippers. You go right ahead and look for treasure, if you like. We don't care. And if you kill a few witches and warlocks in the process, then even better.""]",NPC
Elder Scrolls Morrowind,2002,US,Beyte Fyr,Female,"[""Have you come to plunder the dungeon? Or have you got corprus disease? Or did you come to see Divayth Fyr? I'm Beyte Fyr. I'm the wife of Divayth Fyr. One of them. Sort of."", ""Everyone who gets corprus disease comes to our Corprusarium. It's not very pleasant, but at least they're all fed and cared for."", ""He's up above in his study. I hope you can fly. You can't get up there unless you can fly. Or have potions. Sorry."", ""You'd be surprised how many people come in here trying to steal Lord Fyr's treasures. He does have quite a collection of relics and artifacts. But he keeps them down in the Corprusarium. And who wants to risk catching corprus disease? Not to mention who wants to get ripped in half. Pity. We don't see many good thieves here. Just the stupid ones."", ""Yes. Well. Not 'wife' in the 'married' sense. But... you know. 'Paramour.' 'Consort.' Something like that. It's a bit awkward, really. Because... well... he made us, too, so, though we aren't really his daughters or anything, it's LIKE we were his daughters. Because he made us. You see?""]",NPC
Elder Scrolls Morrowind,2002,US,Big Head,Male,"['So, you have come. I see you serve the master. He is good, oh yes. Good to me. You have come seeking; tell me what you will find.', ""The Fork of Horripilation? It sings to me, oh yes. Sings like the rocks sing. Songs of weeping. Songs of leaping. Do you weep, stranger? You've come to take it. Will it take you? Then will you weep? Weep like the rocks? It is here! Take it. Take it if you will. Take it if you won't. Singing! Ringing!""]",NPC
Elder Scrolls Morrowind,2002,US,Big Helende,Female,"['What is it, Bandit ? Are you here looking for jobs, or are you ready for advancement?', ""We've been hired to fetch a Dispel potion recipe."", ""We don't usually do business with the Mages Guild, but Tusamircil wants a recipe for a potion of dispel magic. Everyone says the best alchemist in town is Anis Seloth. You might want to start looking for the recipe there. When you find it, deliver it straight to Tusamircil at Wolverine Hall."", 'You were to deliver that potion recipe to Tusamircil.', 'So do you have the potion recipe? Good. Deliver it to Tusamircil at Wolverine Hall.', 'You were to deliver that potion recipe to Tusamircil.', ""Yes, I heard you delivered the potion to Tusamircil. Here's a little something for your trouble."", 'What is it, Captain ? Are you here looking for jobs, or are you ready for advancement?', ""One of our customers wants a Grandmaster's Retort."", ""They're not usually for sale, and when they are, they're a bit too pricey for most people. I've heard that Berwen the Trader in Tel Mora is selling one, but you can get it for a special discount, if you're careful. There may be a few otehrs here and there. Bring me any Grandmaster's Retort, and I'll pay you well for it."", ""Have you gotten the Grandmaster's Retort retort for me, Captain ?"", ""So have you found a Grandmaster's Retort yet?"", ""Yes, even I can see this is a fine retort. Our customer should be quite satisfied. And here's some gold to satisfy you."", ""Keep looking, then. You'll find one eventually. Like I said, Berwen in Tel More might still have one."", 'What is it, Blackcap ? Are you here looking for jobs, or are you ready for advancement?', 'We need to protect ourselves from the Camonna Tong. Maybe we could hire a wizard from the Mages Guild.', 'Go to the Mages Guild over at Wolverine Hall and see if you can hire a wizard to protect our guildhouse here from the Camonna Tong thugs.', 'I asked you to hire a wizard, Captain . Have you done so?', ""Yes, our new guard has already arrived. Good work, . I was using this ring to help defend the place, but I don't need it anymore."", 'What is it, Blackcap ? Are you here looking for jobs, or are you ready for advancement?', 'One of our customers wants the book Redoran Cooking Secrets.', ""Fara, the proprietor of Fara's Hole in the Wall, and Dinara Othrelas, the cook over at Llethri Manor in Ald'ruhn, have an annual cooking contest. Fara wants an edge in this year's contest, and she's hired us to steal Dinara Othrelas' copy of Redoran Cooking Secrets, which should be somewhere in Llethri Manor."", 'You were to retrieve Redoran Cooking Secrets for Fara. Were you able to yet?', ""Have you found Dinara Othrelas' copy of Redoran Cooking Secrets?"", ""Yes, I'm sure Fara will appreciate this. Well done, Captain . And take this, it could come in handy."", ""Well, keep looking. I'm sure you can find it."", 'You were to retrieve Redoran Cooking Secrets for Fara. Were you able to yet?', 'Oh, you delivered the book to Fara?', 'What is it, Blackcap ? Are you here looking for jobs, or are you ready for advancement?', ""I'd like to see if you can't get Felen Maryon's staff."", ""Felen Maryon has an ebony staff that I'd like to get into our possession. He's a powerful wizard, though, so getting hold of it won't be easy. He's likely to kill you. This is the only job I've got left for you, so if you don't want it, you'll have to go elsewhere for your jobs. I wouldn't even offer it, but it's all I've got. It's up to you."", ""It's your skin. Felen Maryone is in Tel Branora. He's one of Mistress Therana's personal retainers. You'll likely find him in one of the Telvanni towers there. Here, take these. It's tough getting around inside those things. Good luck, Captain ."", ""Haven't you got the staff yet? I know it's difficult, so if you want to give up, let me know."", ""Fine with me, Captain . Let me know when you've got it."", ""Can't say I blame you. Someone else will be able to take care of that eventually."", ""Can't say I blame you. Someone else will be able to take care of that eventually."", ""You said you wanted to attempt to retrieve Felen Maryon's Staff? Any luck?"", ""You've got the staff. Excellent. Tell you what -- I'll give you a choice. I really didn't expect you to be able to get that thing. I didnt'expect anyone would be able to, honestly. It's yours if you want it, but I can also sell it and give you a cut of the profits. What do you say?"", ""That's fair. It's a good staff, after all. Good work getting it, Captain . As a reward for the work you've done for me, take this ring. It can be a big help grabbing things when you don't want to be seen."", 'I should be able to get a good price for it. Here, take this as your cut of the profits.', ""You've done some good work for me, . If you there's any money on your head, I'll have someone take care of it. Good work."", ""I don't have any jobs for you. Try asking Sugar-Lips Habasi in Balmora or Aengoth the Jeweler in Ald'ruhn. If they don't have anything for you, you can speak to the boss himself, Gentleman Jim Stacey.""]",NPC
Elder Scrolls Morrowind,2002,US,Birer Indaram,Male,"['What do you want?', 'I am the Deputy Marshal of the Buoyant Armigers and much too busy to deal with this matter again. Speak with my brother, Tidros Indaram.']",NPC
Elder Scrolls Morrowind,2002,US,Bivale Teneran,Female,"['Did Nileno Dorvayn send you? Is that scroll for me?', 'Well, are you going to give me the scroll or not?', 'Yes, as I expected. Tell Nileno Dorvayn that I received the scroll and understood the message. Why not take this outfit? A present for my efficient courier.', 'You gave me the scroll already, .', ""I'm sorry. I must have mistaken you for someone else. What are you hear for? A new shirt? How about this one?""]",NPC
Elder Scrolls Morrowind,2002,US,Blatta Hateria,Female,"[""Yes, I'm Blatta Hateria. Do I know you?"", ""Right. You're . My friend said you might want to go fishing."", ""I know a fine place. Excellent fishing. My friend, Mehra Milo, says it's her favourite fishing spot. You ready to go?"", ""Good. I'm ready to take you to Holamayan any time you're ready to travel. And I'll be here to offer that service any time you need it."", 'Well, come see me whenever you are ready to go.', 'Do I know you? Were you thinking you might want to go fishing?']",NPC
Elder Scrolls Morrowind,2002,US,Bolrin,Male,"[""A shipment of limeware? I know nothing about it. There are strict regulations on that kind of material entering Vvardenfell. You'd have to show me some proof for me to believe that."", 'You say that the limeware you have was on one of my ships? And you managed to get on board to steal it? What are we to do about this?', ""You were able to take this from one of our ships? I'll have the guards' heads for this! It's good you are an honest person, , and it is good that I know about the holes in my security at the docks. Here, take this as a reward. I would suggest you stay off my ships in the future."", ""Hmmm...I'm sure you were. Perhaps you'd better leave right now."", ""Greetings, friend. I understand you've had some dealings with the Company before. Perhaps you'd like to be of further assistance?"", ""Yes. I have some work that would be suited to someone not officially linked to the Company, although it may be dangerous. Perhaps you'd be interested in a bit of information gathering?"", 'There is a Telvanni enchanter in Vivec--Audenian Valius. I believe you helped him with a nasty little rat problem. Shame, that was. He has a rather exclusive clientele, and he sells very exclusive products at quite a large profit. It would be of interest to the Company to know who his clients are, and to know what items they require. If you can bring me a list of these clients and items, I would be most appreciative.', ""That's the attitude we like here at the Company. Go quickly and quietly. No one should know the details of your business. And if you are discovered, the Company will deny all knowledge of your existence. Good luck."", 'We must take advantage of every opportunity we can.', ""You will find him in the Telvanni section of Vivec. I'm not that familiar with the city myself; perhaps someone there can give you a more precise location. He is powerful, and his store will likely be guarded."", ""Hmmm...a pity. Perhaps you are not the person I thought you to be. This conversation, of course, never took place. You understand, I'm sure."", ""Ahhh...you've gotten the list! This will prove most advantageous. Business is all about having even a little advantage over your competitors. You have done well. Take this as a reward. And mention this to no one.""]",NPC
Elder Scrolls Morrowind,2002,US,Bolvyn Venim,Male,"['Unless you have some important business to discuss, outlander, I suggest that you leave.', 'I am Bolvyn Venim, the Archmaster of Great House Redoran.', 'Unless you have some important business to discuss, outlander, I suggest that you leave.', 'Even if you get the councilors on your side, I will veto them. I would rather die than see House Redoran dishonored by an outlander.', 'A Hortator is a war leader and champion chosen by a Great House council. Why?', 'Only the Redoran councilors can choose a Hortator for House Redoran, and it must be unanimous. The duties are defined by ancient custom, but, in essence, a Hortator is a House champion, and must be both skilled in combat and known for his courage and honor.', 'There is no need to name a Hortator, and if there were such a need, I would not shame House Redoran by naming an outlander our Hortator.', ""You are an fool. An ignorant, ill-mannered, outlander fool. I'd rather make a monkey Hortator. As long as I am head of this House, you will never be Hortator."", 'I have not changed my mind about you, outlander.', 'A Hortator is a war leader and champion chosen by a Great House council. Why?', 'Only the Redoran councilors can choose a Hortator for House Redoran, and it must be unanimous. The duties are defined by ancient custom, but, in essence, a Hortator is a House champion, and must be both skilled in combat and known for his courage and honor.', 'Are you trying to manipulate me? Do you take me for a fool? Do you think I can be so easily won over? You are a fraud. Cunning, for an outlander, but a complete fraud. No, you will never be Hortator. I will not permit it.', 'So you have the support of all the other councilors for the title of Redoran Hortator.', 'You have played tricks with the other Councilros, but they will not work on me. This has gone far enough. If you are not a coward, as well as a fraud, I will put a stop to your ambitions at the Arena in Vivec. I will meet you there if you dare face me in a duel to the death.', 'Meet me in the Arena in Vivec. There we will fight a duel to the death.', 'Unless you have some important business to discuss, outlander, I suggest that you leave.', 'I would never support such a law.', 'No, this law is undeniably fair. Your Telvanni lies do not sway me.']",NPC
Elder Scrolls Morrowind,2002,US,Botrir,Male,"[""Hail, stranger! Have you seen a witch nearby? I'll tear out her heart and feed it to a nix hound!"", ""My axe. It's been in my family for generations. A powerful axe, and tainted by the touch of that unholy spawn! I'll get it back, and use it to cleave her in two!"", ""My axe. It's been in my family for generations. A powerful axe, and tainted by the touch of that unholy spawn! I need it in my hands again!"", ""Aye, I was escorting this...woman, Iveri Llothri, to Tel Aruhn, and she seemed real friendly. Then for no reason, she turned on me! Put me under some spell, and by the time I realized what was happening, she had taken off with my gold, my armor, and my axe, Widowmaker! Damn her for even laying hands on the axe of my fathers! I'll tear her throat out and wear it as a belt! Come with me, stranger; help me find this devil and end her pitiful existence!"", ""Bah! I'll find her myself then!"", ""Excellent! Let us go, stranger. I think she headed to the northwest, but I can't be sure. Let's find her! I'll tear her head off and spit in the stump!"", ""I'll get Widowmaker back from that witch!!! I pluck out her eyes and wear them as earrings!!"", ""I'm sure she hasn't gotten far. When I find her, I'll tear off her legs and break them over her head!"", ""The witch is dead! Now, if you'll just give me Widowmaker, stranger, I'd appreciate it. I might be able to teach you a bit about using an axe as well, if you're interested."", ""Finally, it is out of the hands of that witch. If you'll just give me my axe, friend, I'd be willing to teach you a few things I've learned about the proper way to use one!"", ""That is a mistake, friend. I'll have that axe, and if I have to pry it from your bloody, lifeless hands, so be it!"", 'Ah...it feels good to hold it in my hands again! Truly, this is an axe of legend, and they will sing songs and write tales of my adventures with it. I think I shall begin by killing all the witches I can find. But first, allow me to teach you something of the way of the axe.', 'Ahh...my axe. It will be good to cleave some skulls once again!', ""Finally, it's in the proper hands again!""]",NPC
Elder Scrolls Morrowind,2002,US,Brallion,Male,"['Ho there, Outlander. Are you here to buy slaves? Slavery is quite legal in these parts, you know. Can I help you find someone in particular? Were you hoping for direction to services?', 'The Dark Elves have traditionally permitted enslavement of Humans, Orcs, Argonians, and Khajiit, and mistreatment of these races is not recognized as a crime, other than as a crime against property. Slavery is not now practiced in Summerset Isles or Valenwood, and its practice is on the wane in Morrowind. By terms of the Armistice, Morrowind defines its own laws and customs, and slavery remains legal. Slavery is uncommon in Redoran and Hlaalu Districts, common in Telvanni, Indoril, and Dres Districts.', 'Eh? You like it? One of my slaves tried to buy his freedom with it. Imagine! A slave with a jewel like this? He obviously stole it, so I relieved him of its burden. If it has caught your fancy, I could part with it for, say, 1000 coin?', 'Five hundred you say? Well, you are a shrewd one at that. Sold!', 'Suit yourself.']",NPC
Elder Scrolls Morrowind,2002,US,Braynas Hlervu,Male,"[""I had to give my family's treasured locket to the taxman this year. The locket is now being held in Venim Manor with the rest of the taxes. I wouldn't be surprised if one of their damn guards made off with the thing himself."", 'Is... Is that my locket?', 'Oh. My family had a locket just like that. I only thought...', 'This IS my locket! Where did you get this?', ""Well, I'll accept it as a gift. But what if they come looking for it?"", ""I don't know what that means, but thank you."", 'I have hidden it well.']",NPC
Elder Scrolls Morrowind,2002,US,Brerama Selas,Male,"[""I'm fine, thank you. What can I do for you?"", 'Oh, of course. Here, take the report.', 'I already gave you the report.']",NPC
Elder Scrolls Morrowind,2002,US,Bugdul gro-Kharbush,Male,"['You here about the stronghold? Tell Galsa Gindu things are fine here. The work will be done soon.', ""I'm the foreman here at Indarys Manor. I keep the workers in line and make sure the job gets done."", ""I'm the building foreman for Indarys Manor.""]",NPC
Elder Scrolls Morrowind,2002,US,Bulfim gra-Shugarz,Female,"['Argh! Must I constantly be tormented by ... AAAH!! ... Leave me! I am diseased and I must suffer in solitude!', ""Yes. I have Ash-Chancre. Look at my face! My hands! That is why the others stay away from me. You'd better stay away, too, if you know what's good for you."", 'They say it is my disease that angers me. Fools! Are you here to mock me as well?', 'Mock my suffering again and you shall pay!', 'Alright ... do as you will.', 'Fool! I am an Orc. Magic has little effect on me. Sheogorath has seen to my torment. But if you must try, go ahead. I permit it.', ""Thank you for curing me, (player's name). I'd get out of here if I were you."", ""Yes, I feel better already. You better leave before my... friends see that you're here."", 'Thank you for curing me. Why have you returned?']",NPC
Elder Scrolls Morrowind,2002,US,Caius Cosades,Male,"[""What? Yes, I'm Caius Cosades. But, what do you mean, you were told to Report to Caius Cosades? What are you talking about?"", ""I'm just an old man with a skooma problem."", "", and you have been told to report to me and deliver a package. Perhaps you'll let me look at it?"", "". Now you belong to the Blades. We're the Emperor's eyes and ears in the provinces. You can use my bed if you need to rest, but leave my personal stuff alone unless I say otherwise. If you like, you can improve your modest skills with our Blades Trainers now. Or if you're in a hurry. I can give you orders right away. But don't forget to visit the Blades Trainers."", ""First thing, pilgrim. You're new. And you look it. Here's 200 drakes. Go get yourself a decent weapon. Or armor. Or a spell. And second thing... you need a cover identity. Around here, 'freelance adventurer' is a common profession. Sign on with the Fighters Guild, or Mages Guild, or Imperial cult, or Imperial legion, advance in the ranks, gain skill and experience. Or go out on your own, look for freelance work, or trouble. Then, when you're ready, come back, and I'll have orders for you."", ""The Fighters Guild is a professional organization chartered by the Emperor to regulate the hiring and training of mercenaries. Training, goods, and services are cheaper for members, and the Guild Stewards know where to find work. You'll have to start your service with Eydis Fire-Eye, the Balmora Guild Steward. She's new, and I don't know her well. Percius Mercius, the Ald'ruhn Guild Steward, I know and trust, but he only handles higher-ranking assignments."", ""It's a guild for the arcane arts. And it's where you go to find wizards for hire. Training, goods, and services are cheaper for members, and the Guild Stewards know where to find work. If you want to be a wizard, join and work your way up the ranks. The Mages Guild here is better than the Fighters Guild. Ranis Athrys is the guild steward, so talk to her if you want to join up. She's got a chip on her soldier, but here apprentice, Ajira, seems okay for a Khajiit."", ""The Imperial cult worships the Nine Divines: the Aedra Akatosh, Dibella, Arkay, Zenithar, Mara, Stendarr, Kynareth, and Julianos, and Tiber Septim, founder and patron of the Empire. In Morrowind, it's partly maintaining the faith for outlanders like us, and partly a missionary cult, bringing enlightment to the heathen Dunmer. You can see Somutis Vunnis at Fort Moonmoth to join, but you have to go to Ebonheart if you want to become a lay servant."", 'Moonmoth Fort is the Imperial Legion garrison southeast of Balmora, just outside of town. Radd Hard-Heart is the Knight in charge. Between the Imperial Legions and Imperial cult staff, they have about a dozen service providers out there.', 'Lay servant serve the Imperial cult by doing various tasks. Not a lot of excitement, but safe, honorable, and rewarding. First you have to join the Imperial cult, then go to the Imperial Chapels in Ebonheart to get work. See Synnolian Tunifus to become a lay healer. See Iulus Truptor to become an almoner -- a fund raiser. See Kaye to become a shrine sergeant -- they do the more dangerous jobs.', ""The Imperial Legion has several fort garrisons here on Vvardenfell. The lower ranks handle law enforcement, escorts, rescues, dangerous predators, diseased and blighted beasts, and so forth. Only one fort accepts recruits -- Fort Darius in Gnisis. Gnisis is a frontier outpost, isolated, a little rough. But good experience. If you're interested, see General Darius in Gnisis."", ""You can always just wander around and ask for work. Hunt monsters and sell their hides. Collect ingredients for alchemists. Prey on bandits and smugglers. Search ruins for loot. All you need are better skills and conditioning, and knowledge of Morrowind. And spend what you earn on equipment and training. Then come back a little less wet-behind-the-ears, and I won't have to worry so much about you when I send you out on a mission."", ""These Blades agents off training... not free, of course, but cheap for a fellow agent. Look for Rithleen, Tyermaillin, and Nine-Toes here in Balmora. In Caldera, see Surane Leoriane. In Ald'ruhn, see Gildan, Sjorvar Hore-Mouth lives in a hut west of Ald'ruhn, And Elone the Scout can be found at Arrille's Tradehouse in Seyda Neen."", ""We're spies. We're the Emperors hidden eyes and ears in the provinces. We watch the Emperor's enemies. We look for opportunities. We make repots. And, when the Emperor commands, we obey. But we're only one of many guilds and factions in Morrowind. You should know a little about Morrowind politics before you get involved with any of these other groups."", 'Groups favoring Imperial interests are the Blades, the Imperial cult, the Imperial Legion, the Fighters Guild, the Mages Guild, and the Thieves Guild. Groups favoring native Dunmer interests are House Redoran, House Hlaalu, and House Telvanni, the Temple, the Morag Tong, the Camonna Tong, and the Ashlanders.', 'Warrior Rithleen lives two houses south, upstairs.', 'Healer Tyermaillin lives two houses south, downstairs.', 'To get to Hunter Nine-Toes, leave my door facing south. Go right, down the steps, then turn left and head south, looking for his door on your left.', ""Mage Surane Leoriane is in Caldera, the next town north. Her half-timber-and-stone house north sits between the twin towers of the North Gate and the Governor's Hall."", ""Nightblade Gildan lives in Ald'ruhn, the Redoran district seat north of here, beyond Caldera. Gildan is in the southeast corner of town, in a house to the right of the steps up to the temple."", ""Master-at-Arms Sjorvar Horse-Mouth lives in a guar herder's hut in the middle of nowhere west of Caldera. I've only been there once, and couldn't give you the directions. Go look for him if you feel like a little hike."", ""Elone the Scout cam usually be found at Arrille's Tradehouse in Seyda Neen. You know where that is. You arrived in Seyda Neen by boat."", 'Fine. Then get out of here, and come back when you are ready.', ""Perhaps I wasn't sufficiently clear. First, we will take care of the Report to Caius Cosades business. Because until you have properly reported to me, and meekly afreed to follow my orders, then you won't be getting any orders from me. Is there any part of that you don't understand? Am I going too fast for you?"", 'Are you ready to join the Blades and follow my orders, as the Emperor commands?', "". Now you belong to the Blades. We're the Emperor's eyes and ears in the provinces. You can use my bed if you need to rest, but leave my personal stuff alone unless I say otherwise. If you like, you can improve your modest skills with our Blades Trainers now. Or if you're in a hurry. I can give you orders right away. But don't forget to visit the Blades Trainers."", ""Then we have nothing to talk about... until you're ready to give me the package. Goodbye."", 'So. Are you ready to give me the package?', ""Ready for orders? Good. Go talk to Hasphat Antabolis at the Balmora Fighters Guild. Ask him what he knows about the Nerevarine secret cult and the Sixth House secret cult. You'll have to do him a favor first. Probably an ugly favor. But do it. Then get the information from Antabolis and report back to me. By the way... Hasphat is a student of Morrowind history. Take the chance to get a little education. And I have a few history books here. Help yourself. You're welcome to them. No point in being part of history if you're too ignorant to understand it."", 'Get the information about the Nerevarine secret cult and the Sixth House secret cult from Hasphat Antabolis, like I told you.', ""He's Drillmaster of the Balmora Fighters Guild. He's lived in Morrowind all his life, knows the natives, and talks a lot with backcountry mercenaries. He thinks of himself as a scholar, and he's particulary interested in Dwemer ruins and artifacts."", 'Some Dunmer believe that an orphan and outcast, a youth born on a certain day to uncertain parents, will one day unite all the tribes of the Dunmer, drive out the invaders of Morrowind, and reestablish the ancient laws and customs of the Dark Elvven nations. They call this orphan and outcast the Nerevarine, and say the Nerevarine will be a reincarnation of the long-dead Dunmer General and First Councilor, Lord Indoril Nerevar.', ""A trusted informant says they're a secret cult associated with some strange events recently, and, more important, my informant thinks these recent disturbances are related in some way to the Nerevarine Prophecies."", ""The illiterate Ashlanders pass down their customs and history in the form of poetic verses. Among the things they preserve in verse are the dreams and prophetic visions of their wise women, in particular the verses that foretell the coming of the Nerevarine. But I don't know much about it. That's why I'm sending you to find out."", ""I don't know much about the Ashlanders. Most people say they are murderous savages, but most people are idiots. I know they hate their settled Dunmer cousins almost as much as they hate Westerners. They must be tough to live in the Ashlands. I don't think outlanders can become members of the tribes. I don't know why anyone would want to."", ""Jeanette Sitte's little book is a good place to start. I have a copy here. Take it. You might also look for 'On Morrowind, the Imperial Province', by Erramanwe of Sunhold."", ""As I said, Jeanette Sitte's little book is a good place to start. And I also recommend 'On Morrowind, the Imperial Province', by Erramanwe of Sunhold."", '}? Or is there something else you want?', ""These notes are from Hasphat Antabolis? Excellent. I trust he didn't work you too hard for them. I'll look them over in more detail later, but now, I have some new orders for you."", ""He's Drillmaster of the Balmora Fighters Guild. He's lived in Morrowind all his life, knows the natives, and talks a lot with backcountry mercenaries. He thinks of himself as a scholar, and he's particulary interested in Dwemer ruins and artifacts."", '? Or is there something else you want?', ""I've glanced at Hasphat Antabolis' notes. They cover the Sixth House admirably, but not the Nerevarine cult. Hop on over to the Balmora Mages Guild. It's right next to the Balmora Fighters Guild. Get Sharn gra-Muzgob to tell you what she knows about the Nerevarine. She'll have some silly errand for you. Do what she asks. And report back when she's given you the information."", ""Very smart. For an Orc. An unhealthy interest in the dark arts, perhaps, but very smart. She's always worried that the Temple will bust in and stick her in a fire. And worried with good reason."", ""The Tribunal Temple is the native religion. They worship three God-Kings, Almalexia, Sotha Sil, and Vivec, who are known together as the Tribunal. We usually just call it 'The Temple.' They're narrow-minded and superstitious, but I find a lot to admire -- particularly their concern for the poor. They accept outlanders as members, but few outlanders join except for the services. Talk to Feldrelo Sadri ath the Balmora Temple if you're thinking about joining."", '? Or is there something else you want?', 'Get the information from Sharn gra-Muzgob at the Balmora Mages Guild like I asked you, and report back.', '? Or is there something else you want?', "". I'd like some time to think how this fits in with the Emperor's plans for you. So if you'd like to get in a little freelance adventuring, go ahead. But whenever you're ready, I'll have new orders for you."", "". No thanks needed. You're doing great work. Now, get out of here and let me read."", '? Or is there something else you want?', ""I've thought it over, and I want you to interview three informants in Vivec City concerning the Nerevarine and the Sixth House. First, I want you to speak with Addhiranirr, a Khajiit Thieves Guild operative. Second, I want you to speak with Huleeya, an Argonian in the Morag Tong. Finally, I want you to speak with Mehra Milo, a Temple priestess. Here. I've written the details down, so you won't forget. And here are 200 drakes. For bribes and other expenses."", ""Addhiranirr is a Khajiit, and a Thieves Guild operative. You'll find her in St. Olms Canton in Vivec. Be careful what you say, and use common sense. People in the cantons are suspicious of outsiders, you may have to win... or purchase... their confidence."", ""Huleeya is an Argonian and a Morag Tong assassin. You'll find him in Vivec, at the Black Shalk Cornerclub in the Lower Waistworks of the Foreign Quarter. In addition to his other skills, Huleeya is also known around Vivec City as a student of history and a lover of books and old things."", ""Mehra Milo is a Temple priestess who works in the libraries at the Hall of Wisdom and Justice. She's a friend, so be careful, and don't get her in trouble. The Temple is suspicious of outlanders, and wouldn't be happy to find Mehra talking with you about religious matter. She'll be easy to spot. Look for the priestess with the copper hair and copper eyes."", '? Or is there something else you want?', ""Did you speak with Mehra Milo yet? Make sure you've gotten everything she can tell me about the Sixth House cult and the Nerevarine cult. Then report back."", '? Or is there something else you want?', ""If Mehra Milo says I must have a copy of 'Progress of Truth,' then I must have one. Go get a copy and bring it back to me. Buy a copy if you can. The 200 drakes I gave you for expenses should cover it. Now get moving."", '? Or is there something else you want?', ""I have your report, and I'll make copies of your notes from Huleeya and the 'Progress of Truth.' Give me time to read and digest all this. In the meantime, I'm promoting you to Journeyman. You're doing good work. And here are 200 drakes. Go out and treat yourself to a new pair of shoes, and go do some jobs for the guilds, or other freelance work, just to keep your cover story current. Or get some training. Then, when you're fit and rested, come back, and I'll have new orders for you."", '? Or is there something else you want?', ""We need an Ashlander informant. I have heard of a fellow in Ald'ruhn named Hassour Zainsubani, an Ashlander who left the Wastes to become a wealthy trader. They say the Ashlanders like to give and receive presents. Take these 100 drakes. Find out what Zainsubani likes, and get him a gift. Then give him the gift, and see if he will tell you about the Ashlanders and teh Nerevarine cult. Then report back to me."", ""Hassour Zainsubani is an Ashlander who left the Wastes to become a wealthy trader in Ald'ruhn. I'm not sure where to find him, but I'd try the Ald Skar Inn in Ald'ruhn first. That's a more respectable place than The Rat in the Pot or the Council Club."", ""Are you back already? I'm not finished yet."", ""Did you speak with Hassour Zainsubani yet? Make sure you've gotten everything you can about the Ashlanders and the Nerevarine cult. Then report back."", '? Or is there something else you want?', ""Thanks for your report. But keep Zainsubani's notes on the Ashlanders. You'll need them. I'm promoting you, and sending you to the Urshilaku camp to speak with Sul-Matuul and Nibani Maesa. But before you go, I think it may be time to tell you what's going on. The Emperor and his advisors think you have the appearance of meeting the conditions of the Nerevarine prophecies. That's why you were pulled out of prison on his Majesty's authority and sent to me. So you could satisy the conditions of the Nerevarine prophecies and become the Nerevarine. Here. This is a decoded copy of the coded package you gave me when you arrived. Read it later. It should explain everything. As you'll see in the decoded message, the Emperor and his counselors say you have the 'appearance' of satisfying the conditions of the prophecy. Do you REALLY satisfy the prophecy? Are you REALLY the prophesied Nerevarine? At first, I thought you were supposed to create a persuasive imposter. Now I don't know what to think. But I am sure of one thing. This is not just primitive superstition, and we will treat it seriously, just as his Majesty commands. So. Zainsubani says Sul-Matuul and Nibani Maesa at Urshilaku camp are the heads of the Nerevarine cult. So I'm sending you to speak with them. Tell them your story, and have them test you against the Nerevarine prophecies. As heads of the Nerevarine cult, they can best judge whether you satisfy the prophecies. When you've spoken with them, report back t ome. Here's 200 drakes for expenses. And pick up essential supplies at Fort Moonmoth."", ""Before you go to Urshilaku camp, see Somutis Vunnis and Crulius Pontanian at Fort Moonmoth. I've asked them to put aside some potions and scrolls for you. Courtesy of the Emperor. In particular, you'll want the cure potions; I hear the blight is very bad up north. And use the Divine Intervention scroll if you find you're over your head. It will get you safe to an Imperial cult shrine, where you can heal, refit, and try again."", '? Or is there something else you want?', ""As I said, go to Urshilaku camp to speak with Sul-Matuul and Nibani Maesa. Tell them your story, and have them test you against the Nerevarine prophecies. As heads of the Nerevarine cult, they should be able to judge whether you might be the Nerevarine. When you've spoken with them, report back to me."", ""Zainsubani says the Urshilaku camp lies close to the Sea of Ghosts, north of the village of Maar Gan, on the northern coast of Vvardenfell. The fastest, smartest way to reach Maar Gan is to take a silt strider from Balmora to Ald'ruhn, and from Ald'ruhn to Maar Gan. In Maar Gan, look for a scout named Nuleno Tedas at Maar Gan Outpost. She'll be able to tell you how to reach Urshilaku camp."", ""The Emperor and his counselors say you have the 'appearance' of satisfying the conditions of the Nerevarine prophecy. I'm still skeptical. But it's hard to believe this is all just coincidence."", '? Or is there something else you want?', ""You've spoken with Sul-Matuul and Nibani Maesa, and, from what they say, it sounds like you could really be the Nerevarine. That's just incredible. But I'll have to get used to the idea. Let me try to get word to Mehra Milo. Maybe she can find out wether the Dissident Priests have any lost prophecies. But in the meantime, I have a very tough assignment for you. Do you think you're ready?"", ""Hmm. Don't get over-confident. But it so happens that I agree -- you're ready. But just in case I'm going to give you 400 drakes. Before you head out, make sure you outfit yourself with healing potions, new gear, a little training, whatever you think you need most. And remember: if you get in trouble, back off, rest up, and go back fresh. Don't get cocky. I think this will be a tough one."", ""Good. Cautious is smart. I'm going to give you the mission. But I'm going to give you 400 drakes. Before you head out, make sure you outfit yourself with healing potions, new gear, a little training, whatever you think you need most. And if you get in trouble, back off, rest up, and go back fresh. Don't take any chances. I think this will be a tough one."", ""Here's your mission. Fort Buckmoth sent a patrol to Gnaar Mok, hunting smugglers with Sixth House connections. They found a Sixth House base, a Sixth House shrine, and a Sixth House priest named Dagoth Gares. Speak to Champion Raesa Pullia at Fort Buckmoth; she'll tell you about the patrol and the Sixth House base. Your orders: find that Sixth House base, kill Dagoth Gares, and bring me a full report on the Sixth House base."", 'Mehra Milo says the Dissident Priests do have records of Ashlander NErevarine prophecies, and she has an idea how we might get a look at them.', '? Or is there something else you want?', ""Your orders were to find that Sixth House base near Gnaar Mok, kill the Sixth House priest Dagoth Gares, and bring me a full report on the Sixth House base. Don't come back until you've completed the mission."", ""Champion Raesa Pullia at Fort Buckmoth says a patrol found a Sixth House base in a cave the locals call Ilunibi. However, the one trooper who escaped to report had died of corprus disease. Before he died, the trooper reported fighting with monsters and cultists, and something about a powerful Sixth House priest called Dagoth Gares. But go talk to Raesa Pullia at Fort Buckmoth. She'll have all the details."", ""Fort Buckmoth is the Imperial Legion's garrison for Redoran District. The fort lies south of Ald'ruhn, a short walk from Ald'ruhn's south gate."", ""I don't know much about it. I've never seen a case myself. You can get it from contact with the Red Mountain monsters they call 'corprus beasts'. I think it's like a blight disease, only worse. It usually drives victims mad, and causes terrible, deformed growths on the body. I'll check my informants, and find out how to cure it. In the meantime, just follow your orders. I don't know what else to do."", '? Or is there something else you want?', ""With Dagoth Gares dead, the Sixth House shrine is no longer a threat. You've more than earned a promotion to the rank of Traveler. I'm very worried that you have corprus disease. But I have some good news in that department. I canvassed my informants for possible treatments, just in case you contracted the disease during your mission. I learned from Fast Eddie that your best chance of getting cured is Divayth Fyr, an ancient Telvanni wizard who runs a Corprusarium for victims of the disease. Here. Take this Dwemer artifact and 1000 drakes, and go to Tel Fyr. Divayth Fyr will like the Dwemer Artifact. A gift may sweeten his disposition. The gold is for expenses. And here's a couple of Levitation potions. I hear you'll need them in Telvanni towers, because wizards don't use stairs. So get moving, and get that corprus disease cured. Then hurry back. I think I know how to get the lost prophecies Nibani Maesa asked for."", ""You have corprus disease. It's a rare disease that usally drives victims mad, and causes terrible, deformed growths on the body. I don't know much about it. I'll check my informants, and see how to cure it. In the meantime, we can discuss your orders."", ""Edd Theman, also 'Fast Eddia', also 'Eddie the Rat', is a rare commodity, a former Telvanni wizard who has gone Imperial and joined the Mages Guild. A colorful but unreliable character, but he is an invaluable source of inside information on Great House Telvanni. He has a small house here in Balmora."", ""Fast Eddie says Divayth Fyr collects Dwemer artifacts. Yes, I know it's treason to trade in Dwemer artifacts, but don't worry about it. I'm a big-shot Imperial Spymaster, remember? And, yes, it's worth a fortune. But you're worth it. The cash is for expenses, and just in case. Good luck."", ""Tel Fyr, Divayth Fyr's tower, is southwest of Sadrith Mora, on an island on the southwestern edge of Zafirbel Bay. Here. Let me mark it on your map. There's a dock, but no boat service, so you must water-walk or swim from Sadrith Mora. Use the Guild Guide service at the Balmora Mages Guild to reach Sadrith Mora. At Sadrith Mora, find Wolverine Hall, Fighters Guild, and ask the scout Sondryn Irathi for detailed directions to Tel Fyr."", ""A guild guide is a spellcaster of the Mages Guild who provides magical transport for a small fee. You can only travel from one Mages Guild to another, but it is the fastest way to travel between Vivec, Balmora, Ald'ruhn, Caldera, and Sadrith Mora."", '? Or is there something else you want?', 'Go to tel Fyr and get that corprus disease cured. Then hurry back. I think I know how to get the lost prophecies Nibani Maesa asked for.', 'Mehra Milo says the Dissident Priests do have records of Ashlander Nerevarine prophecies, and she has an idea how we might get a look at them.', "". Thank you for your report. I'm very happy you've been cured. Unfortunately, I've had a bit of bad news. I've been recalled to the Imperial City. You'll be promoted to Operative, and will head the Blades here in Vvardenfell until I return. I've only waited here to give you your final orders before I go."", ""Internal politics. Some concern about my sugar. I thought about refusing the recall. But they have members of my family back in the capital. I'm afraid it may have something to do with the problems with the succession. As the Emperor's health declines, factions are maneuvering for advantage. I may be gone a while -- that's why you're promoted to Operative."", ""That makes you the ranking Blades agent here in Vvardenfell district. As far as I know. There may be other Blades agents here I don't know about. It wouldn't surprise me. I may be gone a while, and you'll have expenses. Here's some gold. And you can use the house until I return. And I won't be needing these blacks or the ring while I'm in Cyrodiil. Maybe they'll come in handy. Take good care of them."", ""Yes. That makes you the ranking Blades agent here in Vvardenfell district while I'm gone. And I may be gone a while."", ""There's nothing to it. Each agent has his own assignment, and reports directly to Cyrodiil. You're promoted to Operative mostly to preserve your independence. You're no fool. The days of the Empire are almost over. When the Emperor dies, nine hells're going to break loose. Forget about the Imperial City. Think locally. Worry about the Sixth House and Dagoth Ur. And squabbles between the Great Houses and the colonists. The rest of the political nonsense doesn't amount to a plate of scuttle."", 'Those were the goold old days, eh? Believe it or not, I was an Apprentice once, too. But that was a LOONG time ago.', "". Thank you for your report. I'm very happy you've been cured. Unfortunately, I've had a bit of bad news. I've been recalled to the Imperial City. You'll be promoted to Operative, and will head the Blades here in Vvardenfell until I return. I've only waited here to give you your final orders before I go."", ""Continue pursuing the Nerevarine prophecies, as the Emperor commands. First, go to the Hall of Wisdom and Justice, and get Mehra Milo to help you find the lost prophecies. She's being watched; if something has gone wrong, find her private quarters; she'll leave you a message there under the code word 'amaya.' Then take the lost prophecies to Nibani Maesa. From that point, you'll have to follow her directions, and follow the prophecies. Good luck."", ""You're on your own now. Just do what I've told you. Get Mehra Milo to help you find the lost prophecies. Then take those lost prophecies to Nibani Maesa. From that point, you'll have to follow the prophecies. Good luck."", ""You know what to do. Get Mehra Milo to help you find the lost prophecies. Then take those lost prophecies to Nibani Maesa. From that point, you'll have to follow her directions, and follow the prophecies. Good luck.""]",NPC
Elder Scrolls Morrowind,2002,US,Canctunian Ponius,Male,"['I am Canctunian Ponius, Factor-in-Chief of the Ebonheart agency of the East Empire Company, at your service.', 'Well, if you think you can make me a better offer...', 'Okay, you convinced me. Go back and tell House Hlaalu that I will sign a contract for another year.', ""You already convinced me, you don't need to ask me again."", 'I am Canctunian Ponius, Factor-in-Chief of the Ebonheart agency of the East Empire Company, at your service. Is this concerning the generous pledge I offered to the Imperial cult?', ""You are from the Imperial cult, then? I'll be frank with you, but you must keep this in confidence. I cannot redeem my pledge at this time. Our clerk embezzled funds, and to avoid scandal, I am covering losses to the East Empire Company out of my own fortune."", 'That is a most welcome offer. Our clerk, an Altmer named Mossanon, absconded with 3000 drakes. We have no idea where he went. To avoid scandal, we have not reported the crime to the guards. If you can track this Mossanon down and recover the missing 3000 drakes, I would be more than happy to immediately redeem my generous pledge to the Imperial cult.', ""Our clerk Mossanon took 3000 drakes in gold from our treasury. Since he kept all accountings, we didn't even suspect the gold was missing until he disappeared."", 'He was an excellent clerk, a proper High Elf, well-spoken, diligent, orderly, good with figures, reliable -- until recently. I believe we all noticed a change in his behavior, but thought nothing of it. In particular, we noticed a marked rise in his absences from the office. We have been reluctant to discuss the subject with the other employees, for obvious reasons. But perhaps, if you are discreet, and persuasive, you may learn something from speaking with them.', ""If you recover the embezzled funds from the absconded clerk, Mossanon, I'll be happy to redeem my generous pledge."", 'Did you recover our missing 3000 drakes from Mossanon? Or have you come to report your failure?', ""That's unfortunate. Then I'm sorry, but I cannot redeem my generous pledge to the Imperial cult."", 'Very well. Carry on. And good luck.', 'Have you found Mossanon? Or have you come to report your failure?', ""That's unfortunate. Then I'm sorry, but I cannot redeem my generous pledge to the Imperial cult."", 'The Mossanon matter is closed.', 'Very well. Carry on. And good luck.', 'Please accept my apologies. I wish things were otherwise.', 'I am Canctunian Ponius, Factor-in-Chief of the Ebonheart agency of the East Empire Company, at your service. Is this concerning the generous pledge I offered to the Imperial cult?', ""If you recover the embezzled funds from the absconded clerk, Mossanon, I'll be happy to redeem my generous pledge."", 'Did you recover our missing 3000 drakes from Mossanon? Or have you come to report your failure?', 'A pity. But something is better than nothing. And what you have recovered will at least permit me to redeem my generous pledge to the Imperial cult.', 'Thank you for recovering our embezzled funds. And here are the 1000 drakes I pledged to support an Imperial cult mission to the Ashlanders.', 'Thank you again for recovering our embezzled funds.', 'Thank you for your help.', 'Have you found Mossanon? Or have you come to report your failure?', 'I understand. Discretion may be essential to obtain the cooperation of the parties in affairs like this.', 'Good. If we decide to report this matter to the authorities, I will pass this information on to the guards.']",NPC
Elder Scrolls Morrowind,2002,US,Carecalmo,Male,"[""I don't know you. What do you want?"", 'YOU offer ME an ultimatum? No servant of Mephala can command me!']",NPC
Elder Scrolls Morrowind,2002,US,Cassius Olcinius,Male,"[""Excuse me, can you help me? No, I'm over here. My name is Cassius Olcinius. Sorry...you see, I've been made invisible by a wizard!"", ""Thank you, thank you! It's so good to be able to be seen again. I just wish I had something to offer you, but I have nothing of value and no gold to speak of. It's not easy to find a job when you're invisible. Thank you again!"", ""Really, I can't tell you how good it is to be visible again! Thank you so much."", ""That's me."", ""He's a mage in the Telvanni section of Vivec. I don't know why he'd do this to me. It's just terrible."", ""Yes, the wizard Fevyn Ralen cursed me with invisibility. You can't imagine what's it's like living like this! No one will talk to me; everyone thinks I'm a ghost of some sort. I can't take this any longer. I'm afraid to go talk to the wizard, and my father the trader will think me a fool. Please, can you help?"", ""You will? Thank you so much! I can't tell you how awful this is. People always walking into me, knocking me down. No one to talk to. It's awful."", ""No? You're just like my father! Everyone thinks I'm a fool. I can't take this much longer."", ""Yes, the wizard Fevyn Ralen cursed me with invisibility. What? He's dead??? Now I'll never become visible again!"", ""I just want to be seen again. That's not so much to ask.""]",NPC
Elder Scrolls Morrowind,2002,US,Cavortius Albuttian,Male,"[""Always had a chip on his shoulder. No one's seen or heard of him since he was banished. He had used the southwest room here.""]",NPC
Elder Scrolls Morrowind,2002,US,Chaplain Ogrul,Male,"['Welcome, Disciple . Welcome to the Fort Darius shrine. And many thanks to you and Synnolian for the Restore Health potions. Our stock was very low. Now, before you go, can I return your favor?', ""So Synnolian suggested I might teach you a little trick, eh? Well, I might at that. In fact, I'll give you a choice. Which would you rather learn? A restore strength spell? A restore willpower spell? A restore speed spell? Or a restore luck spell?"", ""As you wish. (Chaplain Ogrul teaches you his version of the Restore Strength spell.) There. I hope you find it useful. Now, if you'll excuse me, I must return to my duties. Farewell, and give my regards to Synnolian."", ""Hmm. You wouldn't want me to think you greedy, eh? One trick is all you get."", ""As you wish. Now, if you'll excuse me, I must return to my duties. Farewell, and give my regards to Synnolian."", ""Hello again, . Thanks again for the potions. Now, is there any specific place you'd like to see while you're here? And services you need?""]",NPC
Elder Scrolls Morrowind,2002,US,Codus Callonus,Male,"[""Well, if you're looking for someone in particular in Ald'ruhn, maybe I can tell you."", 'Yes, I have a copy... Why do you ask?', ""Ha! I've always wanted to see someone beat Salyn Sarethi at his own game. Tell you what, I'll give you my copy for free."", 'I already gave you my copy. Use it well.', 'Well, then, would you like to buy something?']",NPC
Elder Scrolls Morrowind,2002,US,Conoon Chodala,Male,"['Welcome, Incarnate. I am Conoon Chodala. I was not the one. But I wait and hope. Ask, and I shall tell you my story.', 'I was an ashkhan. I led my people against the Akaviri while the Cyrodiil dogs fled before them like kagouti. I quested deep into the strongholds and Red Mountain, cleansing the unclean things in their own blood. I did not heed the counsel of the women, and, to my shame, I craved glory, but never saw my real enemies. My axe and boots are yours, with my blessing.', 'I have failed. I was not the one.', 'I am Conoon Chodala. I was called to the prophecies, but I was not the one.', 'A darkness is on the land, and only you can bring the light.', 'An ancestor has no trade, but to guard and counsel the living kin.', 'You are the Nerevarine. You are the Incarnate. You are the one. You must not fail.', 'The Devil is dead, and the Blight is gone. You are the Nerevarine. You are the Incarnate. You are the one.']",NPC
Elder Scrolls Morrowind,2002,US,Crassius Curio,Male,"[""Yes, I'm Crassius Curio, but you can call me Uncle Crassius."", ""I can't advance you if you don't belong to House Hlaalu, can I dear?"", ""You don't have the qualifications I'm looking for just yet, . Maybe when you fill out a bit."", ""I can't talk about business to anyone who doesn't belong to House Hlaalu, sweetie."", 'I do not have any business for you right now, .', 'Ah, yes. That is my name. But it sounds like music when you say it.', 'Dram Bero is very secretive. He lives somewhere here in Vivec.', 'Oh? How interesting. Alas, Vassir-Didanat is outside my jurisdiction. You might want to talk to Velanda Omani or Dram Bero.', ""Yes, I'm Crassius Curio, but you can call me Uncle Crassius."", ""It is almost completed. I call it The Lusty Argonian Maid. It's a rather bawdy tale, but I think it will play well with the people. Be sweet to Uncle Crassius, and there's something in it for you, sweetcakes. Here, take a look at some of the work so far. I think it's scrumptious!"", ""A company of players, yes! I would love to be able to form a company to put on my new play. But there are so few in the area that are willing to act, even for a good price. Of course, I need an actor with wit, grace, charm, and a firm...oh, never mind. You wouldn't be a bad choice, muffin, but you seem to have other matters to attend to. If you see someone else who fits the bill, send them to Uncle Crassius!"", 'My troupe is coming together nicely, sweet bits.', ""Yes, I'm Crassius Curio, but you can call me Uncle Crassius."", ""It's going to be fabulous, my little sweetroll. The Lusty Argonian Maid will stir the soul, touch the heart, and rouse the...masses from their slumber."", ""You've been expelled, dumpling. But you can make amends, and everything will be just the way it was before."", ""I hate to say it, dumpling, but you've been expelled. You need to make amends with Uncle Crassius."", 'Alas, you seem to have been expelled from House Hlaalu. When you make amends, speak with me again.', ""You've broken the rules of House Hlaalu, sweetie. It brings tears to my eyes when I think about your disloyalty. Maybe you can make amends and make everything better."", ""You've broken the rules of House Hlaalu, sweetie. It brings tears to my eyes when I think about your disloyalty. Maybe you can make amends and make everything better."", ""You've broken the rules of House Hlaalu, sweetie. It brings tears to my eyes when I think about your disloyalty. Maybe you can make amends and make everything better."", ""Perhaps YOU'RE the one who doesn't respect House Hlaalu. But if you make amends, Uncle Crassius will make it all better."", ""You've broken the rules of House Hlaalu, sweetie. It brings tears to my eyes when I think about your disloyalty. Maybe you can make amends and make everything better."", ""Yes, you've been expelled, sweetie, but a small consideration of 500 gold will make everything all better."", 'Let me know if you change your mind, pudding.', ""You know I'd love to, but you just don't have 500 gold. I wish I could give you a discount, but there's nothing I can do."", ""Uncle Crassius will take care of everything. You're back in good standing."", ""You'll still have to earn your advancement, dumpling. No, no, no, you can't just wiggle that snug little waist and change my mind this time."", ""You're an ideal candidate, dumpling, with all the skills we Hlaalu look for... But you just haven't done enough favors for me and the others in House Hlaalu."", 'No one questions your unshakable dedication to House Hlaalu, dumpling, but you need to work on those skills.', ""Congratulations, dumpling. You've earned the rank of House Cousin."", ""You've done everything you need to do for the rank of House Father, dumpling... Except build a stronghold. Go talk with Dondos Driler at the Hlaalu Council Manor in Balmora. He'll tell you everything you need to know."", ""You've done everything you need to do for the rank of House Father, dumpling... Except build a stronghold. Go talk with Dondos Driler at the Hlaalu Council Manor in Balmora. He'll tell you what you need... what? What did you say? You killed Dondos Driler? Without him, you'll never complete your stronghold, and never advance in House Hlaalu. Poor dear. You'll just have to be content with your current rank... AND my undying love and affection."", ""You need to build up your stronghold again, sweetie-pie, or else I can't make you a Councilman. Talk to Dondos Driler again. He'll tell you what you need to do."", ""You need to build up your stronghold again, sweetie-pie, or else I can't make you a Councilman. Talk to Dondos Driler again. He'll tell you what you need... what? What did you say? You killed Dondos Driler? Without him, you'll never complete your stronghold, and never advance in House Hlaalu. Poor dear. You'll just have to be content with your current rank... AND my undying love and affection."", ""I can't advance you any more, dumpling. You'll need to see Duke Vedam Dren himself to be a Councilor or even Grandmaster. The Duke is staying in Ebonheart this year. He was the Grandmaster of House Hlaalu, you know, before he inherited his title."", ""You're the new Grandmaster of House Hlaalu, . You even outrank your Uncle Crassius. How much farther do you want to go?"", ""Yes, I'm Crassius Curio, but you can call me Uncle Crassius."", 'Ah, yes. That is my name. But it sounds like music when you say it.', ""A Hortator is a Great House war leader. It's an ancient tradition, seldom invoked in modern times."", ""As far as I recall, every one of Hlaalu's councilors must vote to choose a Hortator, and the vote must be unaminous. There must be some situation requiring a war leader, of course, and a worthy candidate who can perform a Hortator's duty."", ""You want to be Hortator? A pity. Orvas Dren does NOT want you to be Hortator. And very few councilors would be willing to risk Ser Dren's disapproval. But if you were to give me a small gift of 1000 drakes, I might reconsider."", ""What a thoughtful gift! How did you know? Gold! It's just what I wanted. And now it's time for YOUR gift... And I have just what you want. In my formal capacity as Councilor of House Hlaalu, I give you my vote for the title of Hortator. Perhaps I can also give you a little suggestion?"", ""I am sure you can persuade Dram Bero to support you as Hortator... if you can find him. Orvas Dren has Nevena Ules and Velanda Omani in his pocket. You might want to make a little trip to the Dren Plantation before talking to them. And then there's Yngling Half-Troll."", 'Dram Bero is very secretive. He lives somewhere here in Vivec.', 'He is the head of the Camonna Tong and lives in a plantation in the Ascadian Isles. You may be able to bribe him or trick him. He despises the Empire, and I have heard rumors that he has made some kind of deal with the Sixth House.', 'She lives in Ules Manor, near Suran. Just take the road north out of Suran, cross the bridge heading west, and look for a manor south of the road.', 'Councilor Velanda Omani lives outside Vivec on Elmas Island. Take the bridge to the mainland from Telvanni Compound, then turn south and cross the bridge to Elmas Island. The path from the south end of the bridge leads right to Omani Manor.', ""Yngling Half-Troll is a foreigner like me, but he simply doesn't understand the Dunmer like I do. If you were to dispose of him, the other councilors would not be upset. If you kill any of the rest of us, of course, it is a different story. He lives in Yngling Manor in the St. Olms Canton."", ""You certainly won my vote. Just use your charms on the other Hlaalu councilors. I'm sure you can get them to give you anything your precious little heart desires."", 'Please! Take your time, my little flower. What is a little time between such intimate friends?', ""I'm so glad to see you again, ."", ""All the councilors agree? Splendid! I'm so happy for you! What an honor! But no more than you deserve, pumpkin. And now, I have a little treat for you. It's a belt given to the Hortator of House Hlaalu. Just snug it around that supple little waist. Now, I know you have important things to do, but don't be a stranger. Don't neglect poor, lonely Uncle Crassius, your devoted admirer."", 'You are the Horator of House Hlaalu, .', ""You want me to be your sponsor in House Hlaalu? I thought you'd never ask... But first, I want to see who I'm dealing with. Show Uncle Crassius what you have to offer. That's right, don't be shy."", ""Come on, dumpling, don't be shy. Just do this one little favor for Uncle Crassius."", ""Yes, I see we're going to get along just splendidly, sweetie-pie. You'll go far with my support. You're now a Kinsman of House Hlaalu."", ""I'm glad you stopped by, . I may have some business to discuss with you."", ""Speak with Odral Helvi in Caldera. Turn your charms on him, sweetie, and talk about business. If you feel his request is questionable, speak with me for further directions. Keep Uncle Crassius well informed, and I'll reward you."", 'Have you done any more business with Odral Helvi? If he asks you to do something suspicious, keep me informed, and I will reward you, pudding.', 'So he asked you to deliver orders to Tenisi Lladri instead of Baren Alen, the Treasury clerk? This is interesting. Give the orders to me instead, pudding, and I will take care of everything.', ""Well, I wouldn't advise giving them to Tenisi Lladri. You don't know what you might get involved in. I wouldn't want anything to happen to you, dumpling."", ""Good, good. Now we have some proof of Odral's corruption, but it takes time for the wheels of law to turn. I will make sure these orders are... edited, sealed, and delivered to Tenisi Lladri. For being a sweetie and keeping me informed, why not take this gift of 500 drakes? Buy yourself something pretty for Uncle Crassius."", ""You've already given me the orders, pudding."", ""You're doing well, dumpling. Just speak with Odral Helvi again and keep me informed."", 'Have you done any more business with Odral Helvi? If he asks you to do something suspicious, keep me informed, and I will reward you, pudding.', 'This does not sound suspicious. If you can, sweetie pie, keep the identity of the thief secret from Odral, but tell me who it is.', 'Have you done any more business with Odral Helvi? If he asks you to do something suspicious, keep me informed, and I will reward you, pudding.', 'Will you tell me who the thief is?', ""I hoped you'd be more loyal. After all we've been through together..."", ""Hm. I will try and get in touch with her. Oh, no, dumpling! No need to be jealous! Just don't tell Odral who the thief really is. Tell him you found the documents in a crate or something. Please take this little gift of 500 drakes for keeping me informed."", ""Just report back to Odral, dumpling, but don't tell him who the spy is."", 'It sounds like you already took care of everything, my sweet.', ""I wish you had spared Elmussa's life. No need to be jealous, sweetie, but I wish I knew more thieves."", 'Have you done any more business with Odral Helvi? If he asks you to do something suspicious, keep me informed, and I will reward you, pudding.', 'Give me the old land deed, pudding, and Uncle Crassius will take care of everything.', 'I just love it when you tease me, dumpling.', ""Don't trouble your sweet little head over this anymore. If you don't have the original land deed, you'll still need to fetch that for Odral. When you speak with him again, turn your irresistible charms on him some more. Don't let him suspect a thing. And take this little present from me. Wouldn't want anything to happen to you."", ""Don't worry your pretty little head about it. I'll take care of everything."", 'Have you done any more business with Odral Helvi? If he asks you to do something suspicious, keep me informed, and I will reward you, pudding.', ""A few drakes is nothing to one as worldy as you or I, dumpling. The farmers may not have five drakes to spare, much less fifty, and I suspect Odral merely wants them killed. Here, take these 500 drakes for keeping me informed and pay the rent yourself. Don't risk your succulent skin trying to find the farmers."", 'Take the gold I just gave you and pay Odral Helvi yourself. Keep me informed of his actions and I will reward you.', 'You dealt with the situation well, sweetie pie.', ""I must say I am disappointed in you. Do you want to be a mere errand boy and assassin for the likes of Odral Helvi? Don't sell yourself short, dumpling."", 'Odral asked you to deliver a shipment of ebony?', 'Make sure Odral Helvi gets arrested for the shipment of ebony he wants my little sweetheart to deliver.', ""This is the last of the evidence we needed. Instead of delivering the ebony to Drinar Varyon, take it to Segunivus Mantedius at the Fort Buckmoth near Ald'ruhn. I bet if you turn your charms on Segunivus Mantedius, he will have Odral Helvi and Drinar Varyon arrested for this."", ""You did well, my little pudding pie. Odral Helvi is now on a prison ship. The same situation you found yourself in when you first came here. Take these little rings, sweetie. They'll look good on you."", 'You did well, dumpling. Without Odral Helvi, our operations in Caldera will go so much smoother. Not to mention our relations with House Redoran.', 'I wish you had spoken to me about this, my little pudding pie. This was out best chance to arrest Odral Helvi and now that chance is gone.', ""I wish you had listened to my advice, but what's done is done. Odral knows someone's after him now. I don't think he'll have any more special favors to ask of you."", ""I'm glad you stopped by, . I may have some business to discuss with you."", ""Now that you've had some experience in ebony smuggling, pudding pie, I want you to look for Velfred the Outlaw."", ""He's been a very naughty boy, smuggling ebony without paying House Hlaalu the proper respect. I'm sure you can turn your sweet charms on him and make him respect House Hlaalu. And if he won't listen, you know what to do. He usually docks at Hla Oad."", ""Yes, once you find Velfred, you'll need to convince him to show us more respect. If he gives you any trouble, don't hesitate to rough him up a little or even kill him."", 'Have you found Velfred the Outlaw?', ""I'm so glad you convinced him to pay us respects, dumpling. Please accept this gift of 1000 drakes."", 'You found ash statues on board the ship, dumping? I knew Velfred was a smuggler, but I had no idea he was involved in... darker things. A word of advice, my sweet, avoid these ash statues. They can be dangerous and are of little value.', ""If anyone else needs convincing, I'll keep you in mind, dumpling."", 'I like your style, dumpling.', 'Have you found Velfred the Outlaw?', 'Oh? Velfred the Outlaw is dead? Excellent work, dumpling. Please accept my gift of 500 drakes.', ""I'm glad you stopped by, . I may have some business to discuss with you."", ""House Redoran built a stronghold without a charter from the Duke. You're the perfect Dunmer to teach Redoran Lord Banden Indarys a lesson."", 'Oh? Banden Indarys is already dead? Well, then, please accept these 1000 drakes from House Hlaalu.', ""House Redoran also has an unchartered stronghold. The Redoran Stronghold of Indarys Manor is on the east side of the road from Ald'ruhn to Maar Gan in a place called the Bal Isra. Go there and kill the master of the stronghold, Banden Indarys. I know you will not disapoint me, pudding."", 'Did you teach Banden Indarys his lesson? Is House Redoran fleeing from your wrath, sweetie?', 'So Indarys Manor is no more? Good work, . Please take these 1000 drakes from House Hlaalu.', 'You never disappoint me, pudding pie.', ""I'm glad you stopped by, . I may have some business to discuss with you."", 'It would be a good idea to win the support of another Councilman, my sweet. Of all the Councilmen, I believe only Dram Bero has the courage to support an outlander.', 'I am sure he will support you if you can find him and state your case. Alas, Dram Bero is very secretive and no one seems to know where he lives. Ask around Vivec, dumpling, perhaps someone can tell you.', 'Have you spoken with Dram Bero?', ""It's unfortunate that you weren't able to win his support, pudding. I was so certain he'd fall for you the way I did. Well, nevermind. There is always other business."", 'Have you spoken with Dram Bero?', 'I heard that Dram Bero has pledged to support you. This will help your advancement to Councilman, dumpling.', ""Dram Bero will support you on the Council, but he doesn't care about you like I do."", ""I'm glad you stopped by, . I may have some business to discuss with you."", 'The naughty Telvanni also built a stronghold without a charter. Before the Duke grants this stronghold legitimacy, I want you to deal with the Telvanni sorcerer Reynel Uvirith.', ""If you already killed Reynel Uvirith, you are learning to anticipate my needs, dumpling. Here's 1000 drakes from House Hlaalu. Buy something pretty for Uncle Crassius."", ""The Telvanni Stronghold of Tel Uvirith is built on Uvirith's Grave due west of Tel Fyr and northwest of the Erabenimsun camp. I'll mark these on your map. Don't be subtle, sweetie. Make sure House Telvanni gets the message."", 'Did you find Reynel Uvirith? Is the Telvanni stronghold no longer a threat?', 'I heard that Reynel Uvirith was dead. I am so proud of you, dumpling. Please take another thousand drakes from House Hlaalu.', 'There are now fewer troubles for House Hlaalu.', ""I don't have any more business for you, dumpling, but thanks for coming to see poor, lonely Uncle Crassius."", ""I have no more business for you, pudding. Maybe it's time you were introduced to Duke Vedam Dren in Ebonheart.""]",NPC
Elder Scrolls Morrowind,2002,US,Crulius Pontanian,Male,"['Welcome. Can I tell you about the Imperial Cult? We invite you to become a lay member.', ""You're ? Caius said you'd come by. I've chosen from my best scroll stocks. I don't know your preferences or situation, but Blessings and Barriers always come in handy. Purity of Body sets you up amazingly in a fight. And, of course, Divine Intervention gets you safe to an Imperial cult shrine when all else fails. Here. They're paid for. Now, I don't know your budget, but you might also want to browse my selection for scrolls to suit your own personal style."", 'I gave you the scrolls. But, as I said, you might also want to browse my selection for scrolls to suit your own personal style.']",NPC
Elder Scrolls Morrowind,2002,US,Cunius Pelelius,Male,"['I am Cunius Pelelius, a principal and charter-holder of the Caldera Mining Company. I cannot imagine why someone like you should think you have business with me, but I will listen, if you can be brief and polite.', 'The Caldera Mine Company is chartered by the Emperor to extract ebony ore from rich underground deposits here.', 'Caldera is an Imperial charter town, part of the Caldera Mining Company charter, which grants the company rights to mine ebony from the right deposits here. The Caldera ebony mines themselves lie to the southwest. The town has a real Western flavor -- makes outlanders feel right at home. Caldera is rich, and bound to get richer, since the profits from the ebony exports continue to grow as the mine operations grow.', ""The Caldera ebony mines are southwest of the village of Caldera. There's an office, a bunkhouse, and guard tower over near the mine entrance. If you're thinking of taking a look while you're here, head straight west from town, then swing around south into the bowl of the mine through a gap in the mountains. Otherwise, you can try climbing straight over the ridge -- but it is too steep a climb for most."", 'Yes. I am Cunius Pelelius.', 'The Dark Brotherhood do not advertise their services or their creed, but they are an outlawed secret society with an evil reputation, and are often associated with Daedra worship.', ""Welcome back, Nerevarine. And thank you for all you have done. Your name and deeds are on everyone's lips. Tell me... did you find much treasure on Red Mountain?"", 'I am Cunius Pelelius, a principal and charter-holder of the Caldera Mining Company. I cannot imagine why someone like you should think you have business with me, but I will listen, if you can be brief and polite.', ""Yes. I recall speaking with someone about a donation to the Widows and Orphans Fund. I am very busy at the moment, but I would be happy to discuss this matter at a later date. Now, if you'll excuse me?"", 'You impertinent hound! Do you doubt my honor? Defend yourself, knave!', 'Your views are unwelcome, ser. I have said I will be happy to discuss this matter at a later date. We will not discuss this further.', 'Thank me? What for? Are you still here?', 'I said I was busy. Perhaps you are hard of hearing?', 'I am busy. Excuse me.', 'I said... I am busy. Excuse me.', 'I said I was busy. Perhaps you are hard of hearing?', 'I am busy. Excuse me.', 'You are a fool to listen to idle rumor, and a greater fool to confront me with it. Leave me, ser.', ""This is most awkward. Since you confront me with this, I presume you intend blackmail? If you hope for cash, I must disappoint you -- I have no ready cash at present. You must content yourself with these pieces of raw ebony. I'm sure you can get your 500 drakes from them... and more. Now, leave me."", 'I said I was busy. Perhaps you are hard of hearing?', 'I am busy. Excuse me.', ""This is most awkward. Since you confront me with this, I presume you intend blackmail? If you hope for cash, I must disappoint you -- I have no ready cash at present. You must content yourself with these pieces of raw ebony. I'm sure you can get your 500 drakes from them... and more. Now, leave me."", 'We have nothing to discuss. Excuse me.', 'I am Cunius Pelelius, a principal and charter-holder of the Caldera Mining Company. I cannot imagine why someone like you should think you have business with me, but I will listen, if you can be brief and polite.', 'What are you suggesting?', ""All right, all right. I'll tell you this because I trust you. Take this key. There's a record book in Odral's Helvi chest on the second floor. Stendarr have mercy on me if anyone finds out about this."", ""I gave you the key. I'm risking my job here, if not my life. What more do you want?""]",NPC
Elder Scrolls Morrowind,2002,US,Daglin Selarar,Male,"[""Damnfool meddling priests! I wouldn't have touched her if she hadn't come on to me like a hot sow. Bastards! Get my hands on one, I'm going to squeeze him like a pimple."", ""The priests! No, not these guards. They're just doing their jobs. No, it's the damn priests I want my hands on."", ""You'll need the key to free me of my bonds.""]",NPC
Elder Scrolls Morrowind,2002,US,Dagoth Ur,Male,[],NPC
Elder Scrolls Morrowind,2002,US,Dahleena,Female,"['What are you doing here? What can Dahleena do for you?', ""You want evidence? Dahleena tells you where to get it. Odral Helvi has a chest on the second floor of the Governor's Hall. Unlock the chest and you will find a book. A record book. Bring this book back to your friend and watch his eyes when he smiles."", 'What more evidence do you need?', 'What are you doing here? What can Dahleena do for you?', 'Shut down the mines? Dahleena is head of all slaves. Let Dahleena go free and there will be no more mining!']",NPC
Elder Scrolls Morrowind,2002,US,Dandsa,Female,"['Are you here to rescue me? Do you want to travel together back to the cave entrance?', 'Do you want me to follow you back outside this cave?', 'Get me outside this cave, .', ""Okay. I'll stay right here until you come and get me."", 'Shall we travel together?', ""You got me this far. I can swim the rest of the way to Gnaar Mok once I've rested a bit. From there I'm taking the first ship back to Hammerfell. I wish I could thank you for rescuing me, but the bandits took everything I had."", ""I can find my own way to Gnaar Mok. It's not a long swim once I've had a chance to rest a bit.""]",NPC
Elder Scrolls Morrowind,2002,US,Danso Indules,Female,"['Quickly! Did you want to meet the archcanon?', 'The archcanon is in his private quarters, and he very much wishes to speak with you, but I am to warn you... avoid confrontations with the Ordinators at all costs. The archcanon has spoken with the High Fane Ordinators, but if you are a wanted criminal, they may try to arrest you. If the blood of faithful servants of the Temple is spilled, it will make a reconciliation all that much more difficult.', 'The archcanon is waiting alone to speak with you in his private quarters. His private quarters are in the southern half of the East Chapel of the High Fane. But there are Ordinators at the entrances to both the East and West Chapels.', ""There is a private back entrance to Saryoni's private quarters. Perhaps you might also sneak past the Ordinators by stealth or magic."", ""A door on the eastern canalside level leads through a smaller room and into Saryoni's private quarters. But the door is always locked, and the Ordinators control the keys."", 'Ordinators are highly trained, and sneaking past them, even aided by magic, may be very difficult. But if you have any art in stealth or magic, you should use it to avoid trouble.', ""You've spoken to the archcanon? Good. Then, is there anything else you want?"", ""We've all heard the news! It's wonderful! Vivec has proclaimed you as his champion, and you go to confront Dagoth Ur beneath Red Mountain! And, joy of joys, the Temple is reconciled with the Dissident Priests, and once again we are united in our faith and mission."", 'That goblet looks familiar, what about it?', 'Why are you giving this to me? I know I could use the moeny, but...', 'I cannot accept it, then. Though I need the money, I do not need any trouble with the Ordinators.', 'Indeed. I did not realize... Yes, I see yoru gloves. I will accept this gift. Thank you.', ""Well, if it's none of my business...""]",NPC
Elder Scrolls Morrowind,2002,US,Darius,Male,"[""You're speaking to me. What do you want to know?"", ""I'm a knight. In the West, you need a horse and land to be a knight, but here, we have no horses, and all yoi need is good armor, good weapons, and the skill to use them. I prefer to fight with axes and shields. Since I live by my weapons, I have to pay careful attention to local feelings about killing and murder -- what's right and what's wrong."", 'According to Imperial custom, killing is justifiable in war, self-defense, defense of propertym and affairs of honor. Other killings are murder, and punishable by fines and compensation, or by punitive labor.', ""Native Dunmer and Imperials alike recognize a noble's obligation to answer a challenge of honor."", 'The punishment for criminals in Morrowind is typically fines and compensation. The fines are collected by the state; the compensation goes to the injured party or his kin. That may sound like a sweet deal -- kill an enemy, then pay the fine -- but folks who have enough money to pay such fines are almost always House lords, and House Wars customs means the Great House of the victim usually buys a writ with the Morag Tong to assassinate the murderer. So murderers pay, and THEN they get killed, too.', 'The punishment for criminals in Morrowind is typically fines. Fines are collected by the state, and compensation is paid to the injured party or his kin.', ""Sorry, the Imperial Legion only takes the best of the best of the best. You don't meet our requirements.."", ""Son, you got what we need here at the Imperial Legion. Do want to join? Or do you want to hear what we're all about?"", ""You are now a recruit in the Imperial Legion. Welcome, . You'll have to stay in uniform, so take this chain cuirass. You better be wearing a Legion cuirass of some kind in the presence of a higher ranking member. Take your orders from me and other knights, and your advancement through the ranks will be swift if you meet the requirements."", 'Your duties are to the Empire and to your commanding officers - in that order. Carry yourself with dignity and uphold the law. You are the face of the Empire to the common man. Respect all members of the Imperial Legion. It is treasonous to fight or steal from other members. If you break these rules, you must speak with your recruiting officer, me, to redeem your standing. Do you swear to adhere to what I have stated?', ""You are now a recruit in the Imperial Legion. Welcome, . You'll have to stay in uniform, so take this chain cuirass. You better be wearing a Legion cuirass of some kind in the presence of a higher ranking member. Take your orders from me and other knights, and your advancement through the ranks will be swift if you meet the requirements."", "", you are a recruit of the Imperial Legion. Don't you forget it!"", 'I see.', ""Lugrub is one of my best soldiers, though he's sometimes rash and quick to anger."", ""You can fight with the best of them, but you don't seem to understand how to follow orders."", 'Word of your accomplishments has spread fast. You are ready for advancement.', 'You are a good soldier, . I am proud to give you the rank of Spearman, and this shield.', 'You are a good soldier, . I am proud to give you the rank of Trooper, and this armor.', 'You are a good soldier, . I am proud to give you the rank of Agent, and this helm and gauntlets.', 'You are a good soldier, . I am proud to give you the rank of Champion, and these pauldrons and boots.', 'You are a good soldier, . I am proud to give you the rank of Knight Errant, and this cuirass and greaves.', 'You are a good soldier, . I am proud to give you the rank of Knight Bachelor, and this helmet and bracers.', 'You are a good soldier, . I am proud to give you the rank of Knight Protector, and these pauldrons and boots.', 'I cannot give you advancement anymore. Talk to the Knight of the Imperial Dragon, Varus Vatinius, in Ebonheart.', ""Yes, let's see if you truly are loyal to our cause here in Morrowind. There's a little issue of a land deed here in Gnisis I need you to take care of."", ""Go get the Widow Vabdas' land deed."", ""Mansilamat Vabdas died recently in the eggmine. He is survived by his wife who now owns a parcel of land we could use for another dock. Talk to the Widow Vabdas and get the deed to her land. Don't take no for an answer. Get me that land deed."", 'So do you have the land deed?', 'What part of Bring me the land deed did you not understand? You have your orders.', ""Yes, this is the land deed. I hope you didn't have to do anything illegal... I have more orders for you. Also, take this broadsword for a job well done."", 'You already brought me the land deed.', 'Murdered? Do you have any proof?', 'What kind of proof do you have?', ""These are serious accusations, , and Lugrub is your superior officer. If you don't have any proof, I might have to press charges of insubordination."", ""I don't care if you saw the ghost of Tiber Septim. I can't tell the Legion officers in Cyrodiil that I condemned a soldier to death because you talked to a ghost."", ""Hm. Yes, this is Lugrub's Axe. I can see how it's been damaged from hitting bone here and here. With this, I have no choice but to believe your story. Lugrub gro-Odgum is an outlaw. Find him and kill him. Then justice will be served."", 'Forget about the land. Bring Lugrub gro-Ogdum to justice.', ""Kill him to avenge the Widow Vabdas. If we don't act soon, his murder of Mansilamat Vabdas will ruin the reputation of the Legion."", 'I have seen your proof, and I am convinced. Find Lugrub gro-Ogdum in the Gnisis Eggmine and kill him to avenge Mansilamat Vabdas.', 'So you killed Lugrub. Good. Now the Widow Vabdas is avenged and justice has been served. I have more orders for you.', 'I am glad you brought me the axe. Now I know I was mistaken about Lugrub.', 'Lugrub is dead. Justice has been served.', 'If Lugrub is dead, justice has been served. Good work, . I have more orders for you. Also, take this broadsword for a job well done.', ""I won't try and get her land. Not after what happened. Some other members of the Legion are making a fund for the widow."", 'Would you like to contribute 50 septims to the fund?', ""I understand. It's not easy on a legionnaire's pay."", 'Thank you, . I hope we can get everyone to contribute.', 'You already made your contribution.', ""You've proven yourself so far. Perhaps you can help with the Gnisis Eggmine."", 'Cure the Kwama Queen in the Gnisis Eggmine.', 'The eggmine was closed recently because of the risk of spreading the blight, but the miners here need the eggmine to support their families. Find the blighted kwama queen and cure her. Either cast a cure blight spell on her, or speak with Hetman Abelmawia who has scrolls of cure blight.', ""I'm not a wizard. I don't know where you could learn the spell of cure blight. But I have gotten scrolls of cure blight from Hetman Abelmawia before. Perhaps he has some or knows where you can get some. Scrolls are more reliable anyway."", 'So has the kwama queen been cured?', ""I'm not sure I believe you. You better go back down in the mines and make sure."", 'Well, what are you waiting for? You have your orders.', 'So has the kwama queen been cured?', ""Good. Now the miners can go back to work. We'll still have to put guards in the lower parts of the eggmine, but at least the villagers can get their eggs. Take these 100 drakes as a reward."", 'The kwama queen has been cured. Now some of the miners can return to work.', ""The kwama queen is dead? Usually they don't die from the Blight so quickly. What will the town do now?"", 'You killed the kwama queen? Why did you do that? This is an egg-mining town. It was the only industry here. What a typical Gnisis mess this is.', ""The kwama queen is dead, and there's nothing you can do about it now. Sometimes a kwama colony can recover from losing its queen, and sometimes not. We'll have to wait and see."", 'Go to Ald Velothi and rescue the pilgrim Madura Seran.', 'I have a report from Ald Velothi that one of their own, Medura Seran, is being held hostage in an outcast ashlander camp just south of their village. Go there and escort her to safety.', 'Yes, I need a Trooper to find Madura Seran, who is missing.', 'So you got Medura Seran (sic) out of the camp and in one piece. Good work, .', 'Medura Seran was safe, last I heard.', ""You say Madura Seran is dead? This will hurt our standing with the Temple, . I wish it hadn't happened this way."", 'Find out what happened to Ragash gra-Shuzgub.', ""She was sent to Arvs Drelen, but no word has been heard since, and I suspect foul play. Find her and bring her back. Careful with old Baladas, though. I don't trust him."", ""Haven't you found her yet? Ask Baladas Demnevanni about her."", 'Excellent! Good to hear you were able to get her out of there.', ""You got Ragash away from Baladas' tower."", ""So she's dead already? That's too bad. Now I need a new tax collector. Well, you did what you could, ."", ""What do you mean she's dead? I ordered you to find her, not get her killed! You've disappointed me, ."", 'Ragash is dead, and I need a new tax collector.', ""You need further advancement. Talk to me again when you've earned the rank of Champion."", 'I suspect there is something going on with some of my troopers. Informants have told me of a conspiracy brewing involving the Talos Cult, but I have not yet been able to find any proof of this. Investigate this, , and bring me any information you find.', 'I know something is going on. You must find out what. I worry our time is short.', 'Proof of a conspiracy against the Emperor.', 'They are a group that reveres Tiber Septim. It is not the group as a whole with whom I am concerned. It is rumors of a conspiracy within the membership that interests me. Talk to your fellow soldiers and see if you can find out more.', ""So you spoke to Orius Maro. Did you find any evidence of a conspiracy? I'd try and get him to tell you the names of other Talos Cult members and then talk to them as well."", 'So you found a secret alter to Tiber Septim? It troubles me that the Talos Cult has been hiding its practices from me, but the worship of Tiber Septim is accepted throughout the Empire. I need proof of a conspiracy against the Emperor, , not just the existence of a shrine.', 'This is a most troubling letter. Thank the Divines you found this evidence. Now you must execute Aurius Rulician and Oritius Maro for their crimes.', 'You brought me evidence of a terrible conspiracy against the Emperor. Find Oritius Maro and Arius Rulician and strike them down for their treason. Long live Uriel Septim!', ""Now the traitors are dead. It saddens me that this could happen to men under my command. We all swore to serve the Emperor, no matter what happens. You've earned my gratitude, . Long live Uriel Septim!"", 'You have ruined their treasonous plans, but now I wonder... If we cannot trust the Talos Cult, who can we trust?', 'I thank you and the Emperor himself may personally thank you when he hears of this. You have done a great service to the Empire. Long live Uriel Septim!', ""A conspiracy to kill the emperor? Thank the Divines you found this evidence. Well done, . And, it's good to hear you brought justice to those who would consider such a course of action."", ""I don't have any more orders for you. Check with the Knight Protectors in each of the Forts, and, when you're ready, check with the Knight of the Imperial Dragon, Varus Vatinius in Ebonheart."", 'The Emperor Uriel Septim VII wants the plans for the Anumidium.', 'With a mere copy of the Anumidium, Tiber Septim was able to conquer all of Tamriel. Naturally in these troubling times, the new Emperor wants us to find any information we can on the original Anumidium. I have heard that the plans for the Anumidium rest somewhere in Red Mountain. If you find them, bring them to me.', 'I see you have a fragment of the plans for the Anumidium. Will you return this to me now and help protect the Empire?', 'I am glad you are still loyal. We will need Imperials like you for the troubles ahead. In exchange for these plans, I offer you (REWARD).', 'You have returned the plans to the Anumidium and helped save the Empire.', 'This does not surprise me, . Even those I thought I could trust are turning against the Empire.']",NPC
Elder Scrolls Morrowind,2002,US,Daynes Redothril,Male,"[""Have you heard about poor Ienas Sarandas? He lost his patrimony betting on the guar. Sold every piece of the family silverware to pay his debts. A pity. I think it's driven him a bit mad. Wears clothes fit for a lord, and hasn't got a drake for a meal."", ""The young fellow's family has lived in Ald'ruhn a long time. His parents died recently and left him their house and estate. But Ienas has fallen in with a fast crowd. I believe he's taken to drinking expensive liquor and has incurred some gambling debts. He's a charming lad, everyone likes him, but he's not very sensible, and suddenly becoming rich seems to have made him an irresponsible fool."", ""I'm Daynes Redothril, the Pawnbroker. And you are... Indoril? Shall I tell you about my trade? Or would you perhaps be interested in doing a little work for me?"", 'I am looking for a fellow named Ienas Sarandas. I sold him two fine matched rings, one with an raw ebony stone, the other with a raw glass stone, but he has failed to pay the remaining 150 drakes owed. If you will find Sarandas, and either get the ebony ring and the glass ring and return them to me, or get the overdue payment of 150 drakes he owes me, I will pay you 50 gold.', 'I see you have the ebony ring and the glass ring from Ienas Sarandas. Here are the 50 drakes for your services. Thank you very much.', 'I see you have the ebony ring and the glass ring from Ienas Sarandas. Here are the 50 drakes for your services. And thank you very much for handling this situation so well. I really appreciate it.', ""I see you have the ebony ring and the glass ring from Ienas Sarandas. And I hear Ienas Sarandas was found dead in his home. I don't suppose YOU had anything to do with that? Here's the 50 drakes I promised you. And I'll take the goods. But don't expect me to thank you for them. No debt is worth a man's life. Of course, there were no witnesses. But everyone knows you killed that poor fool. Don't think anyone here will forgive you for that.""]",NPC
Elder Scrolls Morrowind,2002,US,Delte Fyr,Female,"['My name is Delte Fyr. Did you want to see Divayth Fyr? Have you got corprus disease? Or are you another questing hero looking to plunder the dungeon?', ""Lord Fyr is in his study. I'm sure he won't mind being disturbed. We get few visitors here. You CAN levitate, can't you? The study is on an upper level, accessible only by the central flywell. I'm afraid we aren't set up to accommodate barbarians or peasants. Understand? Go up the ramps to the Hall of Fyr, then walk around, looking up, until you see a shaft above you. Then levitate. Up the shaft. Then look for Lord Fyr in his study."", 'Those with corprus disease go to the Corprusarium. To get there, just keep heading down.', ""Really? Is that what you had in mind? Don't let me discourage you. But you do know that you are almost certain to get corprus disease if you enter the Corprusarium? And I hope you understand how frightfully dangerous our inmates can be? And we do have guards, you know. Quite good ones. You're free to try, of course. But I don't advise it."", ""This is not the Corprusarium. The Corprusarium is in the caverns down below the tower. Just keep going down. You'll want to speak with Uupse Fyr or Vistha-Kai. They attend to the needs of the Corprusarium inmates -- victims of the corprus disease. If you go down there, be careful. Many corprus victims are completely mad. And quite violent.""]",NPC
Elder Scrolls Morrowind,2002,US,Delyna Mandas,Female,"['Who are you? Did my father send you? Should we travel together?', 'I heard my father went mad with grief when I was captured. I did not know how bad things were. I will see him as soon as I can. If we travel together away from here, I will give you a locket to deliver to him.', 'Shall we try and escape?', 'Very well. We will try and escape. Take me outside this tower, .', 'I will wait for you here.', 'We must travel together until we escape from this tower.', 'Do you want me to wait here?', 'Thank you for rescuing me. Please take my locket to my father, Arethan Mandas.', ""I am safe, but I have duties that cannot be ignored. I will go visit my father when I can. In the meantime, please take this locket to my Father. I do not know where he is now, but perhaps his old friend Athyn Sarethi in Ald'ruhn can tell you."", 'Take the locket to my father, Arethan Mandas.', ""Take the locket to him so that he will know that I am safe. Since our manor was destroyed by Corprus monsters, I do not know where my father is staying. His old friend Athyn Sarethi in Ald'ruhn should know."", 'Thank you, . I have duties I must attend to, and then I must find a way to reach my father. Until then, please deliver my locket to my father, Arethan Mandas.']",NPC
Elder Scrolls Morrowind,2002,US,Deval Beleth,Male,"['Are you here to guide me to the Koal Cave? Shall we travel together?', 'Do you want me to follow you to the Koal Cave?', 'Take me to the Koal Cave, .', 'The Koal Cave is south of Gnisis. Cross the river, the Ouada Samsi, and head southwest towards the coast.', 'Whatever you say. I will wait here.', 'What do you want?', ""Let me stay here awhile. I will travel back to Ald'ruhn with another pilgrim."", ""Thank you for helping me in my pilgrimage to the Koal Cave. I will stay here awhile and travel back to Ald'ruhn with another pilgrim.""]",NPC
Elder Scrolls Morrowind,2002,US,Din,Male,"[""Hello, stranger. What? What the hell are you looking at? Get the hell out of here before I take your head off! All I want to do is catch some slaughterfish. Is that so wrong? Huh? You're welcome!"", ""Guards? Where? Can't fool me."", 'Bunch of guys who run around in suits of armor. They never go fishing! Except me. What were we talking about? Go away!', ""Join? Why would I want to do that? I already did! I don't think you'd fit in. Not a lot of slaughterfish in the Legion. Not even talking ones that look like a Dark Elf ."", ""I don't know anything about that! I never even met Morrowind! Nosy fish, you are."", ""Rules? There are lots! Break 'em all, I say! Or don't."", ""Yes, slaughterfish! You're not one, are you? Are you? No, I guess you're not. I'm sorry...my mind has been a little muddled since I got bitten. Those fish pack quite a punch. Punch? Yes, please!"", ""I'm just having some problems concentrating since the slaughterfish bite. Having some problems controlling myself, too. You have a problem with that? Huh? Well? Sorry...I really need some help. Maybe you can get me to a healer? To hell with the healers. I don't need one! That Mehra Drora is a healer, but I don't like the way she looks at me. All of Gnisis is like that. Don't look at me!"", 'Go to Gnisis with you? A slaughterfish? Ha! Hmmm...maybe I should follow you. That way I can keep my eye on you.', 'A spell, huh? Never heard of a slaughterfish that could cast spells. Give it your best shot! Stop looking at me!', ""Fine! Can't trust you slaughterfish anyway! Are you threatening me? Go away!"", ""Muddled? Where? No! Don't play in the muddled. You'll get a dirty mind."", 'Well, are you going to cast that spell on me, slaughterfish?', 'Go ahead! Do your worst! I am a god!!!', 'Okay, then. Better to keep my eye on you anyway. Sneaky damn slaughterfish.', ""I'm waiting! Bring it on!"", ""What's this? I...I...thank you. I'm not sure what happened. Everything is sort of hazy after that slaughterfish bite. Thank you so much for your help. I'd like to reward you for your generosity. I have very little, but please take this gold. Even during all my days in the legion, I've never felt anything so strange. I'll make sure to mention to my Legion friends how helpful you were. Thank you again. If you ever need anything, don't hesitate to ask."", ""Yes, everything was so confusing there for a while. You've got to watch those slaughterfish bites. I'd heard they can cause disease, but I didn't realize how severely."", ""Yes. This is the place I need to be. They can help me here. Take this as payment, and I'll make sure to tell my friends in the Legion about your help. Thank you, friend--you have been a big help. You know, for a slaughterfish."", ""Yes? Huh? What is it? I'm sorry...things had been so muddled, but my mind is much clearer."", ""Hello, . I feel much better now. Things aren't as muddled.""]",NPC
Elder Scrolls Morrowind,2002,US,Divayth Fyr,Male,"['I collect victims of the divine disease in my Corprusarium in the caverns beneath my tower. Poor devils. Wretched existence. Constant pain. Ferocious appetites and passions. No reason at all. Mad as marsh rats. But marvelous, too, in their way. Completely immune to disease. Live forever, barring accidents. Ancient wizards need projects to keep them occupied, and the Corprusarium is mine.', ""Not bad for someone born in a jar, eh? Charming and talented. Not daughters, really. A little project, a side benefit of my researches into corprus disease. Made them myself, from my own flesh. Nice, aren't they? Alfe Fyr, Beyte Fyr, Delte Fyr, and Uupse Fyr. Quite a comfort to me in my old age. Hah hah."", 'Alfe Fyr is the sharpest of my girls, in wit and tongue. Gets on my nerves, sometimes, but conflict is the spice of life.', 'Beyte Fyr is the sweet one. Eager to please, and be pleased. An excellent cook, and a lovely singing voice.', 'Delte Fyr is the efficient one. Organized and orderly. She acts as our steward, manages accounts, maintains supplies, keeps the tower and Corprusarium running.', 'Uupse Fyr is the girl with the biggest heart. She takes care of the inmates of the Corprusarium, and helps with my researches.', 'Oh, yes. I know. You have an interesting Dwemer piece. So what?', '(Dwemer Coherer has been removed from your inventory.) A gift? For me? How thoughtful. And shrewd. I suppose you know I am a collector. And that such a gift is bound to please me. I congratulate you on your diplomatic skills. So, why have you tried to butter me up? Come to consult the great Divayth Fyr? You have the divine disease? Want to plunder the dungeon? Or leer at my daughters?', 'Thank you for your gift.', ""Are you trying to provoke me? Surely you know I prize and collect such things. It is rude to stimulate my appetites by displaying such things. And I don't have to be polite to rude people."", 'This is an interesting work. Yagrum Bagarn might be able to tell you more.', ""When you live for thousands of years, you need a hobby. Something you love, always sparks your interest. I collect treasures, and invite thieves to steal them. I'm a collector, and a sportsman. I collect enchanted items and ancient artifacts. Have quite a few Dwemer pieces. And, as a sportsman, I love letting thieves try to steal my well-guarded treasures. Only a few rules. One, don't hurt the inmates. Two, don't hurt my daughters. My Warden and guards can look out for themselves."", ""The magical principles of corprus disease are elusive and miraculous, far more subtle and powerful than any conventional sorcery or enchantment. I'm persuaded that it is in some manner the curse or blessing of a god. Perhaps both a curse and a blessing. The victim, of course, cannot appreciate the marvelous nature of corprus. It saps the mind and destroys the body. But to a wizard, it is a profound and glorious mystery, a riddle worth a long lifetime of study."", ""Vistha-Kai, the Argonian, is my Warden of the Corprusarium. Quite a fighter. Tough as nails. Self-taught. Works out with my daughters, who are no slouches at the martial arts themselves. Vistha-Kai was one of the last of my slaves. Freed him, and he wouldn't leave. Kept him on as a hireling, then made him my partner. Excellent fellow. Fine companion. Not an intellectual, you understand, but good company for me and my daughters."", ""Yagrum Bagarn is my oldest corprus victim. You'll find him in the bowels of the Corprusarium. Interesting case."", ""Not interesting. Sorry. Not your fault, perhaps, but you are not interesting, and I can't waste energy talking to boring people."", 'Delyna Mandas? I do not recall her name. Many people try to steal from my tower or spy on me or enter the Corprusarium. I cannot be expected to keep track of them all. If you want to look for her, go right ahead.', ""Say. That's an interesting Dwemer piece you have there. What can you tell me about it?"", 'A gift? For me? How thoughtful. And shrewd. I suppose you know I am a collector. And that such a gift is bound to please me. I congratulate you on your diplomatic skills. So, why have you tried to butter me up? Come to consult the great Divayth Fyr? You have the divine disease? Want to plunder the dungeon? Or leer at my daughters?', 'Thank you for your gift.', ""A pity. I can see why you'd want to keep such a lovely relic of Dwemer culture. But now, if you'll excuse me, I have no time for idle chatter."", 'Oh, yes. I know. You have an interesting Dwemer piece. So what?', 'A gift? For me? How thoughtful. And shrewd. I suppose you know I am a collector. And that such a gift is bound to please me. I congratulate you on your diplomatic skills. So, why have you tried to butter me up? Come to consult the great Divayth Fyr? You have the divine disease? Want to plunder the dungeon? Or leer at my daughters?', ""Are you trying to provoke me? Surely you know I prize and collect such things. It is rude to stimulate my appetites by displaying such things. And I don't have to be polite to rude people."", ""Listen. You are not interesting. No offense, but I don't want to talk to you."", ""I'm sorry. The divine disease can't be cured. And the Temple will demand that you be imprisoned here in my Corprusarium, to protect the health of others. A pity. You had better put your affairs in order. The course of the disease varies. Sometimes it's rapid, sometimes very slow. I would hurry, if I were you. Now, excuse me."", ""Not interesting. Sorry. Not your fault, perhaps, but you are not interesting, and I can't waste energy talking to boring people."", ""The magical principles of corprus disease are elusive and miraculous, far more subtle and powerful than any conventional sorcery or enchantment. I'm persuaded that it is in some manner the curse or blessing of a god. Perhaps both a curse and a blessing. The victim, of course, cannot appreciate the marvelous nature of corprus. It saps the mind and destroys the body. But to a wizard, it is a profound and glorious mystery, a riddle worth a long lifetime of study."", ""How interesting. Did you know that corprus makes you immune to disease? Have you ever heard of the prophecies of the Nerevarine? Ashlanders say the Nerevarine will be immune to disease. I've always thought, Maybe I have the Nerevarine down in my Corprusarium, and I don't even know it. Hah. Hah. The Nerevarine is a fat, disgusting corprus monster, and mas as a marsh rat. Wouldn't that be funny?"", ""That's a fascinating story you tell. So. You might be the Nerevarine. Means nothing, of course. Corprus victims have all sorts of delusions. But... let me think..."", 'Nerevarine prophecies. Just Ashlander superstitions. Or maybe not. Never can tell where prophecy and Azura are concerned. Hmm. Let me think...', ""I've got a potion. In theory, it should cure corprus. Doesn't work, though. Probably kill you. Killed all my test subjects. But you've got nothing to lose. Before I give it to you, I want you to look around below in the Corprusarium. Know what's in store if you don't take the potion. And while you're there, I want you to pick up a pair of boots from a victim, calls himself Yagrum Bagarn. My oldest patient. Handy fellow, fixes things for me. Bring the boots back, and then you can have the potion."", ""Yes, yes. I know. You've got corprus disease. But did you get the boots I sent you to get? Because I'm not gibing you any potion until you've given me the boots."", 'I collect the victims of the divine disease in my Corprusarium in the caverns beneath my tower. Poor devils. Wretched existence. Constant pain. Ferocious appetites and passions. No reason at all. Mad as marsh rates. But marvelous, too, in their way. Completely immune to disease. Live forever, barring accidents. Ancient wizards need projects to keep occupied, and the Corprusarium is mine.', ""When you live for thousands of years, you need a hobby. Something you love, always sparks your interest. I collect treasures, and invite thieves to steal them. I'm a collector, and a sportsman. I collect enchanted items and ancient artifacts. Have quite a few Dwemer pieces. And, as a sportsman, I love letting thieves try to steal my well-guarded treasures. Only a few rules. One, don't hurt the inmates. Two, don't hurt my daughters. My Warden and guards can look out for themselves."", ""Not bad for something born in a jar, eh? Charming and talented. Not daughters, really. A little project, a side benefit of my researches into corprus disease. Made them myself, from my own flesh. Nice, aren't they? Alfe Fyr, Beyte Fyr, Delte Fyr, and Uupse Fyr. Quite a comfort to me in my old age. Hah hah."", 'Alfe Fyr is the sharpest of my girls, in wit and tongue. Gets on my nerves, sometimes, but conflict is the spice of life.', 'Beyte Fyr is the sweet one. Eager to please, and be pleased. An excellent cook, and a lovely singing voice.', 'Delte Fyr is the efficient one. Organized and orderly. She acts as our stewards, manages accounts, maintains supplies, keeps the tower and Corprusarium running.', 'Uupse Fyr is the girl with the biggest heart. She takes care of the inmates of the Corprusarium, and helps with me researches.', ""Vistha-Kai, the Argonian, is my Warden of the Coprusarium. Quite a fighter. Tough as nails. Self-taught. Works out with my daughters, who are no slouches at the martial arts themselves. Vistha-Kai was one of the last of my slaves. Freed him, and he wouldn't leave. Kept him on as a hireling, then made him my partner. Excellent fellow. Fine companion. Not an intellectual, you understand, but good company for me and my daughters."", 'Well? Did you get my boots? No boots, no potion....', ""Yes. As I said, go down into the Corprusarium. Find an inmate named Yagrum Bagarn. Get a pair of boots from him. Then bring them back to me, and I'll give you a potion that will cure you of corprus. I think."", ""Yagrum Bagarn is my oldest corprus victim. You'll find him in the bowels of the Corprusarium. Interesting case."", 'Well? Did you get my boots? No boots, no potion....', ""The boots first, please. And now, I'll give you the potion, on the following condition: you must drink it here, before my eyes. It should act immediately, an I need to observe you very carefully. Agreed?"", ""Good. Open your mouth, and close your eyes... Good. Now swallow... Goodness... Good grief! Look! Look! It's... WORKING! Remarkable. Let me check your skin... your eyes... your tongue.... Amazing. I think it worked. No sign of the disease at all. Of course, you still have corprus disease, just like I planned. But all your symptoms are gone. Marevelous. I'll go try it out on some of the more desperate inmates. But I'll answer any questions you have before you go."", 'See? No more sumptoms. Amazing. A bit surprised, myself.', ""It worked, didn't it? Remarkable. Perhaps it will work on the other inmates. I'll have to proceed carefully, of course. You may be an exceptional case."", ""What? Lost your nerve? Think there might be someone else who can cure your corprus? Very well. Go away, and come back when you're ready to take the potion."", ""So. As I said, I'll give you the potion, on the following condition: you must drink it here, before my eyes. It should act immediately, an I need to observe you very carefully. Agreed?"", ""No, I' m sorry. You take it here, before my eyes, or you don't get it. Go away, and come back when you're ready to take the potion."", 'A message from Master Aryon? Yes, I will accept this message.', 'Please wait here while I read this. In just a minute I will write a reply.', ""Here. Take this back to Mouth Galos Mathendis. Tell him that I must reject his master's thoughtful proposal."", ""I gave you the response to Master Aryon's request. I will not change my answer."", 'You came here to tell me that you had a message from Master Aryon, but you will not give it to me? House Telvanni tolerates madness among some of the more... advanced members, but not among those as young as you.']",NPC
Elder Scrolls Morrowind,2002,US,Domalen,Male,"['Take this, friend. I think everybody should read this leaflet. It has important information on it.', 'It has important information in it. Something must be done.', 'Yes? Do you need another leaflet?', 'What about it?', 'Listen, friend, times have been tough for me and mine. So, when Belan offered me some gold to hand these out for her, I jumped at the chance. Gotta make ends meet, you know? Belan makes the leaflets. I just distribute them.', ""Look, I don't have to tell you a thing. Get out of my way."", ""Right. Galuro Belan. She's an apothecary over in the Telvanni section. I don't think her business is doing to well right now.""]",NPC
Elder Scrolls Morrowind,2002,US,Dondos Driler,Male,"['Are you looking for me? Do you want to build a stronghold?', 'If you want to build a stronghold, I must have a construction contract and a land deed. Baren Alen at the Hlaalu Vaults in Vivec can provide you with the land deed, but you must speak with Duke Vedam Dren to get the construction contract.', 'Only the Duke can issue construction contracts. All three Great Houses have been ignoring this rule recently, but I have been ordered to insist that all new stronghold have the proper papers.', 'Yes, you will need a land deed. Baren Alen at the Hlaalu Treasury can sell you one.', 'Do you have the proper papers?', ""I'm not buying that one, . Either give me the papers or stop wasting my time."", ""I can't build your stronghold without the proper papers. Go see Baren Alen in Vivec and Duke Vedam Dren in Ebonheart."", 'Are you looking for me? Do you want to build a stronghold?', 'Do you have the proper papers?', 'Yes, everything seems to be in order. I will give the orders to begin construction.', 'The construction should begin any day now.', 'There is no need for you to get another construction contract.', 'Do you want to discuss your stronghold?', 'I want you to go check on your stronghold and talk to the foreman, Durbul gro-Rush, to make sure everything is going as planned. Rethan Manor is being built on the Odai Plateau. If you follow the Odai River south of Balmora, you should see construction to the southwest after the wood bridge. I will mark it on your map.', 'Just go talk to Durbul gro-Rush at the site of your new stronghold.', 'Do you want to discuss your stronghold?', 'So what did Durbul gro-Rush say? Ah, that is good news. Your stronghold should be ready soon, then. Thank you for keeping me up to date.', 'Do you want to discuss your stronghold?', 'When you are ready to improve your stronghold, you will need to find some business to engage in, such as farming or egg mining.', 'I believe there are several egg mines near your stronghold, . Unfortunately, the only one that is on the land your purchased is the Shurdan-Raplay Egg Mine, which is blighted. If you cure the kwama queen in the Shurdan-Raplay mine and recruit some miners, you will have a profitable business for your stronghold.', ""It's just across the River Odai from your stronghold. The queen there is blighted. If you need scrolls of cure blight, try speaking with Hetman Abelmawia in Gnisis or Pierlette Rostorad in Sadrith Mora."", 'In House Hlaalu, we always have a shortage of egg miners. But this gives us the opportunity to recruit miners from the other Houses. There are usually some unemployed miners in Gnisis and Tel Aruhn. Go to either of these cities and ask around.', 'Do you want to discuss your stronghold?', 'The queen there is no longer blighted. Now you can recruit some miners.', 'Do you want to discuss your stronghold?', 'Your stronghold is now helping House Hlaalu with business and trade. I will give the orders to begin the next phase of construction.', 'I have given the orders to begin the next phase of construction. Give it some time, .', ""Egg mining may not be glamorous, but it's a good, steady business. You may come to appreciate it in time."", ""You've recruited some miners and the Shurdan-Raplay Egg Mine should give you some steady income."", 'The Shurdan-Raplay Egg Mine is back in business.', 'Do you want to discuss your stronghold?', 'The improvements to your stronghold are complete. Speak with me again when you need a stronghold for a Councilor of House Hlaalu.', 'Do you want to discuss your stronghold?', 'You have earned a high rank in House Hlaalu, and I am prepared to give you the stronghold you deserve, . Alas, before anyone would be willing to move to your stronghold, you must find a way to guard against bandits that prey on your trade.', 'Yes, go to the Fighters Guild or the Imperial Legion here in Balmora. See if they will let you hire someone to garrison your stronghold. Perhaps with their aid you can track down the bandits near your stronghold.', 'Do you want to discuss your stronghold?', 'I see that you hired a guard from the Fighters Guild. Now you must find the bandits nearby and kill their leader.', 'Do you want to discuss your stronghold?', 'I hope the hired guard was helpful in rooting out the bandits. I will give the orders to put the finishing touches on your stronghold.', 'There are no more bandits near your stronghold to guard against.', 'I have given the orders to begin the final stages of your stronghold, House Father.', 'Do you want to discuss your stronghold?', 'Your stronghold is complete, House Father. It rivals that of the greatest Hlaalu councilors.']",NPC
Elder Scrolls Morrowind,2002,US,Dram Bero,Male,"['I take precautions to ensure that I am not found easily... I see I will have to take more precautions. But what can I do for you?', ""So you've found me again? Easier than the first time, no? What are you here to discuss?"", 'I believe you are here to ask for my support on the Council.', 'I am impressed that you found my manor. If I am to risk supporting you, I must know that you are strong as well as clever. I will offer my support if you best my champion, Garding the Bold. Are you willing?', 'Good. You may use any tactics at your disposal. I would prefer that you spare his life, but I will not insist upon it. When you are ready, speak with my champion, Garding the Bold. Then meet him in the Arena.', 'Speak with my champion, Garding the Bold.', 'I expected more spirit, , from what Crassius Curio has said of you. Speak with me again if you change your mind.', 'I believe you are here to ask for my support on the Council.', 'You defeated my champion fairly. I will support you on the Council.', 'I believe you are here to ask for my support on the Council.', 'You killed Garding, which is quite disappointing, but I agree that it was a fair fight. I will support you on the Council.', 'You have my support. What else can I do for you, ?', 'Yes you have my support.', ""You killed my champion, Garding. Don't expect a friendly welcome."", 'Normally I would support you, but you have killed my champion, Garding. Since you did this without any provocation, I will not offer you my support. That is final.', ""You handled the Fighters Guild contract on that? Thank you. I should have handled it myself. But there's so much to do."", 'I take precautions to ensure that I am not found easily... I see I will have to take more precautions. But what can I do for you?', 'A Hortator is the leader of a Great House in times of war.', ""A Hortator is a House champion chosen in times of war. A Hortator's duty is to lead and inspire the Great Houses against its foes. Only a Great House's councilors can vote for a Hortator, and the vote must be unanimous. For example, for the Hlaalu council to choose a Hortator, all Hlaalu councilors would have to agree."", ""You have found me, and that means you are resourceful. Yes, I will vote for you as Hortator. But my vote alone means nothing. Yngling is a fool. You may bribe him or kill him. Crassius Curio is a man of passion, and can be manipulated. But Velanda and Nevena are Orvas Dren's creatures, and they will do nothing without his approval."", 'I have already confirmed you as Hortator of House Hlaalu. Now you must convince the other Hlaalu councilors. Once they all agree, speak with Crassius Curio again. He will give you your title and the Belt of the Hortator, a symbol of your office.', ""He's the brother of Duke Vedam Dren and a very wealthy and influential man. He has a netch ranch in the Ascadian Isles."", 'The mine of Vassir-Didanat has been lost for many years. Would you, perhaps, know the location of this mine?', 'So. That is technically not in my jurisdiction, but I can still make use of his knowledge. I feel you deserve some compensation... What type of weapon do you use?', 'Very well. I believe this Daedric Battle Axe will be of some use to you.', 'Hm. A blunt weapon... I do have this Daedric Staff. Perhaps not quite what you were looking for, but it is of the highest quality.', 'I have just the thing for you. A Daedric Katana. It is rumored to be of Akaviri manufacture.', 'I like to keep a distance from my enemies as well. Please take this Daedric Longbow with my gratitude.', 'I have a Daedric Wakizashi. Rumored to be an Akaviri original. Take it with my gratitude.', 'It just so happens that I have a Daedric Spear. No finer spear may be found in all of Vvardenfell, I assure you.', ""You've made me a happy man, . I can't officially mine the ebony myself, but this knowledge will be most useful."", ""Oh, you're looking for it too, eh? Well, if you do find it, I might give you a token of my gratitude. Not a payment, of course, but a gift."", 'I am glad the mine has been rediscovered... But next time, speak with me first. I am sure I could have made you a better offer.', 'Hmm... So you told Nevena Ules about the mine. Has she paid you yet? No, I can tell by your expression that she has not. Next time speak with me. I am sure I could have made a better offer.']",NPC
Elder Scrolls Morrowind,2002,US,Drerel Indaren,Male,[],NPC
Elder Scrolls Morrowind,2002,US,Drinar Varyon,Male,"['I am Drinar Varyon of the famous Varyon family.', 'Surely even a foreigner has heard of the Varyon family. No? Then I do not want to waste my time educating you. I am only here to study local pottery techniques.', 'The one and only.', 'I am studying native Dunmer pottery. Please do not waste any more of my time.', 'I am Drinar Varyon of the famous Varyon family.', 'You have the ebony? Give it to me, quickly.', 'Yes, five pieces. Good. You are dismissed. I will tell Odral you made the delivery.', 'You gave me the ebony. We have no more business to discuss.', ""I don't know what you think you know or who you've been talking to, but you better not ask about that again if you know what's good for you."", ""Then I'll take it from your dead body."", 'I am Drinar Varyon of the famous Varyon family.', 'Get out of my house.', 'Take your questions somewhere else, guar fetcher.', ""I don't know what you're talking about.""]",NPC
Elder Scrolls Morrowind,2002,US,Drores Arvel,Male,"['Who are you, outlander? And what are you doing here?', 'What do you want?', ""I don't know you, outlander. What are you doing here? Are you here to worship at this foul shrine?"", 'Then you defy the law of the Temple, and shall die for it.', 'No! You are the False Incarnate, and the Devil of Lies! You claim to be chosen by Azura, and savior of Morrowind, but you curse the Tribunal, call them false gods, and turn the people against their true protectors! You are nothing but a Dreamer and Deceiver, and mad servant of the Devil Dagoth Ur, and you must be destroyed!', ""All right, then. We don't care about that. In fact, you'll be doing us a favor if you kill a few witches and warlocks in the process. Just be careful, leave us alone, and we'll leave you alone."", ""You're just here to loot the shrine, right? That's fine with us. Just be careful. Leave us alone, and we'll leave you alone."", ""Leave us alone, and we'll leave you alone. Okay?"", ""Hello, Indoril. I'm Drores Arvel, and I'm here to clean out this den of Daedra worshippers. You go right ahead and look for treasure, if you like. We don't care. And if you kill a few witches and warlocks in the process, then even better.""]",NPC
Elder Scrolls Morrowind,2002,US,Drulene Falen,Female,"['Did Neminda send you? Are you here to help with these hostile mudcrabs?', ""There's a pair of them that's been hunting my guar. Just the other day they killed one and dragged it off. They usually come from the coast to the southwest. If this keeps up, I might have to sell what I still got and move back to Tear."", ""It's also called Dres since it's the home of House Dres. Too hot for me, though. It's practically in Argonia."", 'Did you find the hostile mudcrabs?', 'You killed the mudcrabs that were bothering my guar? Thank the Tribunal! I might not have to move back to Tear after all... You look tired, . Can I offer some Hackle-Lo?', ""Here you go, . After a hard day there's nothing better than chewing some Hackle-Lo."", 'It can be an acquired taste. Thanks again, .', ""I haven't seen any more mudcrabs. Thanks for asking, though."", 'Seems like the ones around here are all hostile mudcrabs.', ""Did Neminda send you again? I've been having trouble with bandits."", ""The bandits have only tried to get my guar and those of two other herders nearby. The bandits came from the south last time and they led off one of my best guar that way. I'd check south of here to see if tere are any caves or tombs that the bandits could be hiding in."", 'I was having some trouble with bandits. Have you found anything, ?', ""Well, I guess I owe you some more hackle-lo. I'm glad to hear that the bandits won't be troubling us again."", 'Here you are, . Just ask if you ever need anything.', 'If you ever need anything, , just ask.', ""I haven't had any more trouble with bandits or mudcrabs either one."", 'Things have been pretty quiet around here. Thanks for all your help, .']",NPC
Elder Scrolls Morrowind,2002,US,Duke Vedam Dren,Male,"['I am Vedam Dren, Duke of Vvardenfell. Welcome to Ebonheart, outlander.', 'I am Lord Vedam Dren, Duke of Ebonheart and Vvardenfell.', 'Perhaps I will discuss business with you when you have earned a higher rank in House Hlaalu.', 'Surely you do not expect me to discuss business with you when you have broken the rules. You must make amends, .', ""It will be difficult to overcome the Dunmer's lingering resentment of Imperial occupation. Ironically, it is now, in the face of the menace of Dagoth Ur and Red Mountain, that we have a great opportunity to unite natives and colonists against a common threat. When the Dunmer fight side by side with outlanders like you against the hosts of Dagoth Ur, our common peril and purpose must unite us."", ""I'm told you claim to be the Incarnate -- Nerevar reborn according to legend. My father used to say, 'When you hear something unbelievable, don't believe it.' From what I hear, your story is remarkable enough without relying on ancient prophecies. I suggest you stand upon your reputation, and leave superstitions to the prophets and holy men."", 'The Great Houses have named you Hortator? Remarkable. My staff have kept me up-to-date on your adventures, of course. But uniting the fractious Great Houses under a single war leader is a remarkable achievement. Now you must marshal the Great House forces against Dagoth Ur and the Sixth House.', 'The four Ashlander tribes have named you Nerevarine? Remarkable. My staff have kept me up-to-date on your adventures, of course. But uniting the squabbling Ashlander tribes under one ashkhan is a remarkable achievement. Now I hope you will lead the tribes in our war against Dagoth Ur and the Sixth House.', ""So you have been named Hortator and Nerevarine, fulfilling the Nerevarine prophecies. I would not have believed it. But my informants assure me it is true. If now you can also achieve a reconciliation with the Temple, you may be able to unite all of Morrowind's force against Dagoth Ur and Red Mountain."", 'The Archcanon has announced that Lord Vivec has selected you as a champion of the Temple in the war against Dagoth Ur and the Sixth House. Now the fate of Morrowind and its people lies in your hands.', ""You have slain Dagoth Ur, defeated the Sixth House, and ended the Blight, Nerevarine. That's all anyone is talking about now, ."", ""Don't make enemies. If someone is determined to be your enemy, then fight. But do not turn friends or potential friends into enemies through arrogance or carelessness."", ""Orvas Dren is my brother. I don't know what you've heard of him. I won't defend everything he's done. But don't become his enemy."", 'Morrowind is a peculiar mixture of Dunmer tradition and Imperial modernism. The council system of government works well, and the Temple provides shelter, education, and health for all. At the same time, the Legions and magistrates guarantee rule of law and justice, and free trade makes us prosperous. Looking forward, we must overcome lingering resentments by engaging the Great Houses in the creation of a new Morrowind rooted in Dunmer tradition but incorporating the best features of Imperial civil society.', ""We have grown too complacent about the threat of Dagoth Ur and Red Mountain. For ages we've relied on the Tribunal to contain the menace. But Dagoth Ur's power is waxing as the Tribunal's power is waning. The Legion garrisons here are insufficient to protect our settlements, and there's no hope for reinforcements. Our people have always relied on a charismatic leader to rally squabbling factions against a common foe. Now would be a good time for such a leader to emerge."", 'I am a noble, a leader and diplomat.', ""I have no reason to hate Orcs. In fact, I admire King Gortwog for his political skill. In the case of the Orcs at Alof's farm, however, I've heard that the leader is the Barbarian Burub gra-Bamog. She is wanted for murder, theft, and banditry. If Burub is gathering forces in Ashunartes, I want someone to put a stop to it."", 'You have prevented the Barbarian Burub gra-Bamog from becoming a threat to Vvardenfell and for that you have my gratitude.', ""I'm Duke Vedam Dren. The other Grand Council members are with me here. Rufinus Alleius is the Imperial magistrate. Cavortius Albuttian is the head of the Imperial Guard, my palace guard. Frald the White, Knight Bachelor of the Imperial Legion, is the head of the Hawkmoth Legion Garrison. Lalatia Varian is the head priest of the castle's Imperial cult shrine. The wealthy Canctunian Ponius is the chief factor and banker of the East Empire Company."", 'I am surprised to see you here again. Do you have some business for me?', 'I am not sure if I should issue you a contract. Vvardenfell faces many threats today. I will grant you a contract if you vow to do what you can for my people.', 'That is good enough for me. Take this contract. Use your stronghold for the defense of my people, and as an aid in your fight against our enemies.', 'Then I will not grant you a contract.', 'I am surprised to see you here again. Do you have some business for me?', 'Yes, I know of your deeds, Nerevarine. I will grant you a construction contract. Here, take it as a token of my gratitude for all you have done for my people.', 'I have issued you a construction contract. I am not going to issue you another.', 'I am surprised to see you here again. Do you have some business for me?', 'In order for House Hlaalu and the most virtuous aspects of the Empire to survive, we must find a way to control the Ordinators.', ""Berel Sala, the leader of the Ordinators, is a fanatic. The Archcanon Tholer Saryoni, on the other hand, seems to be a decent and reasonable man. I need you to convince Archcanon Saryoni to put a stop to the worst of the Ordinator's zeal. Saryoni may be found at the High Fane in Vivec. Here is a key to his quarters."", ""Go speak with Archcanon Tholer Saryoni in Vivec. Get him to put a stop to the worst of Berel Sala's excesses."", 'Once our business is concluded, I will consider your advancement.', 'I am surprised to see you here again. Do you have some business for me?', ""I have heard that the Archcanon will speak with Berel Sala and the Ordinators. Perhaps he can convince them to leave House Hlaalu's business alone. Please accept my gratitude."", 'The Ordinators seem to be under control now.', 'Yes, you clearly deserve the rank of Councilman. Congratulations, .', 'I am surprised to see you here again. Do you have some business for me?', 'Berel Sala has been murdered. There are rumors in town that you were responsible. If you are so careless, I do not believe you should be the Grandmaster of House Hlaalu.', 'I am surprised to see you here again. Do you have some business for me?', 'You bring me news that Berel Sala is dead. Perhaps this will help us control the ordinators, but perhaps it will not. Only time will tell.', 'I am surprised to see you here again. Do you have some business for me?', 'Alas, you seem to have been expelled from House Hlaalu. When you make amends, speak with me again.', 'I am surprised to see you here again. Do you have some business for me?', 'To be Grandmaster in anything other than name, you must win control of the Camonna Tong from my brother, Orvas Dren.', 'Yes, he is my brother.', ""The Camonna Tong is the traditional Thieves Guild of Morrowind. It predates the Empire's Thieves Guild, but it is more brutal and takes every chance to interfere with the Empire. If you are to be the Grandmaster of House Hlaalu in anything but name, you must reach an accommodation with my brother, Orvas Dren, who leads the Camonna Tong. Spare his life if you can."", 'As I said, if you want to be Grandmaster of House Hlaalu in anything but name, you must reach an accommodation with my brother, Orvas Dren.', 'He is my brother and the head of the Camonna Tong. You may find him on the Dren Plantation between Pelagiad and Suran. Spare his life if you can.', 'I am surprised to see you here again. Do you have some business for me?', 'To be Grandmaster in anything other than name, you must win control of the Camonna Tong from my brother, Orvas Dren.', 'Yes, he is my brother.', 'Yes, I heard that you were the Hortator of House Hlaalu. You could not hold that rank if Orvas Dren did not wish it. Since you already have some agreement with Orvas Dren, I will name you the new Grandmaster of House Hlaalu.', 'I am glad you were able to spare his life, .', ""You have won my brother's support. I do not wish to know how you have done this. I only hope you will use House Hlaalu and your new connections in the Camonna Tong with wisdom and a touch of compassion. I will name you the new Grandmaster of House Hlaalu."", 'I am saddened at his death, but perhaps it was necessary.', 'I am surprised to see you here again. Do you have some business for me?', 'To be Grandmaster in anything other than name, you must win control of the Camonna Tong from my brother, Orvas Dren.', 'Yes, he is my brother.', 'I was going to ask you to speak with my brother, Orvas Dren, but now you bring me news of his death. If he is truly dead, there is nothing to stop me from naming you the next Grandmaster of House Hlaalu.', 'I am surprised to see you here again. Do you have some business for me?', ""House Hlaalu's business is in your hands now, ."", 'You are the Grandmaster of House Hlaalu, .', 'Use your rank and influence to help the people of Vvardenfell.']",NPC
Elder Scrolls Morrowind,2002,US,Dulnea Ralaal,Female,"[""Good day. I'm Dulnea Ralaal, publican of the Eight Plates here in Balmora. We rent beds, and I have a limited selection of goods for barter. If you're new here, I can also tell you where to look for other services, or a specific place nearby. If you're looking for someone in particular, I may be able to help."", ""In case you hadn't noticed, I'm a Dunmer. I am a Temple member. I've nothing in particular against the Imperial cult. But I've no particular feelings of generosity towards them, either."", ""Yes. I see. Perhaps you are right. There's no cheaper way to gather goodwill than to buy a little of it. And the goodwill of the Imperial cult may be worth something in this town, as you say. Very well. Here's a bottle of Cyrodilic brandy for your cult's fund-raising dinner, with my compliments and best wishes."", 'Health to you and your cult.']",NPC
Elder Scrolls Morrowind,2002,US,Dutadalk,Male,"['Yes, outlander. I am Dutadalk, gulakhan of the Ahemmusa Ashlanders. Why are you here? What do you want?', 'You are Indoril. We have heard some say you are the Nerevarine. For a long time the Ashlanders have heard of the Nerevarine prophecies. Perhaps some would say the Ahemmusa are bitter. But talk gives us no comfort.', 'We are the Ahemmusa tribe. Ahemmusa camp was the last safe place of the Ahemmusa, but it is safe no longer. The blight has taken our lands, our herds, our game, our people. The red clouds spoil our herds and kill the game. The blight-sickness kills our herds and cripples our people. These are the last days of the Ahemmusa.', 'Speak to the wise woman, Sinnammu Mirpal. Tell her you will find a safe place for the Ahemmusa. That is what I would wish to hear from one who wants to be named Nerevarine.', 'You must forgive us. Perhaps these are great days. Perhaps the prophecies are fulfilled. But to the Ahemmusa, all we know is that hunger and disease stalks us, and monsters prey upon us. A hero reborn may be a wonderful thing. But it means little to us, unless we have a safe place.', 'If you are the Nerevarine, then you will find a safe place for the Ahemmusa.', 'Thank you, Indoril. You have made a safe place for the Ahemmusa. You have my thanks, and my support.', ""Mamaea is our healer. You'll find her in her tent."", ""Our trader, Lanabi, has her yurt with the ashkhan's and the gulakhan's yurts.""]",NPC
Elder Scrolls Morrowind,2002,US,Duvianus Platorius,Male,"[""I'm looking for a friend of mine, a female Khajiit named Addhiranirr. Do you know where I can find her?"", 'Sorry to bother you.', 'I see. Well, perhaps some other good citizen can tell me where to find her.', ""Yes. As I said, I'm looking for a friend of mine, a female Khajiit named Addhiranirr. I thought you might be able to tell me where to find her."", 'Yes. Her name is Addhiranirr, and she is a Khajiit. Do you know where I can find her?', ""What a disappointment. But thank you for your time. I was just heading back to the mainland myself, anyway, and maybe I'll run into her there."", 'I see. Well, perhaps some other good citizen can tell me where to find her.', ""Oh. I see. How curious. *Sigh.* Well. I suppose I need to go change my clothes if I'm going down there. But thank you for your time and courtesy. And don't tell her about me. I want it to be a surprise. Good day, and thanks again."", ""It's no problem, really. Maybe I'll run into her back on the mainland."", ""No, I understand. She didn't know I was coming. But it's no problem. I was just heading back to the mainland myself, and maybe I'll run into her there."", ""Remember. Don't tell her you talked to me.""]",NPC
Elder Scrolls Morrowind,2002,US,Edryno Arethi,Female,"[""No, , I don't believe we've met. My name is Edryno Arethi. I don't have any official title, but I handle House Hlaalu's business here in Vivec."", 'Yes, of course, I need a courier to deliver this sealed report.', 'Take this sealed report to Baren Alen, the clerk of the Hlaalu Treasury in Vivec.', 'Like I said, deliver the sealed report to Baren Alen at the Hlaalu Treasury.', ""It's not far from here. Just leave my house and go north. The Treasury connects to the vaults, the prison, and the records office."", 'Did you deliver the sealed report as I asked?', ""I'm glad you were able to get that report to Baren Alen in time. Here, take these 50 drakes for your trouble."", 'You already delivered the sealed report, .', 'Did you deliver the sealed report as I asked?', ""I'm glad you delivered the report, but you should not have opened it. That kind of unreliability is why I must send all my messages in code."", 'You already delivered the sealed report, .', 'What can I do for you today, ?', 'I need someone to collect a debt from Murudius Flaeus.', 'Murudius Flaeus owes a House Hlaalu noble over 800 drakes in gambling debts. He lives in Hla Oad. Go there and get the drakes from him. If he refuses to give you the money, you can kill him, but if you get the money, you can keep half of it.', 'Do you have the 800 drakes that Murudius Flaeus oews one of our nobles?', 'Then do not waste my time. Go to Hla Oad and get Murudius Flaeus to pay the money.', ""Did you get Murudius Flaeus' debt money?"", 'Do you have the 800 drakes that Murudius Flaeus oews one of our nobles?', ""Yes, it's all here. I hope Murudius Flaeus wasn't too much trouble. You get to keep half of it, like we agreed."", 'What can I do for you today, ?', 'Bandits are always bad for business. Because of bandits on the road to Pelagiad, the Hlaalu trader Tarvyn Faren needs an escort.', 'Meet Tarvyn Faren on the road to Pelagiad, near the Silt Strider just north of the bridge to the Foreign Quarter. Escort him safely to Pelagiad.', 'Back already? I hope Tarvyn Faren made it safely to Pelagiad.', ""I'm glad Tarvyn Faren arrived safely. Take these 500 drakes for helping House Hlaalu's business."", 'What can I do for you today, ?', 'Not business today, but duty. House Hlaalu sent a team to an illegal Telvanni base, but they have not returned from Odirniran.', ""Go to Odirniran, on Azura's coast, west of the shrine to Azura and south of the old Dwemer ruins of Nchurdamz. I will mark these ruins on your map. If there are any survivors, ask them what needs to be done. If there are no survivors, take recenge on the foul Telvanni there."", 'Did you find out what was going on at Odirniran?', 'You killed the Telvanni and rescued Vedelea Othril? This was a great service to House Hlaalu. Please take these 1000 drakes for a job well done.', 'What can I do for you today, ?', ""Today's business involves Yngling Half-Troll's prized game rats."", ""Yngling Half-Troll raises game rats in Yngling Manor here in Vivec. One of his rivals snuck three blighted rats into his breeding pen. Go to Yngling Manor and kill the blighted rats, but spare his prized game rats. The game rats are used to being handled and should ignore you. The blighted rats are wild and should attack you. Here's a key to Yngling's basement."", ""I just gave you a key. Go to Yngling Half_Troll's basement and kill the blighted rats. Try and leave the healthy rats alone."", ""It's in the Plaza of the St. Olms Canton, near the statue. St. Olms is southeast of here, just south of the Arena."", 'So, what did you do about the game rats?', 'Yngling just told me you killed the blighted rats. Since it looks like you spread most of the game rats, Yngling told me to pay you 1000 drakes.', 'What can I do for you today, ?', 'The business of Vvardenfell is the ebony trade.', 'The Zainab have been trying to sell ebony. Go speak with the Zainab camp and make sure they only sell ebony through us.', 'The Zainab camp, is southwest of Vos in the Grazelands region. I will mark it on your map since it is easy to get lost in the Grazelands.', 'I hope you have some good news about the ebony trade.', ""Thanks to you, the Empire must still buy all its ebony from House Hlaalu. Take these 1000 drakes as a share of House Hlaalu's future profits."", 'What can I do for you today, ?', ""A ship wrecked off Azura's coast over a year ago. I need someone to find the wreckage of the Prelude."", 'The ship was trying to land at a secret dock and is likely to be hard to find. I believe they crashed on an island east of Bal Fell. Start there, head due east, and look around the islands you pass. It should be within two or three islands of Bal Fell. The ship was carrying a Daedric Wakizashi when it sank. Bring that Wakizashi to me. You can keep anything else you find there.', 'Have you found the Wakizashi?', 'You found the Wakizashi? What did you do with it? Bring it here.', 'You can keep everything else, but that Wakizashi is mine.', 'Did you find the Prelude? Do you have my Wakizashi?', 'Have you found the Wakizashi?', 'Yes, this is the one. Here, take these 500 drakes as a finders fee.', 'What can I do for you today, ?', ""Thieves have broken into a shop here in Vivec three nights in a row. I need someone to defend Ralen Tilvur's shop."", 'As I said, thieves have broken into his shop three nights in a row. I suspect they will try again tonight. His shop is in the Plaza of the Foreign Quarter here in Vivec. Go there and kill any thieves that arrive.', ""Did you catch the thief that's been bothering Ralen Tilvur?"", 'Thank you for protecting Ralen Tilvur. Take these 1000 drakes as a reward from House Hlaalu.', ""It's business as usual in Vivec. Speak with Crassius Curio at his manor here in the Hlaalu Compound or speak with Nileno Dorvayn in Balmora.""]",NPC
Elder Scrolls Morrowind,2002,US,Edwinna Elbert,Female,"['Are you looking for me? You want to join the Mages Guild?', 'You can get there by going around the mountains near Suran and heading northeast along the Foyada Nadanat, or you can start in Molag Mar and head northwest towards Mount Kand. Go north around Mount Kand and along the north side of the Foyada.', 'Did you get the excavation report? Do you have it with you?', ""Thank you, . This report will be helpful, I'm sure."", 'I need that report, . I cannot work with all these meaningless delays.', ""If you have such a keen interest in scholarship, perhaps you'd like to join the Mages Guild."", ""What's so important that you would interrupt my studies? If you must have duties for the Mages Guild, I suppose I could think of something."", 'Yes, Warlock , there is something you could do for me. I am looking for a copy of the rare Dwarven book Chronicles of Nchuleft.', 'It is a rare Dwarven tome. None of the Mages Guild branches have a copy, and it is simply *essential* to my research. Would you be willing to find a copy for me?', ""Excellent. Here's 250 septims to cover your expenses. Time is of the essence."", ""I guess I'll have to get Bribanne Erien to do it."", ""Well, don't just stand there. Have you found a copy of Chronicles of Nchuleft or not?"", 'You actually found a copy? Excellent, now give the book to me.', ""I'm impressed, Warlock . I hope you are always this efficient."", 'I thought we had an agreement, . Apparently your word cannot be trusted.', ""What's so important that you would interrupt my studies? If you must have duties for the Mages Guild, I suppose I could think of something."", ""I have been waiting for *ages* to get a Detect Creatures potion fron Skink-in-Tree's-Shade in Sadrith Mora."", ""It's simply taking Skink-in-Tree's-Shade forever to finish it. Go to Wolverine Hall in Sadrith Mora and bring the potion back to me as soon as Skink is finished."", 'Did you get the Detect Creatures potion from Skins?', ""Ah, at last, you've brought me a Detect Creatures potion. Will you give the potion to me now?"", ""Excellent. Why don't I give you a potion more useful to a Warlock in the field?"", 'Unlike a proper Warlock , you do not keep your word. I certainly am not going to give you any more duties until you deliver a Detect Creatures potion to me.', ""What's so important that you would interrupt my studies? If you must have duties for the Mages Guild, I suppose I could think of something."", 'Sirilonwe in the Mages Guild in Vivec has somehow acquired a copy of Chimarvamidium.', ""It is the sixth volume of Marobar Sul's Ancient Tales of the Dwemer. Most of the Ancient Tales are not truly Dwemer in origin, but this one may be an exception. It deals with some sort of golem or centurion. Would you be willing to borrow this book for me?"", ""Thank you, . Sirilonwe probably keeps the book near her in the Mages Guild in Vivec. Do whatever it takes to get the book and then return it to me. If you're caught stealing, of course, it is a crime against the guild, so be careful. And take these scrolls just in case."", ""Don't think of it as breaking your oath to the Guild, . It is just a small favor. For the advancement of the art and science of magic. If you're caught, of course, you will have to accept the consequences."", 'Did you get Chimarvamidium?', 'You have a copy of Chimarvamidium? Will you let me borrow the book?', 'Thank you, . I will return the book to you soon, but in the meantime, I have more duties for you.', 'That is very disappointing, .', ""What's so important that you would interrupt my studies? If you must have duties for the Mages Guild, I suppose I could think of something."", ""In order to advance to the rank of Wizard, you must have a Wizard's Staff."", ""I could sell you a Wizard's Staff, but they are quite expensive at 5,000 septims. However, I also know of a former member of our order, Anirne, who may still have her Wizard's Staff."", ""Very well, I will take your gold... I assume it's all there. And give you this Wizard's Staff."", ""Yes, it is wise to keep your Wizard's Staff with you at all times."", 'Congratulations, you are now the Wizard.', ""Really any Wizard's Staff will do, but it is no crime to take one from a renegade and outlaw like Anirne. Last I heard, she was in the caverns of Sud."", 'It is a cavern on the far west coast of Sheogorad, due west of Dagon Fel. There is an inlet west of Dagon Fel before you reach the real coast. Do not be fooled by this.', ""So you have a Wizard's Staff? Yes, that one will do. You are now ready for advancement."", ""What's so important that you would interrupt my studies? If you must have duties for the Mages Guild, I suppose I could think of something."", ""I have been distracted from my studies by several reports from Maar Gan. Apparently there is some sort of disturbance at Huleen's hut."", ""Since Huleen is a member of the Guild, we really ought to do something about the disturbance. I simply haven't had time to do it myself. My research is at an absolutely critical phase. Would you go to Maar Gan and take a look for me?"", ""Excellent, . Go to Maar Gan. I'm sure someone there can give you further directions. Take care of this for me so I can continue my studies in peace."", ""Well, maybe Tarandur can do it. I'll ask next time I see him. You're not the only Wizard we have, you know."", ""What did you find at Huleen's hut? Was it worth all these intolerable interruptions?"", ""So Huleen's apprentice summoned a scamp? Is that all? I can't believe I was distracted from my studies for something so trivial. Speaking of which, I discovered these scrolls during my research. You may find them useful."", ""What's so important that you would interrupt my studies? If you must have duties for the Mages Guild, I suppose I could think of something."", 'Yes, , I have finished my study of Chimarvamidium.', ""Can you believe this isn't about a Dwemer construct at all? This book was completely useless. In any case, I need you to return the book before Sirilonwe suspects anything. Return the book to wherever you found it."", 'Did you return Chimarvamidium?', 'The book has been returned? Good work, Wizard . Once I know the locations of some Dwemer ruins, I will be asking you to travel to some dangerous places. These amulets will help you return to safety.', 'More interruptions, Wizard ? Do you want more duties? Why are you here?', ""I'm so glad you asked, Wizard . At this delicate phase of my research, I will need to study a Dwemer Tube."", ""They're easy enough to find. I believe I saw some in Arkngthunch-Sturdumz when I was last there. Would you be willing to travel there and bring back the Dwemer Tube?"", ""I appreciate your dedication, . Arkngthunch-Sturdumz is northwest of Gnisis, but there's an easier way to get there. Go to Ald Velothi and follow the coast to the west."", ""Dwemer Tubes shouldn't be too hard to find. Go to Ald Velothi and travel along the coast to the west. You'll cross a bridge and you'll see Arkngthunch-Sturdumz ahead of you. You can't miss it."", 'Take the Silt Strider to Gnisis and follow the roads north. I will mark Ald Velothi on your map.', ""I'm disappointed, . You are obviously not truly dedicated to research. If you're concerned about Imperial Law, there's no need to worry. I will, of course, turn the device over to the Chair of Dwemer Studies... just as soon as I've finished my research."", ""Currently, the Chair is empty and the Great Houses can't agree on a replacement. I believe Hasphat Antabolis was nominated... I'd try to get the position myself, but I fear all the meetings and bookkeeping would take time away from my research."", 'Have you found a Dwemer Tube? Many of my studies cannot continue until I have one in my possession.', 'Have you found a Dwemer Tube?', 'Yes, this is what I wanted. Now I can finally study these bthurkz the Dwarves wrote about. I am impressed by your dedication to scholarship. Good work, .', 'It is not a toy, . It is a valuable Dwemer artifact that is simply essential to my research.', 'More interruptions, Wizard ? Do you want more duties? Why are you here?', 'I want you to find some Dwemer plans or blueprints.', 'Senilias already sent the blueprints he found in Nchuleftingth to the Emperor... But the excavation report mentioned Mzuleft, which is southwest of Dagon Fel. You will need to swim or fly across parts of the Sea of Ghosts. Bring back any plans or blueprints you find.', 'Well, have you found and Dwemer plans yet?', 'Did you drop them on the way back? Where are they?', 'If you refuse to hand the blueprints over, I will have no choice but to report this to the rest of the Mages Guild and the Imperial Authorities.', 'This is interesting... The excavation report mentions another Dwemer ruin, Mzuleft. Would you go there and look for some blueprints?', 'Did you find any plans or blueprints in Mzuleft?', 'Well, have you found and Dwemer plans yet?', 'Yes, this is exactly what I was looking for. Excellent work, Wizard .', 'More interruptions, Master Wizard ? Do you want more duties? Why are you here?', 'I have heard that miners in the Gnisis Eggmine broke into the ruins of Bethamez.', 'Officially, the Gnisis eggmine was closed because of blight, but I heard that miners broke into the lost Dwemer ruin of Bethamez. I have also heard that they found Dwemer plans similar to the blueprints you brought me before. Go to the Gnisis eggmine and bring back any plans or blueprints you find.', 'I believe there are more blueprints in Bethamez.', 'Have you found any more Dwemer plans or blueprints?', ""Well, where are they? Didn't you bring the plans with you?"", 'I understand the temptation of scholarship, but this is not the time to joke around.', 'Did you find any plans or blueprints in Bethamez?', 'Have you found any more Dwemer plans or blueprints?', ""This is really remarkable, . These plans are very similar. Perhaps with both of them in my possession, I can discover their secrets. It's a shame Arch-Mage Trebonius doesn't share your dedication to scholarship."", 'Someday your work in Dwemer archeology may surpass even myself or Hasphat Antabolis.', 'Both of these plans seem to be for some kind of metal insect. I do not know what to make of them yet. I will keep you fully informed of any discoveries, Master Wizard .', 'This book is puzzling to me. You might want to ask Hasphat Antabolis in Balmora.', 'Hm. I do not know what to tell you about that book. I can make sense of Dwemer plans, but I cannot read their language. You might want to ask Hasphat Antabolis in Balmora.', ""I cannot make sense of this. Even when I try using this Hanging Gardens you've found as a translation key, the words simply do not make any sense. I am certain the author did not know any magic himself. Yes, these are probably just the ramblings of some Dwarven lunatic."", 'Now this is an interesting book, . It appears to be written in btoh Dwemer and Aldmeris. If you could find a scholar of the Dwemer who knew Aldmeris, you might be able to translate portions of the Dwemer text. This book is priceless in the right hands.', 'More interruptions, Master Wizard? Do you want more duties? Why are you here?', ""It's a shame the Mages Guild isn't led by someone with your devotion to Scholarship. Perhaps if you speak with Trebonius, you can make him listen to reason."", 'I wish the Guild were led by someone with your respect for scholarship, Master Wizard. Perhaps you could speak with him and make him see reason.']",NPC
Elder Scrolls Morrowind,2002,US,Elam Andas,Male,"[""I am Elam Andas, chief of Vivec's Order of the Watch. Do you have questions about my trade? Or are you here looking for work?"", 'The Order of the Watch provides guards for temples and shrines. Here in Vivec, which is a Temple city, we are the guards who enforce the law and preserve order.', 'Is this about the work I mentioned? Or did you have other questions?', ""We've had seven killings in Vivec recently. All the victims had their throats slit. Most did not appear to have struggled. Five victims were outlanders. Two were Ordinators. The two Ordinators were armed and on duty. Their weapons were still in their belts. Nothing was removed from the victim's bodies. I cannot hire you. Only Ordinators may serve the Watch. But if you can find this killer, and execute him, I personally promise you a very handsome reward. I require no commitment from you. Indeed I cannot officially accept one. But if you are interested, I can tell you what we know about the seven victims and the reports of witnesses."", ""None of the five outlander victims had been on Vvardenfell longer than a week. Two were found in Foreign Quarters corridors, one on Foreign Quarter Canalside, one in a Hlaalu Compound corridor, and one in the water near the Arena. All were armed. Only one, a mage, seems to have put up a fight. All had their throats slit with a dagger. Until the two Ordinators were killed, we thought it might be an anti-Imperial fanatic. And it still might be. The two Ordinators were found dead near the victim at Hlaalu Compound, and we think they coincidentally interrupted the killer at work. Both had their throats slit with a dagger. That neither Ordinator had drawn a weapon is extremely unsettling. It suggests either extraordinary stealth, or a very powerful sorcerer. That's all we know about the victims. And there's not much information from witnesses, either."", ""There are no witnesses to any of the killings. But in Hlaalu compound, at about the same time of one of the killings, an outlander reported being threatened by Dunmer woman armed with a dagger. It was dark, and the outlander transported magically to safety, so he couldn't give us a very clear description. But he was sure the Dunmer woman with a dagger was dressed an a skirt and netch leather armor."", ""Yes. That's the only description we have. A Dunmer woman with a dagger, in a skirt and netch leather armor."", 'As I said, I cannot officially hire you for this task. But if you find and execute this killer, when you return to report your success to me, I promise you a handsome reward.', 'Is this about the work I mentioned? Or did you have other questions?', ""According to your report, the Dunmer woman you killed matches the description given us. We'll dispatch Ordinators to follow up, But I believe you have identified and executed the killer. On behalf on the city, and of the Office of the Watch, thank you. And now for the reward I promised. I'll give you a choice. You may either have an Indoril helm and cuirass, or a Belt of the Armor of God. The helm and cuirass are heavy armor, and useful only to a strong fighter. These items belonged to one of the Ordinators who were killed, and it is fitting that they should reward the one who avenged his murder. However, we ask that you don't wear this armor in Vivec City, for you may be mistaken for an Ordinator and guard. Alternatively, the Belt of the Armor of God provides magical armor and improves resistence against hostile spells, and should be useful for any adventurer. Which would you like?"", 'Very good. Please accept the helm and cuirass, with our thanks. And accept, on the behalf of Vivec City, our thanks for ridding us of this dangerous killer.', 'Very good. Please accept the belt, with our thanks. And accept, on the behalf of Vivec City, our thanks for ridding us of this dangerous killer.', ""I am grateful for the work you did for us. But I'm afraid I have no more work for you. Thank you anyway.""]",NPC
Elder Scrolls Morrowind,2002,US,Eleedal-Lei,Male,"['What are you doing here? What can I do for you?', 'If you want to set us free, look for the key to our bracers somewhere here in the egg mine or in Tel Branora.', 'Yes, we are rebelling. If Therana sent you, go ahead and kill us.', 'Therana is mad. She demands more and more kwama eggs, and when the mine is empty, she still demands more. I delivered the eggs last time, and found she was not even eating them. She was decorating her home with rotting kwama eggs. It was then I decided I could not go on.', 'I am surprised you are willing to listen... Will you help us? I was a sorcerer in Black Marsh, but I cannot cast spells with these slave bracers on. Will you find the key to our slave bracers and free us? There may be a key here, but we have not yet found it. I am sure there is a key in Tel Branora.', 'You will free us? I am not sure I believe you... Very well. Try and find a key to my slave bracers in Tel Branora or here in the egg mine. Once I am free, I will let the others go free and lead them to safety.', 'Have you found the key? Will you let me go free?', 'I would rather die free than be a slave again.', 'I would rather die free than be a slave again.', 'I would rather die free than be a slave again.', 'Do you have the key to these bracers? Will you let me go free?', 'Have you found the key? Will you let me go free?', 'Have you found the key?', 'Yes, I am free now. I will free the others and lead them back to Black Marsh.', 'Yes, I will free the other slaves. I will guide them back to Black Marsh when it is safe.', 'Yes, I will free the others. Soon we will return to Black Marsh.', 'If you set me free, I will free any slaves that remain here and lead them to safety.']",NPC
Elder Scrolls Morrowind,2002,US,Elmussa Damori,Female,"[""Okay, I confess. I stole them under contract with the Thieves Guild. They are in the chest on my windowsill. Here is the key. Odral Helvi has abused his power and made many enemies. Flatter him a bit, make up some story about where you found the contracts, and I'll put in a good word for you with my Guild and with House Hlaalu."", ""I've given you the key. Take the documents back to Odral, but don't tell him that it was me, all right? Just make up some story."", 'Thanks, .']",NPC
Elder Scrolls Morrowind,2002,US,Elvil Vidron,Male,"['Red Mountain spreads ash and blight! Sinners gather at the House! The time of the Incarnate is at hand!', 'You disbelieve? I know my destiny. And you will have a hard time proving otherwise. I have seen the message in the dream. Have you not also experienced the waking dream?', 'You cannot harm me, pawn of the Temple! Leave before I prove the truth of my prophecies on your flesh!', 'Who then, if not myself? The dreams are unyielding! Every day, every night! I must be the one... I must... No, your words are not convincing enough.', 'Who then, if not myself? There must be a meaning to these dreams. Perhaps you are right... Your words have guided me. I will seek penance for my sins. Forgive me and thank you.', 'I will no longer claim to be the Incarnate.', 'I have seen the error of my ways, . Your wisdom has guided me through the most disturbing time.']",NPC
Elder Scrolls Morrowind,2002,US,Emul-Ran,Male,"['You are suggesting we have done this thing? That is fine, %PCRace, for it is true. Kashtes and I have taken the hides, and in our possession they will remain. Prepare to meet your gods, for no one may take what is now ours.']",NPC
Elder Scrolls Morrowind,2002,US,Endase Avel,Female,"[""Here's a recent edition of the Brown Book of Great House Telvanni. It lists the current Telvanni councilors and their residences. Let me mark the locations of the councilor's towers on your map -- Tel Aruhn, Tel Vos, Tel Mora, Tel Branora. And Tel Naga is right in the center of Sadrith Mora.""]",NPC
Elder Scrolls Morrowind,2002,US,Endryn Llethan,Male,"['What brings you to the Temple, Diviner ? Have you been lax in your duties?', 'A holy woman here in Vivec is spreading the Divine Disease to others. Someone must convince Tanusea Veloth to leave Vivec City.', ""Tanusea Veloth is a holy Pilgrim and well loved by the people. Do not kill her unless there is no other way. Try and convince her to go to the Corprusarium before she spreads the Divine Disease to others. She is very devout and would be most easily impressed by some show of your devotion to the Temple's teachings."", 'Did you convince Tanusea Veloth to leave Vivec City?', 'You may find her in the Arena Canton.', 'Did you convince Tanusea Veloth to leave Vivec City?', ""She's over at the Arena. She has Corprus. Don't go near her."", 'I am glad you were able to convince Tanusea Veloth to leave. She will be cared for in the Corprusarium and will no longer spread tje disease. Since you may have been exposed to a blight disease, please take these potions. Are you ready for further duties?', 'What brings you to the Temple, Diviner ? Have you been lax in your duties?', 'To prove that you have patience and wisdom you must make the Pilgrimage to the Sanctus Shrine.', 'To make the Pilgrimage, I must swear you to silence. If you speak with anyone before reaching the shrine, you will have broken your vow. Before you are sworn to silence, you may wish to purchase some potions of levitation or water walking. There is no easy way to get to the Sanctus Shrine in Dagon Fel and the waters can be dangerous. Tell me when you are ready to take the vow of Silence.', 'I swear you to silence. You may not speak again until you reach the Sanctus Shrine in Dagon Fel. The shrine is on an island west of Sheogorad. Look for a shack with a triolith beside it. I will mark it on your map.', 'You may wait as long as you wish.', 'Have you completed the pilgrimage to the Sanctus Shrine?', 'Obviously you have failed your pilgrimage to the Sanctus Shrine.', 'You broke your oath of silence, Diviner . This is disappointing. Perhaps you are not suited for the Temple.', 'You have already attempted your Pilgrimage to the Sanctus Shrine.', 'Have you completed the pilgrimage to the Sanctus Shrine?', 'You made the pilgrimage to the Sanctus Shrine, and you have proven your piety. I celebrate your devotion. Perhaps you would enjoy these books.', 'You have already made your Pilgrimage to the Sanctus Shrine.', 'What brings you to the Temple, Diviner ? Have you been lax in your duties?', 'A precious relic of the Temple, the Shoes of St. Rilms, has been lost.', 'In a dream, a priest had a vision of the Shoes of St. Rilms lying neglected in the depth of Ald Sotha, just northeast of Vivec. Go to Ald Sotha and, if this is a true vision, return this sacred relic to the Temple. I offer you these potions to aid in your quest.', 'Go to Ald Sotha, just northeast of Vivec, and return this sacred relic to the Temple.', 'Have you found the Shoes of St. Rilms?', 'Yes, these are the Shoes of St. Rilms. Will you return them to their proper place in the Temple?', 'Good. I will make sure they are cared for.', 'Perhaps you do not understand the importance of this priceless relic.', 'What brings you to the Temple, Diviner ? Have you been lax in your duties?', 'There is a foul cult operating under the St. Delyn Canton here in Vivec. Their meeting place is known as Ihinipalit.', ""The cult meets tehre. I know only that Ihinipalit is somewhere beneath the St. Delyn Canton. Go there with fire in your eyes and in your heart. Bring the Temple's justice to the leader of this cult, Bjadmund. I wish I could accompany you, Master , but I cannot. However, I can offer you these scrolls."", 'Have you cleansed the cult of Ihinipalit?', 'Yes, I heard Bjadmund is dead and the dark cult has been cleansed from the shrine of Ihinipalit. You have earned the respect of the Ancestors. Please take this Ancestral Wisdom Staff and my gratitude.', 'Yes, Master . I believe Archcanon Saryoni wishes to speak with yoou. Here is the key to his rooms, behind the locked door here.']",NPC
Elder Scrolls Morrowind,2002,US,Eno Hlaalu,Male,"[', you have found me. If you wish, you may request to join the Morag Tong.', 'The Morag Tong has been watching you, and we are pleased. One of your exceptional talent cannot go unmastered. Join us.', 'I will let you join as a probationer. To gain full membership, you must pass a test. Here is a writ for the honorable execution of Ferurern Oran. You can find him in the Elven Nations Cornerclub, which is in the Hlaalu Plaza. Slay him honorably and report to me.', 'The Morag Tong executes writs and performs special duties as the ruling houses direct. Guild members never harm or steal from any brother or sister - regardless of rank. Never betray our secrets or our identities. If you break any of these rules, you must immediately speak with a Master to regain your good standing or you may be targeted for execution. Do you feel you can succeed within these guidelines?', 'I will let you join as a probationer. To gain full membership, you must pass a test. Here is a writ for the honorable execution of Ferurern Oran. You can find him in the Elven Nations Cornerclub, which is in the Hlaalu Plaza. Slay him honorably and report to me.', 'He may be found at the Elven Nations Cornerclub in the Hlaalu Plaza here in vivec. Slay him honorably and you may join the Morag Tong.', 'I have given you the authority to act in the name of the Morag Tong. You are charged with the honorable execution of Ferurern Oran. Succeed and join us. Fail and die.', 'We are not accepting writs now, .', 'The Morag Tong executes writs and performs special duties as the ruling houses direct. Guild members never harm or steal from anyone - except the target of a legal Writ of execution. Never betray our secrets or our identities. If you break any of these rules, you must immediately speak with a Master to regain your good standing or you may be targeted for execution.', 'Come back when you have more experience.', 'You were unwise to have contacted me.', 'You may call me Eno Hlaalu. What I do is my own affair.', 'Swift and agile are the Morag Tong. Silent and unseen they move. Illusions they supply to misdirect their prey. Close and sure they strike with shortblade, or distant and secure they strike from afar with accurate missile fire. Light armor protects them from harm, and the acrobatic discipline finds for them the unseen and unlooked-for path. Have you these virtues? Then, perhaps, your oath and service may please the Morag Tong.', 'Have you killed Ferurern Oran? Are you read to join the Morag Tong?', 'Are you here to report your success? If so, perhaps you can join the Morag Tong.', 'Ferurern Oran is dead? Then welcome , to the Morag Tong. Any Master of the Morag Tong can tell you what writes are available and weather you are a candidate for advancement. When you have proven yourself, I will have special duties for you.', 'Yes, you have slain Ferurern Oran. You belong to the Morag Tong.', 'You belong to us already, Associate .', 'Yes, Associate? Are you here to see what writs are open?', 'I have two Writs. One on Odaishah Yasalmibaal and one on Toris Saren.', 'An honorable Writ has been issued by a noble of House Telvanni for the Ashlander Odaishah Yasalmibaal. It will be more trouble tracking him down that killing him. Take a boat from Sadrith Mora to Tel Aruhn. Swim southwest until you reach the coast. Odaishah has built his yurt right on the coast near the end of a small peninsula.', 'I have given you this Writ already, .', 'Yes, Associate? Are you here to see what writs are open?', 'I hear that Odaishah Yasalmibaal is dead. Good. Here is your payment for this Writ.', 'You have executed this Writ already, .', 'Yes, Associate? Are you here to see what writs are open?', 'I have two Writs. One on Odaishah Yasalmibaal and one on Toris Saren.', 'Toris Saren may be found in Saren Manor in the Plaza of the Redoran Canton here in Vivec. His family is influential. Make sure his execution is swift and honorable. You need no more instructions than this.', 'I have given you this Writ already, .', 'Yes, Associate? Are you here to see what writs are open?', 'You have claimed and executed the Writ on Toris Saren. Here is your payment.', 'Toris Saren is dead by your hand.', 'Yes, Blind Thrall ? Are you here to see what writs are open?', 'I have a Writ on Sarayn Sadus and a Writ on Etha Seloth and Idroso Vendu.', 'A Writ has been invoked on Sarayn Sadus. I assign it to you, . He is hiding with other outlaws in Zaintirari. This is near the hut where you honorable murdered Odaishah Yasalmibaal. I will mark the Erabenimsun Camp on your map. From there, head northwest until you reach a steampit surrounded by dead trees. Zaintirari is to the north of this pit, but hidden by rocks. Search well, .', 'Yes, Associate? Are you here to see what writs are open?', 'You have honorable executed the Writ on Saryn Sadus. The payment and honor for this Writ is yours.', 'You have already executed the Writ on Sarayn Sadus.', 'Yes, Blind Thrall ? Are you here to see what writs are open?', 'I have a Writ on Sarayn Sadus and a Writ on Etha Seloth and Idroso Vendu.', ""You must execute not one, but two: Ethal Seloth and Idrosos Vendu. They are murderers, but they are also Telvanni. The Duke will do nothing. The Morag Tong is being paid well by their victim's families to execute justice. Look for them in the temporary housing of the Telvanni Plaza here in Vivec. Swiftness and accuracy to you."", 'Yes, Associate? Are you here to see what writs are open?', 'I heard how you brought justice to Ethal Seloth and Idroso Vendu. You deserve the payment and honor of this Writ.', 'The Morag Tong executs justice on murderers when the law cannot or will not.', 'Yes, Brother ? Are you here to see what writs are open?', 'There are two outstanding Writs. One on Guril Retheran and one on Galasa Uvayn.', 'Guril Retheran may be found in the Flowers of Gold Cornerclub in the Redoran Canton Waistworks. His family is influential in House Redoran, and this may have consequences, but the Writ is genuine and honorable and must be executed.', 'Yes, Brother ? Are you here to see what writs are open?', 'You have executed the Writ on Guril Retheran. You have earned the payment and the honor.', 'The Writ on Guril Retheran has been executed.', 'Yes, Brother ? Are you here to see what writs are open?', 'There are two outstanding Writs. One on Guril Retheran and one on Galasa Uvayn.', 'This Writ is for Galasa Uvayn, who offended a Redoran Lord. She may be found at the Hlaalu Treasury in the Waistworks of the Hlaalu Canton. Go.', 'Yes, Brother ? Are you here to see what writs are open?', 'You have honorably slain Galasa Uvayn. You well deserve this payment and the honor of the kill.', 'The Writ on Galasa Uvayn has been executed.', 'Yes, Knower ? Are you here to see what writs are open?', 'There is an outstanding Writ on Mavon Drenim and a new Writ on Tirer Belvayn.', 'This Writ is for the honorable execution of Mavon Drenim. He may be found in the Telvanni tower in the Plaza of the Telvanni Compound in Vivec. Mephala guide your hand.', 'Yes, Knower ? Are you here to see what writs are open?', 'You have honorably executed Mavon Drenim. Please take the payment and credit, .', 'Mavon Drenim is dead.', 'Yes, Knower ? Are you here to see what writs are open?', 'There is an outstanding Writ on Mavon Drenim and a new Writ on Tirer Belvayn.', 'We have a Writ for the honorable execution of Tirer Belvayn. He may be found in Shara, which is on the southwest coast of Sheogorad. Go to Dagon Fel and follow the road south past the Dwemer ruins and west until a branch heads southwest to the coast. Shara is to the south. Go now.', 'Yes, Knower ? Are you here to see what writs are open?', 'You have honorably executed Tirer Belvayn. The payment is yours.', 'Tirer Belvayn is dead.', 'Yes, Exalted Master ? Are you here to see what writs are open?', 'I have a Writ on Mathyn Bemis and a Writ on Brilosu Llarys.', 'Mathyn Bemis may be found in the Ancestral Vaults in the Hlaalu Canalworks. He is the head of a gang of outlaws who will defend him from Morag Tong justice. Swiftness and accuracy to you.', 'Yes, Exalted Master ? Are you here to see what writs are open?', 'So Mathyn Bemis is dead. No trouble? Good. Here is your payment.', 'Mathyn Bemis is dead.', 'Yes, Exalted Master ? Are you here to see what writs are open?', 'I have a Writ on Mathyn Bemis and a Writ on Brilosu Llarys.', 'This Writ is for Brilosu Llarys who consorts with Daedra and outlaws. She is hiding at the Dunmer stronghold Hlormaren which is on the coast west of Balmora, north of Hla Oad. I will mark this on your map. Go now, Exalted Master.', 'Yes, Exalted Master ? Are you here to see what writs are open?', 'I heard that you executed Brilosu Llarys. The honor and payment are yours.', 'The Writ for Brilosu Llarys has already been executed.', 'Yes, Exalted Master ? Are you here to see what writs are open?', 'There has been a Writ issued on Navil Ienith and Ranes Ienith.', ""This is a Writ for two of Orvas Dren's men, Navil Ienith and Ranes Ienith. Both must be executed. They may be found on the Dren Plantation, which is east of Pelagiad and west of Suran. Mephala be with you."", 'Yes, Exalted Master ? Are you here to see what writs are open?', ""You have honorable executed Orvas Dren's men. You deserve the credit and payment for this Writ."", 'The Writ on Navil and Renas Ienith has been executed.', 'I have no more writs for you at this time.', 'Yes, Exalted Master ? Are you here to see what writs are open?', 'There has been a Writ issued on Navil Ienith and Ranes Ienith.', 'I can see no reason why you would have already murdered these men. The Morag Tong are honorable assassins, not common thugs. Still, by law and tradition, I must give you credit for this Writ.', 'The amulet of Sanguine Enterprise is one of the threads of the Webspinner. I already have this thread. Perhaps you will find other threads. When you do, bring them to me.', ""So Movis Darys had this belt. Shall it be returned to Mephala's black hands?"", ""So you have found the Belt of Sanguine Martial Craft, another Thread of the Webspinner. Are you ready to return the belt to Mephala's black hands?"", ""So you have found the Glove of Sanguine Horny First. Is it time for this glove to be reunited with its brothers in Mephala's service?"", ""So you have found the Amulet of Sanguine Glib Speech, another Thread of the Webspinner. Is it time for this Amulet to be reunited with its brothers in Mephala's service?"", ""So you have the Ring of Sanguine Golden Wisdom. Will you deliver this ring to Mephala's service?"", 'I see you have the Ring of Sanguine Green Wisdom, one of the Threads of the Webspinner that Mephala dedicated to our cause long ago. Will you return this Thread to the custody of the Morag Tong?', ""You have in your possession the Belt of Sanguine Impaling Thrust, one of Mephala's Threads. Will you deliver the belt back to the service of the Morag Tong?"", 'I see you have the Shoes of Sanguine Leaping, one of the Threads of the Webspinner that Mephala dedicated to our cause long ago. Will you return this Thread to the custody of the Morag Tong?', ""So you have found the Glove of Sanguine Safekeeping, another Thread of the Webspinner. Are you ready to return the glove to Mephala's black hands?"", ""So you have found the Ring of Sanguine Silver Wisdom, another Thread of the Webspinner. Are you ready to return the ring to Mephala's black hands?"", ""So you have found the Belt of Sanguine Smiting. Will you deliver this belt to Mephala's service?"", ""You have in your possession the Shoes of Sanguine Stalking, one of Mephala's Threads. Will you deliver the shoes to the service of the Morag Tong?"", 'I see you have the Belt of Sanguine Stolid Armor, one of the Threads of the Webspinner that Mephala dedicated to our cause long ago. Will you return this Thread to the custody of the Morag Tong?', 'I see you have the Ring of Sanguine Unseen Wisdom, one of the Threads of the Webspinner that Mephala dedicated to our cause long ago. Will you return this Thread to the custody of the Morag Tong?', ""You have in your possession the Belt of Sanguine Deep Biting, one of Mephala's Threads. Will you deliver the belt back to the service of the Morag Tong?"", ""You have in your possession the Belt of Sanguine Sureflight, one of Mephala's Threads. Will you deliver the belt back to the service of the Morag Tong?"", 'I see you have the Belt of Sanguine Balanced Armor, one of the Threads of the Webspinner that Mephala dedicated to our cause long ago. Will you return this Thread to the custody of the Morag Tong?', 'I see you have the Amulet of Sanguine Nimble Armor, one of the Threads of the Webspinner that Mephala dedicated to our cause long ago. Will you return this Thread to the custody of the Morag Tong?', ""So you have the Ring of Sanguine Fluid Evasion. Will you deliver this ring to Mephala's service?"", ""You have in your possession the Ring of Sanguine Red Wisom, one of Mephala's Threads. Will you deliver the belt back to the service of the Morag Tong?"", ""So you have the Ring of Sanguine Transfiguring. Will you deliver this ring to Mephala's service?"", ""You have the Belt of Sanguine Hewing, one of Mephala's Threads. Return the Belt to me and it shall once again be dedicated to Mephala's service."", ""You have the Glove of Sanguine Swiftblade, one of Mephala's Threads. Return the glove to me and it shall once again be dedicated to Mephala's service."", ""You have the Ring of Sanguine Transcendence, one of the Threads of the Webspinner. Return the ring to me so that it may once again be dedicated to Mephala's service."", ""Yes, Thrall . You have come to see what writs are open. Or perhaps you want special duties to spread the Night Mother's glory."", 'The Dark Brotherhood is operating here in Morrowind. I want you to contact the Dark Brotherhood.', 'The Dark Brotherhood rebelled against the Morag Tong many years ago. Since then they have been our enemy. I want you to speak with Miun-Gei, a Mehrunes Dagon cultist who has an Enchantment shop in the Lower Waistworks of the Foreign Quarter. I believe he knows of a contact in the Dark Brotherhood. When you have taken a name from him, bring that name to me.', 'Were you able to contact the Dark Brotherhood?', 'So Tsrazami is an agent of the Dark Brotherhood. You have done well. I will send agents to question Tsrazami.', 'We are still at war with the Dark Brotherhood. Do not forget that.', 'Were you able to contact the Dark Brotherhood?', 'So Tsrazami is an agent of the Dark Brotherhood. And you have already questioned her yourself. I will certainly be interested in meeting her. At a place and time of my own choosing, of course. Please take these scrolls. I have found them useful at times.', 'We are still at war with the Dark Brotherhood. Do not forget that.', ""Yes, Thrall . You have come to see what writs are open. Or perhaps you want special duties to spread the Night Mother's glory."", 'Many years ago, Black Hands Mephala made a deal with Sanguine for twenty seven tokens she could give to her devoted followers. The Dark Brotherhood stole these tokens from us, but Mephala has arranged for them to return here to Vvardenfell one by one. I want you to bring me one of these tokens, the Belt of Sanguine Fleetness.', ""Over the years, the Threads of the Webspinner have found the way into the hands of our enemies. By Mephala's subtle manipulations, all these Threads shall return to us. Hrordis has this belt. She is a Nord, a Sorceress, and a member of the Dark Brotherhood. Find her in Pelagiad at the Halfway Inn. Return the belt to me."", 'Have you found the Belt of Sanguine Fleetness?', ""You have the Belt of Sanguine Fleetness, one of the Threads of the Webspinner. Now then, return the Belt to me so that it may once again be dedicated to Mephala's service."", 'The Belt of Sanguine Fleetness will take its place with the rest of the Threads of the Webspinner. Soon all these Threads will be returned to us by the machinations of Mephala, for all Threads lead to her black hands.', 'You have returned the Belt of Sanguine Fleetness, but this is only one of the Threads of the Webspinner.', 'So. You do not truly care for our cause.', ""Yes, White Thrall . You have come to see what writs are open. Or perhaps you want special duties to spread the Night Mother's glory."", 'Sometimes an agent of the Dark Brotherhood is honorable enough to join the Morag Tong. One such candidate has come to my attention. I want you to speak with Movis Darys.', ""Movis Darys is in the Mages Guild in Ald'ruhn. He is posing as a student in the Imperial school there. Speak with him and if you cannot convince him to join our cause, end his life. He is not like the others in the Dark Brotherhood. If you must kill him, make sure his death is honorable."", 'Will Movis Darys join us?', 'So Movis Darys has agreed to join us. Good. I shall pay you as if you had executed a Writ on Movis Darys. Take these 1000 drakes.', 'Movis Darys has agreed to join the Morag Tong. He will be our eyes and ears in the Dark Brotherhood.', 'Will Movis Darys join us?', ""So Movis Darys is dead. It is unfortunate, but if he wouldn't join us... In any case, I shall pay you as if this was a Writ. Take these 1000 drakes with my gratitude."", 'Movis Darys is dead, . There is no more to discuss.', ""Yes, Thinker . You have come to see what writs are open. Or perhaps you want special duties to spread the Night Mother's glory."", 'Worshippers of Mehrunes Dagon here in Morrowind are sheltering members of the Dark Brotherhood. I want you to speak with one of these cultists, Carecalmo, and give him an ultimatum.', 'Carecalmo can be found in Ashalmimilkala. When you speak to him, give him this ultimatum: Stop protecting the Dark Brotherhood or the Morag Tong will declare private war on all cultists of Mehrunes Dagon.', 'It is a Daedric ruin on an island on the west coast of Vvardenfell. Go to Hla Oad and head on the road north until you reach the Stronghold of Hlormaren. When you do, head west to the coast and then south until you see bridges leading to an island. Ashalmimilkala is on that island.', 'What did Carecalmo say to our ultimatum?', 'So Carecalmo refused to speak with you. Very well. We shall crush the Dark Brotherhood and their allies in the cult of Mehrunes Dagon. Take these 1000 drakes for the execution of Carecalmo.', ""Yes, Thinker . You have come to see what writs are open. Or perhaps you want special duties to spread the Night Mother's glory."", 'Worshippers of Mehrunes Dagon here in Morrowind are sheltering members of the Dark Brotherhood. I want you to speak with one of these cultists, Carecalmo, and give him an ultimatum.', 'You have already cleansed Ashalmimilka of the Mehrunes Dagon cultists? Then a private war against the Dark Brotherhood and their allies in the cult of Mehrunes Dagon is our fate.', 'Carecalmo is dead. There is nothing more to discuss.', ""Yes, Thinker . You have come to see what writs are open. Or perhaps you want special duties to spread the Night Mother's glory."", 'I have heard of another Thread of the Webspinner. This one is the Ring of Sanguine Sublime Wisdom.', 'The Ring of Sanguine Sublime Wisdom is held by Anel Rethelas. He may be found in the Daedric ruins of Yasammidan west of Ald Velothi, past the Dwemer ruins.', 'Have you found the Ring of Sanguine Sublime Wisdom?', ""So you have found the Ring of Sanguine Sublime Wisdom. Is it time for this ring to be reunited with its brothers in Mephala's service?"", 'So the Threads return to us one by one.', 'So your true loyalties shine through. Rest assured that the Morag Tong will have all the Threads of the Webspinner very soon.', 'You have returned the Ring of Sanguine Sublime Wisdom.', ""Yes, Exalted Master . You have come to see what writs are open. Or perhaps you want special duties to spread the Night Mother's glory."", 'One of the leaders of the Dark Brotherhood here in Vvardenfell is Durus Marius. He and his followers have retreated to Assernerairan.', 'Assernerairan is in the Underworks of the St. Olms Canton here in Vivec City. Find this foul place and honorably execute Durus Marius, the leader of these Mehrunes Dagon cultists.', 'How goes the fight in Assernerairan?', 'So Durus Marius is dead and the cult in Assernerairan has been crushed. Please take these 2000 drakes as if this were a Writ of Execution.', 'Durus Marius is dead. There is no more to discuss.', ""Yes, Exalted Master . You have come to see what writs are open. Or perhaps you want special duties to spread the Night Mother's glory."", 'Many have fought in our private war against the Dark Brotherhood and the cult of Mehrunes Dagon. Now the Night Mother of the Dark Brotherhood in Vvardenfell has fled to the ruins of Ald Sotha.', 'Ald Sotha is northeast of Vivec. Somewhere in Ald Sotha you will find Severia Magia, the Night Mother of the Dark Brotherhood in Vvardenfell. Slay her and return to me.', 'Have the leaders of the Dark Brotherhood met their end in Ald Sotha?', 'The Night Mother is no more. You have done well, . This ritual dagger has been passed from one Grandmaster to another for years. I believe you are the one who should wield it now and darken its blade with blood.', 'The Dark Brotherhood can no longer hide from us in Ald Sotha.', 'Someday you may replace me as Grandmaster of the Morag Tong.', 'You have the talent and the drive to be the new Grandmaster.', 'You have advanced as far as you can without challenging me, the Grandmaster.', 'Traditionally, the Grandmaster of the Morag Tong is honorably executed by the new Grandmaster. You can certainly fight me if you think you can win... But I am tired. If you allow me to retire peacefully, I will name you the new Grandmaster. No one will question our word.', 'So be it. I will leave here soon. You are the new Grandmaster of the Morag Tong. Always watch for the Dark Brotherhood, for I am sure they will soon try to regain what you have taken from them here.', 'Yes, I will retire soon. You are the Grandmaster.', ""You're the Grandmaster now, ."", 'So be it.']",NPC
Elder Scrolls Morrowind,2002,US,Eraldil,Female,"[""That lowly Hlaalu trader? He's ridiculous."", ""He thinks I might be interested in him? Ha! That's a ridiculous notion. The very thought...insane. I mean, has he seen himself in a mirror lately? I'm sure he's a decent enough sort, but that's ridiculous. He might be more suited for my cousin Glathel. She's low-born, plain, and desperate for a husband. But me? You can tell Gadayn that you've spoken to Eraldil, and she's not interested!"", ""She's a decent, if rather common sort. I mean, I don't have much to do with her. She's rather plain, not too bright. But she's not a bad person, for what she is. You can find her at the Elven Nations Cornerclub. She's a serving girl."", ""He wishes to apologize? How very noble. But, at least he sent a gift along, which is certainly appropriate. Well, I'm sure I'll have use for it sometime, although it's probably not even of good quality."", ""That husband of mine? He's cheap, pathetic, stupid, lazy, messy, uncaring, clinging, and rather smelly. But I love him!"", ""Have you heard? Seven victims? Here in Vivec? All with their throats slit? When it was just a few outlanders killed, the Ordinators weren't making much fuss. But now that they've had two of their own people with slit throats, they seem very concerned at the Hall of Justice. I've heard that the Office of the Watch is quietly looking around for some special help. Anything that can kill TWO Ordinators before they can draw their weapons sounds like it will NEED special help.""]",NPC
Elder Scrolls Morrowind,2002,US,Ertius Fulbenus,Male,"[""Welcome to Gnisis, . I'm Ertius Fulbenus. Can I help you find someone in particular? Or are you just looking for a little advice from a local?"", ""Mehra Drora is Gnisis Temple Priestess. Hetman Abelmawia is Village Hetman. General Darius lead the Deathshead Legion garrison at Fort Darius; Optio Bologra, an Orc, is Deathshead Legion's Camp Prefect. Fenas Madach runs the Madach Tradehouse. A renegade Telvanni wizard, Baladas Demnevanni, lives in Arvs Drelen, the Old Veloth tower."", ""Optio Bologra is the Camp Prefect of the Deathshead Legion garrison at Fort Darius. He's a tough and violent orc, not clever or polished, but nonetheless an effective and respected officer."", ""The Empire built a fort near Gnisis village with the help of House Redoran. They named this fort after the garrison's commandant, General Darius."", ""He's here, check his office on the lower level."", ""He keeps to himself, has his food and supplies delivered to the door. He's been a good neighbor, quiet, no trouble."", ""Mehra Drora is our local priestess over at the Gnisis Temple. She heals and trains the Temple faithful... for a fee. She's Indoril -- a Great House traditionally linked to the New Temple cult -- but not a snob or prig, like most Indorils.""]",NPC
Elder Scrolls Morrowind,2002,US,Erur-Dan,Male,"['Welcome, Incarnate. I am Erur-Dan. I was not the one. But I wait and hope. Ask, and I shall tell you my story.', 'I saw Morrowind fall to the Empire. I lived through the humiliation of the surrender, swore hatred and vengeance against Imperial and Tribunal alike for their betrayals. In later years, I despaired, and turned to Red Mountain, where I grew old and died fighting the blight and Red Mountain monsters. Take my weapons and armor. I have no further use for them.', 'I have failed. I was not the one.', 'A darkness is on the land, and only you can bring the light.', 'I am Erur-Dan. I was called to the prophecies, but I was not the one.', 'You are the Prophesied One. You must save the Dunmer people.', 'An ancestor has no trade, but to guard and counsel the living kin.', 'You are the Nerevarine. You are the Incarnate. You are the one. You must not fail.', 'The Devil is dead, and the Blight is gone. You are the Nerevarine. You are the Incarnate. You are the one.']",NPC
Elder Scrolls Morrowind,2002,US,Esar-Don Dunsamsi,Male,"['The Imperial legions are mighty warriors. No one can defeat them when they march in rows in open fields. But here, in our ashlands and wild places, they are no match for us.']",NPC
Elder Scrolls Morrowind,2002,US,Ethasi Rilvayn,Female,"['What can I do for you, Grandmaster?', 'With the recent troubles, we have had many Writs issued. The most challenging I have saved for you, Grandmaster. This is one for Larrius Varro in Fort Moonmoth near Balmora.', 'What can I do for you, Grandmaster?', 'Excellent work, Grandmaster. I heard how cleverly you killed Larrius Varro. As you are now Grandmaster and the executor of the Writ, the full payment must go to you.', 'The Writ on Larrius Varro has been executed.', 'What can I do for you, Grandmaster?', 'I have a Writ for Baladas Demnevanni. He may be found in his tower, Arvs Drelen, near Gnisis. I have heard that he is quite formidable, Grandmaster, but surely not a match for your skills.', 'What can I do for you, Grandmaster?', 'You have honorably executed Baladas Demnevanni. Your work will become Morag Tong legend.', 'Baladas Demnevanni has been executed by your hand, Grandmaster.', 'What can I do for you, Grandmaster?', 'Dram Bero is a very secretive man who lives somewhere in Vivec City. Take this Writ and show him that he cannot hide from the Morag Tong.', 'What can I do for you, Grandmaster?', 'You found and honorable executed Dram Bero, Grandmaster. You work is excellent as always.', 'The Writ on Dram Bero has been executed.', 'What can I do for you, Grandmaster?', 'Mistress Therana is a dangerous and unstable Telvanni wizard. She lives in the Tower of Tel Branora. Take this Writ and end her insanity.', 'What can I do for you, Grandmaster?', 'You have honorably executed Mistress Therana, a most dangerous foe. I am impressed, Grandmaster. Pleace accept the payment for this Writ.', 'The Writ on Mistress Therana has been executed.']",NPC
Elder Scrolls Morrowind,2002,US,Ethys Savil,Male,"[""I'm not interested, fetcher."", 'Am I talking to you, fetcher? No. I am talking to the filthy lizard. So push off.', ""Go ahead. Keep talking. And I'm gonna pop your head off, and feed it to the filthy lizard."", ""Hey, look. It's none of my business. Folks want to talk to a filthy lizard, it's their problem, not mine. Got out of here. And good riddance."", ""Fine, he wants a filthy lizard in here, I don't care. We'll leave him alone."", 'Oh, go away, will you.', 'What, are you some kind of filthy lizard lover? You wanta give your little friend a big kiss?', 'Blah, blah, blah. He can stay here forever, for all I care. Not my problem.', ""They're stupid, they stink, whattya expect? Nobody likes 'em. But there're not worth worrying about.""]",NPC
Elder Scrolls Morrowind,2002,US,Eydis Fire-Eye,Female,"['You are in the Balmora Guild of Fighters now. I am the Guild Steward.', "". The citizens give us duties and gold, and I pass some of them on to you. When you're ready for advancement, just come ask me and I'll tell you if you're ready or not."", ""You want to join the Fighters Guild? I'm the steward here in Balmora."", ""They're southwest of the town of Caldera, I believe. Check around when you're in Caldera. They'll give you better directions."", ""You'll find basic supplies: arrows, bolts, healing potions. If you need more healing than that, head to the temple. We're able to resupply the chest once in a while, but don't count on it."", 'I have a very simple contract to end an infestation of cave rats. You might be able to handle it.', ""You've been expelled from the Fighters Guild. Until you make amends, I cannot discuss contracts with you."", ""You've been expelled from the Fighters Guild. Until you make amends, I cannot discuss contracts with you."", ""You've been expelled from the Fighters Guild. Until you make amends, I cannot discuss contracts with you."", ""You've been expelled from the Fighters Guild. Until you make amends, I cannot discuss contracts with you."", "". You'll have to make amends."", ""You've been expelled from the Fighters Guild. Until you make amends, I cannot discuss contracts with you."", ""You've been expelled from the Fighters Guild. Until you make amends, I cannot discuss contracts with you."", "". You'll have to make amends."", ""You've been expelled from the Fighters Guild. Until you make amends, I cannot discuss contracts with you."", ""He's Thieves Guild, a Wood Elf. The Telvanni prefer to hire Nords and Wood Elves when they can't get natives. I know nothing about him. But this is not a Thieves Guild job, so he has no protection."", ""She's been expelled from the Fighters Guild. She stole from her Guild Steward. She's stupid, but she can fight. She joined the Thieves Guild when we kicked her out, but she's nobody important. This Caldera Mine trouble is not a Thieves Guild job."", ""She's Thieves Guild, a local Dark Elf. She's known on Azura's Coast. She could be trouble. But like I told you: this Caldera Mine trouble is not a Thieves Guild job."", ""Helaviane Desele owes one of our clients 200 septims. Deliver Desele's debt money to me."", 'We have a contract from the Caldera Mining Company to kill four Telvanni agents responsible for trouble at the Caldera Mine.', ""She's Thieves Guild, a local Dark Elf, no one important. And this Caldera Mine trouble has nothing to do with the Thieves Guild."", ""The Caldera Mining Company says they've learned a group of Telvanni agents are spying on the Caldera Mine works. There have been a number of ebony thefts, missing guards, escaped slaves, and these Telvanni agents are responsible."", ""I told you. This Caldera Mine trouble is not a Thieves Guild job. Yes. They are Thieves Guild. And if you belong to the Thieves Guild, and you murder a Thieves Guild member, you get expelled. But it's only murder if the crime is reported. And you're not going to report it, are you? And, after all, I'm your Fighters Guild Steward, and I'm giving you a job to do. Don't make me wonder about where your loyalties lie."", ""You got both of them? Good. Here's your payment. 100 septims. And we've got some extra potions from a recent raid. Take these. They'll come in handy. Just tell me when you're ready for more orders."", ""Yes. Egg poachers. May sound silly, but those kwama eggs are among the few things worth exporting from this nasty little province. Dram Bero, the owner of Shulk Egg Mine, wants to make an example of these thieves to keep other miners from getting funny ideas. The egg poachers, Sevilo Othan and Daynila Valas, are former egg miners, and long-time local troublemakers. You can handle that, can't you? Report back when the poachers are dead."", 'Have you taken care of those egg poachers yet?', ""The mine is a short distance southwest of Balmora, in the bluffs west of the Odai River. The old suspension bridge across the Odai is just southeast of the mine entrance. Follow the river south of Balmora until you see the bridge overhead. You're not afraid of a little swim, are you?"", ""I already told you how to get there. And I don't like repeating myself."", 'The code book our client wants is in the hands of Sottilde at the South Wall in Balmora. Find that code book and bring it back to me.', 'No loss.', ""She's not a problem any more."", 'Not very tough, as it turned out. Eh?', 'I need someone to return a code book that belongs to our client.', ""She wasn't important."", ""She's Thieves Guild. I take full responsibility. And listen. I'm Guild Steward. When I say jump, you ask, 'How high?' Keep that in mind, and we won't have any problems."", 'You took care of that.', ""I told you, right? You slow or something? It wasn't a Thieves Guild job. And that's all water under the bridge, anyway."", ""You got all four? Good. That'll make some people at Caldera Mining Company very happy. And here's 400 septims. The Caldera Mining Company pays well. And when your ready for more orders, let me know."", ""Four Telvanni agents are responsible for thefts and disappearances at the Caldera ebony mines. Their names are Alynu Aralen, Sathasa Nerothren, Fothyna Herothran, and Alveleg. They're hiding in a cave in the hills north of Caldera Mine. When the four agents are dead, report back to me. Take care, it's very likely that one of them is on lookout posted outside the mines. The quickest way to Caldera is probably to have the guild guide at the Mages Guild transport you, but it is your choice."", 'When the four Telvanni agents are dead, report back to me.', ""So you think you can bribe me to betray Sjoring Hard-Heart? Well, you might be right. If you give me the Bitter Cup, I'll pledge my support to the Thieves Guild."", ""So be it. I take this Bitter Cup and pledge to support you against Sjoring Hard-Heart. I never liked the way the Camonna Tong was using an Imperial Guild to destroy another Imperial Guild. Tell the Master Thief to contact me when he's ready."", 'Yes, you gave me the Bitter Cup. I have not forgotten.', ""Since you brought me the Bitter Cup, I'm not working against the Thieves Guild anymore. You have my word."", 'I know that some gifts of Clavicus Vile can be hard to part with. If you change your mind, you know where to find me.', ""Go to Drarayne Thelas' house. It's here in Balmora, along the river on the east side. Ask her where the rats are coming from. Kill the rats and get your payment from Drarayne Thelas. Report back to me once you've taken care of this."", '? Not bad...for you. You ready for more orders?', ""There's nothing more to say about that."", ""Since you brought me the Bitter Cup, I'm not working against the Thieves Guild anymore. You have my word."", ""Yes. Egg poachers. May sound silly, but those kwama eggs are among the few things worth exporting from this nasty little province. Dram Bero, the owner of Shulk Egg Mine, wants to make an example of these thieves to keep other miners from getting funny ideas. The egg poachers, Sevilo Othan and Daynila Valas, are former egg miners, and long-time local troublemakers. You can handle that, can't you? Report back when the poachers are dead."", ""A local egg mine has problems with egg poachers. And you're going to solve those problems."", "". I've learned something unfortunate happened to Drarayne Thelas. Are you ready for more orders?"", "". It's unhealthy."", ""Helaviane Desele owes one of our clients 200 septims. Deliver Desele's debt money to me."", '. The guild needs more like you—obedient and efficient. If you want more orders, just ask.', 'You already have the code book? You have good instincts. Well, just hand it over and these 50 septims are yours.', "". Hand it over and I'll get your payment."", 'The code book our client wants is in the hands of Sottilde at the South Wall in Balmora. Find that code book and bring it back to me.', ""I'll pass any debt collection contracts your way."", 'I have a bounty contract for the Orc Dura gra-Bol.', ""You killed Helviane Desele? Well, that's the way it is sometimes. Some people won't pay their debts."", "". Here's your share."", 'Go get it then.', 'Do you have the 200 septims Desele owes our client?', ""Helviane Desele runs a cornerclub in Suran. She owes Manos Othreleth, one of our clients, 200 septims. Bring this money to me and I'll let you keep half of it."", ""I don't have any more bounty contracts right now."", 'Alof the Easterner has seen Orc outlaws near his farm. I have a contract from Duke Dren himself to investigate the Orcs at a Daedric ruin.', ""I don't have orders for anyone under the rank of Protector. Find out what you need for advancement. The Guild Stewards at Vivec City, Sadrith Mora, or Ald'ruhn might have some work for you in the meantime."", 'You already killed Dura gra-Bol? Well, then, these 250 septims are yours.', ""I heard that Dura gra-Bol is dead. Here's your 250 septims."", 'This Orc is an outlaw, living openly in a house here in Balmora. I have a contract here that says 250 septims are yours if you bring her to justice.', 'A distinguished client has placed a contract on the Verethi Gang.', ""Alof says the Orcs are gone. Here's 500 septims for the Duke's contract."", ""If you already killed those Orcs, why did I get this contract? Well, rules are rules. Here's the 500 septims, your share of what the Duke paid."", ""Duke Vedam Dren himself gave us a contract to take care of the problem. Go to Alof's Farm northeast of Pelagiad and just north of the Arvel Plantation. Alof can tell you where the Orcs are and what needs to be done."", ""? Well, the contract still needs to be filled. Apparently, our only source of information is dead, so you'll just have to search the area until you figure out which orcs to get rid of. Check for any ruins nearby; it'd be a good place for them to hide out."", 'Everyone is grateful to you for clearing the Tomb of the Hunger.', 'What can I do for you, Guildmaster?', "". Try asking the Guild Stewards at Vivec City, Sadrith Mora, or Ald'ruhn."", ""I am sure the Sarano family is grateful. In the meantime, here's some more tangible gratitude: 1000 septims."", 'You already killed the Hunger? Then take the 1000 septims for this contract.', 'A Hunger has violated the Sarano Tomb. Go to this tomb, which is over the hills southeast of Fort Moonmoth between the Ashlands and Lake Amaya, and kill the Hunger.', ""The Verethi Gang won't trouble anyone anymore."", 'There is a dangerous creature loose in the Sarano Ancestral Tomb.', "". Here's the 1000 septims from the contract."", 'If you already killed Dovres Verethi, then I guess I ought to go ahead and pay you the 1000 septims.', 'Our client wants the leader of the Verethi Gang, Dovres Verethi, killed. The Verethi Gang are smugglers based in Mannammu just southeast of Pelagiad. Kill Dovres Verethi and report back to me for 1000 septims.']",NPC
Elder Scrolls Morrowind,2002,US,Falanaamo,Male,"[""Yes, I have such a red shirt with a black vest. But why should I give this to you for free? The Imperial cult is too poor to pay for my work? I don't think so."", 'Indeed? I do make a fine garment, if I do say so myself, and the red shirt with the black vest is one of my favorite traditional designs. And, I admit, I am weak when it comes to such generous praise. Here. Please accept the shirt and vest for the Imperial cult, with my compliments. And also, for yourself, take another shirt, with these matching trousers.', 'I hope you are pleased with my donations.']",NPC
Elder Scrolls Morrowind,2002,US,Falura Llervu,Female,"['My name is Falura Llervu, sera. If you wish to purchase me, you must speak to Savile Imayn.', 'My name is Falura Llervu. Savile Imayn has told me that you plan for me to marry an Ashlander lord. Savile Imayn has taught me what to say and do, and I would be very happy to do this thing. All that remains is for you to purchase me.', 'Yes, sera. Falura Llervu of Velothis Haven, daughter of Andrano Llervu, lord of Tel Llervu, pleased to make your acquaintance. See? Savile Imayn has taught me well. I shall BE a high-born Telvanni lady, and no one will know the difference. Just like a lady. I admit, I am a little anxious about marrying an Ashlander, even an Ashlander chief, but anything is better than being a slave, and I am very tough and smart, and determined to make the best of my chances. But Savile Imayn said you wanted to give me something. Some presents....', 'I am yours. Now I cannot wait to meet my bridegroom.', ""I'm sure she said you had some presents for me. She said you would give them to me before we leave for Zainab camp to meet my bridegroom."", 'Oh, sera! These clothes! They are divine! Such a perfume! Only the very rich can afford this! I shall do everything I can to please you and my new master... that is, my gracious lord and husband-to-be. Come! I am so excited, I cannot wait! Let us travel together to Zainab camp and meet this Zainab lord.', 'Are we ready to travel together to Zainab camp? Do not worry if we must cross water, for I am an excellent swimmer. But take care to protect me from wild beasts and bandits, for I have not learned any of the arts of war. I do know a few spells, but they the spells of a household slave, and will probably be of little use if we are in danger. So. Shall we go now?', 'Very well, then. I will wait here for now. When you are ready, come to me, and I will travel together with you to Zainab camp to meet my new bridegroom.', ""But, first, didn't you have some presents for me?"", ""Very well, . Now you and I will travel together. When we have arrived in the ashkhan's yurt at Zainab camp, we will speak further about my new bridegroom."", 'Yes, yes, sera. Yes, we are here safely. And this fine man, he is to be my bridegroom?', ""He is very distinguished-looking, isn't he? A bit severe, perhaps, but the lines on his face, there, show that he likes to smile. Oh, sera. I think I will be very happy."", 'You are the Nerevarine? But... you are an outlander. How can that be? Such wonders in the world. Before, I was a slave; now I am a companion of the Nerevarine and the bride of a Zainab chief.', ""It was quite a journey, wasn't it?"", 'Yes, thank you, sera. He is a very fine man, and I am very happy.', 'I am Falura Llervu, bride of the Ashkhan Kaushad of the Zainab Ashlanders.', 'Thank you, sera. I am very pleased with Ashkhan Kaushad. He is good-looking, clever, and rich, although a bit full of himself, like all men. Thank you for being my matchmaker and benefactor, and I hope you will return to visit when I have brought many fine sons and daughters to Ashkhan Kaushad.', 'Yes, Nerevarine. I am very happy. And I think Kaushad is happy with his bride. I hope soon to bear Kaushad many fine sons and daughters, and I think our first-born should bear your name, if the spirits are willing.']",NPC
Elder Scrolls Morrowind,2002,US,Fara,Female,"['So do you have the book with you?', ""Yes, this will definitely help me win this year's contest."", 'Well, find the book and bring it to me or Big Helende.']",NPC
Elder Scrolls Morrowind,2002,US,Faral Retheran,Female,"['What can I do for you, ? Are you interested in duties for House Redoran? I may have a few.', 'The son of a Hlaalu noble has slandered House Redoran. Find Meril Hlaano in Balmora nad demand that he withdraw the slander.', 'You can find Meril Hlaano at the Eight Plates in Balmora. Speak with him and make him withdraw the slander.', 'Have you convinced Meril Hlaano to stop his slanders against our House?', 'Meril Hlaano has withdrawn his slanderous statements against our House. Pleace accept this shield as a reward.', 'The matter is closed.', 'What can I do for you, ? Are you interested in duties for House Redoran? I may have a few.', ""The last of the Redas family line has bequeathed the family's belongings to House Redoran. I need someone to recover the family treasures from the Redas Tomb."", ""Go to the Redas Ancestral Tomb and bring me the Redas War Axe, the Redas Chalice, and the Redas Robe of Deeds. The tomb is just south of Molag Mar, but you'll have to go around the mountains west and then following them back east. The tomb is in the side of the mountain, near an ashlander camp."", 'Do you have the treasures of the Redas Tomb?', 'Yes, . You have all three of the treasures. Will you give them to me now?', 'Good. You are doing well. Speak to me again when you want more duties.', 'You have already returned the treasures.', 'That is very disappointing, .', 'What can I do for you, ? Are you interested in duties for House Redoran? I may have a few.', 'Rothis Nethan failed to appear for a duel of honor with Brethas Deras, a Hlaalu noble. This has shamed House Redoran. Track down the craven Rothis Nethan here in the Redoran Canton and persuade him to attend the duel.', 'I believe Rothis Nethan is hiding out at the Flowers of Gold Cornerclub in the Redoran Waistworks here in Vivec. Go talk to him, and make him realise how this has cost the honor of House Redoran.', 'Did you convince Rothis Nethan to appear for the duel?', 'So you were able to convince Rothis Nelas at last. I hope he will appear for the duel this time. Meet him in the arena and watch the outcome of this duel.', 'Did you convince Rothis Nethan to appear for the duel?', ""The duel is over and House Redoran's honor is saved."", 'I hope you will never shame House Redoran by failing to appear for a duel.', 'I am Faral Retheran. The House Redoran steward here in Vivec.', 'The abandoned stronghold of Falasmaryon in Maar Gan has been taken over by a creature known as Dagoth Tanis.', 'The stronghold of Falasmaryon is just northeast of Maar Gan, across the Foyada Bani-Dad. You can get into the Foyada east of Maar Gan. Go there and slay Dagoth Tanis. We sent the Buoyant Armiger, Irer Nervion, to Falasmaryon, but he has not returned. If he is dead, bring back his ancestor ring, so that I can return it to his family.', 'Have you slain Dagoth Tanis?', 'You have slain Dagoth Tanis? Did you find Irer Nervion? Or do you have his ancestor ring?', ""Good. It is a shame that Irer Nervion died, but Dagoth Tanis is dead, and you have returned his ancestor ring. Do you have an ancestor ring of your own? Although you are an outlander, I wil lgive you one of my own family's ancestor rings. May Almalexia show you and your ancestors mercy."", 'Have you slain Dagoth Tanis?', 'You have slain Dagoth Tanis? Did you find Irer Nervion? Or do you have his ancestor ring?', ""I do not see his ancestor's ring. Are you sure you did not misplace it?"", 'That is a shame. I suppose we will never know what happened to him. Still, Dagoth Tanis is dead, and that is a cause for celebration.', 'Dagoth Tanis is dead.', 'What can I do for you House Father ?', 'The Telvanni have begun expanding all over Vvardenfell. This must be stopped. Go to the new Telvanni stronghold of Tel Uvirith and kill the Telvanni Sorcerer Reynel Uvirith.', ""The so-called Tel Uvirith is built on Uvirith's grave, which can be found west of Tel Fyr and northwest of the Erabenimsun camp. Go there and make sure the Telvanni understand that we will not tolerate this illegal expansion."", 'Is Telvanni Reynel Uvirith dead?', 'Yes, Reynel Uvirith is dead. This will send those Telvanni a message.', 'Reynel Uvirith is dead. Tel Uvirith will not be a threat unless some other Telvanni moves in.', 'What can I do for you House Father ?', 'The Hlaalu have also been expanding, and at a more alarming rate. Go to Rethan Manor and kill the new Hlaalu Lord Raynasa Rethan.', 'Rethan Manor is on the Odai Plateau, on the River Odai which heads south from Balmora. Go there and slay Raynasa Rethan. Show these Hlaalu we mean business.', 'Is the Hlaalu lord Raynasa Rethan dead?', 'So Rethan Manor now has no Hlaalu lord. Good work, .', 'The Hlaalu will have a hard time doing business there with Raynasa Rethan gone.', 'You have performed all the duties I have, House Father .']",NPC
Elder Scrolls Morrowind,2002,US,Fargoth,Male,"[""The Bitter Coast is named for the salt marshes along the coast northwest of town. From here to the Odai River, it's rugged coastal hills, then it's roadless, uninhabited swamp all the way north to the West Gash and the Sea of Ghosts. Hla Oad is a fishing settlement north of the Odai, and the fishing village of Gnaar Mok is even farther, and both places are small, isolated, and poor. Hunting is fair, and some folks gather mushrooms, pods, and flowers for alchemists."", 'Are you the one that boat dropped off? Odd to see a boat arrive at that time of the day. Hope the Imperials treated you okay. I swear they took my ring.', ""I swear one of the Guards has it. I had it last week before their weekly Let's shake down Fargoth ritual. An engraved healing ring, family heirloom of mine. You haven't seen it have you?"", ""Darn. Well if you see it let me know. It's an Engraved Ring of Healing. I know it's in there somewhere."", ""You found it! Amazing! Thank you, thank you! You are now my favorite friend. I'll be sure to tell the others, especially my friend Arrille who runs the tradehouse here. Go see him, he'll be happy to see you now!""]",NPC
Elder Scrolls Morrowind,2002,US,Fast Eddie,Male,"['They call me Fast Eddie. Who are you?', 'I was the rising star of House Telvanni until the barely-living Dratha and Gothren put a stop to my career.', ""I'm just waiting here in Balmora until things cool off a bit in House Telvanni."", 'They call me Fast Eddie. Who are you?', 'You want me to be your Mouth?', ""If I'm your Mouth, you'll be my patron. You'll need to give me a Silver Staff of Peace."", ""I've waited for years to be someone's Mouth. I won't disappoint you. I'll go to the Council Hall right away. If you want me to do any chores for you, just let me know."", ""I said I'd be your Mouth, and I will."", ""That's okay. I've been waiting to be a Mouth for years."", ""Well, I've waited a few years. I can wait a few more."", ""I'm still your Mouth, right? Anything I can do for you, Wizard?"", 'I am your Mouth now, Wizard.', 'I am your Mouth. Just tell me how you want me to vote in the Council or if you want me to do chores for you.', ""Of course I'll do a chore for my patron. Tell you what, I know where Master Neloth keeps a hidden Ring of Equity."", ""The Ring of Equity is well hidden in Tel Naga, Neloth's tower here in Sadrith Mora. I'll fetch it for you if you bring me the key to Tel Naga. Master Neloth has a key and many of his servants probably have keys as well. They're all the same. Just find one of these keys and bring it back to me."", 'Have you found the key yet?', ""Where is it? You need to give me the key before I'll risk going into Tel Naga for the Ring of Equity."", ""I'll just wait here until you find the key then."", 'Have you found the key yet?', ""Great. I'll go to Tel Naga and get the Ring of Equity. If I'm not back in a week, I'm probably dead."", ""I'll be on my way soon. I shouldn't be gone more than two or three days."", 'You want the Ring of Equity? I found it for you.', ""I got the ring for you. It's all yours. It should help if you have a fight another wizard, but you can only use it once or twice in a fight."", ""I already gave you the ring. That's the only Ring of Equity I know of."", ""I'm still your Mouth, right? Anything I can do for you, Wizard?"", 'Sure. I know where the Amulet of Unity is.', ""The Amulet of Unity was made many years ago, back in the First Era. It's on the mainland and heavily guarded. I don't want to have to fight those guards, so I'll need at leave five standard Potions of Invisibility. I can cast Invisibility of course, but I'll want to save my magicka for other things."", 'Do you have the five Standard Potions of Invisibility?', ""Good. This should be enough. I'll see you in a few weeks."", ""I'll leave just as soon as I'm ready."", ""I'll wait. I'm not going to get the Amulet of Unity without them."", ""I bet you're here for the Amulet of Unity."", ""I found the Amulet of Unity. It's good thing you gave me those potions or else the guardians would have seen me for sure. I hope that Amulet works as well as they say."", 'I already gave you the Amulet of Unity.', ""Do you have any chores for me? I don't know of anything I could bring you.""]",NPC
Elder Scrolls Morrowind,2002,US,Fathusa Girethi,Female,"[""What? Why would I leave here with a complete stranger to marry a man I've never met?"", ""I understand what you're thinking, and I'm not offended. But I'm not sure I should leave Ald'ruhn."", ""Wait. If I understand you, you're asking saying that this Indarys Manor has a dozen eligible men. And there are only a few women there. And you want me to move there to find a husband, right?"", ""Okay. I agree. Just let me take care of a few things here in town, and I'll pay a visit to Indarys Manor."", 'I have some things to do here in town, but I will come visit Indarys Manor as soon as I can.', ""I'm sorry, but I'm confused. I don't think I will ever understand what you're asking."", ""No, I'm sorry, but I just don't understand at all. You'll have to find someone else to be your friend's wife. If that's what you wanted.""]",NPC
Elder Scrolls Morrowind,2002,US,Favel Gobor,Male,"[""Shut up and butt out, outlander. It's the filthy lizard we're talking to, not you."", ""I'm not talking to you, mate. I'm talking to this here filthy lizard. So shut up, or I'll shut you up."", ""All right. All right. Who gives a damn about a filthy lizard, anyway. Get out of here. We won't bother you."", ""Okay, outlander. You made your point. We'll leave him alone. Get out of here before I change my mind."", 'Just go away and leave me alone.', 'This rotting piece of trash oughta be chained up somewhere, not running around loose.', ""It's an Argonian, and I don't like it. But I can leave it alone."", ""Look. Just keep them lizards away from me, and everything'll be just fine.""]",NPC
Elder Scrolls Morrowind,2002,US,Fedris Tharen,Male,"['Please help me. I feel ill.', 'Do you have something that could help me?', 'Yes, thank you. Yes, I think I feel better already.', 'I feel much better, thank you.', ""Go get help, please. I don't know how long I can hold on.""]",NPC
Elder Scrolls Morrowind,2002,US,Felisa Ulessen,Female,"['What brings you here, ? Do you want chores?', 'Mistress Therana has requested that someone deliver her new clothes to her. I will pay 10000 drakes to anyone willing to deliver her new clothes.', 'She is my patron in House Telvanni, and I am her Mouth. She can be... difficult at times. Be very careful if you must speak with her.', ""Take this skirt and deliver it to Mistress Therana. She lives in Tel Branora and can be... eccentric at times. Take these ALMSIVI Intervention scrolls. Don't hesitate to use them if Therana becomes... difficult."", ""Tel Branora is Therana's tower. It's near the southeast tip of Azura's Coast on an island. I will mark it on your map. I believe you can take a boat there. That's probably the best way."", 'I gave you the skirt. Deliver it to Mistress Therana in Tel Branora. You have to deliver it to her personally, not just put it somewhere in Tel Branora.', 'Did you bring Mistress Therana her new clothes?', ""I trust you did not have any trouble... Well, in any case, I owe you 500 drakes for the delivery. Perhaps I could also teach you how to Mark and Recall if you don't know how already."", 'Your choice, .', 'I do not have anything else for you to deliver to Mistress Therana.', 'What brings you here, ? Do you want chores?', 'Mistress Therana is concerned about a slave rebellion in one of her holdings.', ""The slaves have revolted in the Abebaal Egg Mine. Go there and put an end to this rebellion before it spreads to Mistress Therana's other holdings."", 'First go to Tel Branora. Then head north up the small peninsula. Cross to the next island to the northwest. The mine is on the northern corner of that island.', 'Have you put down the slave rebellion?', 'The rebellious slaves are dead? Very good. Mistress Therana asked me to give you these if you killed the slaves.', 'The slave rebellion is no more.', 'I do not have any chores for you. Speak with the other Mouths if you need chores. Or you could speak with Mistress Therana again, though I would not recommend it.', 'Have you put down the slave rebellion?', 'The leader of this rebellion is dead? Very good. Mistress Therana asked me to give you this ring if you killed the leader.', 'Have you put down the slave rebellion?', ""You say the slaves have escaped? Hm. I suppose I will have to hire someone else to track them down. If you ever have holdings of your own, you'll want to be able to command them forcefully. I can teach you a spell that might help with this if you want."", 'So be it. (Felisa teaches you spells of command.) May your slaves be more obedient.', 'Your choice, .']",NPC
Elder Scrolls Morrowind,2002,US,Fevyn Ralen,Male,"['That little twit! Of course I made him invisible. Did he tell you why? He asked me to! Came in muttering something about just wanting everyone to leave him alone, and promised to pay me 400 septims to make him invisible to everyone. Did I get my money, though? No! He still has a debt to pay. So, when he came in a few weeks later begging me to remove it, I laughed in his face...or where I assumed it was.', ""He still owes me 400 septims. I haven't even charged interest on the debt, because I don't believe the little fool would understand what it meant."", ""You want to pay the debt? Fine with me. I'll remove the spell. But I don't want to see the little fool back here again any time soon."", ""Yes, he should. He's an idiot. A harmless idiot, but an idiot nonetheless."", ""It's good that his father is paying off the debt. Makes sense, I suppose. Well, I'll remove the spell. From all I've heard, his father is an honest man, and I've no problem with him.""]",NPC
Elder Scrolls Morrowind,2002,US,Fieryra,Female,"[""I don't know you, do I? Are you here for the dance? Or are you here with the gold-hats?"", ""Don't you know what's going on? Go down and talk to Hlireni Indavel in the big room with the statue. There's free drinks, too. And watch out for the gold-hats. They play rough.""]",NPC
Elder Scrolls Morrowind,2002,US,Fjol,Male,"['Greetings. You should take care while in these parts. There are murderous outlaws about. No telling what might happen to an unwary traveler.', ""Oh, yes, these are dangerous times. They'll rob you blind and cut your throat without giving it a second thought. It's a bad idea to carry anything of value on your person. In fact, it's probably best if you give me that gold of yours...100 septims, perhaps? I think you'll find the way less dangerous if you do."", ""Hrmph. It seemed a small price to pay for your life. No matter, though. I'll have that gold one way or another."", 'A wise choice, traveler. As I mentioned, these are dangerous times. You had best be on your way now.', ""You're still here? I think you'd best be on your way. I'd hate for any of those outlaws to find you. Heh.""]",NPC
Elder Scrolls Morrowind,2002,US,Fjorgeir,Male,"['I had word you hired someone to guard against bandits.', 'Aye, I can help ye with the bandits. I know just where they are. A little cave called Zainsipilu just across the Odai River and south over the hilles. I can stay here and guard the stronghold while you fight, or we can fight together as long as your gold is good.', ""Aye. I'll fight by your side until your gold runs dry."", ""So, I'm to guard right here, eh? You can count on me."", 'Just lead the way, .', 'I had word you hired someone to guard against bandits.', 'Maros Gimayn, the leader of those bandits, is dead.']",NPC
Elder Scrolls Morrowind,2002,US,Flacassia Fauseius,Female,"[""Yes. I remember a High Elf named Mossanon. Went back and forth from Sadrith Mora quite a lot a while back. Sometimes travled with a Telvanni woman. But I haven't seen him recently.""]",NPC
Elder Scrolls Morrowind,2002,US,Flaenia Amiulusus,Female,"['We do not have enough men to hire to just anyone. But I do know someone you could hire. His name is Fjorgeir. For 1000 septims, I will send him word and a contract.', 'Very well. I will send word to him. He will be waiting for you at your stronghold.', ""If Fjorgeir is dead, that is unfortunate, but there's nothing more I can do."", 'Well, if you think you can make other arrangements...']",NPC
Elder Scrolls Morrowind,2002,US,Foryn Gilnith,Male,"[""I'm fine, thank you. What can I do for you?"", ""That fetcher? You're damn right I did him in, and a good thing, too. He was skimming a load of money from all of us honest people; overcharging us on our taxes and keeping the difference for himself. He was always flaunting his money around, showing off his new clothes and jewels. So, I killed the bastard, and left his body out there to rot, with all his ill-begotten gold still on him."", ""Well, it's the truth. They've all been gouging us for years. The whole office is corrupt, I tell you. One of these days, they'll get exposed, I swear it! Here, though. This was his ring. Looks like his woman gave it to him. She should probably have it. She wasn't to blame in all this."", ""You're one of them, huh? Come to kill me? Well, give it your best shot, Imperial. I've no problem spilling more of the blood of the Emperor's lackeys!""]",NPC
Elder Scrolls Morrowind,2002,US,Frald the White,Male,"[""Greetings. Citizen . I'm Frald the White. Can I help you. This your first visit to Ebonheart? Is there some specific place you seek?"", 'The Buoyant Armigers claim we have no courtesy.', 'Salyn Sarethi, a Buoyan Armiger at the Tower of Dusk in Ghostgate claims that we have no courtesy. Go best him in a duel of wit and poetry. You might want to find the Red Book of Riddles first.', 'He said we have no courtesy. Just like them to think that.', ""I believe a former Champion in the Legions, Codus Callonus, has a copy. His bookstore is in Ald'ruhn."", 'Have you restored our courtesy?', 'Have you restored our courtesy?', ""Yes, I heard. You won a poetry riddle contest against Salyn Sarethi, the best of the Buoyant Armigers. What I wouldn't give to be at the Tower of Dusk right now... Ah, but since you are not a simple warrior, perhaps you would appreciate this book."", ""You won the duel of courtesy. Perhaps the Armigers won't be so quick to judge us from now on."", 'He said we have no courtesy. Just like them to think that.', 'I see from your outfit that you have wealth and taste. Can I help you?', 'Find the traitor Honthjolf.', ""Honthjolf was once a member of the Order of Ebonheart. He turned our backs on us and works as a guard for Llarusea Andrethi in Aharnabi, a foul den of sorcerers and Daedra worshippers on the far southeast corner of Azura's coast, near the Shrine of Azura. Find the traitor and kill him."", 'Have you found the traitor Honthjolf?', 'Have you found the traitor Honthjolf?', 'So Honthjolf is dead. It is always sad when someone betrays the Legions, but we cannot allow such traitors to live.', 'The traitor is dead.', ""I'm well, Citizen. What can I do for you? Are you looking for services here in Ebonheart?"", ""An Ordinator is spreading lies about the Order of Ebonheart. Stop Suryn Athones' slanders."", 'The slanders are being spread by Suryn Athones, an Ordinator at the Justice Offices in Vivec. Find him and silence his lying mouth with blood.', 'They are in the Hall of Justice, in Vivec.', ""Report on Suryn Athones' slanders."", ""Report on Suryn Athones' slanders."", ""So you found Suryn Athones and silenced him. Good. We want good relations with the Ordinators, but we can't tolerate slanders on our character."", ""You already silenced Suryn Athones' slanders."", 'Of course, . It would be an honor, and a pleasure. How can I help you?', 'A member of our Order is a murderer. Find Saprius Entius before the Ordinators do.', 'He is a fellow Knight of the Order of Ebonheart. Alas, he is also a murderer. I know a way to get him to the mainland where he will be tried with Imperial justice. The Ordinators are too prejudiced to give him a fair trial. I believe he is hiding somewhere in Vivec City. Find him before the Ordinators do and bring him back to me.', 'Report on Saprius Entius, Knight of the Garland.', 'Saprius Entius is hiding somewhere in Vivec. Find him and bring him here. We protect our own, .', 'Report on Saprius Entius, Knight of the Garland.', ""I'm glad you both got here safely. I'll find a way to get him out of the city. This helm was my father's when he served in the Legions. He had it enchanted and gave it to me. Now I'm giving it to you."", ""He's safe for now. In a few days he'll be on his way to Cyrodiil.""]",NPC
Elder Scrolls Morrowind,2002,US,Frelene Acques,Female,"['Percius sent you? Can you help me escape?', ""These ordinators are tough. If you can open the door, we can make a run for it. Or, if you find the key to these cells, I'll bide mytime and sneak out when the Ordinators aren't watching. All the guards use the same key for all the cells. I'm sure there's one somewhere nearby."", ""I can't get out. You'll have to unlock the door."", ""All right. I'll follow you. Once I'm out of the prison, I can make my own way from there."", ""We're on our way out. Let's hurry, ."", ""You don't have the key yet. Go find the key and hand it to me between these bars."", ""Yes, this is it. I'll bide my time until the guards aren't watching. Then I'll make my escape. Tell Percius to expect me in a few days."", 'You gave me the key already. I can get out on my own.', ""We're making our escape now."", ""We're on our way out. Let's hurry, ."", ""Yes, I'm out. Thank you, ."", ""Thanks for getting me out, . Tell Percius I'm free.""]",NPC
Elder Scrolls Morrowind,2002,US,Frizkav Brutya,Male,"[""Nothing to do with me, mate. Ain't shiftin'. Did the crime, and doin' the time."", ""It's a fair cop. I'm doin' me time, and walkin' free. Else me poor mum'd be worryin' 'erself sick."", ""You'll need the key to free me of my bonds.""]",NPC
Elder Scrolls Morrowind,2002,US,Gadayn Andarys,Male,"[""You say you've found a love letter of mine? Oh, dear. That is embarrassing."", ""You've already shown it to her? So, you've spoken to Eraldil? What did she say?"", ""Well, none of that matters anymore. I've heard that Eraldil is dead. Now we'll never be together."", ""You found that? Oh, dear. I really meant to throw that away. It's all true, though. I have loved her since the moment I first set eyes on her. I just haven't had the courage to speak to her yet. Perhaps you'll speak to her for me? Plead my case? I'd be very grateful."", ""No? Well, perhaps one day I'll get the courage to speak with her myself."", ""You will? Wonderful. If you'll just tell her how I feel, tell her how happy I'd make her, I'm sure she'd be interested. You'll probably find her in the Waistworks. That's where I've watched...seen her at times."", 'Have you spoken to Eraldil yet?', ""One day she'll be mine. I'm sure of it."", ""Oh. Well, come back when you've spoken to her, friend!"", ""She said she wanted nothing to do with me? But...that's awful. I was certain she'd at least consider the idea. Well, I'll have to go to my backup plan."", ""Well, I figured there was the slight chance she wouldn't be interested in me right away, so I had an alchemist mix up a special potion for me. For anyone else, it will seem a normal health potion, but if Eraldil drinks it, she'll find herself incredibly attracted to me. Perhaps you'll deliver it to her for me?"", ""Her cousin, you say? Well, I suppose this was a pretty ridiculous scam. And...if her cousin has half of Eraldil's beauty, she'd still be twice as beautiful as any other woman I've met. Perhaps I'll look her up some time, friend. Thank you for your help."", 'Greetings, friend! What a wonderful day! As you can see, all is well with me...or should I say us? Glathel and I are now married, and nothing could be better.', ""It's been simply wonderful, my friend. Glathel and I are perfectly suited for one another. Here, please take this as a token of our gratitude."", 'How can I help you, my favorite friend?', ""I appreciate the help, friend. Just tell her it's an apology from Gadayn. She should accept it then. Then, once she drinks it, she'll fall into my arms in no time!"", 'Did you deliver the potion to Eraldil?', ""Yes, I'm sure she'll accept my apologies...and the potion of course."", ""Well, there's a reason it's a backup plan, you know."", 'Not yet? Well, let me know when you do!', ""Wonderful! I'm sure this will work. Thank you for your help, my very good friend. I'll make sure to name our first child after you. How does Indoril Andarys sound? Oh, and take this as a token of our friendship. Soon she'll be mine!"", ""Oh. It's you. Well, I hope you're happy. That stupid love potion idea of yours worked, and now look what it's gotten me. She's a monster! Nagging, complaining, spending all my money. How could you let me get into this? Well, what do you want?"", 'What do you want?', ""That's me!""]",NPC
Elder Scrolls Morrowind,2002,US,Galos Mathendis,Male,"['What brings you here, ? Do you want chores?', 'Master Aryon wants a message delivered to Divayth Fyr. Would you carry this coded message?', 'Master Aryon is my patron. He lives in the new Telvanni city of Tel Vos.', ""He lives in Tel Fyr. He is one of the oldest and most respected wizards in House Telvanni, though he shows an unfortunate lack of interest in politics. To get to Tel Fyr, you'll have to swim or fly southwest from Sadrith Mora. It's a long trip. Perhaps I should mark Tel Fyr on your map."", 'My patron, Master Aryon, wants this coded message delivered to Divayth Fyr. He lives in Tel Fyr. You might need some help getting there. Why not take these potions of water walking? And these potions of healing. And perhaps a few potions of swift swim as well. If Divayth Fyr responds to this message, please deliver his response back to me.', ""Has Divayth Fyr given you a response to my patron's message?"", 'You have a response? Bring it to me. This is a matter of utmost urgency.', 'Then deliver the message to Divayth Fyr and await an answer.', 'Have you delivered the coded message to Divayth Fyr?', ""Has Divayth Fyr given you a response to my patron's message?"", 'Thank you, . I will deliver this message to my patron, Master Aryon. Please take this courier fee of 500 drakes.', 'You already delivered the message, though the response was somewhat disappointing. I do not have any more messages for you to deliver.', 'What brings you here, ? Do you want chores?', 'The Telvanni Apothecary in Tel Vos is running out of Cure Blight potions. Since my patron, Master Aryon, is responsible for Tel Vos in a sense, he has asked me to find someone to deliver a Cure Blight potion.', ""Master Aryon's tower is near Vos. Take a boat to Vos and head west."", ""Andil in Tel Vos is the apothecary you should speak with. Get three potions of cure blight and deliver them to Andil. You'll have to buy them from one of the vendors. Andil does not accept homemade potions."", 'Did you deliver the Cure Blight potion?', 'Andil notified me that he was satisfied with the potions you brought him. Please take these 500 drakes with thanks from my patron, Master Aryon.', 'You already delivered some potions of Cure Blight to Andil.', 'What brings you here, ? Do you want chores?', 'Master Aryon wants me to bring him a Daedra skin.', 'The skins of many kinds of Daedra can be recovered from Daedra who have recently been returned to Oblivion, but whose bodies remain here for a time. Alchemists will often sell Daedra skin as well. When you get the Daedra skin, please deliver it to Master Aryon in Tel Vos directly.', 'Did you deliver the Daedra skin to Master Aryon?', 'I see you have a Daedra skin. Please take it to Master Aryon in Tel Vos.', 'What brings you here, ? Do you want chores?', 'I do not have any chores for one of your rank. Check with the other Mouths.', 'Master Aryon was pleased with the Daedra skin you brought him.']",NPC
Elder Scrolls Morrowind,2002,US,Galsa Gindu,Female,"['Are you here to discuss your stronghold?', 'If you want me to build you a stronghold, I will need 5000 drakes for labor and materials. You must also bring me a construction contract from Duke Dren in Ebonheart.', 'Do you have the 5000 drakes and the construction contract?', 'You do not have the construction contract. Speak with Duke Dren in Ebonheart. Only he may issue construction contracts.', 'Without the proper papers and resources, I cannot build your stronghold. I am sure you understand, .', 'Here on Vvardenfell, the Duke must issue a construction contract before we lay the first founding stones for any building. This rule is often overlooked by the Hlaalu and Telvanni, but House Redoran is honorable, and I will not break these rules.', 'Are you here to discuss your stronghold?', 'Do you have the 5000 drakes and the construction contract?', 'You have the construction contract, yes, but I must also have 5000 drakes for labor and materials.', 'Are you here to discuss your stronghold?', 'Do you have the 5000 drakes and the construction contract?', 'Yes, this is adequate, . Your stronghold will be built in the Bal Isra on the road to Maar Gan. Construction will begin as soon as I give the orders.', 'Construction on your stronghold should begin soon. In a week or so, come speak with me again.', 'You only need one construction contract, .', 'Are you here to discuss your stronghold?', ""Yes, . I want you to make sure your stronghold is being built on schedule. Go to your stronghold, which is being built among the rows of stones, the Bal Isra, on the east side of the road from Ald'ruhn to Maar Gan. Speak with the foreman, Bugdul gro-Kharbush. I will mark it on your map."", 'Are you here to discuss your stronghold?', 'It is good to hear that the stronghold is progressing well. The work should be finished soon.', 'Yes, the stronghold will be finished soon.', 'Are you here to discuss your stronghold?', 'The foundations of your stronghold are complete. If you wish to build the next stage of your stronghold, you must hire guards to garrison your stronghold.', 'Yes, speak with Percius Mercius at the local Guild of Fighters. They usually know of a few good Redoran fighters out of work.', 'Are you here to discuss your stronghold?', 'Oh. Percius Mercius agreed to garrison your stronghold? Good. I will give the orders to begin the next phase of construction.', ""There's no need to hire more guards, ."", 'The next stage of your stronghold is under construction.', 'Are you here to discuss your stronghold?', 'The second stage of your stronghold is complete. Speak with me again when you need a stronghold fit for a House Redoran Councilor.', 'Are you here to discuss your stronghold?', 'I am ready to give you a stronghold fit for a House Redoran Councilor. But first you must speak with Hetman Guls at your stronghold. Ask him what must be done to attract more settlers.', 'Yes, speak with Hetman Guls at your stronghold of Indarys Manor. He can tell you of anything troubling your settlers.', 'Are you here to discuss your stronghold?', 'I am ready to give you a stronghold fit for a House Redoran Councilor. But first you must speak with Hetman Guls at your stronghold. Ask him what must be done to attract more settlers.', 'So, Hetman Guls is satisfied. I will give hte orders to begin the last stage of your stronghold.', 'Indarys Manor will have more settlers soon enough.', 'The last stage of your stronghold is under construction.', 'Are you here to discuss your stronghold?', 'It is finished. You have a home to rival that of any House Redoran Councilor.']",NPC
Elder Scrolls Morrowind,2002,US,Galtis Guvron,Male,"['What do you want?', ""How could you... No, nevermind. I'll just have to take care of this right now.""]",NPC
Elder Scrolls Morrowind,2002,US,Galuro Belan,Female,"[""I'm sure I don't know what you're talking about...what makes you think.... All right. I admit it. Business has been slow, though. And that Rernis gets a lot of the business around here. Tell you what: I'll pay you 100 drakes to keep this to yourself. What do you say?"", ""Excellent. I appreciate your help. Make sure you don't mention this, though. It could really cause problems for me."", ""No? This is going to ruin me! My reputation will be destroyed! I hope you're happy with yourself. You'll likely put me out of business.""]",NPC
Elder Scrolls Morrowind,2002,US,Galyn Arvel,Female,"[""You know the Twin Lamps? Well then, yes, we are having some trouble here. A Khajiti slave, J'Saddha, was supposed to meet us at our boat. He sent us a message that he is hiding in some ruins east of here, but there are three slavehunters in town, and we cannot risk being discovered."", 'So, you know the Twin Lamps. We could use your aid in our struggle against slavery.', 'He is hiding in some Daedric ruins east of here. Find him and escort him back to town. Make sure the slavehunters do not see him.', ""Yes, the slavehunters are Anes Hlaren, Garyn Girith, and Sadal Doren. They have been patrolling in town and near the docks since they heard of J'Saddha's escape. You will need to get rid of them or avoid being seen. Remember it is J'Saddha they are looking for, not you."", 'Thank you for helping him here. He will have a better life back in his native land. You should report back to Ilmeni Dren that the slave has arrived safely.', ""J'Saddha arrived safely."", ""Thank you for bringing J'Saddha here safely. You should speak with Ilmeni Dren again.""]",NPC
Elder Scrolls Morrowind,2002,US,Ganciele Douar,Male,"[""I'm an officer of the Imperial Legion. Move along."", ""We have garrisons at Fort Pelagiad in Pelagiad, Hawkmoth Fort in Ebonheart, Fort Moonmoth in Balmora, Fort Buckmoth in Ald'ruhn, and Fort Darius in Gnisis. Were you looking to join the Imperial Legion?"", ""All the garrisons are presently at full strength. Except, perhaps, the Deathshead Legion at Fort Darius, in the West Gash near the village of Gnisis. If you're interested, you'll have to talk to General Darius there."", ""At first, it seemed the fuss about the Nerevarine prophecy was just silly superstition. Then I learned that the Dunmer have been waiting for Lord Nerevar to come back for centuries. The 'Incarnate', they call it. Every few years an Ashlander appears, and the tribes call him the Incarnate. Then the Temple goes out, hunts him down, and reveals him as a fake. Why does the Temple worry so much about it?"", ""It's the reincarnation of some Dark Elven hero, supposed to come and drive the Empire out of Morrowind. Just some local superstition... but the Temple says it's wicked and evil, and you'll be very sorry if you talk about it with the priests and Temple guard."", ""Guards keep the peace and chase down criminals. Each district has its own guards. Legion troopers in Imperial districts, Ordinators in Temple districts, Redoran, Hlaalu, and Telvanni guards in their own Great House districts. Guards collet fines and compensation, or drag you off to prison if you can't pay."", ""That's how we punish crimes in Morrowind. We collect fines, and compensation is paid to the injured party or his kin. Don't pay the fine? Then do hard labor."", 'The undead rule it now. It was overrun many years ago. Once a strategic strongpoint guarding the Inner Sea, now it is an all-but-forgotten ruin.', 'I an Ganciele Douar, Guard and Spearman of the Imperial Legion.']",NPC
Elder Scrolls Morrowind,2002,US,Garding the Bold,Male,"['You want a duel? You got a duel.', 'Very well. Meet me in the Arena here in Vivec.', 'Dram is my boss. You want to talk business, talk to him.', ""Enough . You beat me fairly. I'll tell Dram what happened."", 'You want another shot at me, ?', 'You won, .']",NPC
Elder Scrolls Morrowind,2002,US,Garisa Llethri,Male,"['As a councilor of House Redoran, I am a very busy man. I hope this is important.', ""I spoke with Athyn Sarethi. I like what he told me about you. You get things done, and show good judgement. Your story is crazy. But your story doesn't matter to me, as long as you can do something about Dagoth Ur and his servants. I'm making you my choice for Hortator of House Redoran."", ""I trust Athyn Sarethi's judgement. I will support you as the Redoran Hortator."", '. Speak with the other councilors. Show them the truth in your heart, and they will agree.', 'If you want my support to make you a Councilman, you will have to perform a great service for House Redoran. I believe the Caldera ebony mines should be shut down.', 'First I want you to find evidence that there is corruption at the mines. Since the mines are run by the dishonorable House Hlaalu and the Empire, I am sure there is corruption. Do not take any other actions until you ahve delivered the evidence of corruption to me.', 'Look for journals or record books. Interrogate the miners. I am sure there is corruption there, and I have faith that you will find it.', 'If you want my support to make you a Councilman, you will have to perform a great service for House Redoran. I believe the Caldera ebony mines should be shut down.', 'Ah, I see you found the evidence I was looking for.', 'Good, yes, very good. This book shows that the Hlaalu are taking more ebony than they report to the Empire. Now that I have this evidence, I want the Caldera mines shut down. Return there and find a way to halt the mining. If the Hlaalu complain to the Duke or the Empire, we can show them these books to justify our actions.', 'Yes, you found the evidence I was looking for.', ""What use is it to you? If you're thinking of bringing it to a guard, they'd probably put you in jail rather than go against the Empire and House Hlaalu."", 'If you want my support to make you a Councilman, you will have to perform a great service for House Redoran. I believe the Caldera ebony mines should be shut down.', ""As I said, find a way to halt the mining. The Empire has taken enough of Red Mountain's blood. The ebony belongs to the Dunmer."", 'I have faith that you will find a way to shut down the Caldera ebony mines.', 'If you want my support to make you a Councilman, you will have to perform a great service for House Redoran. I believe the Caldera ebony mines should be shut down.', 'Killing Odral Helvi and Stlennius Vibato will certainly shut down the ebony mines, but I wish you had a chosen a more subtle route. There are political problems with... Well, with issues I am sure you do not need a lecture on. I will support you as a Councilman of House Redoran.', 'The mines have been shut down, but I fear they will be operating again soon.', 'If you want my support to make you a Councilman, you will have to perform a great service for House Redoran. I believe the Caldera ebony mines should be shut down.', 'You have freed the head slave Dahleena? Interesting choice. Good slaves are so hard to find these days... I expect the Hlaalu will not resume mining for at least a month. You have earned my support on the Council, and I want you to keep these fine boots made from the blood of Red Mountain.', 'If you want my support to make you a Councilman, you will have to perform a great service for House Redoran. I believe the Caldera ebony mines should be shut down.', ""Yes, killing the head slave Dahleena will make the Hlaalu's mining more difficult. Good slaves are so hard to find these days... I expect the Hlaalu will not resume mining for at least a month. You have earned my support on the Council, and I want you to keep these fine boots made from the blood of Red Mountain."", 'As a councilor of House Redoran, I am a very busy man. I hope this is important.', 'No. Why would I aid the Telvanni? Get out of my manor.', ', and I will support this resolution.', 'Yes, I agree that the Mages Guild monopoly is unfair. I will support this resolution.']",NPC
Elder Scrolls Morrowind,2002,US,Garothmuk gro-Muzgub,Male,"['I am a smith. I make, sell, and repair weapons and armor. I can tell you about the basic armor styles and weapon types. I can also tell you how to take care of worn weapons and worn armor, and sell you the armorer tools you need. I also repair weapons and armor, for a fee.', ""The heavy armor styles, called 'Legion' or 'knight' style in the West and 'ebony' style in the East, requires great strength and endurance. The light armor styles, called 'militia' in the West and 'Ashlander' in the East, favor speed and agility. The medium armor styles, called 'Imperial guard' in the West and 'Great House' in the East, are compromises between the heavy and light styes. balancing protection against mobility. A few less common exotic armor types are also found in Morrowind."", ""In the West, cheap iron, steel, and silver heavy armor is made in quantity for the Legions, and many are trained in its use. In the East, the expense of superb ebony and daedric heavy armors limits their use to aristocratic families. Suits of ebony and daedric armor are passed down from generation to generation, and represent a sizable portion of a Great House nobles' personal wealth."", 'For centuries, cheap and serviceable iron and iron-reinforced weapons have been produced in quantity for the Legions. These and similarly made iron weapons are in use throughout the Empire.', 'Imperial steel weapons are standard issue for the elite units of the Legions. Nobles, merchant-traders, and professional mercenaries prefer the higher quality materials and craftsmanship of Imperial steel. Various other weapons of exotic design are also made of high-quality steel.', 'High-quality steel is plated or filigreed with silver because of the arcane effects of the precious metal on the flesh of magical and supernatural creatures. Well-heeded aristocrats and bravos also sport such weapons for their distinctive elegance.', ""Ebony weapons are made from a rare form of volcanic glass found almost exclusively in the buried deposits and surface lava flows of Vvardenfell's Red Mountain. 'Ebony' refers to the lustrous, black, glassy surface of ebony weapons."", 'Daedric weapons are made from raw ebony which has been refined using the craft and magical substances of the lesser minions of Oblivion. The process is not a pleasant one for the Daedra involved, and the weapons retain echoes of preternaturally prolonged suffering endured during manufacture. Daedric weapons are the most rare and expensive weapons known in Tamriel.', ""Both the Western 'militia' and eastern 'Ashlander' armor styles depends on light, cheap leather armors. The Eastern reinforced chitin armor, however, is distinctly superior to Western-style leather armors, and offers better protection, pound for pound and drake for drake, than any other armor. The 'glass' light armors of the noble Great Houses are in the high Altmer style, and strikingly light and stylish, and comparable with the ebony and daedric in protection, but are expensive and in short supply."", 'Chitin weapons of native Dunmer manufacture are created from the sturdy but light exoskeletons of local creatures. Layers of chitin are typically laminated using vegetable, shalk, and bug resin glues to form strong but flexible weapons. The serrated edges of the original materials are exploited to create especially wicked daggers and slashing weapons.', 'These light and elegant weapons of High Elven design feature extravagant use of rare metals and cutting edges made from rare crystalline materials. Duelists and assassins appreciate the delicate balance and sinister sharpness of glass weapons.', ""The chain and scale medium armors of Western 'Imperial guard' style offers less protection than the heavy iron and steel plate armors of the Legions, but with a considerable advantage in mobility. The Dunmer bonemold medium armor is generally lighter and more durable than its Western equivalent. The most prized of medium armors, Orcish, is limited in availability and very expensive, but markedly superior, and is the medium armor of choice for nobles and mercenaries in both the West and East."", 'Fur armor is a light armor style popular among Nord barbarians. Dreugh is a remarkably strong Dunmer medium armor, made from Dreugh hide. But the most famous exotic armor is Dwemer, or Dwarvish armor, a highly ornate heavy armor valued as much for its rarity and antique craftsmanship as for its distinctive impact-absorbing qualities in combat.', 'Short blades include the dagger, tanto, shortsword, and wakizashi. Long blades include the broadsword, saber, longsword, katana, claymore, and dai-katana. Blunt weapons include the club, staff, mace, morningstar, and warhammer. Axes include the war axe and battle axe. Spears include spears and halberds. Marksman weapons include short bow, long bow, crossbow, throwing star, and throwing knife. Bows shoot arrows, crossbows shoot bolts. Use of each weapon type relies on a different skill.', 'The dagger and short sword are Western Imperial weapons. The tanto and wakizashi are styled after Akaviri blades. These weapons are light and fast, more effective against lightly armored opponents, but a skilled user can outlast more heavily armed and armored opponents. The dagger, tanto, and short sword are thrusting weapons, the wakizashi a chopping and stabbing weapon. Rank them by effectiveness as dagger, tanto, short sword, and wakizashi, with dagger least effective.', 'Every culture produces some variant on the short multi-purpose weapon called the dagger. Dagger weapons differ dramatically in quality and effectiveness; they are further differentiated by a wide variety of enchantments commonly placed on these easily concealed weapons, despite their small size and low mass.', 'The tanto is a stylish dagger variant of Akaviri design. For obscure reasons, the Telvanni prefer them to standard daggers as a matrix for their enchantments, and Telvanni mercenaries are often equipped with enchanted tantos by their mage-lord patrons.', 'Like other exotic blades of Akaviri design, the wakizashi is an elegant and refined single-edged version of the more common double-edged longswords of Western design. Because the weapons themselves are rare, and few smiths know how to make them, they are not common in Morrowind.', ""Cheap iron and steel shortswords are standard issue for Legion troopers. The Imperial shortsword is a superior Legion guardsman's weapon. Retired Legion smiths settling in Morrowind have popularized Imperial shortswords with the growing Dunmer merchant class and with Hlaalu nobles and their retainers."", 'The broadsword, saber, longsword, and claymore are Western weapons. The katana and dai-katana are Akaviri-style blades. Long blades, one-handed or two-handed, and the most common weapons here. The claymore and dai-katana are two-handed weapons, and relatively heavy and slow; the rest are one-handed. Rank them by effectiveness as broadsword, saber, longsword, katana, claymore, and dai-katana, with broadsword least effective.', 'Long popular in the West, the mass-produced, one-handed, double-edged heavy broadsword commonly used by the Legions is descended from the original elaborate, decorated Breton broadsword designs. The Nordic broadsword developed independently, and is a more plain, practical weapon. All broadswords are commonly used with sword-and-shield techniques, the Breton favoring the heavy tower shield, while the legions prefer a standard-sized shield.', 'These massive steel weapons are forged according to the secret metalcrafts of the Nord smiths, and engraved with runes in the manner of the legendary witch-warriors of Skyrim.', ""The sabre is a weapon of Imperial light cavalry. Since horses cannot adapt to Vvardenfell's harsh climate, sabers are uncommon, except among Legion veterans."", ""The longsword is the standard officer's weapon in the Legions, and a noble's weapon in the West. In Morrowind, glass, ebony, and Daedric longswords are precious heirlooms passed down through generations of noble warriors in a Great House."", 'Highland Bretons were the first to use the very heavy two-handed sword called the claymore, but powerful Redguards were quick to adopt these massive shock weapons to their heroic melee styles. Not suitable for use by close order troops, the claymore is favored by solitary hero-adventurer, particularly against great beasts and otherworldly creatures.', 'Elegant and efficient, the Akaviri katana is too expensive and sophisticated a weapon to be popular with the Legions or hero-adventurers, but well-heeled nobles, collectors, and swordmasters prize the blade for its superior balance and effectiveness.', 'These exotic two-handed, single-edged long blades of Akaviri design are neither common nor popular for military or private use. They are superb examples of weaponcraft, but expensive and subtle in technique.', 'Clubs and staves are cheap, easy-to-master, all-purpose weapons for travelers and militias. The mace and morningstar are one-handed, the warhammer is two-handed, slow, and heavy; all three are proper weapons for professional warriors. Rank them by effectiveness as club, staff, mace, morningstar, and warhammer, with club least effective.', 'The club is usually a crude, improvised one-handed blunt weapon common among less technologically sophisticated cultures like the Argonians, but it also a cheap and effective militia weapon used with a light shield in Cyrodiil and the Western provinces.', 'The mace is a favored weapon of the Western knight, combined with a standard shield. Dwemer and daedric maces, superb weapons, but expensive and rare, are prized heirlooms of the Dunmer Great House nobility.', 'Heavy two-handed hammers were developed in the West to counter the defensive protection of the heavily armored Western knight. The iron warhammer has a single head with a balancing spike to penetrate plate armor. The steel warhammer, on the other hand, has two heavy heads, and is designed to batter or knock down an armored opponent.', 'The staff is the standard informal weapon of the traveler, doubling as a walking stick and utility tools. Battlemages, spellsword, nightblades, and other magical support troops in the Legion also train with the staff, among other blunt weapons.', 'Only two types of axe are common here -- the one-handed war axe and the two-handed battle axe. Use the war axe with a shield or use the two-handed battle axe for maximum effect.', 'A bewildering variety of one-handed axe styles are found in Morrowind. The spiked chitin war axe favored by Ashlander and Great House Dunmer is in some ways more like a mace than an axe. The steel war axe is double-bladed; the iron war axe is single-bladed; the glass, ebony, and daedric war axes are single-bladed with balancing spikes.', ""The term 'battle axe' includes all very heavy axes and two-handed. Most battle axes are double-bladed, but the Nordic battle axe has a single blade. The great mass and efficiency of the battle axe enables a strong warrior to penetrate heavy armor, but the battle axe is also a powerful shock weapon against massed, lightly armored opponents."", 'Two styles of spear are popular here, both used two-handed for thrusting attacks: the spear and the halberd, with the halberd the most effective. Spear weapons have the longest reach of any weapon -- except, of course, marksman weapons.', 'The spear is a common weapon for light irregular troops and militias, but has been developed as a martial art form by the Bosmer. In Morrowind, the Ashlanders favor a wicked and elegant version of the spear, with a spike at the foot of the shaft.', ""The long reach and high efficiency of this two-handed long-shafted axe-like weapon makes it well-suited for combat with encumbered, heavily armored opponents. Using this weapon in massed formations requires a high degree of skill and training, and it's bulk makes it difficult to use in close quarters, so the weapon is, with significant exceptions, neither common nor popular for use by mercenaries or adventurers."", 'Short bows and long bows use arrows. Crossbows use bolts. Bow and crossbows are more cumbersome, two-handed weapons, but more effective. Throwing stars and throwing knives are fast, light, one-handed attacks, but less damaging than bows and crossbows.', 'In the West, the wooden short bow is the standard weapon of Legionary missile troops and scouts. In Morrowind, however, wood is in very short supply, and the chitin bow favored by the Ashlanders is laminated bone-shell-and resin.', ""A powerful but demanding weapon, the long bow is historically associated with Altmer aristocrats and Bosmer hunters. The less-powerful bonemold long bow of Morrowind is traditionally a noble's hunting weapon, but has been adopted for wider use by many outlander sportsmen and mercenaries."", ""The Dwemer crossbow is an ingenious device that permits someone with only modest training and skill to fire a missile bolt massive enough to penetrate heavy armor. The Imperial Legion's mass-produced version is somewhat less effective, and most Imperial missile troops and hunters use the more popular short and long bows."", 'The throwing star is an exotic weapon associated with the martial arts traditions of Akavir.', ""The unarmed, unarmored martial arts traditions of the Marshmerrow, Salt Rice, and Golden Reed societies of the Dissident Priest, patterned on the 'Rain-of-Sand' fighting styles of Elsweyr, are slow to be adopted in the Empire, associated as they are with ascetic renunciation of worldly wealth and material goods, and the rigid disciplines and mystical philosophies so alien to the Imperial West."", ""Monks dedicated to the ascetic philosophies of Elsweyr have long cultivated the unarmored martial arts tradition called the 'Rain-of-Sand' fighting styles. The Mages Guild and other societies have had some success adapting these styles for self-defense training of wizards and other armor-averse vocations. Students of the unarmored styles wear little or no armor, and count on evasion and deflection to avoid injury."", 'Small thrown weapons are a Khajiit specialty. Throwing knives are useful in cultures like the Khajiit whose warrior classes disdain heavy weapons and heavy armors, relying on stealth and maneuver for success in personal and clan combats. Throwing knives are also popular in criminal subcultures.', ""Weapons become less effective with wear. Eventually they break, and are useless until you repair them, but a worn weapon does only a fraction of the damage it should do. You'll hack and stab and slash away, and suddenly realize you're doing almost nothing to your enemy. So learn the basics of weapon repair, and touch up your weapons before every big fight, or pay a smith to keep your weapons in top shape."", ""Nothing to it. Just get yourself an armorer's hammer and start banging away. Of course, you don't literally use the hammer on a blade's edge. Unless you're a barbarian. The 'armorer's hammer' is just a package deal, a complete portable kit for maintaining your armor and weapons in the field. And my advice is pay a smith to do your repairs unless you have a decent skill as an armorer."", 'As it wears out, armor becomes less effective. Broken armor is completely useless until you repair it, but worn armor stops only a fraction of the damage that new or well-maintained armor does. Learn the basics of armor repair, and go over your armor, piece by piece, before every big battle. Or visit a smith regularly to keep your armor in good shape.', ""Nothing to it. Just get yourself an armorer's hammer and start banging away. Anyone can do it. Of course, anyone can do it really badly, too. It does help to have a little skill. But if you got plenty of time, and a lot of coin for hammers, you can teach yourself. Actually, unless you're a professional armsman, you probably should pay an armorer to keep your weapons in good repair.""]",NPC
Elder Scrolls Morrowind,2002,US,Garyn Girith,Male,"[""When we find J'Saddha, we'll make sure he never escapes again."", ""There's good money for the one who kills him. If you see him, let me know."", ""I'll take a look over there. Thank you, ."", ""I'm going to look around the ruins, like you said."", ""Right. Sure. He left town. I can't believe you thought I was that stupid. I don't like you, Dunmer . You better stay out of this."", ""You lied to me once, . I don't care what you say about J'Saddha, I'm staying right here."", ""When we find J'Saddha, we'll make sure he never escapes again."", ""There's good money for the one who kills him. If you see him, let me know."", ""I'll take a look over there. Thank you, ."", ""No idea where hwent? Damn. He's probably halfway to the mainland by now... Thanks, . I'd best start looking for the next slave on my list, then."", ""You said he left town. There's no reason for me to stick around here."", ""When we find J'Saddha, we'll make sure he never escapes again."", ""He's dead now and our job here is over.""]",NPC
Elder Scrolls Morrowind,2002,US,Gashnakh gra-Mughol,Female,"[""I'm the foreman here at Tel Uvirith. I keep the workers in line and make sure the job gets done, though these mushrooms just about grow themselves.""]",NPC
Elder Scrolls Morrowind,2002,US,Gentleman Jim Stacey,Male,"['What is it, Mastermind ? Are you here looking for jobs, or are you ready for advancement?', 'A fellow thief and member of the Guild has gone missing. Would you track down Nads Tharen for me?', ""He used to hang out at the Elven Nations Cornerclub here in Vivec's Hlaalu Compound. He was supposed deliver a key to me. Find out what happened to him. If he's dead, as I fear, find his key and bring it to me."", 'Were you able to locate Nads Tharen and his key?', 'So you found Nads Tharen and got the key.', ""Yes, this is the right key. This buys us some time in our war with the Camonna Tong. Keep an eye on Arvama Rathri. I believe she may be working for the Camonna Tong herself. And here's a little something for you."", ""I'm not sure you understand who's in charge here."", 'What is it, Mastermind ? Are you here looking for jobs, or are you ready for advancement?', ""The Fighters Guild is betraying the Empire for Camonna Tong gold. Percius Mercius, the old guildmaster in Ald'ruhn, might be willing to help us fight."", ""Percius Mercius is the Steward of the Guild of Fighters in Ald'ruhn. He used to be the Master of the Fighters Guild before the Camonna Tong got involved. I believe he will help us fight the Camonna Tong. Go speak with him and listen to what he has to say. Report back to me with any information."", 'I sent you to speak to Percius Mercius and see if he was willing to help us fight.', ""Well it sounds like Percius came through after all. I can already think of a way to make use of this In the meantime, here's some clink for your pockets."", 'What is it, Mastermind ? Are you here looking for jobs, or are you ready for advancement?', 'Based on what Percius Mercius told you, I think we can win over Eydis Fire-Eye if we can find the Bitter Cup.', 'Percius Mercius told us that Eydis Fire-Eye worships Clavicus Vile. Perhaps she would betray Sjoring Hard-Heart for the Bitter Cup, and artifact sacred to Clavicus Vile. The Bitter Cup was lost in the ruins of Ald Redaynia, which is on an island north of the Urshilaku Camp.', ""We'll get back to him another time. For now, concentrate on your tasks at hand."", 'The Ashlander Urshilaku tribe has a permanent settlement at Urshilaku camp on the northern coast of Vvardenfell, north of Maar Gan village. Ald Redaynia is north of there. Here, let me mark it on your map.', 'Were you able to retrieve the Bitter Cup and bring it to Eydis Fire-Eye?', ""So Eydis took the Bitter Cup. Good. She's likely to betray us, too, but only if she thinks we think she won't. Anyway, I found some good lockpicks the other day and thought you might could find a use for them."", 'What is it, Mastermind ? Are you here looking for jobs, or are you ready for advancement?', ""Based on what Percius Mercius told you, Hrundi might join our cause and betray his leaders in the Fighters Guild. If that doesn't work, we could put pressure on Hrundi's woman."", ""Talk to Hrundi. If you can convince him to join our cause, you won't have to track down Hrundi's woman."", ""Like Percius Mercius said, Hrundi has a Dunmer lover. If you can find out who she is, you can pressure Hrundi to join our cause. You can find Hrundi in the Sadrith Mora Fighters Guild. I'm sure you can find out something by asking around town."", ""What is the situation with Hrundi? Will he join our cause? Have you found Hrundi's woman?"", ""Did you talk him into joining? Good. We're making progress, ."", 'What is it, Mastermind ? Are you here looking for jobs, or are you ready for advancement?', ""The Camonna Tong's best enforcers are Navil and Ranes Ienith."", ""Navil and Ranes Ienith can be found on the Dren Plantation. The Thieves Guild won't be safe from the Camonna Tong until their best enforcers are dead. Kill them and report back to me."", 'Were you able to get rid of the brothers Ienith? I know they are powerful does, but they are a great strength of our enemy.', 'So Navil and Ranes Ienith are dead? Good work, %PCName. Their deaths, along with the inproved defenses at our Guild halls, will keep the Camonna Tong off our backs, but the Fighters Guild is still a problem. Oh, and I found a ring you might like.', 'What is it, Mastermind ? Are you here looking for jobs, or are you ready for advancement?', ""The Camonna Tong's best enforcers are Navil and Ranes Ienith."", ""You've already killed Navil and Ranes Ienith? Good work, %PCName. Their deaths, along with the inproved defenses at our Guild halls, will keep the Camonna Tong off our backs, but the Fighters Guild is still a problem. Oh, and I found a ring you might like."", 'What is it, Mastermind ? Are you here looking for jobs, or are you ready for advancement?', ""You've made progress getting the Camonna Tong off our backs, but we can't rest until Sjoring Hard-Heart is dead."", ""He's the head of the Fighters Guild here in Vvardenfell. We've tried bribes, blackmail, and even diplomacy. Sjoring has some personal stake in this. I don't know what, but even without the Camonna Tong's backing, he's already planning an attack on all our Guild halls. Go to the Fighters Guild here in Vivec. Kill Sjoring Hard-Heart and report back to me."", 'Does Sjoring Hard-Heart still live?', ""So Sjoring Hard-Heart is dead. Whatever his personal vendetta, he won't trouble our Guild again. The remaining leaders of the Fighters Guild are more sympathetic to us. Since you've saved the Thieves Guild here in Vvardenfell, I think you deserve this. It's the Skeleton Key--the most perfect tool ever created for lockpicking. I found it when I lived in Hammerfell. Use it wisely. Now, I have new jobs for you to do."", ""Actually, this is the final job I'll give you. Take care of the Guild. You've done great things, . With you here, I think it's safe for me to take a little vacation. Maybe go back to Hammerfell, see the old family. Until I get back, I'm leaving the Guild in your capable hands."", 'I may have jobs for you, but you might be interested in something a bit different: the Bal Molagmer.', 'There is a legend abbout Stone Fire Men who brought the light of justice to the land. Though the Bal Molagmer were thieves, they stole only from the unjust and gave to those in need. They vanished early in the Third Era, and have not been seen since. I believe it is time for the Bal Molagmer to return. Here--these gloves were used by the Bal Molagmer to carry their burning stones from the Red Mountain. When you are ready to rekindle the fires of the Bal Molagmer, wear the gloves and speak with me again.', ""If you don't wear the gloves of the Bal Molagmer, how can you show these Dunmer that thieves are not wholly evil?"", 'What is it, Ringleader ? Are you here looking for jobs, or are you ready for advancement?', ""I've chosen something simple for the first mission of the reformed Bal Molagmer. I need you to return the Hlervu Locket."", ""Braynas Hlervu is a poor, retired egg miner. He gave his family's treasured locket to the taxmen this year. The locket is now being held in Venim Manor with the rest of the taxes. Wear the gloves I gave you and pay a visit to Venim Manor in Ald'ruhn. Find the Hlervu Locket and return it to Braynas Hlervu in the name of the Bal Molagmer."", ""Look in Ald'ruhn, in the Manor District. Locals can tell you more."", 'You were to return the Hlervu Locket, Ringleader .', ""Good. Justice has been done. And if you kept a little something for yourself, I can certainly understand. I know something else the reformed Bal Molagmer might do if you're interested."", 'What is it, Ringleader ? Are you here looking for jobs, or are you ready for advancement?', ""You did well with the Hlervu Locket. For the next appearance of the Bal Molagmer, I want proof of Yngling Half-Troll's corruption."", 'Yngling Half-Troll is corrupt. Many know this, but no one dares act. The Bal Molagmer bring justice to those who think themselves above justice. Go to Yngling Manor in Vivec. There you will find a ledger with proof of his corruption. Bring that ledger to me.', ""The Bal Molagmer must end Yngling Half-Troll's corruption. Have you found the ledger?"", 'Yes, this is the ledger I was looking for. Give it to me now so that I can publish the truth about Yngling Half-Troll.', 'I knew he was misusing some of the money, but it looks like he took almost all of it. Why, Yngling Half-Troll is a bigger thief than any of us!', ""If you don't give me that ledger, I can't show everyone the truth about Yngling Half-Troll."", 'What is it, Ringleader ? Are you here looking for jobs, or are you ready for advancement?', 'A poor widow needs our help. A Hlaalu Councilor is trying to steal her land with a forged land deed.', ""The Hlaalu Councilor Velanda Omani wants Indrele Rathryon's land. Velanda Omani forged a land deed and placed it in the Library of Vivec. Without our help, Velanda Omani's bribes will prevent justice, and allow the forged deed to stand. Go to the Library of Vivec, find the deed, and deliver it to Indrele Rathryon in the name of the Bal Molagmer."", 'She is a poor widow who lives in Seyda Neen. Her husband, a Legionnaire, was killed by Camonna Tong thugs. She is a Dunmer, but she grew up in Cyrodiil and belongs to the Imperial Cult, so the Tribunal Temple will not give her charity.', 'Did you recover the forged land deed, Ringleader ?', 'I heard you gave the land deed to Indrele Rathryon. Maybe Velanda Omani will leave her alone now.', 'What is it, Ringleader ? Are you here looking for jobs, or are you ready for advancement?', 'One of our brothers stole from the wrong man. I need someone to return the blade Enamor.', ""This is Enamor. A Guild member stole it from Salyn Sarethi, a noble and generous Bouyant Armiger. The blade was a gift from Vivec himself. We do not want the Thieves Guild to be blamed for this kind of theft. Take this blade and this note. Put them in Salyn Sarethi's chest in the Tower of Dusk in Ghostgate."", 'Enamor must be returned to its rightful owner. Is this done?', ""So, the blade and note are in Salyn's chest? Good work. I hope you didn't have too much trouble."", 'What is it, Mastermind ? Are you here looking for jobs, or are you ready for advancement?', ""Unlike most Dunmer, the Bal Molagmer opposed slavery. I want you to steal Brallion's ring."", ""Brallion has the ring, naturally. He's a slave trader in Sadrith Mora's Great Market. Steal the ring and then deliver it to Ilmeni Dren, a secret abolitionist and the daughter of Duke Vedam Dren."", ""You'll find him in Sadrith Mora, in the Great Market."", 'Ilmeni Dren lives here in Vivec in the St. Delyn Canalworks South-One. Be courteous with her, . The last thing we need right now is trouble with the Duke.', ""He's not bad. He keeps the bad crime in line, but doesn't give us nearly as much trouble as he could. I think he knows we're all that's keeping the Camonna Tong in check."", ""You were to steal Brallion's Ring and deliver it to Ilemni Dren. Tell me your status."", 'So you delivered the ring. Good. I hope Ilmeni Dren puts it to good use.', 'What is it, Mastermind ? Are you here looking for jobs, or are you ready for advancement?', ""Everyone in Caldera is corrupt. Rather than act directly, I want you to steal Odral Helvi's history books."", ""Odral Helvi in Caldera has all four volumes of A Brief History of the Empire. They are personal treasures of his, bound with gold and delicately printed. Family heirlooms. I want you to steal all four of these books and deliver them to Vala Catraso at the reading school at the Guild of Mages in Ald'ruhn. The school always accepts books as donations, but I want you to donate Odral Helvi's books in the name of the Bal Molagmer. You'll find Helvi and the books in the Governor's Hall in Caldera."", 'Did you deliver those history books in the name of the Bal Molagmer?', 'Good work, .', 'What is it, Mastermind ? Are you here looking for jobs, or are you ready for advancement?', 'The Ordinators have been harassing Danso Indules, an honest but poor priest. I want you to steal a Dwemer goblet and donate it to her cause.', ""There is a Dwemer goblet in Berel Sala's office in the Hall of Justice. Steal this goblet and donate it to Danso Indules, who is usually outside the High Fane."", 'Were you able to bring the Dwemer Goblet to one more worthy of its value?', 'Good. Danso Indules can sell that goblet and do more good than Berel Sala and the Ordinators ever will.', 'Now you know as well as I do what the Bal Molagmer should do. I will trust your judgement.']",NPC
Elder Scrolls Morrowind,2002,US,Gilvas Barelo,Male,"[""? I'm Master Gilvas Barelo, the abbot of Holamayan Monastery. Thank you for helping Mehra Milo. She says you are interested in lost prophecies. I believe we can help you."", ""I have reviewed the Apographa, and have found two passages of particular interest. We've made copies of these passages to give you. Many are familiar with the two Nerevarine prophecies current among the Ashlanders called 'The Stranger' and 'The Seven Vision'. We have two other prophecies, 'The Lost Prophecy' and 'The Seven Curses', that may offer additional insights into the riddles surrounding the coming of the Incarnate. Perhaps these are the Lost Prophecies that your friend Nibani Maesa told you about. We have also prepared a document for you called 'Kagrenac's Tools'. This document will explain to you, and to others, the terrible secret that the Temple conceals about the true history of the Tribunal and the corrupt nature of their divine powers. It is to conceal this secret that the Temple persecutes the Nerevarine and the Dissident Priests. This persecution must stop. We must be united against the true enemy, Dagoth Ur. And if you are the Nerevarine, you must lead us against him."", ""We have given you copies of 'Kagrenac's Tools', 'The Lost Prophecy', and 'The Seven Curses'. From what you tell me, you may now have the Lost Prophecies the Wise Woman Nibani Maesa asked you to seek. Perhaps you should share your new knowledge with her."", ""The Heirographa are the collected priestly writings of the Temple. The Apographa are the 'hidden writings' -- secrets known only at the highest levels of priesthood and inquisition. Defying the Temple, we have gathered as much of the Apographa as we can here in Holamayan. One of the chief disputes between the Temple and the Dissident priests is that the Temple hides the truth from its followers."", 'To reap the harvest of the unmourned house.', ""I've annotated your copy of 'The Lost Prophecy' with our best efforts at interpretation. But a rough summary might be: 'An outlander -- foreign-born, but welcomed as a guest -- confronts seven curses beneath Red Mountain. His hand, blessed by Azura, uses a cursed blade to bring justice to House Dagoth, or House Dwemer, or both.' The Nerevarine? An outlander? That wouldn't please many Ashlanders, and may explain how the prophecy got lost."", ""Your copy of 'The Seven Curses' bears our guesses at interpreting the verses. In short form: Seven curses come from House Dagoth, or House Dwemer, or both. Fire and ash come from Red Mountain. Flesh is corprus. Ghosts, Seed, and Despair are unclear, but Curse-of-Dreams seems to refer to recent cases of soul sickness and Sleeper attacks in the towns."", 'A significant part of the Temple hierarchy might be more inclined to accept and tolerate differences of opinion in dogma. But other parts of the Temple, in particular, the Ordinators under Berel Sala, claim that the threat from Red Mountain and Dagoth Ur can only be resisted with a unified, resolute faith. The people are afraid, so they support the hard line. But if we can show ourselves able to confront Dagoth Ur more effectively than the Ordinators, the Temple and the people will support us.', ""So long as the Ordinators, Buoyant Armigers, and Tribunal could contain the blight and Dagoth Ur's creatures within the Ghostfence, faith in the Temple's protective power was strong. But now travelers and settlements suffer from blight storms and marauding monsters, and the people fear the Temple is losing its ages-old battle with the Devil Dagoth Ur."", 'Our interest in the Nerevarine used to be a matter of principle, a willingness to consider the validity of mystical insights rejected by Temple doctrine. Now, Dagoth Ur grows stronger while the Tribunal grows weaker, and the return of Saint Nerevar, even if only reborn in spirit, may be our best prospect of salvation.', 'By the way, here are a few books from our library you might find of interest. Each gives a very different impression of Nerevar.', 'I hope you find the books useful.', 'Mehra Milo has run terrible risks remaining at the Hall of Wisdom and Truth, and we are grateful that you have rescued her from the Ministry of Truth.', 'This is a new threat, and not yet widely recognized as another face of the Devil Dagoth Ur. But it is clearly a sign of a coming crisis, and the Temple may no longer be able to protect Morrowind. In such troubled times, the Dunmer may turn to the ancient pillars of faith, the ancestors and the Daedra, and especially to the prophetic visions granted by Lord Azura. Then they may look to the Nerevarine, Saint Nerevar Reborn, to lead them against the grim armies of Dagoth Ur.', ""I believe our differences with most of the Temple's hierarchy can be resolved, now that the persecution of Dissident priests is ended. Certainly the most difficult conflict -- the denial of the Nerevarine prophecies -- is no longer an issue, now that you have been accepted as Hortator and Nerevarine."", 'Saint Nerevar walks among us, and the Devil is dead. Surely we live in an age of wonders.']",NPC
Elder Scrolls Morrowind,2002,US,Gindrala Hleran,Female,"[""You are the one who took care of that strange man in my home? Thank you. I'll tell everyone how kind and brave you've been."", ""He's talking to himself. He won't listen to me. He looks very strange. He stares at me funny. And he seems to have lost his shirt. Please. Get him out of there? He's scaring me."", ""Please. Get him out of my house? He's scaring me."", ""You are the one who took care of that strange man in my home? Thank you. I'll tell everyone how kind and brave you've been."", ""Goodness. Is he... dead? How unpleasant. Was it very dangerous? I'm sorry. I really have nothing to give you but my thanks. But I'll tell everyone how kind and brave you were to help me."", 'Thank you again for your help.']",NPC
Elder Scrolls Morrowind,2002,US,Giras Indaram,Male,"[""Go ahead. I'm listening."", ""Tuveso Beleth gave me damaged goods, that's why this armor needed so much repair. So I'm not paying any debts."", ""I already told you why. I'm not paying this debt until I'm ready. And not one moment before."", ""I'm not paying those armor repair debts."", ""Alright, if my brother says so, but I still won't pay the debt unless you can prove by combat that I owe it. I challenge you to a duel. Right here, right now."", 'Alright. We fight till one of us says hold!', 'Then get your mom to pay the debt, coward.', 'I... I concede. Take these 2000 drakes and give them to Tuveso Beloth.', 'I conceded. I gave you the debt money. Take it and leave.', 'I admit it, you beat me. I gave you the drakes. Just take them back to Tuveso Beleth.']",NPC
Elder Scrolls Morrowind,2002,US,Glathel,Female,"[""She's right over there."", ""The Hlaalu trader? He always seemed like a nice man. I'm amazed he hasn't found himself a wonderful woman to spend his life with."", ""I couldn't be happier with him. Thank you so much for your help.""]",NPC
Elder Scrolls Morrowind,2002,US,Gothren,Male,"['Yes, I am Gothren.', 'What do you want?', 'Yes, yes. I know what a Hortator is.', ""As any educated Dunmer knows, all the Telvanni councilors would need vote to choose a Hortator, and the vote would have to be unanimous. It's an archaic tradition, not invoked since I was an apprentice. Since a Hortator's duty is to lead a Great House in war, and we haven't had a war in a very long time, we have no need of a Hortator."", 'No. Wait. Let me think.... Yes. I understand perfectly. Your story makes sense. Your proofs are persuasive.... But a decision on such a remarkable matter is a grave responsibility, and not to be taken in haste. I will need some time to reflect and consider, and to confer with the other Telvanni counselors. Leave me.', 'Yes, I am still taking the matter of your appointment as Telvanni Hortator under consideration.', ""I said, I will need some time to reflect and consider, and to confer with the other Telvanni counselors. And I told you to leave me. Don't make me repeat myself."", ""Very well. I have heard your story. And you are not one of us, so I suppose I'll have to explain. Or you'll just keep annoying me. I have no intention of naming you Hortator of House Telvanni. It is not in Telvanni interests to name an unknown and unreliable outlander and outsider to such an important position. My opinion will not change. If you persist in bothering me, you will regret it. This discussion is over."", 'Very well. I have heard your story. And you are one of us, so I suppose I owe you a direct response. I have no intention of naming you Hortator of House Telvanni. It is clear you intend to use the office of Hortator as a means of advancing your own interests in the house. I refuse to discuss the subject further. My opinion will not change. If you continue to annoy me, I will kill you. This discussion is over.', 'I have not changed my mind. I do not intend for you to even be the Telvanni Hortator. Fulfill the prophecies in your next incarnation, Nerevar.', 'A Telvanni noble wed an Ashlanders? If this is the beginning of a joke, I am not amused.']",NPC
Elder Scrolls Morrowind,2002,US,Grand Inquisitor,Male,"[""I don't care who you are, or why you're here. No one comes in here without proper authorization. Now, get out, while you can."", 'Am I supposed to believe such a tale? GUARDS! SEIZE HIM!']",NPC
Elder Scrolls Morrowind,2002,US,Han-Ammu,Male,"[""I don't care. Go away. Leave me alone."", ""I don't want to be a gulakhan. I'm not good at fighting. And no one likes me, anyway. I can't make anyone do anything. I just want everyone to leave me alone."", 'You have slain one of the peace-loving Erabenimsun. You deserve to die. Though we have no champion to bring us justice, we still have our pride. We will not treat with you, even though you threaten to murder us, too.', ""I don't want to discuss it."", 'I am not the ashkhan. I cannot name you Nerevarine.', 'Everyone says these prophecies are nothing more than superstition. I know nothing about this.', ""No matter what Manirai says, I'm not interested. You're just going to get me killed."", 'They only made me a gulakhan because my father was a gulakhan. And I hated my father. He was a stupid brute, and a bully. But Ulath-Pal and the other gulakhans would kill me in a minute if they thought I wanted to be ashkhan.', 'But why tell me? I am not ashkhan. I can do nothing. And Ulath-Pal and his supporters would slash my face and kick me to death if I did not do as they say.', ""No matter what Manirai says, I'm not interested. I don't want to be ashkhan."", 'You have killed Ulath-Pal and his supporters? So you killed them, just because of these prophecies? You are mad. I tell you -- I am not the ashkhan, and I do not want to be ashkhan.', ""All right. I understand. They're dead, and they can't hurt me. I'm not stupid. But you don't listen. I don't want to be ashkhan."", ""I don't care what Manirai says. I don't want to be ashkhan. Everyone despises me. I am a weakling, and a coward, and a fool. I hate it, but it is true. I just want to be left alone."", ""I don't want to be ashkhan. I'm not good at fighting. And no one likes me, anyway. I can't make anyone do anything. Why won't everyone just leave me alone?"", ""Please! I don't WANT to be ashkhan. Don't you understand? I won't be any good at it. I am going to be a complete failure, and everyone will hate me even more than they do now. PLEASE! I just want to be left alone!"", 'Yes. I recognize it. It is the war axe of my father, the War Axe of Airan-Ammu. Ulath-Pal had it from my father, and carried it as ashkhan. But what has that to do with my wanting to be ashkhan?', 'Yes. It is a great axe. My father was great man. But I am not my father, and I do not want to be ashkhan.', 'Yes. It is a great axe. My father was great man. And perhaps if I had that axe, I would feel more like my father. But I am not my father, I do not feel like my father, and I do not want to be ashkhan.', 'Thank you. Your lesson is clear. It is the axe that gives strength in war, and it is the idea of the axe that gives confidence to the tribe, but it is the ashkhan who bears the axe, the ashkhan who accepts responsibility for the safety of the tribe, who holds the fate of the tribe in his hands. Now, with Ulath-Pal dead, I hold the fate of the tribe in my hands, and I must accept that responsibility. Thank you for your lesson. I shall be Ashkhan of the Erabinimsun. And I shall name you Nerevarine.', 'Thank you. Your lesson is clear. It is the axe that gives strength in war, and it is the idea of the axe that gives confidence to the tribe, but it is the ashkhan who bears the axe, the ashkhan who accepts responsibility for the safety of the tribe, who holds the fate of the tribe in his hands. This is a sobering lesson, and I must give it thought.', 'Thank you. Your lesson is clear. It is the axe that gives strength in war, and it is the idea of the axe that gives confidence to the tribe, but it is the ashkhan who bears the axe, the ashkhan who accepts responsibility for the safety of the tribe, who holds the fate of the tribe in his hands. Now, with Ulath-Pal dead, I hold the fate of the tribe in my hands, and I must accept that responsibility. Thank you for your lesson. I shall be Ashkhan of the Erabinimsun. And I shall name you Nerevarine.', 'Thank you. Your lesson is clear. It is the ashkhan who bears the axe, the ashkhan who accepts responsibility for the safety of the tribe, who holds the fate of the tribe in his hands. Now, with Ulath-Pal dead, I hold the fate of the tribe in my hands, and I must accept that responsibility. Thank you for your lesson. I shall be Ashkhan of the Erabinimsun. And I do not need the axe... you should keep it for yourself. And if you wish, I shall also name you Nerevarine.', ""Yes. I recognize it. Ahaz wore that amulet, Sanit-Kil's Heart of Fire. Ahaz had it from his father, and Ahaz's father had it from Kinitu Nila, and Kinitu Nila had it from Sanit-Kil, a great witch-warrior. But what has that to do with my wanting to be ashkhan?"", 'Yes. It is a great token of power. Ahaz was a great witch-warrior. But I am not Ahaz. I am not a witch-warrior of any kind. And I still do not want to be ashkhan.', 'Yes. It is a great token of power. Ahaz was a great witch-warrior. And perhaps if I had that amulet, I would feel more like a great witch-warrior. But I am not Ahaz, I am CERTAINLY not a great witch-warrior, and I still do NOT want to be ashkhan.', 'Your lesson is clear. It is the amulet that gives courage in battle, and it is the idea of the amulet that gives confidence to the tribe, but it is the ashkhan who wears the amulet, the ashkhan who accepts responsibility for the safety of the tribe, who holds the fate of the tribe in his hands. Now, with Ulath-Pal dead, I hold the fate of the tribe in my hands, and I must accept that responsibility. Thank you for your lesson. I shall be Ashkhan of the Erabinimsun. And I shall name you Nerevarine.', 'Thank you. Your lesson is clear. It is the amulet that gives courage in battle, and it is the idea of the amulet that gives confidence to the tribe, but it is the ashkhan who wears the amulet, the ashkhan who accepts responsibility for the safety of the tribe, who holds the fate of the tribe in his hands. This is a sobering lesson, and I must give it thought.', 'Thank you. Your lesson is clear. It is the amulet that gives courage in battle, and it is the idea of the amulet that gives confidence to the tribe, but it is the ashkhan who wears the amulet, the ashkhan who accepts responsibility for the safety of the tribe, who holds the fate of the tribe in his hands. Now, with Ulath-Pal dead, I hold the fate of the tribe in my hands, and I must accept that responsibility. Thank you for your lesson. I shall be Ashkhan of the Erabinimsun. And I shall name you Nerevarine.', 'Thank you. Your lesson is clear. It is the amulet that gives courage in battle, and it is the idea of the amulet that gives confidence to the tribe, but it is the ashkhan who wears the amulet, the ashkhan who accepts responsibility for the safety of the tribe, who holds the fate of the tribe in his hands. Now, with Ulath-Pal dead, I hold the fate of the tribe in my hands, and I must accept that responsibility. Thank you for your lesson. I shall be Ashkhan of the Erabinimsun. And I shall name you Nerevarine.', 'Yes. I recognize it. Ranabi wore that robe, the Robe of Erur-Dan the Wise. It was handed down to Ranabi through his family. But what has that to do with my wanting to be ashkhan?', 'Yes. It is a great token of power. Ranabi had a great many tokens of power from his ancestors. But I am not Ranabi, and I have received no such treasures from my ancestors. And I still do not want to be ashkhan.', 'Yes. It is a great token of power. Ranabi had a great many tokens of power from his ancestors. And perhaps if I had many tokens of power like Ranabi, I would feel more confidence. But I am not Ranabi, I do not have his tokens of power, and I do not have any confidence in myself. And I still do NOT want to be ashkhan.', 'Your lesson is clear. It is the robe that gives wisdom in counsel, and it is the idea of the robe that gives confidence to the tribe, but it is the ashkhan who wears the robe, the ashkhan who accepts responsibility for the safety of the tribe, who holds the fate of the tribe in his hands. Now, with Ulath-Pal dead, I hold the fate of the tribe in my hands, and I must accept that responsibility. Thank you for your lesson. I shall be Ashkhan of the Erabinimsun. And I shall name you Nerevarine.', 'Thank you. Your lesson is clear. It is the robe that gives wisdom in counsel, and it is the idea of the robe that gives confidence to the tribe, but it is the ashkhan who wears the robe, the ashkhan who accepts responsibility for the safety of the tribe, who holds the fate of the tribe in his hands. This is a sobering lesson, and I must give it thought.', 'Thank you. Your lesson is clear. It is the robe that gives wisdom in counsel, and it is the idea of the robe that gives confidence to the tribe, but it is the ashkhan who wears the robe, the ashkhan who accepts responsibility for the safety of the tribe, who holds the fate of the tribe in his hands. Now, with Ulath-Pal dead, I hold the fate of the tribe in my hands, and I must accept that responsibility. Thank you for your lesson. I shall be Ashkhan of the Erabinimsun. And I shall name you Nerevarine.', 'Thank you. Your lesson is clear. It is the ashkhan who wears the robe, the ashkhan who accepts responsibility for the safety of the tribe, who holds the fate of the tribe in his hands. Now, with Ulath-Pal dead, I hold the fate of the tribe in my hands, and I must accept that responsibility. Thank you for your lesson. I shall be Ashkhan of the Erabinimsun. And I do not need the robe... you should keep it for yourself. And if you wish, I shall also name you Nerevarine.', 'I thank you for your lessons, . I shall become ashkhan of the Erabenimsun. And I will name you Nerevarine.', 'I never wanted to be a gulakhan. I never wanted to be an ashkhan. I am not the man my father was, and never will be. But you have shown me my duty, and I will do my best.', 'Thank you, Indoril. I promise that, as ashkhan, I shall do my best to amend the dark reputation of the Erabenimsun. And as my first action as chief, I now name you Erabenimsun Nerevarine, Champion of the Erabenimsun, and Protector of the People. You must also go to wise woman Manirai and get from her the Seizing of the Erabenimsun, an enchanted heirloom of the tribe, which shall be a sign to all Dunmer that the Erabenimsun have named you Nerevarine.', 'I shall always be grateful, Nerevarine. I will try to be a good ashkhan to the Erabenimsun.', 'Yes. You are Erabenimsun Nerevarine, Champion of the Erabenimsun, and Protector of the People, and so shall you be known to all the Ashlander tribes.', 'You wished to be named Nerevarine, and I have named you Nerevarine. Are you not satisfied?', 'This is your affair. I know nothing about it. I do not really understand this. But you have done me a great kindness, and I am grateful.', 'I thank you for your lesson. I shall be Ashkhan of the Erabinimsun. And I shall name you Nerevarine.', 'You were right, . I am not much of a hero, but I can only try to do my duty to the tribe. And now that the Devil is dead, and the Blight is gone, perhaps there will be time enough and peace enough for me to learn what I must learn to be a leader... like my father.']",NPC
Elder Scrolls Morrowind,2002,US,Hanarai Assutlanipal,Female,"['What do you want?', 'What? No. Where did you...? Damn!']",NPC
Elder Scrolls Morrowind,2002,US,Hannat Zainsubani,Male,"[""My name is Hannat Zainsubani. I entered this cavern seeking shelter from the weather, and this madmen stripped me and imprisoned me here. While I've been trapped here, I've had the most terrible dreams. I... don't know if I can trust my own eyes and ears. Please. I need an armed escort to the cavern entrance. They have left me nothing. I cannot offer you reward. But my father, Hassour Zainsubani, in Ald'ruhn, will gift you generously if you can rescue me."", 'Yes, I am Hannat Zainsubani, son of Hassour Zainsubani.', ""Ah, then you know my father? You can always find him at the Ald Skar Inn. If you can deliver me from this cavern, I'm sure he will reward you handsomely."", 'Shall I follow you now to the cavern entrance?', 'Thank you. I will follow you. Please guide me safely outside.', 'Shall I wait for you here?', 'Thank you. I will follow you. Please guide me safely outside.', 'I will wait for you here.', 'I will wait for you here.', ""Thank you, . I owe you my life. As you can see, I have nothing to give you. But go speak to my father, Hassour Zainsubani, at the Ald Skar Inn in Ald'ruhn, for courage and generousity must always be rewarded. Tell him that I am well, and will come to him as soon as I can. I have no token you might show him, but tell him that I blossom 'anew beneath tomorrow's sun' -- he will know who has sent you."", 'Thank you for your armed escort. I could not have escaped without your help.', ""Thank you again for rescuing me. And don't forget to speak to my father Hassour Zainsubani at the Ald Skar Inn in Ald'ruhn.""]",NPC
Elder Scrolls Morrowind,2002,US,Hasphat Antabolis,Male,"[""The disappearance of the Dwarves predates Imperial written records; Dunmer oral accounts record that the Dwemer were utterly destroyed by the gods for profane practices and impiety. Dwarven ruins are scattered across Tamriel, and weapons, armor, housewares, coins, and other items of Dwemer design are often found, but the circumstances surrounding the disappearance of the Dwarves remains one of Tamriel's greatest mysteries."", ""I won't bore you blathering about history. That's what Caius is for. But if you're really interested, try 'On Morrowind, the Imperial Province', by Erramanwe of Sunhold. I have an extra copy you can have. What an adventurer like you REALLY needs is a sense of current events. Who hates who? Where's trouble brewing? That's where opportunity lies for an outlander like you."", ""The Great Houses hate each other -- theft, murder, assassination, secret raids, standard stuff. The Temple is trying to kill off a rebellious faction called the Dissident priests. Ashlander nomads raid each other, attack traders and pilgrims. A secret cult is killing off Imperial citizens. All bad enough. The real problem, though, is the Blight. Monsters and diseases. The natives say it comes from Red Mountain. It's been a local problem for years, but lately it's gotten badly out of control."", ""Good day, . So you're with Caius, eh? And Caius wants information? Of course, there's a this-for-that involved. I require a favor first, and then I'll tell you what you want to know."", ""There are Dwemer ruins nearby called Arkngthand. I need you to run over there and find me a little cube with a circular design and some symbols on one side. It's called 'a 'Dwemer puzzle box'. Bring me back the Dwemer puzzle box, and I'll tell you what you want to know."", ""Right. As I said, get me the Dwemer puzzle box from Arkngthand, and I'll tell you what you want to know."", 'The old Dwemer ruins at Arkngthand are extensive on the surface and underground. Head south out of town past the silt strider port, then cross bridges east over the Odai River. At the signpost, head north towards Caldera. Immediately on the right see a signpost for Molag Mar. Turn right and head uphill on an old road to cross an ancient Dwemer bridge over Foyada Mamaea. The entrance to Arkngthand is on the east side of the foyada, south of the bridge. Turn a crank on a pipe nearby to open the doors.', ""'Foyada' means 'fire-river' in the native Ashlander language. The deep, ash-dark ravines which run down from the Red Mountain volcano are foyada. The lava from Red Mountain is very fluid, and it runs almost like water, and during an eruption, fire-rivers run down the mountain, clearing the ravines of vegetation. Because they have good footing, are clear of brush, and run long sitances, the natives use them like roads."", ""The little cube I'm looking for is about the size of a fist, maybe a little bigger. It will be made of a coppery metal, with a circular design and symbols on one side and some lined marks on the other side. That's all I want, that little cube."", 'So. Have you done that favor I asked?', ""Perfect. Just what I was looking for. Just let me take this Dwemer puzzle box, and then I'll tell you what Caius will want to know about the Sixth House. And about the Nerevarine. By the way, the inscriptions on the box seem to be the directions for setting a Dwemer key to open a specific lock. If you're interested, after you've delivered your report to Caius, come back, and maybe I'll have a key you can take back to Arkngthand."", ""Yes. The inscriptions on the box seem to be the directions for setting a Dwemer key to open a specific lock. If you're interested, after you've delivered your report to Caius, come back, and maybe I'll have a key you can take back to Arkngthand."", 'The Dwemer are the fabled lost Dwarven race whose ruins and splendid artifacts are scattered across Tamriel. Elves use the term Dwemer, connoting variously deep-delving, profound, and close-counseled; Imperial usage is Dwarven, derived in fable from the affectionate regard of the Giant races for their little Dwemer friends. There are several Dwemer sites on Vvardenfell, and many have found Dwemer artifacts.', 'There are many Dwemer sites on Vvardenfell, but the two largest are Mzuleft and Nchuleftingth. Mzuleft is in the Sheogorad region, is cursed and dangerous, and acces is forbidden. Nchuleftingth is occupied by an expedition of the Imperial Archaeological Commission, and is not open to visitors.', 'Look, I like you, but not enough to tell you that.', 'My friend, Senilias Cadiusus, is the head of the Nchuleftingth expedition, and he is accompanied by his charming daughter, Pania Cadiusus. The Dwemer language has never been translated, and they are searching Nchuleftingth for a book that may be a Dwemer translation key. Here. Let me give you a letter of introduction. They might be willing to hire you.', 'I encourage you to visit Senilias Cadiusus. Make sure you bring the letter of introduction I gave you.', 'The Dwemer language is largely untranslatable, though the alphabet is known, and short inscriptions can be deciphered, usually from context clues. Fortunately, many Dwemer documents were written in Aldmeris, which is very close to modern Elven languages.', ""House Dagoth is the Sixth House, the 'lost' Sixth House. In the First Age, House Dagoth betrayed the other Great Houses during the War of the First Council, and was destroyed for their treason. I can answer any questions you have, but I'll also give you some notes to give to Caius, and recommend some Sixth House references he should read."", 'House Dagoth was the Sixth of the Seven Dunmer Great Houses. Nothing remains of the Sixth House. Its members were all slain or adopted into other Great Houses following their treason in the War of the First Council. Their clanstead was called Kogoruhn.', ""Here's a list of cheap books; all of them will tell you something about the Sixth House and how it ended: 'The War Of The First Council,' 'Saint Nerevar,' 'Nerevar Moon-And-Star,' and 'The Real Nerevar.' Try the bookseller Dorisa Darvel over in the Commercial District. She'll have at least some of these titles."", 'The Ashlanders believe a reborn Nerevar will unite the Dunmer against the outlander invaders and restore the ancient Dark Elven nation. Nerevar is a legendary hero abd saint of the Temple, but the Temple denies the prophecy, and persecute heretics who believe in the Nerevarine. Tell Caius that Sharn gra-Muzgob would be a better person to ask about the native faiths and superstitions.', ""Hello again, . What do you want? You already gave me the Dwener puzzle box. Don't you remember?"", ""What? Oh. Yes. I'd forgotten. Here's a Dwemer key, made according to the instructions I found on the puzzle box you brought me. I've no idea what it's good for. But if you take it back to Arkngthand maybe you'll find the lock it opens."", 'Look, I like you, but not enough to tell you that.', 'My friend, Senilias Cadiusus, is the head of the Nchuleftingth expedition, and he is accompanied by his charming daughter, Pania Cadiusus. The Dwemer language has never been translated, and they are searching Nchuleftingth for a book that may be a Dwemer translation key. Here. Let me give you a letter of introduction. They might be willing to help you.', 'Hello, . Was there something further you wanted to ask about?', 'Yes, I heard that Anes Vendu was dead. Is the expedition going well otherwise? Did they find the Dwemer translation key?', 'I cannot read the Dwemer language, nor do I know anyone alive who can. Dwemer scholars have long been looking for a translation key. It is said that some of the oldest Telvanni have somehow learned the Dwemer language, but these may only be rumors.', 'With the Hanging Gardens book as a key, I can make out some of what Divine Metaphysics is saying. It seems to suggest that new gods may be crafted through some kind of sorcery. I do not know much of magic. Perhaps you should speak with someone who is both a wizard and a scholar.', 'Did you tell Senilias Cadiusus of this? This may be the translation key they have been searching for. If you find any other Dwemer books, perhaps I could try and translate them with this key.', 'I cannot read and write Dwemer myself, but this is a truly interesting find.', 'This Egg of Time is certainly very suggestive. I fear I am not quite able to piece together what is going on. You might want to take these books to another Dwemer scholar, perhaps one of the older Telvanni.']",NPC
Elder Scrolls Morrowind,2002,US,Hassour Zainsubani,Male,"['I am Hassour Zainsubani, . May you bless and be blessed. I do not wish to be rude, but if you have business, speak it, for I am at leisure, and would prefer to be alone with my thoughts.', 'I am a retired trader. I am well-traveled and a man of letters, but I am proud of my Ashlander birth and heritage.', 'I see. You wish to learn of Ashlanders from me. And what is it you wish to learn?', ""A curious question. A gift is a sign of courtesy among strangers, and affection among friends. Among strangers, a thoughtful gift is a sign that you are cautious, and considerate, and aware of the other's wants and needs. Such is particularly useful for traders and travelers. Among friends, it is a private thing, and subtle, with great risks, for the test of the gift is how well it is tailored to the receiver."", 'Ashlanders may challenge a stranger who enters a yurt without invitation. Customs differ with different tribes, but leave when requested, and you may be forgiven. Be particularly careful about ashkhans -- tribal chiefs -- and wise women -- tribal seers and counselors. Some are welcoming, some are hostile. Be courteous, and leave if requested. If offended, they may attack.', 'Yes. A gift that shows you have taken the care to learn something of the receiver. For example, I love poetry. No stranger could be expected to know this, but a book of poetry given to me by a stranger shows the giver respects me, and has made a special effort to know and please me. But now, I have answered your question, and would like some time to myself. If you will excuse me?', ""I'm sorry, but your request is not a proper one, and I will not discuss this with strangers. If you will excuse me...."", 'Everything? I am not so wise as to know everything about the Ashlanders, and I have no wish to spend long hours with a stranger attempting such a task. If you will excuse me....', 'Yes? What is your business with me?', 'I believe I have answered your questions about choosing a thoughtful gift. That was your business with me, was it not?', 'This is a gift for me? A copy of The Five Far Stars. Noble words of noble warriors.', 'This is a gift for me? I am amazed. A copy of Words of the Wind? The words of the blessed mothers.', 'This is a gift for me? I am amazed. A copy of Ashland Hymns? Simple sentiments, simply stated.', 'I gratefully accept your gift. My people have never loved the written word, and I lament their ignorant scorn for such common yet potent magic. I thank you, and I honor your courtesy, . It would please me to return your courtesy by answering your questions. What would you wish to know about the Ashanders and the Nerevarine cult?', ""Yes, I understand. Don't give it another thought. Now, what would you wish to know about the Ashlanders and the Nerevarine cult?"", 'Welcome, my friend . Did you wish to ask about the Ashlanders and the Nerevarine cult? Or was there some other business you have with me?', ""There is too much to tell. Here. Take these notes. I've written here what you should know about the Ashlanders and the Nerevarine cult. But most of all, if you are visiting a camp, there are things you should know about courtesy and challenges among the Ashlanders. And, since you ask about the Nerevarine cult, perhaps you'll be interested in my views on the Ashlanders and foreigners, because a guiding passion of the Nerevarine cult is their hatred of foreigners."", 'You have my notes.', 'When challenged for sport, it is acceptable to decline. When challenged for honor, it is shameful to decline. Honor challenges come from offense given in speech or action, or may represent customary formal challenges of status or ritual.', 'Most Ashlanders wish all foreigners and their false gods could be driven from Morrowind. At very least, Ashlanders wish the foreign devils would leave them in peace. Ashlanders think it shameful to attack unarmed persons, but they will kill without hesitation an armed person who offends them or their clan laws. No Ashlander is fool enough to make war against the Empire. However, if such a war might be won, many Ashlanders might cheerfully give their lives to win such a war.', 'They worship the Great Ashkhan and Hortator, Nerevar Moon-and-Star, who in ages past destroyed the evil, godless dwarves and banished the treacherous Dagoth Ur and his foul hosts beneath Red Mountain. The cult is of small consequence in Ashlander worship, and only among the Urshilaku do its followers have any influence. Others Ashlanders tribes share the sentiments of the cult, but regard the Nerevarine prophecies with suspicion and skepticism.', 'All Ashlanders in a tribe, young and small, are born into the Ancestor cult of their clan. The Nerevarine cult is different, though; it is a very small cult, with only a few wise women with the gift of prophecy and a few holy warrior-heroes who guard and protect the seers. Sul-Matuul, Ashkhan of the Urshilaku, is the Warrior-Protector of the cult, and Nibani Maesa, also of the Urshilaku, is the Oracle-Seer of the cult.', 'The Urshilaku are the Ashlanders of the northern Ashlands and the West Gash, in the northwest of Vvardenfell. Ashkhan Sul-Matuul is their chief, a brave and respected war leader, and Warrior-Protector of the Nerevarine cult. The Urshilaku camp moves with the herds, but usually lies close to the Sea of Ghosts.', 'The Urshilaku camp moves with the herds, but usually lies close to the Sea of Ghosts, north of the village of Maar Gan, on the northern coast of Vvardenfell.', 'I have heard it said that prophecies foretell the return of a reincarnated Nerevar, who shall drive the foreigners from the Ashlands and who shall cast down the false gods of the Temple, and restore the true worships of the Ancestors. It is a dream that would appeal to every Ashlanders, but it is thought but a silly ancient legend, and little more, by many Ashlanders - myself included.', 'I understand. You wish to give me a suitable gift, but you do not know me well enough to choose such a gift, or you cannot find or afford a gift you know to be suitable for me. Well. Let us take your earnest thought and effort as a token of your gift. You have behaved courteously, and I am inclined to help you. What would you wish to know about the Ashlanders and the Nerevarine cult?', 'Yes, my friend . You say you want to ask me some questions. What would you wish to know about the Ashlanders and the Nerevarine cult? Or perhaps you wish to know more about my life as a trader?', 'I am too old to travel, to risk the beasts and bitter blights of the Wastes. Now I sit here warm and savor my imported Cyrodilic brandy, while my adventurous son, Hannat Zainsubani, assists me in my trade, seeking out sources of fine ebony, and fetching them at fine prices.', 'I wonder at my son -- he has been so long away, without a word to his father, surely he wishes me to die of worry, so he may inherit this fine brandy. He has proposed to chart the rarely visited ancient underground complex at Mamaea, west of Red Mountain; if you should chance to see him in your travels, chide him, and tell him an old man longs for news of his son-and-heir.', ""You have spoken with my son? Indeed? He blossoms anew beneath tomorrow's sun? That is my son, indeed. And you have rescued him from a terrible fate, if that is his message. He owes you a debt of gratitude, and I am proud to pay that debt. Who can place a value on life? But please accept these five pieces of raw ebony, rare and valuable. And from me personally, accept this, my own personal blade, and this, the ring from my own finger. May these gifts bless you, as you have blessed my son."", 'Thank you again for rescuing my son.']",NPC
Elder Scrolls Morrowind,2002,US,Hecerinde,Male,"[""I must admit I've been negligent towards the Guild. I will certainly help you secure the South Wall. Tell Sugar-Lips that I am at her service.""]",NPC
Elder Scrolls Morrowind,2002,US,Helviane Desele,Female,"['Welcome to my house, Dark Elf . Make yourself at home.', ""Tere's only one place in town for that, , Dresele's House of Earthly Delights."", 'I am sorry if you have the wrong impression. My girls are dancers, nothing more.', 'Hm. That is an interesting offer. I will ask my girls. Perhaps some of the older ones are ready to settle down somewhere. I will ask them, but that is all I can promise.', 'As I said, I will ask the girls, but I cannot promise anything.', 'How about a drink, then?']",NPC
Elder Scrolls Morrowind,2002,US,Hetman Abelmawia,Male,"['You are here for the taxes? Just a moment, I will get them for you. Yes, here they are. 60 drakes in all.', ""I have given you the taxes. Take them back to Hlaren Ramoran in Ald'ruhn.""]",NPC
Elder Scrolls Morrowind,2002,US,Hetman Guls,Male,"['Welcome, I am Hetman Guls. What can I do for you Councilman?', 'I am the Hetman of this new settlement at Indarys Manor. I handle disputes and enforce the law while you are away, .', 'We are happy here, but the town would prosper if there were more women. Most men here are single and need wives.', ""I am sure there are many single women in Ald'ruhn who would move here. You could ask there. If you cannot find any wives, you buy slaves in Tel Aruhn and bring them here. Many would prefer marriage over slavery."", 'Yes, Councilman ? What can I do for you?', 'You have found women who will move here to Indarys Manor. I will tell the others.', 'You have found more women who will moe to Indarys Manor. Our settlement will grow and prosper.']",NPC
Elder Scrolls Morrowind,2002,US,Hides-His-Foot,Male,"['Yes, Dunmer ? What can I do for you?', 'Go free? No, I am old and could not make it on my own.', 'Ilmeni sent you? Shall we travel together?', 'Are you here to set me free? Should we travel together?', 'Shall I follow you now?', 'I will stay here until you tell me it is safe to go on.', ""I will follow you. I must get to Sterdecan's Farm."", ""Sterdecan's Farm is north and east along the road from Dren Plantation. I think we are southwest of the farm."", 'Do you want me to wait here?', 'Thank you for my freedom, Dunmer . I know a little secret about Orvas Dren you might find useful.', ""I delivered a message to his assassins, Ranes and Navil Ienith. The message was a plot to kill his brother, Duke Vedam Dren. This message is in the basement of Dren's Villa, behind two locked and trapped doors, in a small chest on a bookshelf. If you ever need to influence Orvan Dren, this book would be ideal."", 'Perhaps, but not today. I must travel with Sterdecan until he passes me on to another. If all goes well, I will see my homeland again.', ""Yes, thank you for bringing me to Sterdecan's Farm."", 'Yes, I am free now.']",NPC
Elder Scrolls Morrowind,2002,US,Hisin Deep-Raed,Female,"['You! You will speak with me now or you shall feel the bite of my axe! When this enchantment wears off, Hisin Deep-Raed will shed some blood!', 'Aye. A foul witch has given me some enchanted disease, leaving me rooted to this spot. She called it Witchwither. Foul temptress! I had been her escort; she was a big woman, friendly...you know. Then the damned witch ensorcelled me, leaving me at this spot, nealry naked, to display my shame to the world! Hisin Deep-Raed is not accustomed to being mocked, stranger! I shall paint the ground with her entrails!', ""You have honor, (PC name). I am a man of standing among my people. My father and my father's father, and his father before him, have had songs sung of their deeds, and I shall be no different. I distrust potions in general, but bring me one from a reputable alchemist, release me from this bondage, and I will reward you. Then I shall cleave that whore in twain!"", ""Ah, you've got the potion. Give it to me! Yes, yes! I'm free of this enchantment! Hisin Deep-Raed calls you friend, (PC name). Take this, my family's helm, Icecap. It was worn by my father, and his father, and by his father before him. It will protect you from the coldest of nights. Wear it with honor. Now, I must go kill that witch. I shall plant her head on a stake for all to see!"", ""You've a spell to cure this malady? If this is a trick, stranger, yours will be the second neck I snap. Never mind. Go ahead with your spell...I couldn't be worse off than I am now. Treat me fairly, (PC name), and I will reward you. Hisin Deep-Raed shall have his revenge!"", ""Ahhhh...you've removed this enchantment with your spell to cure disease!"", ""Well done, (PC name)! For a magic-user, you have a great deal of honor! Take this, my family's helm, Icecap. It was worn by my father, and his father, and by his father before him. It will protect you from the coldest of nights. Wear it with honor. Now, I must go kill that witch. I shall plant her head on a stake for all to see!"", ""Bah! I'll rid myself of this disease through sheer force of will! You'd best be going stranger, for when I break free, I'll want to test the blade of my axe, and your neck will work just fine.""]",NPC
Elder Scrolls Morrowind,2002,US,Hlaren Ramoran,Male,"['I am Hlaren Ramoran, Lord of West Gash and a councilor of House Redoran. Who, exactly, are you?', 'Athyn Sarethi has spoken of your good judgement, and I trust him. I will vote for you as Hortator of House Redoran.', 'Yes, I have agreed to name you the Redoran Hortator. What else can I do for you?', 'You have my vote as Hortator of House Redoran, but the decision must be unanimous.', 'So you want my support on the Council. Very well, I shall grant support to an outlander, if he can prove himself. First, I need someone to collect the taxes from Gnisis.', 'My regular tax collector has fallen ill, but the duties are quite simple. Speak with Hetman Abelmawia and get the taxes from him. Then bring the taxes back to me.', 'I asked you to collect the taxes from Gnisis.', 'Do you have the taxes?', 'Good. The taxes are all here. I have one more request before I give you my support on the council, I would like for you to find an old acquaintance of mine, Nalvilie Saren.', 'You have delivered the taxes, but you must also find out what happened to Nalvilie Saren.', 'House Redoran values honesty. You have proven yourself to be as dishonest as the other outlanders. I will not give you my support on the council.', 'No. I have said what I said. I will say no more.', 'Then why are you asking me about it? Get the taxes from Hetman Abelmawia in Gnisis and bring them back to me.', 'I have another favor to ask. In my youth, I was involved with a woman named Nalvilie Saren.', ""Nalvilie Saren was an acquaintance of mine... I was quite fond of her and have often wondered what happened to her. I believe the Saren family lives in the Redoran Compound in Vivec. That may be a good place to start. When you find her, tell her that I do not care what happened in the past and that I can support her. Invite her to meet me here in Ald'ruhn."", 'Do you have word from Navilie Saren?', 'She is dead? I am saddened to hear this, but perhaps it is for the best. Well, you did what you could. I will give you my support on the council.', 'I will try and forget about her.', 'I am Hlaren Ramoran, Lord of West Gash and a councilor of House Redoran. Who, exactly, are you?', 'No. Why would I aid the Telvanni? Get out of my manor.', 'Your words have convinced me. Though it is rare that I agree with a Telvanni proposal, I will agree to this.', 'Yes, I agree that the Mages Guild monopoly is unfair. I will support this resolution.']",NPC
Elder Scrolls Morrowind,2002,US,Hlireni Indavel,Female,"['Well, well, well. What do we have here? Do you have your invitation? Are you a Player of the Game? Or one of the Game Pieces? Or a humble Spectator?', ""Were you summoned? Or do you come of your own free will? It hardly matters... the party is open to all. But make sure you pay your respects to the host. And grab a drink from Lustidrike, over in the corner. Then feel free to mingle with the other guests, to join the dancing, chancing throng. I believe the ones in the gold masks are party crashers, but all are welcome to the Mad God's Masque and Bellicose Ball."", ""If you want to be a Player, then you want to Play with me. Go ahead, . You're the guest. You make the first move."", 'Well, well, well. Do you have a game you want to play? Tell me...', ""That's so sad. We all shed a tear for the poor little savages. It's a terrible world for the little helpless things. But... life must have its little tragedies, mustn't it? Or else it would be cheerful and dull."", ""My... goodness. Never have I heard such a speech. Such a moving tale. Such suffering. And right here at our front door. You shame me. Please, bring the poor little things here. We won't hurt them. I can't speak for the Ordinators, of course, but I promise my followers will not harm the Ahemmusa while they are here at Ald Daedroth."", ""Your manners are a credit to your upbringing. But there's no need to be so formal. This is a dance, %PCName. If you want to dance, just pick a partner, and start swinging. And if you want ME to be your partner, go ahead. You're the guest. You make the first move."", 'Tee-hee. How cute! How sweet of you to offer to spare my life. Thank you, from the bottom of my heart. Tee-hee. Of course, if you were not such a pathetic little worm, that threat would have little more bite. But never mind. Tee-hee. Quite charming.', ""Ah. I see. You propose that I permit these poor Ahemmusa tribesmen to come take shelter here on the island, and in return, you won't kill me. So the game is 'Challenge and Bluff.' And, given the apparent high level of your skills, I hesitate to call your bluff. So. You win. I concede. I can't speak for the Ordinators, of course, but I promise you may bring the Ahemmusa here, and my followers will not harm them. I swear on the Mad God."", ""Ah. I see. You propose that I permit these poor Ahemmusa tribesmen to come take shelter here on the island, and in return, you won't kill me. So the game is 'Challenge and Bluff.' And, given your rather impressive reputation, I hesitate to call your bluff. So. You win. I concede. I can't speak for the Ordinators, of course, but I promise you may bring the Ahemmusa here, and my followers will not harm them. I swear on the Mad God."", ""You're not a Player? Just here to be a Game Piece? Then step right in, pick a partner, and start swinging. I'm sure you'll find someone to accommodate you."", 'Some just like to watch. They also serve Sheogorath who stand and clap. Please yourself.', ""Dance with your partner. Swing the axe and mace. Rough and tumble, the spice of life and death. Don't you understand? Do you want to die like a farmer?"", ""All right. You don't want to dance. Afraid of getting hurt?""]",NPC
Elder Scrolls Morrowind,2002,US,Hlormar Wine-Sot,Male,"[""Ah, me axe Cloudcleaver. A fine blade she is, though now I fear what that witch's touch will do to it. Me own father Balmir used it himself to slay the Terror of Wrothgar's Quagmire, he did. Now granted the Terror turned out to be a new born nix-hound eating the neighbor's marshmerrow, but me father found him and slew him nevertheless in as grand a fashion as I have ever borne witness to. I cannot wait to have the blade in my hands again, then I'll use it to take that witch's head clean off, I will."", ""Makes me living as a fighter for hire I do. Learned the way as a lad in the basement of every seedy bar in Windhelm. After me father's life was claimed by the snow elves, I had to provide for meself with odd mercenary jobs. I'm good with me fists, and better with me axe. I came to Vvardenfell once it was opened to search out some new fortune among these damn dark elves. Now look what's happened to me."", 'Hail and well met stranger! As ye can plainly see, I require some assistance if ye be kind enough to grant it. I need help finding the festering witch who has robbed me blind and left me for dead.', ""A witch she had to be. I was on my way to Caldera when I met her. She was a stranger here like myself, and our conversations lightened the burden of travel. She was quite friendly and, well, y'know, we set up camp together. But that night she revealed the witch inside. Cast a spell on me. I couldn't so much as blink! Stole everything, even my worn out clothes, but most importantly, she took my prized axe Cloudcleaver. Join with me, stranger! And let's find her and extract her entrails together!"", 'I knew you had the bloodlust in you, stranger! I believe she is still camped where I left her up to the northwest, though I could be wrong as the spell disoriented me a bit, it did. You know this area better than me -- lead the way! This witch shall rue the day she met Hlormar Wine-Sot!', 'Bah, I took you for a coward the moment I saw you! Stand aside then and make way for any real warriors who be taking this path.', ""Well I'll not be waiting another three days to have me bloody axe when it is in the hands of that damned witch! Are you going to help me, friend, or are you believing the lies spilling out of that witch's face?"", ""Then let's show this witch the way to her grave together!"", 'Then you will die alongside her!', 'You have Cloudcleaver, my friend. I would like it back.', ""Yes, let me hold her in my hands. Ah, my pretty, I've missed you so...."", ""Ah, thank you friend. I noticed you admiring the way I fought that old witch, even without the aid of a sharp blade. I don't have any money or treasure to thank you for your help with, but I can give you a few pointers that will help you be stronger in a fight."", 'That is a poor, poor decision on your part, friend.']",NPC
Elder Scrolls Morrowind,2002,US,Hort Ledd,Male,"['Welcome, Incarnate. I am Hort-Ledd. I was not the one. But I wait and hope. Ask, and I shall tell you my story.', ""I died four hundred years ago, in the last days of turmoil and unrest after the Empire came to Morrowind. I was a thinker, and not a doer, and though I was marked by the stars, I was not a hero. Take these things of mine. My bones won't complain."", 'I have failed. I was not the one.', 'A darkness is on the land, and only you can bring the light.', 'I am Hort Ledd. I was called to the prophecies, but I was not the one.', 'You are the Prophesied One. You must save the Dunmer people.', 'An ancestor has no trade, but to guard and counsel the living kin.', 'You are the Nerevarine. You are the Incarnate. You are the one. You must not fail.', 'The Devil is dead, and the Blight is gone. You are the Nerevarine. You are the Incarnate. You are the one.']",NPC
Elder Scrolls Morrowind,2002,US,Hrisskar Flat-Foot,Male,"[""You look like you could use a friend, outlander. Perhaps I can be your friend. I'd like you to help me recover some gold."", ""That's right. See, I had a bad run of luck playing Nine-holes, and lost a bit of money. Normally, I'd be fine. We can usually keep some gold in our pockets just from the money the locals pay us for...protection. But I know some of them are holding out on me, especially that little fetcher Fargoth. He's come up light the past couple of weeks when I've shaken him down. I know he's stashing it somewhere. I'd like you to find Fargoth's hiding place."", ""I know the little fetcher's got one somewhere in town. Just not sure where yet. I've already gone through his whole house, so I know he's not hiding it there. I'd like you find out where he's stashing his gold. If you can, I'll give you a share of the wealth. Are you up for it?"", ""Excellent. Here's what I want you to do. I'm not sure where he goes, but I know he wanders around town at night. Watch his movements. The best vantage point is on top of the lighthouse south of town. That will give you a nice view of all of Seyda Neen. If you keep an eye on where he goes, I'm sure you'll be able to figure out where he's hiding that gold."", ""No? Well, I'll find someone else to do it, then."", ""You were supposed to find Fargoth's hiding place. Were you able to?"", ""You've found his hiding place? That's great. Tell you what...I'll give you 100 gold, and you can keep anything else that you found in there. Thanks for your help."", ""Good that you found that for me, friend. I'll make that little fetcher pay for lying to me. Although, I've got to be honest, it is kind of fun messing with the little guy. I like to take something from his place and stick it in that old barrel in the Census and Excise courtyard. Hehe...gives the new arrivals something to look forward to."", ""ou've found his hiding place? That's great, but where's the gold??? You trying to hold out on me, Dark Elf ?"", ""You killed the little runt? I don't know what you were thinking. He was a source of good income for me. If anyone asks, I don't know you.""]",NPC
Elder Scrolls Morrowind,2002,US,Hul,Female,"[""Greetings, Citizen. I'm Hul. Welcome to Balmora. We're a House Hlaalu town, and loyal citizens of the Empire. What can I do for you?"", ""We've had peace and prosperity in Morrowind under the Empire for centuries. It's a government by law, and the Legions enforce that law. The Empire has free trade and free religion, so we're rich in pockets and in spirit. Yes, there is corruption. Yes, there are crimes and criminals. Yes, the rich get richer, and the poor poorer. But overall, things are pretty good."", ""Balmora is the Council Seat of Great House Hlaalu, and the largest town on Vvardenfell except for Vivec City. Located on the Odai River, and sitting astride the Ald'ruhn-Vivec road, Balmora is an important mercantile trade and travel center. High Town is the administrative center, with the Temple and manor houses. The shops, guilds, and tradehouses of the Commercial District are north of the river; Labor Town's modest cornerclubs and homes are south of the river."", ""An outlander is anyone born and raised outside of Morrowind. Most Dunmer think anyone who isn't a native-born Dunmer is an outlander. Dunmer with Western words and ways are also immediately identified as outlanders -- Dunmer are very sensitive to accents, clothes, and manners in Morrowind. Outlanders are foreigners, and Morrowind doesn't like foreigners. It's not bad here in Hlaalu territory, but on the rest of Vvardenfell, folk are very cool to outlanders."", ""Most native Dunmer don't like foreigners. The Dunmer are a proud people, and they look down on other races and cultures. They particularly dislike outland Dunmer -- Dark Elves born and raised to Imperial ways, who don't know what it is to be a Dunmer born-and-bred. Foreigners can be accepted in Morrowind, even adopted into the Great Houses. There's even a Nord on the House Hlaalu Council. But it isn't easy. It takes time and effort to win a native's trust."", 'The Great Houses are always fighting each other in the Great House Wars.', ""Everyone knows the Balmora magistrate, Nolus Atrius, is on the take. Thieves, thugs, and murderers are getting ridiculous sentences, or paying a drake and walking free. But they'll bever get Atrius. He's got fatcats and family back in the City to cover him. The Legion Champion, Larrius Varro, over at Moonmoth Legion Fort, he has sworn an oath to stop corruption. But I don't see what he can do."", 'South Wall is a working class cornerclub in Balmora, east of Odai River, on the south end of Labor Street, owned by Bacola Closcius.', 'Bacola Closcius is the owner and proprietor of South Wall, a working-class Balmora cornerclub east of the Odai River.']",NPC
Elder Scrolls Morrowind,2002,US,Huleeya,Male,"[""I'm sorry, but I cannot speak with you. I am preoccupied with my own affairs."", 'We are counted among the First Peoples. Our homeland is Argonia, or Black Marsh, in Imperial speech. I am a poor example. My parents were bound in slavery, and I have lived in Morrowind all my life. Like other Argonians who have accepted Imperial ways, I am much like any other Imperial citizen. But to be honest, we have always been a private, even secretive people, and I am not comfortable speaking in this manner. You might do better to look in books, if you are curious.', ""I'm sorry. I don't know why you'd tell me this. In the old country, they set great store by dreams and omens. But I am an educated creature. Dreams mean nothing. They are just... fancies. Imagination."", 'Now that Dagoth Ur is gone, there must be an end to his dark dream sendings.', 'I am in the service of the Morag Tong, a modest Thrall in rank, and by vocation and training an agent and executioner. In my private life, I am a student of history. There is little else to tell.', 'I am only a low-ranking member. But pauper and commoner do not suffer from war here as they do in the West, thanks to the honored traditions of House War and the Morag Tong. I am an Argonian, yet they treat me with respect. If you are curious, find a copy of The Black Glove. But please... do not mistake us for the Dark Brotherhood! The Dark Brotherhood is a perversion of ancient Dunmer traditions. They have sold their honor for profit, and are no more than a league of murderers-for-hire.', 'Perhaps, but I do not believe you are ready.', 'Yes, you may be worthy. Your first test is to find Grandmaster Eno Hlaalu. By tradition he lives in the secret tunnels under the Arena here in Vivec. Only the Grandmaster can allow foreigners like us to join.', ""I am an Imperial citizen, and I believe slavery should be outlawed, as it is elsewhere in Tamriel. Many of Tamriel's people once practiced slavery, but have now rejected it as cruel and immoral. I hope that in my lifetime, slavery might be outlawed in Morrowind, but the Armistice confirmed slavery as lawful, and the Great Houses strongly resist any diminishment of the rights guaranteed by that ancient agreement between the Empire and the Dunmer."", ""I welcome you as the friend of my friend, . But I wish to go to my friend's bookstore, and these troublesome fools are in my way. I have tried to persuade them, but they hate my race, and I fear there will be violence. Perhaps if you speak with them... but be careful... and be ready."", ""My friend, Jobasha the Khajiit, has a bookstore, Jobasha's Rare Books. If you will agree to travel together with me there, I will answer you question. But before we go, I beg you to try to persuade these troublesome fools to leave us alone. Otherwise, I fear they will attack us the moment we go to leave."", ""Jobasha's Rare Books is a bookshop with a wide selection of rare and obscure books. My friend, Jobasha, a Khajiit is the owner. The shop is here in Vivec's Foreign Quarter, in the Lower Waistworks, on the same level as the Black Shalk Cornerclub, but down at the end of the west corridor."", ""Jobasha is a friend of mine, a Khajiit. He owns Jobasha's Rare Books, which has a wide selection of rare and obscure books. He has very passionate moral and political views, which he shares freely. As a result, he and his bookshop arouse strong feelings in some quarters."", ""The sight of a free Argonian offends these racist thugs. It would tarnish my Morag Tong honor to slay them, and I don't want to trouble my friend Saralis Golmis by fighting in his club. But I must go to my friend's bookstore, where we can talk in peace. If you have a way with words, perhaps you can talk to them. Or if you have a way with money, they might be bought. Otherwise, I fear there must be bloodshed."", ""Will you travel together with me to Jobasha's Rare Books? We leave the door to the Foreign Quarter Waistworks, turn right, west, continue down the hall and across the atrium on the same level, then follow the opposite corridor west on the other side of the atrium all the way to Jobasha's door. I must warn you; unless these troublesome fools are persuaded to behave like civilized beings, there may be fighting and killing if we try to travel together."", ""Thank you, . I will follow you to Jobasha's Rare Books, and we will speak further there."", 'Very well, then. I will wait here for now.', ""Are we ready to travel together to Jobasha's Rare Books? When we arrive at my friend's bookstore, I will answer your questions there."", 'Their hatred saddens and angers me. I hate the custom of despising another on account of his race, and I cannot forgive the narrowness of mind and poverty of spirit that assures them of their right to abuse and attack me for spite, or on a whim.', ""Yes, . We travel together to Jobasha's Rare Books. When we arrive at my friend's bookstore, I will answer your questions there."", 'It saddens and angers me. I am sorry for their deaths, and for your trouble. But I hate the custom of despising another on account of his race, and I cannot forgive the narrowness of mind and poverty of spirit that assures them of their right to abuse and attack me for spite, or on a whim.', ""Yes, thank you very much. We should be free from distraction here. Now, I said I'd tell you about the Nerevarine cult so you can report back to Caius. And I don't know of any Sixth House cult, but I can tell you what I do know."", ""To understand the Nerevarine cult, you must understand the history of the Ashlanders. Nerevar means something very different to the Ashlanders from what he means to Dunmer of the Great Houses. You should also know about the persecution of the Nerevarine, and the legacy of the False Incarnate, for the Nerevarine cult is at the heart of the ancient conflict between the nomadic Ashlanders and the settled Great House Dunmer. Here is a summary for Caius, but ask your questions, and I'll answer in detail."", 'In the First Era, the nomadic Ashlanders and the settled Dunmer clans were much alike, but after the First Council and the formation of the Great Houses, Ashlanders have been steadily forced into the poorest and most hostile lands. Now the nomadic tribes look to the prophesied return of the Nerevar for a restoration of their ancient rights and religious tradition.', 'The Ashlanders hate the House Dunmer, who have become soft, and who have abandoned traditional ancestor worship for the gods of the Tribunal. And the Ashlanders hate outlanders, who invaded and stole their land, and forced them to live as a subject people. A reborn Nerevar who could drive out the outlander invaders, destroy the false worship of the Tribunal, and restore the pure traditional life and faith of the nomads would be a very popular here to the Ashlanders.', 'In modern times Morrowind is ruled by five Great Houses: House Hlaalu, House Redoran, House Telvanni, House Indoril, and House Dres. Great Houses culture is partly defined by its roots in ancient Dunmer tribal clans, and partly bu later Imperial influences from other Western cultures. The Great Houses culture is only one of the native Dunmer cultures of Morrowind. The other native culture, the Ashlander culture, is a nomadic barbarian culture largely untouched by Imperial influences.', 'The Temple treats the Nerevarine prophecies as heresy, and the Temple imprisons and executes heretics, unless prevented by Imperial law. But, since the Nerevarine cult is hostile to the Empire, the Empire does not interfere when Temple persecutes the cult. Ashlanders hate the Temple, and particularly the Ordinators, for their ruthless treatment of Nerevarine cultists.', ""In the past, some have claimed to be the reincarnated Nerevar. The most recent is know as Peakstar, a figure of legend among the Wastes tribes for the last 30 years. The Temple says these false Incarnates disprove the prophecies, since the false Incarnates fail and come to nothing, but the mystical Nerevarine cult glorifies rather than shrinks from contradictions, citing the appearance of failed Incarnates as certain proof of Nerevar's coming rebirth."", ""I've never heard of such a thing. House Dagoth was the Sixth House, but in the War of the First Council, they betrayed the other Great Houses, and were destroyed for their treason. But I've never heard of anyone worshipping them. Dagoth Ur, the ancient head of House Dagoth, is the Devil of the Tribunal faith, but I've never heard of anyone worshipping him, either."", ""I've told you what I know about about the Nerevarine cult. I hope Caius finds it helpful. Is there anything else you'd like to ask about?"", 'I gave you a summary for Caius. Feel free to read it, of course.']",NPC
Elder Scrolls Morrowind,2002,US,Hyna Dorn'ke,Female,"[""I'm thinking, it's a lot safer in here with Ordinators not mad at me than it would be with me out there with Ordinators mad at me. They're a rough bunch. Mad with me is not how I want to be dealing with them."", ""Hard-nosed, mean bunch of god-soldiers. Serious as corprus. But at least they aren't at me all the time. It could be worse. And I'll be out soon enough. And I won't be poaching the Puzzle Canal pilgrims again, sure enough. I learned my lesson."", ""You'll need the key to free me of my bonds.""]",NPC
Elder Scrolls Morrowind,2002,US,Idrenie Nerothan,Female,"['Welcome, Incarnate. I am Idrenie Nerothan. I was not the one. But I wait and hope. Ask, and I shall tell you my story.', ""I lived in the late years of the Tribunate, and behind the scenes, I helped us demoralize, then repel the Akaviri invaders. I knew nothing of the Nerevarine or Dagoth Ur until I took refuge with the Ashlanders. I died a fool, trying to loot ruined Kogoruhn. Here. Take these. Maybe there's something in the world left worth stealing."", 'I have failed. I was not the one.', 'You are the Nerevarine. You are the Incarnate. You are the one. You must not fail.', 'The Devil is dead, and the Blight is gone. You are the Nerevarine. You are the Incarnate. You are the one.', 'I am Idrenie Nerothan. I was called to the prophecies, but I was not the one.', 'A darkness is on the land, and only you can bring the light.', 'An ancestor has no trade, but to guard and counsel the living kin.']",NPC
Elder Scrolls Morrowind,2002,US,Ienas Sarandas,Male,"[""Yes? I'm Ienas Sarandas. So. You're here about the overdue payments?"", ""Yes, I do have soe overdue payments with local merchants. But I'm afraid I can't pay my debts right now. You see, I'm a little strapped for cash at the moment. But I have certain very attractive prospects underway, and I'm sure I'll be able to pay very soon."", ""Indeed, it is as you say. '...Nor encumber myself with profitless treasures, but shall share freely among house and hearth.' I have forgotten the Grace of Generosity, the words of Lord Vivec. You are right to remind me of Saryoni's Sermons. I've been a fool. I've wasted my family fortunes, all in pursuit of profitless treasures. I should share freely, rather than squander the great gifts of home and hearth. Here. Take these items and return them. Give the brocade shirt and silk pants to Bivale Teneran. Give the racer suede belt to Tiras Sadus. Give the ebony ring and the glass ring to Daynes Redothril. Give the designer shoes to Llether Vari. Give the firejade amulet to Bevene Releth. They are all merchants in Ald'ruhn. Return the goods, with my apologies. Now I know what I must do. I must give my parent's house to the Temple. And I shall enter the Temple myself, and see if I can make something of my life. Thank you, (PC name). You've taught me a valuable lesson. From this day forward, I shall make my honest way in the world, and try to be of service to others."", ""Yes. Indeed. That is a FINE whiskey Thank you, friend. It's... It's... Oh, it's too much to bear! I've been such a fool. I've lost everything my parents left me, and sold all the furnishings, just to pay my gambling debts. I've tried to pretend it will all work out, but I'm just fooling myself. Here. Take these items and return them. Give the brocade shirt and silk pants to Bivale Teneran. Give the racer suede belt to Tiras Sadus. Give the ebony ring and the glass ring to Daynes Redothril. Give the designer shoes to Llether Vari. Give the firejade amulet to Bevene Releth. They are all merchants in Ald'ruhn. Return the goods, with my apologies. Now I know what I must do. I must give my parent's house to the Temple. And I shall enter the Temple myself, and see if I can make something of my life. Thank you, (PC name). You've taught me a valuable lesson. From this day forward, I shall make my honest way in the world, and try to be of service to others."", 'You clearly do not appreciate the finer points in honor, outlander. No self-respecting Dunmer would allow himself to be influenced by crude threats. I told you. I have not the cash now, but I expect to have it soon. These are the words of a gentleman. And I will not have my honor questioned by a rude outlander.', ""I'm sorry, but I have no gold to give you, and that is that."", ""Hello, (PC name). Welcome to the Ald'ruhn Temple. I've decided to study for the priesthood. Thanks to you."", ""I decided to give my parent's house to the Temple. While I'm studying to be a priest, I will be serving here as a teacher, or doing anything else Almsivi requires. I'm sure my parents would be proud. And I feel so much better, now that I'm free of the guilt and shame of my former follies.""]",NPC
Elder Scrolls Morrowind,2002,US,Ilasour Tansumiran,Male,"[""Yes, I am an egg miner, and I'm looking for work. Why do you ask?"", 'I heard the Shurdan-Raplay Mine was going to open again, despite the bandits and the blight. I will serve you and your House faithfully. I will be at the mine with my crew in a few days.', 'I will be at the mine as soon as my men are ready.', 'I know. Work is hard to find these days.']",NPC
Elder Scrolls Morrowind,2002,US,Ilden Mirel,Male,"[""I'm in here for some sort of blasphemy or something. Did it all right. Guild says serve your time, and keep your yap shut. So I'm being a good boy, and staying quiet."", 'It was nothing, really. Just regular barracks talk. But there was a lady present, and this Redoran lord got up on his hind legs and was gonna slit me like a surgeon. Better this way. Damn sight better.', ""You'll need the key to free me of my bonds.""]",NPC
Elder Scrolls Morrowind,2002,US,Ilmeni Dren,Female,"['I am Ilmeni Dren, daughter of Duke Vedam Dren. Who are you and what are you doing here?', 'Business? How can you talk about business when people cannot read?', ""There are teachers in the Mages Guild, but they often do not have enough books to teach from. Go to a bookstore and find the books Annotated Anuad and ABCs for Barbarians. Bring a copy of each of these to Vala Castraso in the Ald'ruhn Guild of Mages."", ""Yes, it's a shame so many people cannot read."", ""You have done a good deed for Vala Catraso's students. You have my gratitude."", 'Yes, ?', 'The real business of Vvardenfell is slavery.', 'Oh, have you seen the twin lamps?', 'I am always glad to meet another member. There is a family in Ald Velothi, the Arvels, who need our help. Go to Ald Velothi and speak with Galyn Arvel.', 'I am sorry. I thought we might have a common interest.', 'I am sorry. I thought we might have a common interest.', 'Yes, ?', 'As I asked, go to Ald Velothi and speak with Galyn Arvel.', 'Yes, ?', 'I heard that you were responsible for the death of that poor Khajiit in Ald Velothi. I should havek nown better than to trust a foreigner.', 'Yes, ?', 'I heard that you helped the Arvel family. When you have time, speak with me again, for there is still much work to done.', 'Yes, ?', 'The real business of Vvardenfell is slavery.', ""The slaves on the Dren Plantation suffer the worst. One of them knows things about Orvas Dren that are valuable to the Twin Lamps. We can use him to blackmail Orvas Dren. I want you to free Hides-His-Foot from the Dren Plantation. Escort him to Sterdecan's Farm. Hides-His-Foot knows the way."", 'Together we will work to end slavery in Vvardenfell.', 'You have saved Hides-His-Foot from slavery. I am grateful to you and I will speak to my father on your behalf.', 'You gave done all that I would ask. Continue to do the work of the Twin Lamps.', 'You have done all that I would ask. Speak with Crassius Curio or my father, Duke Dren.', 'I am Ilmeni Dren, daughter of Duke Vedam Dren. Who are you and what are you doing here?', ""What do I want with a slaver's ring?"", 'This is for me? What are you suggesting?', 'How could I wear a ring like that when there is so much suffering in Tamriel? If you want my appreciation, there are better ways to earn it than fancy gifts.', 'The Bal Molagmer? I remember tales of them told to me when I was a child, and I have heard whisperings recently that they were returning. I accept this ring as a symbol of good faith.', ""Keep it. I wouldn't wear that gaudy thing anyway.""]",NPC
Elder Scrolls Morrowind,2002,US,Im-Kilaya,Male,"[""The Imperial cult has our respect. We are dusappointed that the Imperial cult does not speak out against the inhumane practice of slavery in Morrowind. But we agree with you, that this is not sufficient reason to cause the needy to suffer for want of our province's generosity. Therefore, we ask you to accept this donation as alms for the poor on behalf of the province of Argonia."", 'If you will check your records, citizen, you will see that the province of Argonia has already given alms for the poor.']",NPC
Elder Scrolls Morrowind,2002,US,Imsin the Dreamer,Female,"[""I don't think we've been introduced, outlander. I'm Imsin the Dreamer. How can I help you?"", ""Dwemer artifacts are being smuggled through Ald'Ruhn. I believe Drinar Varyon is responsible."", ""I believe Drinar Varyon is a smuggler. I hate to ask you to break the law, but we need evidence to convict him. Go to his place in Ald'Ruhn and bring me any Dwemer artifacts you find inside."", 'What is the situation with Drinar Varyon?', ""Have you found any evidence in Drinar Varyon's home?"", 'This along with the word of a member of the Legions should be enough to convict him. I will let you know when we catch him.', ""I haven't heard any more yet, . Give it time."", ""Go to his home in Ald'ruhn and bring me any Dwemer artifacts you find."", 'Any way I can help?', 'I need you to rescue a Knight of the Order of Ebonheart, Joncis Dalomax.', 'Joncis is being helt hostage in Ashurnibibi, a Daedric Ruin on an island northwest of Hla Oad. We cannot afford the ransom. Go there and rescue Joncis Dalomax is he still lives.', 'Hla Oad is a tiny fishing village on western Vvardenfell in the Bitter Coast region.', 'Are you here to report on Joncis Dalomax?', 'I am glad to hear that Joncis is safe. You have my gratitude, .', 'I am glad you rescued him.', 'Always happy to chat with people I like. And I like you.', ""I need you to bring me a maiden's token."", 'The outcast Telvanni Varona Nelas is blackmailing a Buoyant Armiger. Varona Nelas has an embroidered glove which was given to this Buoyant Armiger as a token of affection. It would cause a scandal if it were known that they are lovers. Go to Assumanu, which is southeast of Ald Redaynia, and recover the glove at all costs.', ""Ald Redaynia is the site of an ancient ruined wizard's tower on the western tip of a large island west of Sheogorad."", ""Report on the maiden's token, Champion."", 'Do you have the glove?', ""Yes, thank you. I will return the glove to it's proper owner."", 'The matter has been settled. No good can come from speaking of it again.', ""Go to Assumanu and recover the maiden's glove. Hurry before Varona Nelas uses the glove for blackmail."", 'I have no more orders for you. Check with the Knight Protectors in the other Legion forts.']",NPC
Elder Scrolls Morrowind,2002,US,Indrele Rathryon,Female,"[""Just leave me alone. I already you. I never signed any land deed. I'm not selling my land, and I'm not moving back to Cyrodiil."", 'What? This looks like the land deed... Why are you giving me this?', ""Well, I won't argue with you, but I still don't understand why you did this."", ""Thank you very much. I can't tell you what this means. And...your gloves...they seem somehow familiar...stories I heard as a child. Anyway, I thank you."", 'And my answer will be the same next time.']",NPC
Elder Scrolls Morrowind,2002,US,Iniel,Female,"[""A High Elf named Mossanon? Traveling with an 'attractive' Telvanni woman? I don't know anyone by that name. But I have seen a High Elf in the company of a local woman. Volmyni Dral. She has a pod over near Wolverine Hall. She's young. But not all that attractive.""]",NPC
Elder Scrolls Morrowind,2002,US,Itermerel,Male,"['Are you here to guide me to Pelagiad? Just tell me if you want to travel together.', 'Do you want me to follow you?', 'Lead the way to the Halfway Tavern in Pelagiad, .', 'I will wait for you here.', ""It is refreshing to see a young Dark Elf with an interest in scholarship, but I can't give my notes to just anyone. Perhaps after I arrive in Pelagiad."", 'Thank you for taking me to Pelagiad. You are an excellent guide.', 'I have no interest in seeing the rest of Vvardenfell, but I appreciate your offer.', 'You have been very gracious to escort me to Pelagiad, and you show great promise for a Magician. I have never met anyone with such enthusiasm for my research. Take this copy of my notes as a sign of my gratitude.']",NPC
Elder Scrolls Morrowind,2002,US,Iulus Truptor,Male,"['Hello. I am Iulus Truptor. I manage the volunteer almoners for our cult. If you are ready to accept a fund raising project as an almoner, let me know.', 'Thank Zenithar! We have so many projects, and so little gold. Go ask the Skyrim Mission in Ebonheart for alms for the poor. They should give generously to support the Imperial cult. Our fund raising goal for the Skyrim mission is 100 gold. When you have reached our goal, return and deliver the gold to me.', ""The Skyrim Mission is Skyrim's diplomatic embassy to Vvardenfell District. Leave the Imperial Chapels, pass through the Grand Council Chambers, cross the bridge, then down the stairs, out through the gate. As you look south from the gate, the Skyrim Mission is to the right, west of the well."", 'The Imperial cult asks for donations from members and friends of the faith to support our good works. As a custom, we ask for alms for the poor, because most of the gifts go to feed, cloth, cure, and heal the less fortunate, but in fact the donations go to support various worthy causes and special projects. Collecting alms is just one of the many tasks our more faithful members perform in the service of the Nine.', 'Then what can I do for you?', 'Have you reached our goal of 100 gold in donations from the Skyrim mission? Or have you come to report your failure?', 'Have you reached our goal of 100 gold in donations from the Skyrim mission? Or have you come to report your failure?', ""Very good, . This gold will help us serve our community of faith. Congratulations. And accept this small blessing as a token of our thanks. When you're ready for your next almoner mission, speak to me again."", ""Excellent! You've far exceeded our expectations. Surely you have a touch of Zenithar in your soul. Please accept this small token of our gratitude and encouragement. And when you're ready for your next almoner mission, speak to me again."", 'Go ask the Argonian Mission in Ebonheart for alms for the poor. Their province is not so rich as Skyrim, but they are a generous and civic-minded people. Our fund raising goal for the Argonian mission is 100 gold. When you have reached our goal, return and deliver the gold to me.', ""The Argonian Mission is Black Marsh's diplomatic embassy to Vvardenfell District. Leave the Imperial Chapels, pass through the Grand Council Chambers, cross the bridge, then down the stairs. As you face out the gate, the Argonian Mission is to the south, on the southern side of the well."", 'Have you reached our goal of 100 gold in donations from the Argonian mission? Or have you come to report your failure?', 'Have you reached our goal of 100 gold in donations from the Argonian mission? Or have you come to report your failure?', ""Very good, . Congratulations. And perhaps you'll find this useful in your work. When you're ready for your next almoner mission, speak to me again."", ""Excellent! Once again, you've exceeded our expectations. You are blessed with Zenithar's gift of fine words and generous sentiments. Take this, and wear it with pride. And when you're ready for your next almoner mission, speak to me again."", ""The shrine at Buckmoth Legion Fort has experienced an unfortunate shortfall in alms for the poor, and funds are urgently needed to purchase food and blankets for orphans and indigents. Please go to Ald'ruhn and see if you can raise the money for the Buckmoth Fund. The fund needs at least 100 drakes immediately. It may be difficult to raise funds, since Ald'ruhn is a Redoran town, and most residents are Dunmer, but this money is very badly needed."", ""Ald'ruhn is the district seat of House Redoran, and a large settlement. Travel by guild guide is the best method. Head north from Ebonheart by road, take the bridge into Vivec's Hlaalu Compound, pass through Redoran Compound, find the Guild of Mages on the upper level of the Foreign Quarter. Pay a guild guide at the Guild of Mages for transport to Ald'ruhn."", ""The Buckmoth fund, based in Fort Buckmoth, serves the citizens of nearby Ald'ruhn. But most Ald'ruhn residents are Dunmer belonging to House Redoran, and therefore members of the Tribunal Temple, so it may be hard to collect alms for the poor in Ald'ruhn on behalf of the Imperial cult."", 'Have you reached our goal of 100 gold in donations for the Buckmoth fund? Or have you come to report your failure?', 'Have you reached our goal of 100 gold in donations for the Buckmoth fund? Or have you come to report your failure?', ""Very good, . Congratulations. And perhaps you'll find this useful in your work. When you're ready for your next almoner mission, speak to me again."", ""Excellent! Once again, you've exceeded our expectations. Take these gifts as tokens of our gratitude for your faithful and diligent service to the Imperial cult. And when you're ready for your next almoner mission, speak to me again."", ""For our coming Harvest's End pageant, we need a red shirt with a black vest. Please visit clothiers and ask if they would donate such a shirt and vest to the cult. The combination of shirt and vest is what they call a 'common shirt.' When you have the red shirt with a black vest, return and deliver them to me."", ""I'm told that a shirt and vest together is what they call here a 'common shirt.' There are many styles of common shirt, but we must have a red shirt with a black vest to symbolize the drake's fire that warms us in long, cold winter nights. Since the red shirt and black vest are a Western style, Dunmer clothiers may not have them. You may have better luck in Vivec's Foreign Quarter, or Balmora, Caldera, or Pelagiad."", 'Have you brought me the red shirt and black vest? Or have you come to report your failure?', 'Have you brought me the red shirt and black vest? Or have you come to report your failure?', ""Very good, . Congratulations. When you're ready for your next almoner mission, speak to me again. But before you do, you might take a look at this book. I've found it helpful. Go ahead. Keep it. I've learned all I can from it."", 'Thank you. Just what we were looking for.', ""The Balmora shrine is planning a fundraising dinner at Fort Moonmoth. We will need food and refreshments. We've had generous offers of food, but we've had trouble getting donations of strong spirits. We've determined that we need 5 bottles of Cyrodilic brandy. Please make the rounds of the trade houses and cornerclubs in Balmora and ask if the publicans will donate Cyrodilic brandy. When you have the brandy, please deliver it to me."", ""I'm afraid only Cyrodilic brandy will do for the Fort Moonmoth fund-raising dinner. The sort of person who has money to give to charity turns the nose up at the local comberry brandy they call greef."", 'Have you brought me the five bottles of Cyrodilic brandy? Or have you come to report your failure?', 'Have you brought me the five bottles of Cyrodilic brandy? Or have you come to report your failure?', ""Very good, . Congratulations. This was no easy task, I'm sure. I'd like to acknowledge your faithful service with a few tokens of Zenithar's special blessing. Accept them with my thanks, and with the thanks of the Imperial cult. When you're ready for your next almoner mission, speak to me again."", ""Cunius Pelelius of the Caldera Mining Company is a member in good standing, and a prominent citizen, but unfortunately he has not been forthcoming with donations to help us in our good works. Please speak with him, and see if you can persuade him to donate 500 drakes to our Widows and Orphans Fund. You'll find him in Caldera at the Governor's Hall. When you've obtained the donation, deliver it to me."", ""That is a large sum, but the Widows and Orphans Fund needs it badly. And Cunius Pelelius is a part of the trust who received the exclusive Imperial charter to exploit the rich ebony deposits of Caldera Mine, so he must be a very wealthy man, and more than able to spare 500 drakes for such a worthy cause. Unfortunately, every time we ask Cunius Pelelius for the donation, he says he is very busy at the moment, but he will be happy to discuss the donation at a later date. I suppose he plans to keep deferring the obligation indefinitely until we abandon hope. We must have that money for the Widows and Orphans Fund. You'll just have to find some way to impress upon him the urgency of our cause. We have the greatest faith in you. We know you'll succeed."", ""He's dead? How unfortunate... I mean... how sad for his family and friends. But it would also be unfortunate if we were to lose his donation...."", ""Caldera is a recently chartered Imperial town and mining corporation. Pay a guild guide at the Guild of Mages in the Foreign Quarter of Vivec for transport to Balmora. Then walk by road north from Balmora to Caldera. The Governor's Hall is a large building in the northeast corner of Caldera."", ""Have you brought me Cunius Pelelius's 500-drake donation to the Widows and Orphans Fund? Or have you come to report your failure?"", ""Have you brought me Cunius Pelelius's 500-drake donation to the Widows and Orphans Fund? Or have you come to report your failure?"", ""You have succeeded where other have failed, . Congratulations. This money will greatly benefit the widows and orphans of Vvardenfell. I'm beginning to run out of gifts suitable to reward your diligence. Perhaps you may find this assortment of scrolls useful. We received them from an anonymous donor, but there may be some good in them. Now. When you're ready for your next almoner mission, speak to me again."", ""Canctunian Ponius of the East Empire Company has promised to sponsor a mission to the Ashlanders. Such a long-term mission will be quite expensive -- 1000 drakes is a bare minimum. We're concerned that we haven't received the money he pledged, and that he does not reply to our correspondence. We wish you to go to him in the East Empire Company Hall in Ebonheart and persuade him to provide us with the generous pledge as he promised."", ""The East Empire Company Hall is just northwest of Ebonheart's dragon statue. You must have seen the dragon statue. It's in the plaza all the way to the east, just before you step down to the docks."", 'When I spoke with him some time ago, Canctunian Ponius promised us a donation of 1000 drakes for a mission to the Ashlanders. Canctunian Ponius is an important and prominent member of our community, and his word is widely respected. That is why it is strange that he has not been forthcoming with his generous pledge.', 'Have you spoken to Canctunian Ponius? Have you brought the generous pledge he promised to support a mission to the Ashlanders? Or have you come to report your failure?', 'Have you spoken to Canctunian Ponius? Have you brought the generous pledge he promised to support a mission to the Ashlanders? Or have you come to report your failure?', ""Thank you, . You have exceeded our greatest expectations. I'm afraid we have no more tasks to challenge your remarkable abilities. I suspect you already outstrip your teachers. Perhaps you will consider becoming one of our lay healers or shrine sergeants, if you have not already sampled these duties. I have also passed your name to our Oracle here, Lalatia Varian. She may have tasks suited to your talents. But before you go, I have one last gift for you to remember us by. Goodbye, and good luck."", 'How good to see you again, . Continuing to serve the Imperial cult in your own inimitable fashion, I assume? I have no more tasks for you. Is there anything else I can do for you?']",NPC
Elder Scrolls Morrowind,2002,US,J'Saddha,Male,"[""Did Arvels send you? J'Saddha will travel together with you back to Galyn Arvel's ship."", ""If slavehunters are there, they see J'Saddha and kill J'Saddha. You sure you want J'Saddha to follow ?"", ""J'Saddha follows . Watch out for the slavehunters."", ""J'Saddha waits for ."", ""J'Saddha is here now. J'Saddha is safe. Galyn will protect J'Saddha."", ""J'Saddha is safe now. J'Saddha thanks .""]",NPC
Elder Scrolls Morrowind,2002,US,J'Zhirr,Male,"[""A bit high? J'Zhirr does not understand what you mean. All of our prices are set legally. They are, of course, confidential, and kept in a safe place."", ""Set the prices? J'Zhirr does not understand. Prices are determined by simple supply and demand. Perhaps you were reading things you shouldn't have been, eh? Perhaps J'Zhirr should call the guards?""]",NPC
Elder Scrolls Morrowind,2002,US,Jobasha,Male,"['It is truly a pleasure to see you.', 'Elsweyr is the home of the Khajiit. Perhaps Jobasha will return someday.', 'We are from the deserts and forests of Elsweyr. There are many Khajiit, but only the small, agile Suthay-raht are common here in Vvardenfell. When people think of Khajiit, they think of thieves. Perhaps it is hard for us to understand property.', 'Huleeya is here.', 'How do you like it here?', 'Jobasha reads books, buys books, sells books. What more can Jobasha say? Jobasha know a little about everything. So you ask, and maybe Jobasha will talk.', 'They are a brotherhood of fellow abolitionists. If Jobasha asks, Have you seen the Twin Lamps? You say, They light the way to freedom.', ""Things are bad for man and Khajiit. The provinces war with one another, never smelling the common enemy in their midst. The Empire spreads its troops far and wide with strict orders to do nothing. Children no longer respect their elders. People no longer respect the law. Corruption is everywhere. There are no heroes like there were in Jobasha's grandmother's day. All this fuss over the Emperor's illness is just a symptom."", ""Duke Dren sent guards to Jobasha's store. Are they to protect Jobasha, or to protect others from Jobasha? Either way, Jobasha appreciates it.""]",NPC
Elder Scrolls Morrowind,2002,US,Jocien Ancois,Male,"['I dare not leave until these outcast Erabinimsun have been dealt with.', 'You have dealt with my captors. I will find my own way back to the Erabinimsun and continue to teach them of the Empire and its ways.']",NPC
Elder Scrolls Morrowind,2002,US,Jon Hawker,Male,"['Praise the Nine! Have you come to my rescue? I was seeking trade oppurtunities with the Ashlanders when I was attacked by outcast outlanders. I was seprarated from my bodyguard, and took refuge in this cave, where I was seized, robbed, and held by this battlemage, Galmis Dren, to be sold as a slave. I prayed to Zenithar for Divine Intervention. You must have been sent in answer to my prayers.', 'I warn you. He is a skilled battlemage, well-armed, well-armored, and dark in the Craft. Take care with him.', ""Lucky for me you came prepared -- not just for yourself, but for others. Don't worry about my stuff -- it wasn't worth anything. I just want out of here. Give me that scroll, and I'm free."", ""Thank you, friend. And goodbye. But before I go, let me give you a gift. They took everything, but I managed to keep these gloves hidden. I've always been found of them, and their maker. Wear them in good health, and in remembrance of me."", 'Just my luck. In answer to my prayers, the Nine send me a tight-wad hero. The gods have a funny sense of humor.']",NPC
Elder Scrolls Morrowind,2002,US,Kashtes Ilabael,Male,"['We have the hides, (PC Race), and we shall keep them. You have made a mistake coming here, for we cannot allow you to leave. Offer what prayers you may, for your time is over.']",NPC
Elder Scrolls Morrowind,2002,US,Kaushad,Male,"['Welcome, outlander. The hospitality of the open-handed Zainab is always open to travelers.', 'Travelers are always welcome here, outlander. All that is required is that you speak and act with courtesy, and you share your news of the outside world to pay for your hospitality, for a wise chief keeps himself informed about events.', 'Thank you for sharing these tales and rumors. For our part, we have little news. We hear other tribes are troubled by blight storms and monsters. But we are the mighty Zainab, and such things do not bother us.', 'I do not like to boast, but my people call me a champion, a noble warrior of the Ashlanders. I have the duty of protecting the honor of the tribe in peace and war.', 'You have slain one of my tribe. You must pay with your life.', 'Will this Argonian make the Telvanni deal with us fairly? Will this Argonian make the Empire give us better prices so that we can feed our people? Will this Argonian give us a place on the Council? Will this Argonian kill the blighted creatures and the outlaws that plague out village? Then we have no time for this Argonian.', 'So. You are . The outlander who claims to fulfill the Nerevarine prophecies. You are welcome to our hospitality, outlander. But you must tell us... how can an outlander be the Nerevarine?', ""Yes. We know of the prophecies. We know there are many prophecies, all of them mysterious and obscure. Our wise woman, Sonummu Zabamat, has told her chief all about these prophecies, and given her interpretations. 'A certain day to uncertain parents.' 'The Curse-of-Flesh before him flies.' 'In caverns dark Azura's eye sees, and makes to shine the moon and star.' Standard prophet-talk. Voices and verses. Very interesting. But... true? Who can tell."", 'Thank you. These remarkable shoes are... very fancy. Too fancy for a simple Ashlander like myself, But I thank you very much for the gift. It was very thoughtful.', ""Yes. They are quite splendid aren't they. Of course... they were a gift. I wear them out of courtesy, Indoril. Not out of vanity. I am not a vain man."", ""We have heard the rumors. We know you to be the outlander who claims to fulfill the Nerevarine prophecies. But how could an outlander be the Nerevarine? You must admit... that just sounds silly. You seem pleasant enough, and strong and healthy for an outlander. But excuse me if I'm not disposed to take your demands seriously."", 'We have heard the rumors. We know you to be the outlander who claims to fulfill the Nerevarine prophecies. But teach us, ... how could an outlander be the Nerevarine?', 'Very well. We understand. We do not wish to embarrass a guest. But we think it strange that you will not speak openly with us about this.', 'Ho, ho! Excuse me. Do not think me rude. But seriously. Do you believe this story yourself? I mean no offense, but you must admit, you are an outlander, and completely ignorant of our ways. How could you ever be our war leader? What sensible ashkhan would ever choose you to lead the tribes? Ho, ho.', ""Skies above! If talk were wealth, you'd make me rich. Don't you ever get tired of talking?"", 'Very well. A vampire named Calvario has taken refuge in nearby Nerano Ancestral Tomb. If you are as worthy as you say you are, it should be a small matter for you to dispose of this vampire. There. You have your task. Now perhaps you would leave me in peace for a bit?', ""He's a vampire. A young one, but quite dangerous, of course. As I'm sure an adventurer of your wide experience would know. Probably driven out of his lair by older, more powerful vampires. I would never offer advice to someone of your reputation. But perhaps a visit to the potionmakers and enchanters of Tel Vos and Tel Mora might be in order. I don't use them myself, but they say potions and scrolls can be quite handy in a tight spot."", 'Nerano Ancestral Tomb is to the north. But you are a stranger, and may get lost. Listen. Go west from our camp until you reach the mountains, then turn north and follow the mountains, keeping them on your left. When you pass the ruins of Nchuleft, keep your eyes to the east, looking for an entrance flanked by two trees on the western slope of a hill in the center of the Grazelands. That will be Nerano Ancestral Tomb.', 'Have you taken care of this vampire Calvario? No? Really? Did you forget our little talk? You asked me to set you a task, and I suggested you might go kill the vampire Calvario in nearby Nerano Ancestral Tomb. Sun and wind, man! How can you be so forgetful? Is THAT the mark of a great war leader?', ""Vampires are monsters that feed on humanoid blood. Once they were human like you and me, but they get the blood disease from another vampire, and they become vampires themselves. That's why they still exist. Everyone hates them, yet no one wants to come near one. But doesn't prophecy say the Nerevarine has nothing to fear from disease? So you have nothing to worry about, I'm sure."", 'I underestimated you, outlander. Indeed, you have proved yourself worthy to be named Nerevarine by the Ashkhan of the Zainab.', 'Dead. Well, then. Perhaps I was mistaken. Perhaps you should be the Nerevarine.', 'Yes. Dead. You told me. My hearing is quite good. And my memory.', 'Well. So you killed the vampire Calvario? Ahem. Well. I will be happy to acknowledge you as Zainab Nerevarine. But... it is customary for one seeking an honor from the Ashkhan to offer the Ashkhan a generous gift as a mark of respect. Because you are an outlander, and do not know our customs, I will do you the great favor of naming the gift I wish to receive -- a high-born Telvanni bride -- a pretty one, plump, with big hips to bring me many sons.', 'Where will you find a high-born Telvanni bride? That is simple. You should visit high-born Telvanni lords and inform them that Ashkhan Kaushad of the Lordly Zainab would do them the honor of making their daughter his bride. Surely many Telvanni lords would be honored to receive such an offer. Consider carefully the many daughters offered and choose for me the finest. Take counsel with my wise woman, Sonummu Zabamat. She knows my mind well in such matters.', 'Greetings, outlander. Have you returned with my Telvanni bride?', 'When I have my high-born Telvanni bride, then I shall name you Nerevarine.', 'There are preparations to make for my marriage, but everything will be ready when you return with my high-born Telvanni bride.', 'This is my new bride? I am very pleased with your gift, Indoril... though she is not so generous in the hips as I would like. I promise to make her a happy bride, and to do her honor as a high-born Telvanni lady. And, as I have said, I will now name you Zainab Nerevarine, War Leader of the Zainab, and Protector of the People. I must also give you the Zainab Thong, an enchanted heirloom of the tribe, which shall be a sign to all Dunmer that the Zainab have named you Nerevarine.', 'Welcome, Nerevarine. We are pleased to see you.', 'Yes, I have named you Zainab Nerevarine. And we will listen with interest for tales of your exploits, .', ""Well, , now you are a great hero, and I am very proud of the part I played in making you what you have become. So thank you for all you have done. And thank you especially for my bride. Isn't she wonderful?"", 'I have named you Zainab Nerevarine and given you the Zainab Thong.', '(whispering) Psst! Outlander! Do not think me such a fool. Of course I realize you have tricked me. I do not mind. In fact, I think you are very clever to hoodwink the chief of the Zainab, and I think that maybe a clever Nerevarine is not such a bad thing at all. Besides, now I am MUCH happier with this fine young woman than I would have been with a stuck-up Telvanni lady. And here is a little gift. From me. Perhaps when you wear it, you will think of Falura Llervu and me.', 'Indeed, she is charming, outlander. Thank you again.']",NPC
Elder Scrolls Morrowind,2002,US,Kausi,Male,"['Yes, outlander. I am Kausi, gulakhan of the Ahemmusa Ashlanders. Why are you here? What do you want?', 'Who are you? What do you want?', 'We are the Ahemmusa tribe of the Vvardenfell Ashlanders. This is Ahemmusa camp, the last place of the Ahemmusa. All the other places are gone. The Urshilaku have the good lands to the west. The Zainab have the good lands to the south. And the blight has taken our lands, has driven us to this last camp. And even here we have no safety, for the red taint takes our herds and kills the game. The blight-sick animals and blight monsters kill our people. Soon we will all die, and the Ahemmusa be forgotten.', ""Mamaea is our healer. You'll find her in her tent."", 'You claim to be the Nerevarine? Then find a safe place for the Ahemmusa. That would be proof enough for me.', ""You have found a safe place for the Ahemmusa. I don't know what signs others may need, but I have my proof. Thank you, Nerevarine. You shall have the support of the Ahemmusa."", 'We have heard of these prophecies. We have heard of an outlander who comes to claim the name of Nerevarine. What good are these prophecies? Where is this hero who comes to save us? Our herds, our people, our lands die, and no one will help us. Who is this Nerevarine?', ""Our trader, Lanabi, has her yurt with the ashkhan's and the gulakhan's yurts.""]",NPC
Elder Scrolls Morrowind,2002,US,Kaye,Male,"[""Hello, Novice . My name is Kaye, and I'm in charge of the volunteer shrine sergeants for the cult. Are you ready for a shrine sergeant assignment?"", 'Good. I could use a little help here. We treated a High Elf named Caryarel for swamp fever, but we later discovered that while he was here, a rare Chapel Limeware Bowl disappeared from our shrine. Will you find this Caryarel and retrieve our bowl for us? The High Elves are a small, tight-knit community on Vvardenfell. Try asking other High Elves if they know Caryarel and where he lives.', 'He was a tall, dark-haired fellow with sharp features -- but that description would fit a lot of High Elves. We were treating him for swamp fever, so perhaps he lives along the coasts, when mud crabs sometimes carry disease. As I said, try asking around among High Elves. I believe there are several serving in the Hawkmoth Legion Garrison here in Ebonheart.', ""The bowl was a gift from a benefactor. It's a unique item, quite valuable, and it would be embarrassing if our benefactor were to visit and find it missing."", ""Hmm. That's too bad. I could sure use some help here. But... go ahead. What can I do for you?"", 'A shrine sergeant helps keep order at the shrines, carries messages and packages, and sometimes escorts priests and lay servants on dangerous missions. This occassional service is ideal for bold, free-spirited adventurers like you. Supervising the shrine sergeants is my responsibility.', 'Have you recovered the Chapel Limeware Bowl?', 'Have you recovered the Chapel Limeware Bowl?', ""So you found Caryarel? And recovered our bowl? Well done! Here. Let me give you something to cover your expenses. And here are a few Divine Intervention scrolls. I never go anywhere without them. And when you're ready for another shrine sergeant mission, speak to me again."", ""We're very glad to have it back. Now we have it in a safe place."", ""Well. I'm glad you were able to get the bowl without... well... excessive force. I appreciate a sense of restraint and judgement. Don't see it that often in Morrowind. I think you and I wil lget along just fine."", ""So. Caryarel is with us no more. I appreciate your telling me. But let me just say this, . You were there, and I wasn't. So it's your call, and I'll back you up. But if you can handle these shrine sergeant tasks with a minimum of killing... I think that's more in the spirit of the teaching of the Nine. If you're attacked first, then of course you're in the right. But even a bad life should never be cheap. End of sermon."", ""A Bosmer named Nedhelas in Caldera says his house is haunted by a ghost. You'll need an enchanted weapon or suitable spells, because only spells, enchanted weapons, or refined weapons like silver daggers can harm a ghost. I don't know what you prefer, so take these 200 drakes. Buy something that suits you, and use the rest for expenses. Talk to Nedhelas first, and report back to me if you get rid his haunted house of its ghost."", ""I don't know anything about the fellow, other than that he has a haunted house in Caldera."", ""Since you're going to Caldera, look in on the trader Verick Gemain. He might have the kind of enchanted weapons you're looking for -- at a reasonable price."", ""I don't know the details. You'll have to talk to Nedhelas in Caldera."", 'Have you taken care of that haunted house for Nedhelas in Caldera yet?', ""I'm sorry, but this mission is just too hard for me."", 'Have you taken care of that haunted house for Nedhelas in Caldera yet?', ""So. You've taken care of that haunted house problem for Nedhelas. Very good. I hope the 200 gold I gave you covered your expenses. And here's something else for you. When I have a choice, I like to go around trouble, rather than into trouble, and these scrolls come in handy for that. When you're ready for another shrine sergeant mission, speak to me again."", 'Yes. You took care of that affair.', 'Not long ago we drove a coven of witches from the old Daedric ruins of Ashalmawia. However, one witch escaped -- a Dark Elf named Thelsa Dral. But just recently egg miners from nearby Asha-Ahhe Egg Mine have complained that the mine is cursed. Perhaps Thelsa Dral has taken refuge there. Go to Asha-Ahhe Egg Mine, near the village of khuul, and if you find the witch Thelsa Dral, kill her. When you are sure the wicked creature is dead, return and report to me. Here is some gold for expenses.', 'We know little about her, other than that she could summon bonewalkers. That means she is no piddling hedgewizard. Be careful.', 'The mine is east of the ruins of Ashalmawia, and just south of the village of khuul.', ""Khuul is a small village on the northwest coast of Vvardenfell. Silt strider can carry you as far as Gnisis. Then you'll have to travel north on foot, cross-country. The only certain landmarks in the region are the village of Khuul, the Daedric ruins at Ashalmawia southwest of Khuul, and the village of Ald Velothi, on the coast west of both Ashalmawia and Khuul."", 'Have you found and killed the witch Thelsa Dral in Asha-Ahhe Egg Mine?', ""I'm sorry, but this mission is just too dangerous for me."", 'Have you found and killed the witch Thelsa Dral in Asha-Ahhe Egg Mine?', ""I'm glad to see you back in one piece. Since I didn't know how tough she was... Anyway, you're back and Thelsa Dral is out of the way. I've been thinking. These shrine missions are getting tougher, and I thought you might like to have this old ring. I don't use it anymore, but it came in handy several times when I was younger. Take it, with my thanks, and when you're ready for another mission, speak to me again."", ""We don't have to worry about her any more, do we?"", 'An acolyte named Linus Iulus disappeared some years ago. He was last seen leaving Suran headed east on foot for Zafirbel Bay. Recently our oracle, Lalatia Varian, has had a vision of a Silver Staff of Shaming, and Linus Iulus had one of these staves. Here is a Detect Enchantment ring and 100 gold for expenses. Go to Mount Kand. Find a Silver Staff of Shaming there, retrieve it, and bring it to me, along with any other personal effects you find that belonged to Linus Iulus.', 'Lalatia Varian gave him the Silver Staff of Shaming and sent him in search of a traitor who had betrayed the cult. I believe she knew he was not equal to the task, though he begged for the quest, and I think his death is a burden on her conscience. I doubt that any of his physical remains will survive years of exposure to the elements. But you might find his Maran Amulet and Stendarran Belt. It would be a comfort to pass them on to other lay servants, to honor the memory of Linus Iulus.', ""Lalatia Varian, our oracle, says that in a dream she has seen the Silver Staff of Shaming lying in the land of burning rock, under the shadow of the Mountain of Fear. I don't understand the mumbo-jumbo of dream interpretation, but she tells me that an old name for Mount Kand is Mountain of Fear. As she reads her dream, she believes the staff will be found either east or west of the mountain, in the shadow of the rising or setting sun. The Detect Enchantment ring should help you find the staff."", ""Mount Kand is in the Molag Amur region. Speak to Nevosi Hlan, shipmaster at the Ebonheart docks. Take a ship to Tel Branora; from there, you can get a ship to Molag Mar. From Molag Mar travel on foot north by roads, watching for signs to Mount Kand. I don't know the region myself, but I've heard it is wild and dangerous, and easy to get lost in."", 'Have you found the Silver Staff of Shaming that belonged to Linus Iulus?', ""I'm sorry, but this mission is too difficult for me."", 'Have you found the Silver Staff of Shaming that belonged to Linus Iulus?', ""Thank you for retrieving the Silver Staff of Shaming. To honor Linus Iulus' memory, we will pass it on to some faithful servant of the Imperial cult. And as a reward for your service, here is a Restoration shirt. It will keep you fresh during heavy exercise, like long-distance running or tough fights. Thank you for your exertions on the cult's behalf, and when you're ready for another mission, speak to me again."", 'Have you found the Silver Staff of Shaming that belonged to Linus Iulus?', ""You've found Linus Iulus' Silver Staff of Shaming, and his Maran Amulet and Stendarran Belt. I think you should keep the staff, in honor of Linus Iulus' sacrifice. And we'll pass on the anulet and belt to some new lay servant. And as an additional reward for your service, here is a Restoration shirt. It will keep you fresh during heavy exercise, like long-distance running or tough fights. Thank you for your exertions on the cult's behalf, and when you're ready for another mission, speak to me again."", 'Thank you for recovering the staff.', 'I am sorry for his loss, but happy you recovered his lost staff.', ""An Argonian named Okur in Hla Oad has asked for our aid. This devout follow of the Nine is sensitive to spirits of the otherworld, and she says she is being visited by the ghost of a murder victim. The guards can't do anything in such cases. Go and speak with Okur. Here's some gold for expenses. If possible, discover the nature of the crime, and bring justice to wronged spirit so it can be laid to rest."", ""She's got a touch of the Sight. Some Argonians are like that. It may seem spooky, but you can trust what she says."", ""Hla Oad is a tiny isolated fishing village on western Vvardenfell in the Bitter Coast region. You can take passage to Hla Oad from the Ebonheart docks. Speak to Nevosi Hlan, shipmaster. His boat is the 'Chun-Ook'."", ""Let me know when you've helped Okur take care of the ghost of the murder victim."", ""Let me know when you've helped Okur take care of the ghost of the murder victim."", ""So Okur needed you to kill the smugglers who murdered Julielle Aumine and to recover the dead woman's lost amulet. Well, if Okur is sure she can lay the ghost to rest now, that's good enough for me. And, as it happens, I just received a donation of magic scrolls. Let me give you these three. Thank you. That's all I have for you. But there might be work for lay healers or almoners, or you might talk to Lalatia Varian about Oracle's Quests."", 'Thanks for taking care of that matter.', ""I appreciate your asking, , but I have no more shrine sergeant missions for you. If you haven't already considered being one of our lay healers or almoners, I suggest you speak to Synnolian Tunifus or Iulus Truptor downstairs. I have also passed your name to our Oracle here, Lalatia Varian. She may have some more difficult challenges to interest you. But it's always good to see you, and if there's anything I can do for you, let me know.""]",NPC
Elder Scrolls Morrowind,2002,US,Kjeld,Male,"['We are the dark walkers, those who prey on the warm blooded. Our gifts are many, and weaknesses few. There are three major clans: Aundae, Berne, and Quarra. There are others in this world as well, living like cattle in tombs under the ground.', 'Weak, pathetic creatures. They use their powerful magic as a crutch, never experiencing the joy the dark gift brings--the sheer physical power we are given.', 'They are not unlike us in many ways. But, though gifted physically, they prefer the shadows, stalking their prey from the darkness. It is cowardly and weak, and they are not to be trusted.', 'Above all clans, we stand alone! We have few limitations to our power, so great is our gift. Our dark powers make us prefect predators, perfect warriors. Those who live in the sunlight fear our name.', 'We are shunned by almost all who live in the sunlight. While some mages will tolerate us, all others consider us abominations. And the sunlight...do not walk in the sunlight. It will be your death.', 'As a Quarra, you are gifted above all. Your strength and fighting skills are unmatched by any. Throw away your armor and weapons, for so great is our skill, that they are unneeded.']",NPC
Elder Scrolls Morrowind,2002,US,Kund Assarnibani,Male,"[""I don't know you. What do you want?"", 'By tradition, Ashlanders claim the right to raid other Ashlander tribes -- and non-Ashlander settlements -- for booty and slaves.', ""I don't know you. What do you want?"", ""You have to talk to Abassel. He's inside.""]",NPC
Elder Scrolls Morrowind,2002,US,Lalatia Varian,Female,"['Welcome. Can I tell you about the Imperial Cult? We invite you to become a lay member.', ""A weird tale. And you say you have been marked by good fortune -- by 'the luck of the emperor' -- since you received the coin from the old veteran? Tell me -- did the face of the old veteran resemble the face on the coin? Did anyone else ever see this old man? I hesitate to suggest it. But I think you have been visited by an aspect of Tiber Septim. Surely this is a sign of a great doom laid upon you by the gods."", 'I think you have been visited by an aspect of Tiber Septim. Surely this is a sign of a great doom laid upon you by the gods.', 'Welcome. Can I tell you about the Imperial Cult? We invite you to become a lay member.', 'We accept all citizens of good character and earnest faith. We ask onlya one-time pledge of 50 drakes to aid us in our good works. Thereafter, the only cost of membership comes from when you use a healing altar -- modest and nominal fees which help us in our mission to bring the words and blessings of the Nine to those less fortunate than ourselves. Do you wish to join the Imperial Cult?', 'We accept all citizens of good character and earnest faith. We ask onlya one-time pledge of 50 drakes to aid us in our good works. Thereafter, the only cost of membership comes from when you use a healing altar -- modest and nominal fees which help us in our mission to bring the words and blessings of the Nine to those less fortunate than ourselves. Do you wish to join the Imperial Cult? Or would you rather I review the Imperial cult requirements and doctrines with you before you join?', 'You are now a Layman in the Imperial Cult. Welcome, , to our community, and may you rejoice in its blessings. Can I tell you about our services? Or, if you can donate more time and effort, would you like to become a lay servant?', 'You are already a member of the Imperial Cult, Layman .', 'To serve and glorify the Nine Divines, you must cultivate a noble personality and a strong will. Respect the magical arts, especially the college of Restoration, Mysticism, and Conjuration. Those who swear to avoid bloodshed, to take the field unarmored, to fight only with blunt weapons, are especially praiseworthy. Knowledge of enchantments and the gift of diplomatic speech are other qualities we look for in our initiates. Our doctrines are simple. We acknowledge the divinity of the Nine Divines: Akatosh, Dibella, Arkay, Zenithar, Mara, Stendarr, Kynareth, Julianos and Tiber Septim. We preach the Nine Virtues: Humility, Inspiration, Piety, Work, Compassion, Justice, Ambition, Learning, and Civility. Our Emperor is the Defender of the Faith, and the Empire is the worldly working of the Divine Plan. We pledge aid and comfort to all citizens in need, and serve the Emperor and Empire at his will. Our rules are equally simple. It is forbidden to attack another member of the Imperial cult, and of course, forbidden to kill another cult member. It is forbidden to steal from another member, whether by open theft or by covert pickpocketing. It is forbidden to trespass upon the private property of another member -- private property being understood as anything behind a locked door. Break any of these rules, and you shall be expelled from the cult. Now, . Do you wish to join?', 'You are now a Layman in the Imperial Cult. Welcome, , to our community, and may you rejoice in its blessings. Can I tell you about our services? Or, if you can donate more time and effort, would you like to become a lay servant?', 'Please reconsider, , and come to us again. There is great strength and comfort in the solace of the Nine.', 'Our favored attributes are Personality and Willpower. Our favored skills are Speechcraft, Unarmored, Restoration, Mysticism, Conjuration, Enchant, and Blunt Weapon. To advance a rank, you must have at leat one skill -- your highest of our favored skills -- at the required primary skill level for the new rank, and at least two skills at the required favored skill level for the new rank.', ""The missionary arm of the great faiths, the Imperial cult brings divine inspiration to the Empire's remote provinces."", 'You have the attributes and skills we expect in our higher ranks, but you have not yet dedicated enough time and service to the Nine to warrant advancement. I can tell you more about the Imperial cult ranks and their requirements, if you like.', 'The ten ranks of the status in the Imperial cult are, from lowest rank to highest rank: Rank One, Layman; Rank Two, Novice; Rank Three, Initiate; Rank Four, Acolyte; Rank Five, Adept; Rank Six, Disciple; Rank Seven, Oracle; Rank Eight, Invoker; Rank Nine, Theurgist; and Rank Ten, Primate. You are currently at rank Layman , .', ""It is not possible to become a priest or consecrated cleric without joining cult orders. You would be forced to devote yourself full time to the Imperial Cult, which doesn't suit adventurous people like yourself. But we do need lay servants -- earnest laymen dedicated to serving the Nine -- for certain unglamorous but spiritually rewarding tasks. At present we need almoners to serve Zenithar, lay healers to serve Mara, and shrine sergeants to serve Stendarr."", 'Almoners gather alms from members and friends of the faith. We depend on donations to fund most of our good works. Almoners who are successful at bringing in generous donations may rise in the ranks of Imperial cult service. If you are interested, speak to Iulus Truptor at the Imperial Chapels in Ebonheart.', 'Lay healers gather ingredients for health and healing potions, and minister to the sick and hurt in poor and isolated communities. It is difficult and sometimes dangerous work, but the spiritual rewards are great. If you are interested, speak to Synnolian Tunifus at the Imperial Chapels in Ebonheart.', 'A shrine sergeant helps keep order at the shrines, carries messages and packages, and sometimes escorts priests and lay servants on dangerous missions. This occassional service is ideal for bold, free-spirited adventurers like you. If you are interested, speak to Kaye at the Imperial Chapels in Ebonheart.', 'As I told Kaye, I believe the Silver Staff of Shaming, and the remains of Linus Iulus, will be found in the shadow of Mount Kand. I do not think the time of day is important. I believe the shadow is symbolic, representing the shadow of death which has fallen over Linus Iulus. I hope you retrieve the staff. And I hope you find other of his personal effects so that we may honor them in token of one who has fallen in our service.', 'I heard you recovered the staff. I thank the Nine for their gifts of sight, and I thank you for your courage and resolve in recovering the staff.', ""Welcome, Adept . You have proved yourself faithful and resourceful. I am an Oracle of the Imperial cult. Sometimes I am granted visions. I have the gift of Seeing, but not the gift of Doing. If you are bold, a doer of deeds, I beg you -- dedicate yourself to the Oracle's Quests, and I promise your reward shall be great in the sight of the Nine."", ""I ask you to bind yourself to me by solemn oath, to assist me in solving the riddles of the mystical visions I am granted by the Nine. You must swear to serve faithfully, and to do as I ask you, without question, without fail. Only if you are bound by such an oath may I reveal the secret visions granted to me. Will you swear to dedicate yourself to me, to perform the Oracle's Quests? Will you swear before the Nine Divines?"", 'I welcome you, and give thanks. Speak to me again when you are ready to perform your first service.', 'I await your decision.', 'It is your free choice. Should you change your mind, speak to me again.', 'Welcome, Adept . You have dedicated yourself to the service of the Oracle. Speak with me now, and I shall acquaint you with my vision of the Ring in Darkness.', 'Your first quest shall be the vision of the Ring in Darkness.', ""I have seen a Ring in Darkness. I have seen the Ring of the Wind, a legendary treasure of Elsweyr, sacred to Kynareth. I have seen the wind upon a dark elf's hand. I have seen the fire gleam upon a Dwarf's face. I have seen darkness on a ring of water. I have heard no name whispered in the mouth of stone. Seek the Ring in Darkness, and bring it to me. Speak with a Dunmer savant and Dunmer scout to discover the meaning of this vision. Take these gifts. May they make your journey easier."", 'When you have found the Ring of the Wind, bring it to me.', 'The Ring of the Wind is a legendary treasure of Elsweyr, sacred to Kynareth. It was owned by the nimble acrobat Kisimba Spring-Snow, who was said to always land on her feet, except when she chose to land on the feet of others.', 'Llaalam Dredil in the Grand Council Chambers here in Ebonheart is a Dunmer savant.', 'Nalasa Sarothen at the Elven Nations Cornerclub in Vivec is a Dunmer scout.', 'Do you have news of the Ring in Darkness?', 'So you have found the Ring of the Wind in darkness, and brought it out?', ""How strange. And these tokens of Zenithar -- they bear remarkable enchantments, strikingly appropriate to the god they honor. I wonder... might you have been tested by an avatar of the god Zenithar himself? Strange. Very strange. But you have done well, and it is clear to me that you were meant to keep the ring for yourself, to keep it safe, and to use it in service of the Nine. Congratulations. Speak to me again when you are ready to undertake another of the Oracle's Quests."", ""You have done well, and it is clear to me that you were meant to keep the ring for yourself, to keep it safe, and to use it in the service of the Nine. Congratulations. Speak to me again when you are ready to undertake another of the Oracle's Quests."", 'You have done well. Keep the ring safe, and use it to the glory of the Nine.', ""Primate , I have need of you again. I've been granted a prophecy of the Boots of the Apostle, a legendary treasure of Cyrodiil, relics of Tiber Septim who was also called Talos. Through the doors of Berandas, within the silent caverns, beneath the wings of twilight, dust sleeps in the shoes that Talos wore. Recover the Boots of the Apostle and bring them to me. A Dunmer savant or Dunmer scout may have clues to the meaning of the prohecy."", 'When Talos Stormcrown was a young man in Skyrim, he went into the mountains to learn the secrets of the Greybeards. He learned the secrets of the high peak winds -- the roar of the winter blast, and the warm silk of the summer updrafts. When he descended from the mountains, he came riding the clouds, striding through the air in great boots he claimed were gifts of the Greybeards for his cunning craft and riddling. After Septim yielded his crown, the boots disappeared, and have been lost for many years.', 'Llaalam Dredil in the Grand Council Chambers here in Ebonheart is a Dunmer savant.', 'Nalasa Sarothen at the Elven Nations Cornerclub in Vivec is a Dunmer scout.', 'Do you have news of the Boots of the Apostle? Find the boots, and bring them to me.', ""You have done the deeds of a hero. It is a sign that you were meant to keep the boots for yourself, to keep them safe, and to dedicate them to the service of the Nine. Congratulations. Speak to me again when you are ready to undertake another of the Oracle's Quests."", ""You have done the deedds of a hero. It is a sign that you were meant to keep the boots for yourself, to keep them safe, and to dedicate them to the service of the Nine. And from what you tell me of this healer Ama Nin, I suspect you may have spoken with the goddess Mara herself, disguised in mortal form to test you. Congratulations. Such chance meetings are a sign of the Nine's favor. Speak to me again when you are ready to undertake another of the Oracle's Quests."", 'The boots you recovered were once worn by Tiber Septim himself. Wear them with pride.', 'I want you to go to the Dunmer stronghold of Rotheran and rescue Adusamsi Assurnarairen the Oracle. She went there to recover the Ice Blade of the Monarch. Rescue Adusamsi Assurnarairen and return to me. While you are in Rotheran, recover the Ice Blade of the Monarch, if possible, and bring that to me, also.', 'The ancient Dunmer stronghold of Rotheran is located on the southern coast of Sheogorad. It is a place of evil reputation, remote, and seldom visited.', 'I sent Adusamsi Assurnarairen the Oracle to Rotheran because I had a vision that the Ice Blade of the Monarch might be recovered there. She is long overdue, and I fear she may have come to grief.', 'Please, rescue Adusamsi Assurnarairen from Rotheran, and, if possible, bring me the Ice Blade of the Monarch.', ""Adusamsi Assurnarairen has told me how you rescued her, and begs me to give you this as a token of her gratitude. From what she says, your task was not easy. And you also managed to recovered the Ice Blade of the Monarch, which I hope you will keep and dedicate to the service of the Imperial cult. I celebrate you, and your courage and determination. Thank you again, and speak to me when you are ready to undertake another of the Oracle's Quests."", ""Oracle , the healer Urjorad is overdue and presumed dead. He went to the Deadric shrine of Ashalmimilkala with a powerful artifact called the Scroll of Fiercely Roasting. Signs say he has come to grief inside Ashalmimilkala. Go find his body, recover the scroll and return it to us. Or, if you would risk your life to complete the quest that took Urjorad's life, ise tje scroll to slay Carecalmo, the shrine's ancient High Elf priest, and his powerful High Elf bodyguard Meryaran."", ""Urjorad is the apprentice and protege of Dro'farahn Stiff-Neck, a healer and holy monk of the Imperial cult slain by Carecalmo. Urjorad had sworn vengeance for the life of his master, and pursued Carecalmo, armed with his dead master's weapons, enchantments, and a powerful item called Scroll of Fiercely Roasting. Urjorad is in noway strong enough to challenge Carecalmo and Meryaran, but he could not be persuaded from following his quest for revenge."", 'Ashalmimilkala is a large Deadric ruin on a large off-shore island south of Gnaar Mok, west of the Dunmer stronghold called Hlormaren in the Bitter Coast region. A thin strand of land connects the southern part of the island with the mainland on the coast southwest of the stronghold.', ""Carecalmo is a very old High Elf wizard. As a young mage he served Uriel V, though he did not follow him to Akavir. He was accounted among the wise and powerful until he was implicated in Jagar Tharn's plot to place an imposter on the Imperial throne. Since then he and his bodyguard, a masterful knight named Meryaran, have been fugitive. Carecalmo is a servant of Mehrunes Dagon, a grim agent of death and destruction, and the Imperial cult has long sought to destroy him."", 'I asked you to recover a powerful artifact called the Scroll of Fiercely Roasting and return it to me. When you have the scorll, or when you have slain Carecalmo, the ancient High Elf priest of the Deadric shrine of Ashalmimilkala, and his powerful High Elf bodyguard Meryaran, return to me.', ""By killing Carecalmo and Meryaran you have avenged the death of the healer Urjorad and his master Dro'farahn Stiff-Neck, and rid the world of a great evil. You have served the Imperial cult well. Please take these Gauntlets of Glory, and put them to good use. Speak to me again when you are ready to undertake another of the Oracle's Quests."", ""You have avenged the deaths of the healer Urjorad and his master Dro'farahn Stiff-Neck, and rid the world of a great evil."", 'Primate , Stendarr has granted me a vision of the artifact Skull-Crusher.', ""During the Skyrim Captivity, the master weaponsmith Hilbongard of Skyrim and the enchanter Dorach Gusal created an enchanted warhammer -- feather-light yet brutal as an atronach's fist. This artifact, christened 'Skull-Crusher' by its makers, was lost when thieves snatched it from a festival display. Legend says its makers gave Skull-Crusher the power to betray unlawful possessors, returning by its own will to its makers. All accounts indicate that Dorach Gusal and Hilbongard forged Skull-Crusher at a Daedric site on Vvardenfell, but no one has ever identified the site. But Stendarr has given me as ign. He has shown me a vision of Hilbongard's forge -- a Daedric ruin with a forge of molten stone at its heart. But fate has sealed this Daedric ruin forever from the world above by a colossal rockfall. Yet there is another way into Hilbongard's forge. It lies through the Halls of the Dead. I do not know where these Halls of the Dead lie. But I know the way is dark, and guarded by restless spirits. And the forge itself is guarded by the powerful Daedra who served Dorach Gusal in his enchantment rituals. Ask a Dunmer savant and a Dunmer scout about a sealed Daedric ruin which might conceal Hilbongard's forge. And ask about the Halls of the Dead -- another ruin or grave guarded by undead spirits near this site. Through such a portal might be the questing hero seek Skull-Crusher, the peerless warhammer, lost to men since the First Era. I believe this legendary weapon is fated to your hand. If you find Skull-Crusher, bring it to me, so I may bless it and free it of its creators' curse."", 'I believe this artifact has been shown to me because it is meant for your hand. But bring it to me, so that I may bless it, and remove any curse placed on it by its creators that may enable it to betray you.', ""My vision revealed that access to Hilbongard's forge would be found only through the Halls of the Dead. I know of no Halls of the Dead, but perhaps if you consult with local Dunmer savants and scouts, you may gain insight into this puzzling reference."", 'In my vision, the warhammer Skull-Crusher would be found in a Daedric ruin, but one whose passage had collapsed, sealing access to its lower precinets.', 'Primate , I believe it is your fate to recover the long-lost artifact Skull-Crusher. When you have this legendary weapon in hand, bring it to me so I may bless it.', ""This is Skull-Crusher? It is indeed marvelous. But I can detect no trace of any evil curse upon this weapon. Perhaps it is only a legend. Perhaps it is a blessing, and not a curse, that preserves it from thieves. And perhaps we can perceive the hidden motions of the gods in this. It is safe, I assure you. Receive my special blessing, so you may dedicate yourself further to the service of the Nine. And speak to me again when you are ready for another of my Oracle's Quests."", ""Indeed, you must have located Hilbongard's long-lost forge in the ruins of Andunabia."", 'I pray that, through the power of Stendarr, this weapon will serve you as faithfully as you have served the Nine.', ""You have done well, . You have kept your oath well, and faithfully served me in the Oracle's Quests. If I need your help again, I shall send word for you through others of high rank in the cult.""]",NPC
Elder Scrolls Morrowind,2002,US,Larrius Varro,Male,"['Yes? Is this about that work I mentioned?', ""Through various channels, I've learned a bit about your situation. I'd like to tell you a little story. And when I'm done, you can ask me some questions. And then, maybe, you might decide to go out and do some things. You might, and you might not. That's your affair. And I also want to tell you about a nice present I think the Emperor wants you to have. I'm not sure where it is. But maybe you'll want to check back and see if I've found it. Later. After you have done some things."", ""Once upon a time there was a bad magistrate who took gold from criminal organizations to reduce the sentences and fines of criminals. Everybody knew he was doing this, but nobody could prove it. Because even if it could be proved, the bad magistrate had important friends, and proof is not as powerful as important friends. At the same time there was a good officer who enforced the laws because he thought laws made people happy and safe. And it bothered the good officer that enforcing the laws did no good, because the bad magistrate let the criminals go as quick as the officer caught them. For a long time, the good officer sighed, and said, 'What can I do? Because the bad magistrate has important friends, and nothing I can do will touch him.' But then, the good officer said, 'Say. Wait a minute. What about the bad people who are BRIBING the bad magistrate? THEY haven't got important friends. And if they aren't around, then the bad magistrate can't get any more bribes. And even better, the good officer suspected that the bad people who were bribing the bad magistrate were probably criminals themselves. So the good officer decided that it would be good if the bad people who were bribing the bad magistrate should go away. Forever. So that good officer made a little special prayer that there would be a little bloodbath to wash the bad people away. There. Isn't that a nice little story? Maybe not a perfect story. Because it ends with a prayer, and not a bloodbath. But maybe the story isn't over yet."", ""What is the nice present from the Emperor? I'm sure I don't know. I think it is supposed to be a surprise. And, as I said, I'm not sure where it is. But I might find it. Any time. So check back and see if I've found it. Later. After you have done some work."", ""Oh. The bad people are the Camonna Tong. I thought everybody knew that. They are a criminal organization. Unfortunately, I don't know who the Camonna Tong are. No one will tell me, because I am an officer. And it is against the Code to tell officers things. But people in the Thieves Guild hate the Camonna Tong. I bet if YOU asked the Thieves Guild, they would cheerfully tell you who the bad people are and where to find them."", ""In the Empire, the Thieves Guild is old and powerful, but here in Morrowind, the Thieves Guild is young and weak. The old and powerful criminal guild of Morrowind is the Camonna Tong. The Camonna Tong doesn't like the Thieves Guild. A lot. And the feeling is mutual."", ""The bad people in my story are five members of the Camonna Tong. I know they are a scout, a pawnbroker, a savant, a thief, and a smith, and that they are in Balmora. Unfortunately, I don't know their names. But maybe you can find their names. And where to find them. And then maybe my story could have a happy ending. With a little bloodbath, instead of a little prayer."", ""Here's what I'm thinking. I love the law. I love the Empire. I love the people I try very hard to keep safe. But sometimes, no matter how hard we try to keep the peace, sometimes there is going to be blood. I think you know what I'm talking about. That's why I asked for you to do this bit of work. If you're willing."", 'Yes? Is this about that work we discussed earlier?', ""I see everything's been taken care of. And, just in case you had any problems of a legal nature, I spoke to some of my friends, and I've taken care of some things as well. And I DID find that nice present from the Emperor. Here. It seems to be a ring. A very nice ring. There was no note with it, I'm afraid. But I'll let the Emperor know you've received it. I'm sure he'll be pleased."", ""Do you like it? It's called the Ring of Surroundings. It's useful for sneaking about. I don't know much about it, but I believe it used to belong to a bad person. We don't usually need that sort of thing in the Legion. We're a little more straightforward in our methods. Usually."", 'So the little story has a perfect ending. All the bad people washed away. It almost makes you believe in the power of prayer.', ""The bad people I was talking about? They're all good people now. I think you may have had something to do with that. Possibly."", ""Never mind about that work. As I said, it's all been taken care of. And I hope you like your present."", 'Yes? Is this about that work we discussed earlier?', ""I see everything's been taken care of. And, remarkably enough, without creating any problems of a legal nature. You are far more discrete than I had hoped. I'm so glad I found that nice present from the Emperor. Here. It seems to be a ring. A very nice ring. There was no note with it, I'm afraid. But I'll let the Emperor know you've received it. I'm sure he'll be pleased. And, also, from me, because of your exceptional discretion, take this special volume from my own library, with my compliments."", ""Do you like it? It's called the Ring of Surroundings. It's useful for sneaking about. I don't know much about it, but I believe it used to belong to a bad person. We don't usually need that sort of thing in the Legion. We're a little more straightforward in our methods. Usually."", 'So the little story has a perfect ending. All the bad people washed away. It almost makes you believe in the power of prayer.', ""The bad people I was talking about? They're all good people now. I think you may have had something to do with that. Possibly."", ""Never mind about that work. As I said, it's all been taken care of. And I hope you like your present."", ""Hello, . I'm happy to say I don't have any work for you right now. We seem to have thins under control right now. Thanks to you."", 'Take care when walking the roads. There have been rumors of a bandit robbing careless travelers near Hla Oad.', ""A number of careless travelers have been attacked recently. Seems there's a Nord near Hla Oad who's been robbing the unwary. If you happen upon him, take care. And, of course, I'd be grateful if you took care of that problem for me."", 'Have you encountered that Nord yet? Do take care if you do.', ""Ah, I see you ran into that rogue Fjol. Shame you weren't able to bring him back here alive...but not much of one. You have my thanks, and this reward."", ""So, I see you've located that rogue Fjjol. Somewhat of a shame he's still out there, but knowing his location is a help. My thanks.""]",NPC
Elder Scrolls Morrowind,2002,US,Lette,Female,"['Please. Leave me alone. I am not feeling well. I am diseased. You should go unless you want to catch it.', 'Yes. I have Swamp Fever. My head is swimming and I feel terribly weak.', ""It's awful. I hope it will go away soon. There are no temples here and none of the wandering priests are anywhere to be found. Do you seek to heal me?"", 'Well, please leave me then. I need some fresh air.', ""You... you will? Oh, you're from the Temple, aren't you? Well, go ahead."", 'Fine. Go ahead.', ""Oh? Where is this potion? You'll have to give it to me for me to drink it."", 'Thank you for curing me, .', 'I feel much better, thank you.']",NPC
Elder Scrolls Morrowind,2002,US,Listien Bierles,Male,"['Please, whoever you are, kill the Scamp before it causes any more trouble.', 'Kill it! Kill the scamp before it causes any more trouble!', 'Is the Scamp really gone? Thank you, whoever you are. This is all my fault.', ""At first it did everything I told him, but he tricked me! He wasn't really under my control. Then he started tearing the place up, and he took all my clothes, and I locked myself in this closet, and it's been just horrible. I don't want to be a Sorcerer anymore. I won't ever summon another Daedra as long as I live."", ""I wanted to be a real Sorcerer, not just Huleen's apprentice for the rest of my life. I wanted to prove I could summon a scamp... Then Huleen would have to take me seriously. I'm just glad it's all over now. Thanks for killing the camp, .""]",NPC
Elder Scrolls Morrowind,2002,US,Llaalam Dredil,Male,"['Welcome, . Perhaps you are interested in running an errand for me?', ""Yes, I need someone to deliver this letter for me. It's important that it get to J'zhirr at the East Empire Company as soon as possible. He should also have something for me in return, which I'll need you to bring back. Can you do this?"", ""Excellent. Here is the letter. Please get it to him as soon as possible. Just tell J'zhirr you have a delivery from Llaalam Dredil. He will know what to do, and should give you something to bring back to me."", 'Fine, then. I will find a more suitable courier.', 'Greetings, . Have you finished running an errand for me?', ""Why haven't you delivered that letter yet?"", 'Greetings, . Have you finished running an errand for me?', ""You've delivered the package? Excellent. And you have a letter from J'Zhirr? Well done. Here is your reward.""]",NPC
Elder Scrolls Morrowind,2002,US,Llerar Mandas,Male,"['Yes, I heard my son had gone mad. I fear his madness was caused when his daughter, Delyna Mandas, was captured.', 'She is being held captive in Tel Fyr. I do not want to lose another grandchild to the Telvanni. Please bring her back to me.', ""Tel Fyr is Divayth Fyr's tower. The only way to get there is to swim straight southwest from Sadrith Mora. Let me mark it on your map incase you get lost."", 'You have rescued my granddaughter, and I am grateful. Please take this helm from all the Mandas family. Know that you have earned an ally in House Redoran.', 'My granddaughter is safe for now, but I fear she will be in trouble again.']",NPC
Elder Scrolls Morrowind,2002,US,Llevena Sendas,Female,"[""Oh, don't mind me. Whatever affair of honor you have with Giras Indaram, it's none of my business."", 'Giras Indaram is right over there if you want to talk with him.']",NPC
Elder Scrolls Morrowind,2002,US,Llirala Sendas,Female,"['Greetings. I am Llirala Sendas, the caretaker of the Sanctus Shrine.', 'Yes, this is the Sanctus Shrine. This is the very shack Tholer Saryoni lived in when he wrote his sermons. I am merely the caretaker.']",NPC
Elder Scrolls Morrowind,2002,US,Lloros Sarano,Male,"['Yes, Athyn Sarethi said to expect someone. What can I do for you?', 'Yes, Varvur has been charged with the murder. There is a great deal of evidence. If you must investigate this, start by speaking with Varvur Sarethi.', ""Bring me the statue. Then I may be able to clear Varvur's name for the muder of Bralen Carvaren."", ""Have you found out anything more about Varvur's ash statue?"", ""You have the statue? Give it to me and I will see if I can clear Varvur's name for the murder of Bralen Carvaren."", ""You found an ash statue in Varvur Sarethi's room? Give me the ash statue so that I may examine it more carefully."", ""Thank you, . Yes, I can see there is some kind of conjuration enchantment on this statue. I believe this statue influenced Varvur Sarethi in some manner, causing him to kill his friend Bralen Carvaren. He may still be under the influence of this statue. Tell Varvur to come and speak with me. When I am sure that he is no longer influenced by the statue, I will have him cleared of Bralen Carvaren's murder."", ""I'm believe these statues have some kind of corrupting influence. If you could find out how Varvur Sarethi got the ash statue, I would be grateful."", ""Have Varvur Sarethi speak with me soon. If this statue was responsible for his behavior, I will clear him of Bralen Carvaren's murder."", 'If you will not give me the statue, I cannot help you.', ""Have you found out anything more about Varvur's ash statue?"", 'Galtis Guvron gave Varvur the ash statue? Go talk to Galtis Guvron at the Rat in the Pot and ask him about the ash statue.', ""Varvur Sarethi spoke with me. I have cleared him of the statue's influence and cleared his name for the murder of Bralen Carvaren."", ""Have you found out anything more about Varvur's ash statue?"", ""You found a note on Galtis Guvron's body when you asked about the ash statues? Let me see... Perhaps this Hanari is Hanarai Assutlanipal. She claims to be an outcast outlander. Her house is the first one on the right down the stairs from the Temple. She may be as unwilling to talk as Galtis. Take these potions in case you need them."", ""Go to Hannai Assutlanipal's house here in Ald'ruhn. Use the potions I gave you if you need them."", ""Have you found out anything more about Varvur's ash statue?"", ""By killing Hanarai Assutlanipal, the source of these ash statues in Ald'ruhn has been shut down. I admire your achievements, but we must remain vigilant against anyone else who comes to Ald'ruhn with ash statues."", ""Hanarai Assutlanipal is no longer a threat to Ald'ruhn."", 'What brings you to the Temple, .', 'One of our Pilgrims left here some weeks ago on the Ruddy Man Pilgrimage. I have not heard from him. Find out what happened to the Pilgrim Fedris Tharen.', 'Fedris Tharen left Gnisis several days ago. He was supposed to head to the Koal Cave, just south of Gnisis, but he never arrived. Go to Gnisis and ask around and find out what happened to him.', 'Did you find Fedris Tharen?', 'Thank you for healing Fedris Tharen. To make up for your sacrifice, why not take these cure disease potions? I have more than I need at the moment.', 'I hope he is well.', 'What brings you to the Temple, .', 'Another pilgrim has gone missing. I want you to find out what happened to Beden Giladren.', ""Beden Giladren was on his way from Ald'ruhn to Maar Gan. I do not know what happened to him. Go to Maar Gan and see if you can find him."", 'What brings you to the Temple, .', 'Yes, I heard that you rescued Beden Giladren from the Ashlander camp. I will make sure House Redoran hears of your debts.', 'I wonder if Beden Giladren has finished the pilgrimage.', 'What brings you to the Temple, .', 'Several Redoran soldiers were sent to the derelict stronghold of Andasreth. They have not returned. I need someone to find out what happened in Andasreth.', 'A part of Redoran men-at-arms left for Andasreth and they have not returned. Go to Andasreth and find out what happened to them. If they are dead, as I fear they are, bring their House Redoran shields back to me. I will show you where Andasreth is on your map.', 'Do you have news from Andasreth?', 'So it is as I feared. At least their families will have their shields. You have done well, . Perhaps I could offer you a shield of your own as a reward?', 'Thank you, . May it protect you well.', 'Well, no matter. Think nothing of it.', 'You have already returned the shields. May Vivec protect you.', 'What brings you to the Temple, .', 'This ash statue was found in Morvayn Manor? Give it to me, then, and I will destroy it.', 'You can tell Mistress Morvayn that I will destroy the ash statue. Perhaps the strange creatures that plague Morvayn Manor will leave now that the statue is gone.', 'Did Mistress Morvayn ask you to bring me another ash statue? I believe I can remove the corrupting magic from these statues. Bring the statues to me, and I will do what I can.', 'I do not understand why you would not want this statue destroyed. Are you sure that you are not under the corrupting influence of the ash statue?']",NPC
Elder Scrolls Morrowind,2002,US,Llovyn Andus,Male,"[""I don't have fifty drakes. Look around if you want. I can't stop you. You can take my guar if you want."", 'Corky? Sure. Hey, Corky! This Dunmer here is your new owner! Say hello, Corky!', ""He's your now."", ""I call him that 'cause he likes to eat corkbulb."", ""I don't have fifty drakes, but Corky's a good guar. He's worth fifty drakes, at least. If you don't want him, I'm sure Drulene Falen up near Ald'ruhn would be willing to take him off your hands."", 'His farm is up the road to the northeast, past the Dren and Arvel Plantations, but before you reach any of the rivers.', ""You killed my guar, Corky. Without him there's no way I can earn enough to pay Odral's new taxes. I think he just wants to chase us farmers off, but I'm not leaving. Not even if you kill me."", 'Now, why did you have to go and do a thing like that? When did Corky ever hurt you?', ""I can't forgive someone who can just kill a guar like that.""]",NPC
Elder Scrolls Morrowind,2002,US,Llunela Hleran,Female,"['Are you here to discuss your stronghold?', 'Yes, I can build you a tower of your own, Spellwright. First you must acquire a construction contract from Duke Vedam Dren. Then you bring me two strong souls to form the foundations of your stronghold.', 'House Telvanni has expanded too quickly. We have allowed our young and ambitious to build unauthorized bases all across Vvardenfell. To avoid trouble with the Grand Council, you should make your stronghold official. Only Duke Vedam Dren in Ebonheart can issue construction contracts.', 'Here, take these grand soulgems. Fill them with the souls of a suitable Daedra. The best souls to use are Storm Atronachs, but more powerful Daedra such as Winged Twilights and Golden Saints will work as well.', 'I gave you two soulgems. Fill them with the souls of Storm Atronachs, Golden Saints, or Winged Twilights. Perhaps someone around here knows where you can find such strong souls.', 'Do you have the construction contract and two strong souls?', 'Oh? You do, do you? And where might they be?', 'Do not waste my time, then. You must bring me the construction contract and two strong souls.', 'Are you here to discuss your stronghold?', 'Do you have the construction contract and two strong souls?', 'Yes, I will use these souls to begin construction of your stronghold.', 'Yes, you have given me the construction contract. I trust it was not too difficult.', ""You have brought me the soulgems. The power in these souls will strengthen your stronghold's foundations and help the tower grow."", 'Construction on your stronghold will begin soon.', 'Are you here to discuss your stronghold?', ""Yes, I want you to check on your stronghold, which is being built on the alleged site of Uvirith's Grave. I will mark it on your map. Go there and speak with Gashnak gra-Mughol, the foreman in charge of constructing your stronghold."", 'Are you here to discuss your stronghold?', 'I am pleased to hear that the mushroom is growing so well. Thank you for keeping me informed. Your stronghold should finish its first stage of growth in a few days.', 'Speak with me again when the first stage of your tower is complete. It will only take a few days for it to finish growing.', 'Are you here to discuss your stronghold?', 'If you want me to build you a tower fit for a Telvanni Councilor, I will need 5000 drakes for expenses. I also want you to investigate the Dwemer ruin of Mzanched northwest of your stronghold. Bring me any plans or schematics you find there.', 'Do you have the Dwemer schematics from Mzanchend and the 5000 gold?', 'And I suppose you are keeping them at your stronghold? No, you must bring them to me.', 'You have found the plans, but you do not have enough gold.', 'You have the gold, but where are the Dwemer Schematics?', 'Yes, this will do. I shall give the orders to begin construction on the rest of your stronghold.', 'I have given the orders to begin construction on the next phase of your stronghold.', 'Do not waste my time until you have found the things I seek.', 'Are you here to discuss your stronghold?', 'The second stage of your stronghold is complete. I trust everything is in order? Speak with me again when you are a Master of House Telvanni and I will build you a stronghold fit for the mightiest Telvanni wizards.', 'Are you here to discuss your stronghold?', 'Yes, I am prepared to build the last stage of your stronghold. Your stronghold will be the first since the fall of Resdayn to be guarded by Dwemer Animunculi.', 'There is a book, Secrets of Dwemer Animunculi, which has been lost for many years. I know that this book lies in the Vampire-infested ruins of Galom Daeus. When I have this book in my possession, your stronghold will be the first in ages to be guarded by Dwemer Centurions.', 'To get to Galom Daeus, go south from your stronghold until you reach a river of lava. Follow that river to the west until it ends. You will see another pool of lava ahead of you, Galom Daeus lies beyond that pool.', 'Yes, this is exactly what I need. This, along with the schematics you brought me should be enough to unravel the secrets of Dwemer Centurions. I will give the orders to begin the last phase of your stronghold. It should go quickly... but it should take at least five days.', 'You have brought me the book Secrets of Dwemer Animunculi. Soon you will have a stronghold that rivals that of Uvirith himself.', '. I hope your stronghold is satisfactory.', 'Then return to Galom Daeus and continue your search.', 'Are you here to discuss your stronghold?', 'Your stronghold is complete.']",NPC
Elder Scrolls Morrowind,2002,US,Lucretinaus Olcinius,Male,"[""My son is what??? That explains why I haven't seen him for days. He's a good boy, just a bit out of touch with things. I really appreciate you helping him out here. I'd do it myself, but I really can't take the time to leave the store. Here, take this to help you along."", 'I see that you paid the debt my son owed. I thank you for your help. Here is a reward for all your efforts.', ""You've paid the wizard my son's debt? I thank you. This should cover the money he owed, and a little something for you as well. Your efforts are appreciated."", ""Cassius did what??? What??? Oh, that foolish boy. Still, he's mine, and I do love him. Here, take this money and repay his debt for me. It amazes me what young people will do sometimes."", ""A debt to that wizard? Foolish boy. The number of times I've heard about stupid things Cassius Olcinius has done would turn your head."", ""Fevyn isn't a bad sort, for one of those wizards. From what I hear, he does an excellent job, but his prices can be rather steep.""]",NPC
Elder Scrolls Morrowind,2002,US,M'aiq the Liar,Male,"[""Greetings! M'Aiq knows many things. What is your interest? You seek knowledge. M'Aiq has much. Some of it verified by actual facts!"", ""You wish to become a lich? It's very easy, my friend. Simply find the heart of a lich, combine it with the tongue of a dragon, and cook it with the flesh of a well-ridden horse. This combination is certain to make you undead."", ""Dragons? Oh, they're everywhere! You must fly very high to see most of them, though. The ones nearer the ground are very hard to see, being invisible."", ""M'Aiq sees lots of them in the ocean. M'Aiq knows you'll see one too if you swim far enough."", ""Horses.... Oh, M'Aiq loves horses! Especially with good cream sauce."", 'You would wish to ride upon a beast? There is a way.... Go to one of the many silt-strider ports and pay your fee! You wish one for personal use? Bah! Walk if you must; run if you are chased!', ""Moving corpses? This sounds frightening to M'Aiq. The undead are nothing to be toyed with."", ""M'Aiq does not know this word. You wish others to help you in your quest? Coward! If you must, search for the Argonian Im-Leet, or perhaps the big Nord, Rolf the Uber. They will certainly wish to join you."", ""There is no mystery. M'Aiq knows all. The dwarves were here, and now they are not! They were very short folks...or perhaps they were not. It all depends on your perspective. I'm sure they thought they were about the right height."", ""A horrible thing indeed. If you see one, let M'Aiq know. M'Aiq wants to make sure to look in the other direction."", ""Ahh...the beauty of the naked form. These Dunmer are rather prudish, are they not? Of course, there is an island you can reach filled with wonderful, naked, glistening bodies. It only appears when the moons are full, the rain falls, the seas run red, and it's M'Aiq's birthday."", ""Climbing ropes that hang is too difficult. M'Aiq prefers to climb the ones that are tied horizontally."", 'You seek the shrine that is no longer there? An interesting concept. Look to the seas to the West. There lies what was once the shrine. Take a deep breath and begin your search.', ""M'aiq has heard of this. They've got all the money. Mudcrabs taking over everything. They already run Pelagiad."", 'I have only met one, but he was afraid of the water.']",NPC
Elder Scrolls Morrowind,2002,US,Madura Seran,Female,"[""Can you get me out of here? Let's travel together."", 'Do you want me to follow you? Abassel will try and kill me if I leave.', 'Lead me to the Ald Velothi outpost.', ""Okay. I'll stay right here until you come and get me.""]",NPC
Elder Scrolls Morrowind,2002,US,Mallam Ryon,Male,"['What brings you here, ? Do you want chores?', 'Archmagister Gothren has some questions for Baladas Demnevanni. Will you speak with Baladas and ask him three questions?', 'Yes, Archmagist Gothren is my patron. If you have business with him, you may find him in Tel Aruhn.', ""Baladas Demnevanni lives in Arvs Delen which is in Gnisis. You can use the Mages Guild teleport service to get to Ald'ruhn, and then take a Silt Strider there. Go there and ask him about the Disappearance of the Dwarves, Dwemer artifacts, and the Dwemer language. You do not have to get an answer from him, simple asking the three questions is enough."", ""It's a large town, . You ought to know where it is, even if you are an outlander. If you want, you can have the Mages Guild teleport you to Ald'ruhn and then you can take a silt strider."", 'Yes, this is one of the three questions I want you to ask Baladas Demnevanni.', 'Did you ask Baladas Demnevanni the three questions?', 'You have spoken with Baladas? Yes, I see. Archmagister Gothren will be pleased with these answers and will be quite interested to know that Baladas is alive and well. I should give you something... Here, take these messenger scrolls. You may find them useful.', 'What brings you here, ? Do you want chores?', 'Archmagister Gothren has learned the location of the Dwemer ruin of Nchuleft.', 'This Dwemer ruin lies west of the town of Vos. Apparently these ruins are what Archmagister Gothren wanted Ainat Sanababi to look for. Archmagister Gothren wants some plans or blueprints from Nchuleft. Find these plans and return them to me.', ""You can take a boat there. That's the easiest way."", 'Have you found the plans Archmagister Gothren was looking for?', 'I do not appreciate any Hireling who tries to trick me. Bring me the plans or else.', 'Archmagister Gothren was right to question your loyalty will rapid advance in House Telvanni.', 'Have you found the plans in Nchuleft?', 'Have you found the plans Archmagister Gothren was looking for?', 'Good. If you were successful, Archmagister Gothren wanted you to have this.', 'You have already found the plans in Nchuleft.', 'I know of no other chores Archmagister Gothren needs done. You may speak with him directly or speak with one of the other Mouths.']",NPC
Elder Scrolls Morrowind,2002,US,Manat Shimmabadas,Male,"[""I don't know you. What do you want?"", 'Yes, you heard right. I have the famous noble Beden Giladren. I demand five thousand drakes in ransom. Will you pay?', 'Very well. Beden Giladren is free to leave and we can trade with you outlanders for food this winter.', 'He is free to go.', 'Come back when you are ready to pay the ransom.', 'What do you mean? You have not heard of the famous Redoran noble Beden Giladren?', 'Come back when you are ready to pay the ransom.', 'He told me that he was a famous noble of House Redoran. Perhaps you should speak with him.', ""I don't know you. What do you want?"", 'So this famous noble is a liar and a coward. Very well, you can have him for five drakes.', 'Come back when you are ready to pay the ransom.', 'Good. He is free to leave.']",NPC
Elder Scrolls Morrowind,2002,US,Manat Varnan-Adda,Male,"[""Fifty drakes?! I can't pay fifty drakes! I'll take this matter to Rovone Arvel."", ""Rovone Arvel owns this land. Odral's just the caretaker. Not even Rovone Arvel would expect a farmer to pay fifty drakes."", ""No, there's no way. I just can't afford it.""]",NPC
Elder Scrolls Morrowind,2002,US,Manirai,Female,"['I am Manirai, wise woman of the Erabenimsun. Do you need my services? Or do you seek my counsel?', 'Yes, outlander? Do you need my services? Or do you seek my counsel?', 'I warn you. Be wary of Ashkhan Ulath-Pal and his supporters. They all hate Outlanders, and love nothing more than to kill them and loot them. They do not respect custom or hospitality, and they think nothing of killing unarmed men, women, or children. They are bad men, and bad leaders, and you should fear them.', 'You have slain one of the peace-loving Erabenimsun. You deserve to die. Though we have no champion to bring us justice, we still have our pride. We will not treat with you, even though you threaten to murder us, too.', 'I am Manirai, wise woman of the Erabenimsun. You are the outlander who claims to fulfill the Nerevarine prophecies. Do you need my services? Or do you seek my counsel?', 'You wish to be named Erabenimsun Nerevarine? Never. Not while Ashkhan Ulath-Pal and his war-loving Erabenimsun live. They all hate Outlanders, and are proud and haughty, and will never suffer an Outlander to rule them. If you would be Nerevarine of the Erabenimsun, you must kill Ulath-Pal and his supporters, the gulakhans Ahaz, Ranabi, and Ashu-Ahhe. Then you must help me make peace-loving Erabenimsun Gulakhan Han-Ammu our ashkhan. Ashkhan Han-Ammu could then name you Nerevarine Erabenimsun. But before anything else can be done, you must first eliminate Ulath-Pal and his supporters. Then you should come speak with me, and we will discuss further how you might be named Erabenimsun Nerevarine.', 'Many of our tribe believe these prophecies to be no more than foolish superstition. I do not know myself what to think.', 'Ulath-Pal is always in his yurt, protected by his bodyguard, Gulakhan Ahaz. I am just a weak woman, and I am sure you would know best, but I would kill Ahaz first, the weaker of the two, and if I had secret magics and powers, I would use them to preserve me while I defend against two enemies at once.', ""Ahaz is Ulath-Pal's faithful bodyguard. He is not so strong or skilled as Ashu-Ahhe. But wherever you see Ulath-Pal, you will also see Ahaz. If you fight Ulath-Pal, you must also fight Ahaz."", 'Ashu-Ahhe is a great fighter -- the most strong and experienced of the Erabenimsun. He wears enchanted armor, and boasts that none of the Erabenimsun can defeat him -- not even Ulath-Pal.', ""Under the previous ashkhan, Han-Ammu's father, Airan-Ammu, the Erabenimsun grew bold and arrogant, confident in their strength of arms. Now Ashkhan Ulath-Pal and his champions have become cruel and violent, and our people live in fear. I am of the peace-loving Erabenimsun, and I wish that Airan-Ammu's son, Han Ammu, might become our new ashkhan. But we are weak, and Han-Ammu could never challenge Ulath-Pal, let alone all his supporters."", 'Han-Ammu is the son of our former chief, Airan-Ammu, but he is nothing like his father. His birth gives him a strong claim to lead the tribe, but of the many virtues required by an ashkhan, he lacks only three things: strength, courage, and wisdom.', 'I am of the peace-loving Erabenimsun. We only wish to live and hunt as we have in the past, and do not wish to anger our neighbors by raiding and warfare. But Ashkhan Ulath-Pal and his supporters are strong and sure of themselves. They have grown rich by raiding and fighting, and they will not be ruled by the counsel of their wise woman.', ""Ranabi is mean and solitary. He is cunning, but he relies too much on the power of his ancestor's enchantments. He is not so strong, but beware -- he bears a poisoned blade."", ""If you would fight Ashkhan Ulath-Pal and his supporters, know your enemy, and come prepared. His supporters are the gulakhans Ahaz, Ranab], and Ashu-Ahhe. They are the strongest of the fighting Erabenimsun, and more experienced than you. Unless you have hidden skills and resources, or you are a mighty sorcerer or enchanter, I don't know how you could defeat them."", ""If you would fight Ashkhan Ulath-Pal and his supporters, know your enemy, and come prepared. His supporters are the gulakhans Ahaz, Ranabi, and Ashu-Ahhe. They are the strongest of the fighting Erabenimsun, and much stronger than you. Unless you have hidden skills and resources, or you are a mighty sorcerer or enchanter, I don't know how you could defeat them."", ""If you would fight Ashkhan Ulath-Pal and his supporters, know your enemy, and come prepared. His supporters are the gulakhans Ahaz, Ranabi, and Ashu-Ahhe. They are the strongest of the fighting Erabenimsun. Perhaps you could defeat Ranabi and Ashu-Ahhe in single combat. But, unless you have hidden skills and resources, or you are a mighty sorcerer or enchanter, I don't know how you could defeat Ulath-Pal and his bodyguard, Ahaz."", 'If you would fight Ashkhan Ulath-Pal and his supporters, know your enemy, and come prepared. His supporters are the gulakhans Ahaz, Ranabi, and Ashu-Ahhe. They are the strongest of the fighting Erabenimsun. I think you will defeat Ranabi and Ashu-Ahhe in single combat. But if you stand alone against Ulath-Pal and his bodyguard, Ahaz, you may not prevail. If you have hidden skills and resources, or you are a mighty sorcerer or enchanter, perhaps you may defeat them.', 'Yes, outlander? Do you need my services? Or do you seek my counsel?', 'Now, with Ashkhan Ulath-Pal and his supporters dead, we may consider the Nerevarine prophecies and how you might be named Erabenimsun Nerevarine.', 'Now, with Ulath-Pal and his supporters out of the way, it is a simple matter to be named Nerevarine of the Erabenimsun. All you need to do is persuade Gulakhan Han-Ammu to become the ashkhan of the Erabenimsun. Seek him out in his gulakyurt. Be prepared, however. Han-Ammu is not the material one would choose when looking to make an ashkhan. He may be difficult to persuade.', 'If you hope to persuade Han-Ammu to become ashkhan, you must find some way to give him strength, willpower, and intelligence. Han-Ammu is unpopular with the tribe, and he knows it. But if he bore tokens recognized by all the tribe as conferring strength, willpower, and intelligence, it would give him the confidence to accept the responsibilities of tribe leadership.', 'By tokens, I mean well-known tribal heirlooms, objects of power handed down through the generations by gulakhans and ashkhans. Such tokens are marks of power and distinction, and might give Han-Ammu the abilities and confidence he needs.', ""The War Axe of Airan-Ammu that you have, that is an example of a token recognized by all the tribes. It was the axe that Han-Ammu's father carried when he was ashkhan, and Ulath-Pal wore it, too. Perhaps if you gave that axe to Han-Ammu, it would give him the confidence of a fighter."", ""You carry Sanit-Kil's Heart of Fire. That is an example of a token recognized by all the tribes. It was the power amulet of Sanit-Kil, a witch-warrior in service to the legendary wise woman Kinitu Nila, and Ahaz's father had it from Kinitu Nila. Perhaps if you gave that amulet to Han-Ammu, it would give him the courage of a witch-warrior."", ""You have the Robe of Erur-Dan the Wise. An object of power like that is the sort of token recognized by all the tribes. Erur-Dan the Wise was a wizard and counselor of Ashkhan Assur-Abanba, a legendary Erabenimsun leader of long ago. It was handed down to Ranabi through his family. Perhaps if you gave that robe to Han-Ammu, it would give him the wisdom of an ashkhan's counselor."", 'You have defeated the war-loving Erabenimsun, and the peace-loving Erabenimsun rule our tribe. But now we have no ashkhan, and I fear we will suffer from the attacks of outcast Ashlanders. You must persuade Han-Ammu to become our ashkhan.', 'You have defeated the war-loving Erabenimsun. But now we have no ashkhan, and I fear we will suffer from the attacks of outcast Ashlanders. You must persuade Han-Ammu to become our ashkhan.', 'You have persuaded Han-Ammu to be our ashkhan? And to name you Erabenimsun Nerevarine? Then I must give you the Seizing of the Erabenimsun.', 'I have no counsel, Nerevarine. We are both traveling in the dark.', 'You have persuaded him to accept his responsibilities. Now we will see if he grows in wisdom, and becomes a good and wise chief like his father.', 'Well. Now you are the Erabenimsun Nerevarine. Now perhaps we shall see what that means.', 'So Han-Ammu has accepted his responsibilities as ashkhan, and has named you Erabenimsun Nerevarine. Congratulations. And I must also give you the Seizing of the Erabenimsun, a tribal heirloom that ought to be held by our chosen champion as a token that we have named you Nerevarine.', 'You are Erabenimsun Nerevarine, and you bear the Seizing of the Erabenimsun, and so you shall be known to all the tribes.', 'Yes. I have given you the Seizing, an enchanted token of the Erabenimsun, that all may know that we have named you Nerevarine and Champion.', 'Here. Take this enchanted token of the Erabenimsun, that all may know that we have named you Nerevarine and Champion.', 'Now that we have an ashkhan, perhaps the peace-loving Erabenimsun can grow to be a prosperous tribe again. With my counsel, perhaps Han-Ammu will grow to be a strong, wise leader like his father.', ""You have proven to all the truth of the prophecies. Give thanks to Azura for guiding your way. The Devil is dead, and the Blight is gone. Thank you, Nerevarine, and may Azura's blessings bring you peace."", 'I am too busy to meet with animals.', 'I am too busy to meet this Argonian.', ""Karpal is very stupid, but very strong. I have seen him slay a beast with a single blow. Keep him at a distance, or he will crush you. He is always at Ulath-Pal's side.""]",NPC
Elder Scrolls Morrowind,2002,US,Mansilamat Vabdas,Female,"['Do not fear me, Dunmer . Listen, and I will tell you how I was murdered by Lugrub gro-Ogdum.', 'I came to the mines to get fresh kwama eggs for my family. Lugrub gro-Ogdum was sleeping, and I snuck past him. When I found enough eggs, I went back the way I came, only this time Lugrub was awake. Lugrub murdered me so that no one would know he failed his duty. He dropped the broken axe he used next to my body in the water behind me.', ""Take the axe from the water behind me as proof of Lugrub's crimes."", 'Do not let them take my lands. Avenge my death and let my wife live in peace.', 'You have heard my story. Do what you will.', ""Lugrub is dead and my death is avenged. Speak with Darius and do not let him take my wife's land. Then I can rest."", 'Show the axe to Darius.']",NPC
Elder Scrolls Morrowind,2002,US,Manwe,Female,"['Will you leave me alone if I give you the 2000 septims? I cannot leave my research unattended.', 'Here. Take the gold and leave me to my work. I would advise that you leave here now. We are engaged in very serious research here and if you disturb my colleagues, they may not be very understanding.', 'I have already given you the dues you claim I owe. What more do you want of me?', 'I should have expected such discourteous behavior from one of the lower races.']",NPC
Elder Scrolls Morrowind,2002,US,Marcel Maurard,Male,"['Hello, my friend! What a glorious day it is. Perhaps I can interest you in one of my fine wares. All magical, all for a low, low price! A man in my line of work must find a way to make a living!', 'I am an actor! Or at least I hope to be. I am the poor player who struts and frets for a while on a stage and then has lunch. I am full of sound and furiousness! Oh, if there were but a good theater troupe in this town, I could give up selling these baubles. Oh! Woe is me!', ""Leave here? I could not! It is the finest spot in all Vivec from which to sell my wares. Otherwise, I'd have nothing upon which to support myself. Dear friend, neither a borrower nor an honest tradesman be--that's what my father always told me."", 'Slay me? No, kind friend. For who would slay a talent such as mine? All I need is an outlet for my art so the people will adore me! Although, there lies more peril in your sword than in twenty of their eyes.... No! I must stay here, friend. Slay me if you must, but it would be a loss to the world.', ""Ah, but to have a company of players. For only then will I be able to showcase my arts! Yes, all the world's a stage...but no one wants to pay me to act on it."", 'Oh, to be an actor. To act, perchance to earn some money!', ""You've found a troupe forming? Then I must go to see the noble patron! Thank you my friend; you will not be forgotten! Yes! Yes! The play's the thing, wherein I'll catch the pure strings of...that guy!""]",NPC
Elder Scrolls Morrowind,2002,US,Mathis Dalobar,Male,"[""Thank the Tribunal you're here! I've been stuck in here for days since the ash storm."", ""I was too far from town when the storm hit. I took shelter in here until the storm passed, but then I couldn't get out because the door was stuck. I've been in here for days. The sooner we travel together back to Maar Gan, the sooner I can get back into business."", 'Can we travel together to Maar Gan?', 'Take me to the Maar Gan shrine.', ""Okay. I'll stay right here."", ""Yes, I'm Mathis Dalobar. Let's travel together back to Maar Gan."", 'Thanks for getting me back to Maar Gan, .', ""The storm took my pack guar and all my trade goods... But at least I'm still alive, thank the Tribunal."", 'Thanks for getting me back to Maar Gan.', 'Not right now, I have alot of work to do here. But thanks for getting me out of that tomb.']",NPC
Elder Scrolls Morrowind,2002,US,Mehra Milo,Female,"[""Yes. I'm Mehra Milo, a librarian for the Hall of Wisdom. Can I tell you about our collection?"", 'Volumes of general interest can be found in our Main Reading Room. Other collections are found in rooms adjoining the Main Reading Room. Our special collections include Western Studies -- the Empire and the provinces -- history, arts, and crafts, law and custom, and geography. The reserve room contains works on heathen cults. These volumes are not for sale, of course, and may not leave these rooms.', ""Yes. I'm Mehra Milo. Caius sent you? Follow me into the back of the library. We can't talk here."", ""Go ahead. I'm afraid I don't know anything about a Sixth House cult, but I can tell you about the Nerevarine cult."", ""The Temple worships Nerevar as a saint and hero, but prophecies of his reincarnation are punished as wicked heresy. The Nerevarine cult claims the Tribunal are false gods, hence the Temple's persecution of the Nerevarine cult. A group called the Dissident Priests' disputes Temple doctrine on the Nerevarine prophecies. The proscribed book 'Progress of Truth' describes their beliefs. Get a copy of 'Progress of Truth' for Caius Cosades. That will tell him things he needs to know about the Nerevarine cult."", ""It's an Ashlander cult -- primitive superstition, says the Temple. Nerevarines say the Tribunal are false gods. I've never understood whu the Temple wastes so much energy on them. The faithful cannot be shaken by such attacks, and the Ashlanders are just ignorant savages. But since the submission of the Temple to the Empire, and the crosion of faith among the Dunmer, the militant wing of the Temple is increasingly fierce in its attacks on heretics and heathens."", ""The Dissident Priests dispute Temple doctrine, and are outlawed and persecuted by the Temple. Ordinators arrest and imprison heretics, and the Empire cannot interfere. 'Progress of Truth' lists their beliefs. In brief, they challenge the purity and divinity of the Tribunal, suggesting their powers are sorcerous, not divine, and perhaps akin to the powers of Dagoth Ur. They also condemn the arbitrary power of the Ordinators, and accuse the Temple hierarchy of self-interest and corruption."", ""Why does the Temple persecute the Dissident Priests? Because attacks on the Temple weaken the faith, and leave the people defenseless against the influence of Dagoth Ur. Faith is what strengthens the will of the believer against Dagoth Ur's lies. Faith is the source of the divine power that sustains the Tribunal in their battle with Dagoth Ur. Since the Empire, some Dunmer have turned away from the Temple; that's why Dagoth Ur grows stronger, why blight storms and monsters threaten the land."", 'Dagoth Ur is the evil immortal enemy of the Tribunal Temple cult. The Temple holds Dagoth Ur and his hosts accountable for all the evils that beset the Dunmer and Morrowind. Dagoth Ur dwells in fiery caverns beneath Red Mountain, served by his kin, called ash vampires, and by legions of deformed monsters.', 'The Ashlanders have a mystical tradition of interpreting dreams and visions as prophecies. These prophecies are recorded in verse, and may be lost or garbled over the generations. But the Dissident Priests have collected many ancient prophecies of the Nerevarine, many of which they believe to be genuine. Collectively these are caled the Lost Prophecies of the Incarnate. One of the sacred missions of the Dissident Priests is the collection and study of these prophecies.', ""This book lists the disputes of the Dissident priests with Tribunal Temple doctrines. The Temple has outlawed the sale or possession of the book, so it will be hard to find. We have a copy here, but I fear I'm being watched by Ordinators here. A safer plan would be to search local booksellers. Some booksellers ignore Temple bans on outlawed books for profits or for principles."", ""Caius is a dear friend. Like me, he admires the best traditions of the Temple, charity for the poor, education for the ignorant, protection for the weak. He is a Westerner, but he has come to love our land and our people. But like me, he distrusts the arbitrary power of the Ordinators, and like the Dissident priests, he suspects the Temple is hiding something. He serves the Emperor, but he also loves Morrowind, and he sees the failing virtues of the Temple as a threat to Morrowind's political stability."", 'As I said, get Caius a copy of Progress of Truth and that should tell him things he needs to know about the Nerevarine cult. Is there anything else you want to ask me about?', ""As I said, the Dissident priests have a book called 'Progress of Truth' which gives their views on the beliefs of the Nerevarine cult."", 'Do you have the Divine Intervention scrolls? I have an escape plan.', ""I left a note for you that told you I needed Divine Intervention scrolls. I need at least one for my escape plan. If you haven't got one, you'll have to go get me one."", 'Do you have the Divine Intervention scrolls? I have an escape plan.', ""I'll need one Divine Intervention scroll myself for my escape plan. Getting out will be a lot faster and safer for you if you have one, but if you haven't got one for yourself, maybe you can find some other way out. Now, listen. Here's my plan. Give me a Divine Intervention scroll. I'll meet you at the secret Dissident priests monastery at Holamayan. For safety, we'll travel separately.... When you get out of here, look for a woman named Blatta Hateria on the East Docks of Ebonheart. Tell her I sent you, and that you want to 'go fishing.' She'll bring you to Holamayan by boat. I'll meet you there, and we'll get the lost prophecies from Gilbas Barelo, the leader of the Dissident priests. ANd magic conceals the Holamayan entrance -- speak to Vevrana Aryon, a monk at the dock at Holamayan, about the hidden entrance."", ""Holamayan is a secret monastery of the Dissident priests. The monastery itself is beneath the surface of a remote island along Azura's Coast, with only a single entrance hidden from view by hills and vegetation. The monastery is further protected by a magical shield which opens only at dawn and dusk, the magical twilight hours sacred to Azura."", ""We can't talk now, but in the Apographa -- the hidden teachings of the Temple -- there are several exstensive references to 'lost prophecies' -- prophecies no longer current among the Ashlanders, but recorded by earlier Temple pilgrims and scholars. And I think you'll find what you're looking for in the libraries of Holamayan."", ""I'll meet you at Holamayan. Good luck. When you get there, talk to Gilvas Barelo. He should be able to help you with the Lost Prophecies you seek."", ""Caius has gone back to the Imperial City? He says he's been recalled? I wonder. I never know what he's thinking. I think he's involved in something secret, something dangerous. I was hoping he might help us. Now he's gone. I don't know what to think."", 'Soul sickness is called madness or insanity in the Empire. Signs of soul sickness are strange dreams, uncontrollable impulses, and cruel and evil deeds. Madness is not a disease, as Westerners believe, for if it were, it might be cured by blessings and healers. Soul sickness is a curse of Dagoth Ur, who sends dark dreams to attack the weak of faith in their sleep. Those strong in faith can resist; those weak in faith must seek counsel from the Temple.', 'Temple faithful and reverent guests may make offerings at shrines and receive in return a blessing.', 'Shrines are three-sided trioliths where prayer and offerings are made for healing and blessings.', ""Thank you, , for rescuing me. Now I'll stay here at Holamayan with Master Barelo and assist him with the monastery's library.""]",NPC
Elder Scrolls Morrowind,2002,US,Mehrunes Dagon,Male,"['Why do you call on me, little mortal? Do you seek your death so soon? I should crush you where you stand, yet you show mettle by even approaching me. How ambitious are you, little one. Would you like to prove your worth to me?', ""You are brave or foolish. Perhaps both. This, then, is your chance to prove your courage. My Razor, slayer of man and mer, scourge of all who stand before it, lies dormant. Stolen by an unworthy bearer, and elf of little courage or consequence, it lies unused, gathering dust in the Alas Tomb near Molag Mar. Return it to me, mortal. Prove yourself to be a worthy bearer of Mehrunes' Razor."", 'I expected little else. Take your leave of this place or die where you stand.', ""You've found my Razor. Good. Can you feel its hunger? Can you feel its frustration? Now, I will make it again what it once was, what it shall always be. Draw a line of blood across the land in the name of Mehrunes Dagon!""]",NPC
Elder Scrolls Morrowind,2002,US,Meril Hlaano,Male,"['Make me.', ""Don't make me mad, , or I'll say what I think of you, too."", 'Okay, okay. I, Meril Hlaano, withdraw the statement I made against House Redoran. There. I said it. Happy?', 'I said I was sorry already. Just leave me alone.']",NPC
Elder Scrolls Morrowind,2002,US,Mevure Hlen,Male,"['Welcome, friend. Perhaps I can interest you in some of my goods? I realize the prices are a bit high, but that is beyond my control.', ""Yes, they are. Of course, since we only have one supplier, they set all the prices. The East Empire Company has a stranglehold on all of the imports to Vivec, so we are forced to pay whatever prices they set. While some other shipments of goods come into the ports at Ebonheart, they get held up by so much bureaucracy, it simply isn't profitable to ship here."", ""It's ridiculous. Their ships are searched by the Duke's men, and are often held in customs for weeks at a time. Of course, the Company's boats aren't subject to the same scrutiny. I don't know what part the Duke is playing in this, but I'd certainly like to find out."", ""Well, there is something you might be able to provide for me. I'd like to know who is setting the prices for the Company. I know much of the pricing goes through J'Zhirr in Ebonheart. If you can find some information on this for me, I'd greatly appreciate it."", ""I really want to learn more about how they're setting the prices."", ""Well, I know they're not set simply by the market value of the goods. If you can find me some sort of a price list, I might be able to get an idea of what kind of game is being run here."", ""I can't blame you. There's something strange going on there, and it might not be wise to get mixed up in it."", ""I really want to learn more about how they're setting the prices."", ""You've found a price list? Excellent! I... I can't believe this! This is from the Duke's office. He must be setting the margins for the Company and taking a cut of the profits! This is an outrage. I'll find another way to restock my goods. Thank you, . I'm sure you've learned a bit more about business from all of this. I'm sure this knowledge will help you in business dealings in the future.""]",NPC
Elder Scrolls Morrowind,2002,US,Milyn Faram,Male,"['Yes, Odirniran is my home. If you wish to help me, pelase kill Remasa Othril, the leader of these Hlaalu who pester me. Feel free to kill my servants. I can usually raise them again. Also, please leave Vedelea Othril to me. I do not want her damaged or altered in any way... At least not by you.', 'Is Remasa Othril dead? She is? Excellent. I can get on with my experiments. Since you helped me with these meddling Hlaalu, I might be persuaded to share the results of my research.', 'Scrolls of summoning are, without exception, based on the Law of Similarity as you must know. While others use parts of the creature, such as Daedra skin for summoning Daedra, I have developed a new methods, based on a recovered Dwemer machine. My scrolls only have an image of the Daedra, which works almost as well as a Daedra skin or heart... And at a fraction of the cost.', 'It is so much happier here now that Remasa Othril is dead. Now, go away, I have work to do.']",NPC
Elder Scrolls Morrowind,2002,US,Mimanu Zeba-Adad,Female,"[""I don't know you. What do you want?"", 'Talk to Zennammu in the yurt.']",NPC
Elder Scrolls Morrowind,2002,US,Minabibi Assardarainat,Female,"[""Yes, I will speak with Skink-in-Tree's-Shade. But you must help me also. Sinnammu sent me here as a punishment. She asked me to calm an angry ancestor, but my charms will not calm him, and I am not strong enough fight it. Find the spirit of Kanit Ashurnisammis and send it to its final rest."", ""Our warriors caught an escaped slave. I showed him kindness. I brought him food and water in secret. When the warriors began speaking of killing him to make a rug for the Ashkhan's tent, I freed him. I wanted to follow him, to go with him to the endless sands he spoke of, but I could not leave the Ahemmusa. Wise Woman Sinnammu gave me this task as a lesson."", ""The spirit of Kanit Ashurnisammis is resting. I have more duties here to prevent Kanit's spirit from returning. Speak once more with Wise Woman Sinnammu Mirpal. Tell her that Kanit Ashurnisammis is at rest. Perhaps then she will allow me to meet Skink-in-Tree's-Shade."", 'As I promised, I am here, . I did not promise any reward, but Skink asked me to give this to you.']",NPC
Elder Scrolls Morrowind,2002,US,Miner Arobar,Male,"['You must explain why you have come here, and quickly. No speeches and excuses. Use your words with care, for I am a councilor of House Redoran and a very busy man with many duties and responsibilities. I am not one to stand about idle while others chatter on and on about the most trivial of subjects.', 'as Hortator of House Redoran. Tell the other councilors I have given you my blessings.', 'I have given you my vote as the new Redoran Hortator. Have the other councilors agreed? Once they agree, you will be the Hortator of House Redoran. A heavy title, laden with tradition and responsibility. I trust one as dedicated to the eradication of Dagoth Ur as you shall use the title in a responsible manner.', 'I have given you my own vote for the great title of Hortator of House Redoran. The challenge of convincing the rest of the House Redoran Council is now yours. Perhaps a word of advice is in order. You may find that the Archmaster Bolvyn Venim will be difficult to win to your side. If you cannot convince him of your good will, may I suggest challenging him to a duel? He will be difficult to defeat in combat, but if you are truly the Hortator and the Nerevarine, you are fated to succeed.', 'You must explain why you have come here, and quickly. No speeches and excuses. Use your words with care, for I am a councilor of House Redoran and a very busy man with many duties and responsibilities. I am not one to stand about idle while others chatter on and on about the most trivial of subjects.', 'No. Why would I aid the Telvanni? Get out of my manor.', 'In the course of events it is sometimes necessary to put aside the childish notions of allies and enemies and focus instead on a debate in which propositions are considered based only upon their merits. This, indeed, is one of those times, and you have defended your position well, answering all of my concerns. I, therefore, shall support the revocation of the Mages Guild monopoly lest history look upon my actions with a baleful eye and claim that I allowed expediency to overwhelm principle.', 'Yes, I agree that the Mages Guild monopoly is unfair. I will support this resolution.']",NPC
Elder Scrolls Morrowind,2002,US,Mistress Brara Morvayn,Female,"['I am Brara Morvayn, a councilor of House Redoran. Is there something I can do for you?', 'My husband was a Councilor of House Redoran. He died defending our manor from blighted monsters. I now hold his seat on the Council.', 'I am Brara Morvayn, a councilor of House Redoran. Is there something I can do for you?', 'Athyn Sarethi says he believes your story, and believes you can be trusted. I still have my doubts, especially with these rumors that you are a spy for the Empire, but life cannot be lived without risks. I agree we need a Hortator, and I see no better candidate than you. So let the record show that Councilor Morvayn confirms as Hortator of House Redoran.', 'Have the other councilors seen the wisdom of naming you the Redoran Hortator?', ""You have my vote as Hortator of House Redoran. Speak with the other councilors. Tell them you have earned my trust. You may have trouble convincing Bolvyn Venim. He has done great things for House Redoran, but he can be a difficult man. He cannot honorably decline a challenge if you have the council's support, and if he were to die in an honorable duel, I and the other counilors would still support you."", 'Did Athyn Sarethi send you to get my support on the council? I will support you, even though you are an outlander, if you help clear the beasts from Morvayn Manor.', ""I am a widow. My husband died defending Morvayn Manor from misshapen beasts that came through the Ghostfence. He believed that the beasts were attracted by a statue we received a few weeks before the attacks began. Go to Morvayn Manor, just east of Skar, here's the key. Get the statue, and take it to Lloros Sarano at the Temple. Once the statue has been destroyed, I will support you on the Council."", 'Did Athyn Sarethi send you to get my support on the council? I will support you, even though you are an outlander, if you help clear the beasts from Morvayn Manor.', 'You have destroyed the statue and I am grateful. Know that you have my support on the Council, and although I lost mych of my wealth when Morvayn Manor fell, please take this amulet.', 'I will hire priests to clean and purify Morvayn Manor. Once this crisis is over, we can start repairing what we have lost.']",NPC
Elder Scrolls Morrowind,2002,US,Mistress Dratha,Female,"['Are you the new serving girl? No? Who are you, then?', 'What do you want?', 'What is this man doing here? Is it lost?', ""A Hortator is chosen by consensus. Everyone has to agree. A single 'no' is a veto. First a Great House has to choose a Hortator. Then that Hortator has to go persuade the other Great Houses to agree to name him Hortator of their houses, too."", 'Yes, I am Mistress Dratha.', 'MISTRESS Dratha to you.', 'We live comfortably. Our wizard-lords keep us secure, and otherwise leave us alone. All we want is to be left in peace to do as we wish.', ""We don't care about politics. We don't care what other think. We just want to be left alone. And our wizard-lords and their mercenaries make sure no one bothers us."", 'House Telvanni is one of the Great Houses. We value talent, knowledge, and initiative. Perhaps you would like to join House Telvanni?', 'I am Mistress Dratha, one of the Councilors of House Telvanni. If you want to learn about House Telvanni, speak with my Mouth in the Telvanni Council House in Sadrith Mora.', 'What is this man doing here? Is it lost?', 'To complete one of my collections I need the Amulet of Flesh Made Whole.', ""One of the guards in Tel Naga, Master Neloth's tower in Sadrith Mora, has kept this amulet away from me for the last fifty years or so, the selfish little Bosmer. Deliver this amulet to me and I will reward you."", 'Oh? Have you found the amulet?', 'So you found the amulet, but you want to keep it to yourself? You are walking a fine line, .', 'Do not let me think you are unable to finish this task for me. I despise incompetence. Of course, I expected nothing less from a man.', 'Did you bring the Amulet of Flesh Made Whole?', 'Oh? Have you found the amulet?', 'Good. In exchange I will give you a spare amulet of my own. Here. Take it. You are dismissed.', 'I have no chores for you. Ask someone else.', 'Are you still here? You have my permission to leave.', 'Are you the new serving girl? No? Who are you, then?', ""Hmm. So there is something to those old prophecies after all. Pig-headed battlemages don't pay attention to Lady Azura's portents as they should. And you are the foretold Nerevarine? Quite a shock to those mattet-headed House Fathers, eh? Nerevar comes back... as a woman? Haw! Certainly. I'm quite happy to name you Hortator. Here. Take these scrolls with you. Never know when they'll come in handy."", 'What is this man doing here? Is it lost?', ""How did this man get in here? Hello? Who's supposed to be on duty? Will someone show the poor thing out? It must be lost. Utterly and completely lost. Body and soul. Lost in the darkness that surpasses understanding. Do I make myself clear, manling?"", 'What is this man doing here? Is it lost?', ""Oh, b'Vek. I think it's a man. It's wearing a man's skin. For now. Listen. Very carefully. There is nothing wrong with males. There's nothing wrong with rats, per se. I just don't like males. Or rats. So I think you'd best be going. While you can."", 'What is this man doing here? Is it lost?', ""Oh, b'Vek. I think it's a man...."", ""Oh, that's so pathetic. Look at the poor bunny. Oh, I suppose now we must be merciful, and at least listen to it."", ""Hmm. Well, I'm glad we listened. And glad you persisted. So there's something to those old prophecies after all. I shouldn't wonder. Pig-headed Battlemages don't pay attention to Lady Azura's portents as they should. And you are the foretold Nerevarine? Well, then. You shall be our Hortator. You have my vote. And my blessing. And this scroll. It will come in handy where you're going."", ""Yes, I heard your story. I believe you. You have my vote. There's no need to stay here."", ""Oh. Aren't you the cutest thing. And that wink is so adorable... I MUST have it. Here! Hello? Who's on duty? I need someone to hold this fellow's head while I gouge that cute little winking eye out..."", ""Oh, it's not a man. It's leaving."", ""What? Another man? Guards! Oh, it's you again. You have my vote, . But I think it's time for you to leave."", ""So you've returned! Our Hortator! What do you want?"", ""Thank you. I don't think I realized that, after a long life like mine, I might ever hear something as stupid and offensive as that. If I had, I would have prepared more carefully -- perhaps by burning you to a crisp before you could speak. I believe you will leave now.""]",NPC
Elder Scrolls Morrowind,2002,US,Miun-Gei,Male,"['Welcome, Dunmer . It is good to see a customer in the store. That annoying fool outside chases them away.', 'You want to hire the Dark Brotherhood? How do I know I can trust you?', ""You don't act like a guard, so I'll tell you. My contact in the Brotherhood is Tsazami, a Khajiit. She's in the Plaza here in the Foreign Quarter. Tell her I trust you."", 'Welcome, Dunmer . It is good to see a customer in the store. That annoying fool outside chases them away.', 'Did you not see him as you entered? It is that Marcel Maurard. Outside my shop he stands all day, selling ridiculous wares. Get rid of him I would like to, but the law says he is within his rights. Perhaps you might find a way.', 'You think you can? I would like that. Make him go away, an I will have rewards for you!', 'No? Perhaps you have not the skill. I understand. Maybe he will die a horrible death and all will be made right. It is possible, you know.', 'Oh, how I detest that ridiculous man.', ""You've done it! I admire your persuasiveness, friend. Thank you for your help. Allow me to get you this as a token of my appreciation."", ""He won't be a problem any longer.""]",NPC
Elder Scrolls Morrowind,2002,US,Mollimo of Cloudrest,Male,"[""Outlander. Would you like to earn some gold? Take care of Trerayna Dalen for me. She's a petty annoyance, but Mistress Therana won't let me leave the tower to take care of her. Don't be fooled by her thugs. The armor is impressive, but there's not much inside it. Kill Trerayna Dalen, and I'll pay you 1000 gold."", ""Well done, outlander. I can report to my mistress that Trerayna Dalen is no longer a problem. I'll mention your name... for what it's worth. Here's your gold. And my thanks.""]",NPC
Elder Scrolls Morrowind,2002,US,Moroni Uvelas,Female,"['Greetings, traveler. Perhaps I might interest you in some wares? Although, it is hard to work with my poor husband gone missing.', ""Yes, that's my husband. I only wish I knew what had become of him."", ""Yes...my husband, Danar Uvelas, is missing again. It happens with him. See, he has a problem with skooma, although he swears he's been trying to stop. Last time he disappeared it was for days, and when he came back, he didn't look so good. I'm worried that he might have been infected with corprus, or something equally horrible. Do you think you might be able to find him for me?"", ""You will? I can't tell you how relieved that would make me. Danar and his no-good friends sometimes take to the Underworks near here when they've got some skooma. You might find him down there."", ""No? Well, I can't blame you. My problems are my own, and I've no reason to expect anyone else to help me out."", 'I just want to find my husband again.', ""You've found my husband's ring? Oh, he must have.... Oh, no. Then the worst has come to pass. I can't say that I'm surprised, though it is difficult to hear. He had been heading toward such an end for years now. Thank you for your help, (player's name). Please, take this for your troubles. Maybe they will do you some good."", ""Rumors? Sorry, I haven't really been paying attention to those things since my husband has gone missing."", 'I am she. How may I help you?']",NPC
Elder Scrolls Morrowind,2002,US,Mossanon,Male,"['Yes? What do you want?', ""Yes. I took the 3000 gold. It was foolish. And wrong. But I was in love, and thought that Volmyni could only love a rich man. I was wrong. And foolish. Now I know she loves me -- not my gold. Now I only have 2500 gold left. I spent the rest. I'll give you the 2500 gold, and promise to pay back the rest as soon as I can, if you will promise to keep my whereabouts secret from Canctunian Ponius. If arrested, I'll be sent back to Cyrodiil for trial, and be separated from my precious Volmyni."", 'As you say. I suppose I am in no position to make demands. Very well. Take the gold, I must throw myself upon your mercy.', ""I think I am a good judge of character. I believe one earns one's character by effort. And I can sense that you have taken the care to build a personality that inspires trust. I will honor your promise. Take the gold. And Volmyni and I thank you for keeping our secret."", 'I have given you the gold, and I am at your mercy. I beg you to keep my secret, but you have the power, and you may do as you wish.', 'I suppose I have no choice but to await your decision.', 'Yes? What do you want?', 'I have confessed. Now what do you propose to do?']",NPC
Elder Scrolls Morrowind,2002,US,Movis Darys,Male,"[""Morag Tong? But I'm just a simple peasant. What do I know about killing and all that?"", 'If you know, then it is over... I swore an oath to the Dark Brotherhood, but I have learned that their ways not as honorable as the Morag Tong. All I can promise is that I will speak with Eno Hlaalu. If that is enough, report to him. If not, I will test your skill. Take this belt as a sign of my good faith.', 'I will speak with Eno Hlaalu if you let me live. Your move, .', 'Had me worried there. Must be a mistake, eh?']",NPC
Elder Scrolls Morrowind,2002,US,Murudius Flaeus,Male,"[""What are you here for, Hlaalu? Didn't I already tell Edryno that I didn't have the debt money?"", ""I said I didn't have it. and I'm not giving you anything."", 'Look around, Dunmer . Do you see 800 drakes anywhere?', ""Alright, you don't have to say it again. Look, here's a key. There's a chest under Fadila's house, near the docks. Just leave me in peace."", ""I gave you the key to the chest. It's under Fadila's house here in Hla Oad."", 'I thought that was all settled. What are you talking to me for?']",NPC
Elder Scrolls Morrowind,2002,US,Nartise Arobar,Female,"['Please help me. I am being held hostage by Master Neloth. If you can get me out of here and we travel together to the Telvanni docks, my father will reward you.', 'Yes, my father.', 'Yes, get me out of here. My father, Miner Arobar, will reward you.', ""Take me to the Telvanni docks, . Once I'm near a ship out of here, I'll feel alot safer."", 'I shall wait for you here.', 'Tell my father, Miner Arobar, that I have escaped. Now Neloth will no longer be able to influence him.', ""My father will be thankful that you rescued me from Neloth. Go speak with him at his manor in Ald'ruhn. I am sure he will reward you."", ""Thank you for rescuing me. I will take a ship back to Ald'ruhn. I am sure my father, Miner Arobar, will reward you.""]",NPC
Elder Scrolls Morrowind,2002,US,Nedhelas,Male,"[""Yes. I'm the one with the haunted house. The Imperial cult said they'd send someone to take care of the ghost. I suspect it has to do with the trap door. The landlord told me not to fool with it, but he didn't say why -- although now I can guess. The landlord gave me a key -- here. Please, let me know when the ghost's gone. I haven't had a good night's sleep in weeks."", ""I'm renting the house, and when I rented it, the landlord told me I couldn't use the cellar. Now I know why. Ever since I moved in, I've had bad dreams, and now this ghost appears, scares me half to death, and chases me out of the house whenever I try to sleep. It's driving me crazy."", ""I haven't opened it. My landlord told me not to. And now I'm scared to open it."", ""Please, let me know when the ghost's gone. I haven't had a good night's sleep in weeks."", ""Bless the Nine! And you! Thank you for ridding me of that ghost. Since it's not a haunted house any more, now maybe I can get some sleep. And don't worry about the trap door. I'll just leave it alone. Completely alone. My thanks to you. And to the Imperial cult."", ""Yes, you told me. It's not haunted any more, and I thank you."", ""I'm not going to fool with it. Let it stay closed. I don't need the cellar."", 'Thank you again for ridding me of that ghost. I really appreciate it.']",NPC
Elder Scrolls Morrowind,2002,US,Neloth,Male,"['Whatever you want, the answer is no.', ""I really don't have time for any of this."", ""Conjuration expert? OF COURSE I'm an expert, idiot. I'm a mage-lord. But you think I'm sending ghosts to haunt the Gateway Inn? Get OUT of here, you fool!"", ""It is none of your concern. Now, if you don't have anything else to blather about..."", ""Yes, yes, I'm Neloth. What do you want?"", 'That is completely stupid. Remarkably stupid. You must shut up more often.', 'Whatever you wnat, the answer is no.', ""I have a certain interest in a robe which is in the possession of one entirely unworthy. This robe is known as the Robe of Drake's Pride."", ""At the present time, Senise Thindo wears the Robe of Drake's Pride. She is a servant of Master Gothren in Tel Aruhn and a mere child of two hundred years. She does not deserve the robe. Correct this injustice and bring the robe to me, as clearly I deserve the robe far more than she does."", ""Did you bring me the Robe of the Drake's Pride?"", ""Oh, is that the Robe of Drake's Pride?"", 'Yes, now the robe is in the proper hands. Here, take these ten drakes for your trouble.', ""Were you expelled for getting me the robe? How unfortunate. I will take care of this for you. It's the least I can do. And take these ten drakes for your trouble."", 'I have no more chores for you. Just get out of here, would you? Just leave.', 'Yes, it is a fine and marvelous robe when worn by the rare wizard who is worthy of it.', 'Whatever you want, the answer is no.', ""No. No. No. Not another word. What the hell are you talking about? And who do you think you are? NO. Just shut up! Nonsense! Superstitious nonsense! Don't interrupt me with such foolishness. Just shut up and go away."", ""What are you going on about? Prophecies, visions, superstitious jibber-jabber? Don't interrupt me with that nonsense. Go bother some bone-through-the-nose shaman or bug-eating wise woman."", ""Hortator? War leader of House Telvanni? Is that necessary? Why doesn't anyone tell me about these things? So. Do you want the job? Are you qualified? Good. Then go ahead. I don't care. Be the Hortator. Now go away."", 'You again! What do you want this time?', 'Just go. Be the Hortator. Leave me alone.']",NPC
Elder Scrolls Morrowind,2002,US,Nels Llendo,Male,"['Greetings, my friend! It is I, Nels Llendo.', 'Ah...I see you have heard of me. I am not surprised. No, no...do not tremble in fear. Nels Llendo is a reasonable man, hardly the cutthroat some would make me out to be. I offer you a fair and healthy proposition.', 'A very simple proposition, actually. You will give me 50 septims, and in return, you will be allowed to continue safely on your journey. Nels Llendo gives you his word as a gentleman that, once our transaction has taken place, you have nothing to fear from me. In fact, I can be a very good friend to have. What say you?', ""An excellent choice, my friend. As I said, Nels Llendo can be a very good friend to have. If you are ever in Pelagiad, I can usually be found at the Halfway Tavern. Do stop by and visit -- I'm certain I can be of some service to you. Now, I must be off. Good day to you, sir!"", 'I fear you are making an unwise decision, my friend. But, so be it...though I hate to soil my clothes with your blood. No matter. Such is the life of Nels Llendo.', 'Hello my dear. Nels Llendo at your service.', 'I see by your blush that my name is familiar to you. Fear not, fair lady. Nels Llendo is far from the heartless villain some had made me out to be. From as charming and gracious a woman as you, I would ask for as a single kiss. It would be the most precious prize I have ever solicited from a...client.', 'Yes, all I desire is a single kiss from beautiful lady such as yourself. Will you not grant Nels Llendo so simple a boon?', ""Ahhhh...yes. Though it is Nels Llendo they call thief, it is you, , that has stolen my heart. Your kiss is worth more gold than I might find in a Duke's treasury. I must take my leave of you now, dear lady, but I take my lodging at the Halfway Tavern in Pelagiad. Perhaps you will visit Nels Llendo there some time. I'm certain I will be able to be of some service to you then. Until that time, good bye."", 'No? Ah well, perhaps it was too much to hope for a simple man such as Nels Llendo. But, if you ever change your mind, you now where to find me. Good day, madam.']",NPC
Elder Scrolls Morrowind,2002,US,Neminda,Female,"['What can I do for you?', 'Oh, certainly Felsen, here are your orders. They are in code, of course. Deliver them to Maar Gan as usual.', ""Who are you? Wait! That's Felsen's helm!"", 'I am Neminda, Drillmaster and Recruiter. If you wish to join House Redoran, you have come to the right place.', 'Are you sure you want to join House Redoran? Remember that you cannot join any other Great Houses once you have made an oath to us.', 'So be it. You are now Hireling in House Redoran. I will inform our trainers. Make use of them. If you truly wish to serve House Redoran, I can give you duties to perform. You may also check with me for advancement.', 'Do not steal from your kin, strike your kin unprovoked, or murder your kin. Do not break your word. Honor your superiors and do your duty to your House. Respect the teachings of the Tribunal. Defend your House, your People, and your Honor. If you fail in these things, you will be cast out. If you fail twice, you will be cast out with no chance of regaining your honor.', 'So be it. You are now Hireling in House Redoran. I will inform our trainers. Make use of them. If you truly wish to serve House Redoran, I can give you duties to perform. You may also check with me for advancement.', 'Then what can I do for you?', 'The Redoran councilors have entrusted me with the responsibility of examining those who wish to serve our House. Do you wish to join House Redoran?', ""The Redoran councilors are among the most distinguished and honorable Dunmer in Morrowind. Here. Perhaps you'd like to review a recent edition of the Red Book of Great House Redoran. It lists the current Redoran councilors and their residences."", ""Perhaps if you consult the recent edition of the Red Book of Great House Redoran, you'll note that it lists the current Redoran councilors and their residences."", ""My father was a Legionnaire stationed in Ebonheart. When my mother died, I was sent to live with my Uncle, but we didn't get along. I made my way here, and lived with my father for three years until he was killed by the Telvanni. He and Athyn Sarethi were friends, so I was adopted in a sense. I don't miss Hammerfell. I'm working for a just cause. I serve with some of the best warriors in Tamriel. And the Ashlands can have a peculiar beauty..."", 'Yes, ? Are you ready for more duties?', 'Drulene Falen has asked for our help. She says her guar herds have been having trouble with hostile mudcrabs.', ""To get to Drulene's herd, leave west out of Ald'ruhn and take the road towards Gnisis. When you go into the hills, take the left fork to the southwest. Take the right path at the next fork and you should see her guar straight ahead."", 'Go talk to Drulene Falen. Her guar herd is due west of here, just over the hills. She can tell you more about her mudcrab problem.', ""Of course, as an outlander like myself you must know very little about mudcrabs. They are small creatures with a hard shell. They live mostly along the coast and they're usually not aggressive... but if they ever get the taste of meat, they become hunters. Some naturalists believe they are related to the Emperor Crab."", ""This whole area was carved out of the shell of an Emperor Crab. They've all been dead since long before you and I were born."", 'Have you taken care of those hostile mudcrabs?', ""You've killed the mudcrabs for Drulene Falen? Good work, . Speak with me again when you are ready for more duties."", 'You took care of the hostile mudcrabs, .', 'Yes, ? Are you ready for more duties?', 'I need someone to deliver a Cure Disease Potion.', ""Here. Take this Cure Disease Potion to Theldyn Virith in Ald Velothi. While you're there, ask if there's anything he needs done."", ""I've already given you the potion. Just deliver it to Tholdyn Virith in Ald Velothi."", 'He has no official title. He represents House Redoran interests in Ald Velothi and helps keep the peace.', ""It's a long walk. I'd suggest taking the Silt Strider to Gnisis and making the journey from there. Ald Velothi is directly north of Gnisis."", 'Did you deliver the Cure Disease Potion to Theldyn Virith?', ""Good work, . I heard you delivered the potion. Just tell me when you're ready for more duties."", 'You already delivered the Cure Disease potion.', 'Yes, ? Are you ready for more duties?', 'A Redoran trader has gone missing. I need someone to help find Mathis Dalobar.', ""Mathis Dalobar is a trader who comes through Ald'ruhn just about every month. He was probably headed towards Maar Gan or Gnisis. Talk to the people in Maar Gan and find out if anyone there knows what happened to him. I'll mark these towns on your map."", 'Have you found out what happened to Mathis Dalobar?', 'I heard that Mathis Dalobar made it to Maar Gan with your help. Good work, . I have more duties for you.', 'Mathis Dalobar is doing well last I heard.', 'Yes, ? Are you ready for more duties?', ""A Hlaau guard stole a Founder's Helm from one of our tombs. Would you be willing to recover this Founder's Helm from the godless Hlaalu?"", ""Alvis Teri stole a Founder's Helm from the Uveran Ancestral Tomb. He boats of this feat at the Eight Plates Inn in Balmora and wears the Helm openly. Confront him and demand the Helm. Slay him if necessary, but do not shame House Redoran by murdering him."", ""Like I said, get the Founder's Helm from Alvis Teri. Do whatever you must to get the helm back, but do not murder Alvis Teri, for that would shame House Redoran."", 'You must not murder Alvis Teri. Threaten him, taunt him, these are allowed. You may even slay him so long as he strikes the first blow. But if you resort to murder, the Hlaalu will brag for years that all Redorans are thugs and murderers.', ""Did you get the Founder's Helm?"", ""Good work, . You have recovered the Founder's Helm and have not brough shame upon House Redoran. Will you give me the Helm now?"", 'Thank you, . You handled Alvis Teri well and did not shame House Redoran.', ""You have recovered the Founder's Helm."", 'Do not fear. You did not bring shame upon House Redoran.', ""I had higher expectations of you, . The Founder's Helm does not belong to you."", 'Yes, ? Are you ready for more duties?', 'Drulene Falen needs help with her guar herds again. Sounds like trouble with bandits.', 'It happens, especially further from the law. Usually the bandits are outcast Ashlanders. Go talk to Drulene Falen again. She might be able to tell you where the bandits are.', 'Is Drulene Falen still having trouble with bandits?', 'Good work, . I have more duties for you. One of the councilors has been threatened.', 'You handled the bandits well, .', 'Yes, ? Are you ready for more duties?', 'Serjo Athyn Sarethi, a councilor of House Redoran, believes his life is in danger. He is in Sarethi Manor under Skar. I need someone to guard Athyn Sarethi.', 'Quickly. Go to Sarethi Manor. From here it is the second door to your right after you get back to Skar. Stay there until Athyn Sarethi gives you other orders or until more guards arrive.', 'Quickly, . You must guard Athyn Sarethi.', 'I heard there was an attack... Is Athyn Sarethi safe?', ""I hope Athyn is okay. He and my father were close friends, and the Sarethi family has had enough trouble recently. Guard duties pays in drakes, . It's not much, but perhaps you can put it to good use."", 'He is a good man and was a close friend of my father. You will find no better sponsor in all of House Redoran.', ""I don't have any more duties for you, . What brings you here?"", 'You should speak with Councilor Athyn Sarethi. I cannot advance you to the rank of House Cousin.', ""I don't have any more duties for you. If you want to advance in House Redoran, you will need one of the Councilors to sponsor you. Talk to each of them, and see if any are willing to sponsor an outlander. You might also want to speak with Faral Retheran in Vivec. She may have more duties for you as well.""]",NPC
Elder Scrolls Morrowind,2002,US,Nerevarine,Neutral,"['Pay 500 drakes.', 'Nevermind.', 'Goodbye.', '.', ""Unlock the slaves' bracers."", 'Nevermind.', 'Yes, here they are.', 'No, not yet.', 'Yes, here they are.', 'Yes, here they are.', 'No, not yet.', 'Yes, here they are.', 'Yes, here it is.', 'No, not yet.', 'Yes, here they are.', 'No, not yet.', 'Yes, here they are.', ""I'll get the limeware for you."", ""I can't help you."", 'Challenge him to a duel. Right here, right now.', 'Nevermind.', 'Give Divine Intervention scroll.', 'Keep Divine Intervention scroll.', 'Give Divine Intervention scroll.', 'Keep Divine Intervention scroll.', 'Yes, here they are.', 'No, not yet.', 'Truth: He is by the Daedric ruin.', 'Lie: He left town.', 'Truth: He is by the Daedric ruin.', 'Lie: He left town.', 'Yes, here they are.', 'No, not yet.', 'Yes, here it is.', 'Teach me to blind my enemies.', 'Nevermind.', 'No.', 'Your daughter is safe. Take her locket.', 'Can you hear me? Are you okay?', 'Give her 300 drakes.', 'Nevermind.', 'Yes, here it is.', 'Teach me how to paralyze.', 'Nevermind.', 'No, not yet.', 'Yes, teach me the spell.', 'Nevermind.', 'Grant me the title of Master. I have no plans of fighting Gothren.', 'I understand. I shall remain a Master, and never seek advancement in House Telvanni again.', 'I have decided to fight Gothren.', 'No, not yet.', 'Let me think about this.', 'I will topple Gothren from his tower. Proclaim me Magister.', 'I need to think about this.', 'Ask how a Hortator is chosen.', 'Tell your story and ask to be confirmed as Hortator.', 'Tell your story and ask to be confirmed as Hortator.', 'The Zainab are now strong enough to sell ebony.', 'I want you to sell ebony to House Hlaalu.', 'If we both sell ebony the price drops.', 'We do not have enough ebony.', 'I was told to come here.', 'Are you afraid of a few women?', 'So you ARE afraid.', 'Are you sure you can resist their charms?', 'Then you can enjoy her charms and escape again.', 'Nevermind.', 'Keep following.', 'Wait here a moment.', 'Not my problem.', 'May I try to cure you?', 'I shall use a spell.', 'I offer you this potion.', 'I offer you this potion.', ""I'm sorry. You'll have to find them yourself."", ""I'll see if I can find your hides for you."", 'Ask how a Hortator is chosen.', 'Tell your story and ask to be confirmed as Hortator.', 'I can get rid of those rats for you.', ""I can't help you."", 'Ragash learned her lesson.', 'Let her go and no one will trouble you again.', 'Let her go and no one will trouble you again.', 'Everyone pays taxes.', 'Yes, here it is.', 'No, not yet.', 'Yes, here it is.', 'No, not yet.', 'Yes, here it is.', 'No, not yet.', 'Yes, here it is.', 'Yes, here it is.', 'Yes, here it is.', 'Yes, here it is.', 'No, not yet.', 'Yes, here it is.', ""That's all, thanks."", 'Teach me something?', 'Yes, take it.', 'No, nevermind.', 'Yes, take it.', 'No, nevermind.', 'Here they are.', 'Nevermind.', 'Yes, thank you.', 'No, nevermind.', 'Our enemy is Dagoth Ur and the Four Corners, not the Hlaalu.', 'Nevermind.', 'No, sorry.', 'Yes, I am.', ""Yes, I'm here to worship."", ""No, I'm here to loot this shrine."", 'I am the Nerevarine on a quest to fulfill the prophecies.', ""I'm interested."", ""I'll be able to do it."", ""I'll let someone else handle it."", ""I'll pass on this one."", ""I'll keep the staff."", 'Sell the thing.', 'Give her the scroll.', 'Keep the scroll.', 'You should be more careful with your security. Take your limeware.', 'I must be mistaken.', 'I will help you get the list.', 'I cannot help you.', 'Ask how a Hortator is chosen.', 'Tell your story and ask to be confirmed as Hortator.', 'Ask how a Hortator is chosen.', 'Tell your story and ask to be confirmed as Hortator.', ""Sorry. You're on your own."", ""I'll help you recover your axe."", 'This is truly an axe fit for a warrior. That warrior is me.', 'Here is your axe, Botrir. Wield it wisely.', 'Hmm. 500 gold and you have a deal.', 'Too rich for me.', 'No.', 'Yes, take it.', 'I stole it from Venim Manor.', 'In the name of the Bal Molagmer, I return this to you.', 'You are a sad case.', 'I will heal you.', 'I shall use a spell.', 'I offer you this potion.', ""I'm ready for anything."", ""I'm willing, but cautious."", 'Offer to track down the clerk and recover the gold.', 'I failed to find Mossanon and the missing gold.', ""Not yet. I'm still trying."", 'I failed to find Mossanon and the missing gold.', ""Not yet. I'm still trying."", 'Thank him for his frankness and leave.', ""No. Here's 2500 drakes... all I could recover."", ""No. Here's 2000 drakes... all I could recover."", ""No. Here's 1000 drakes... all I could recover."", ""I found him, but I won't say where."", 'I found him in Sadrith Mora living with a Telvanni Woman.', 'I will try to help you.', ""There's nothing I can do for you."", 'Restore strength, please.', 'Restore willpower, please.', 'Restore speed, please.', 'Restore luck, please.', 'No spell for me, thanks.', 'I must have a duel of wits with Salyn Sarethi.', 'Nevermind.', 'Nevermind.', 'Pay 500 gold.', 'Pay 500 gold.', 'Ask how a Hortator is chosen.', 'Tell your story and ask to be confirmed as Hortator.', 'Give Curio 1000 drakes.', 'Stall for time.', 'Nevermind.', 'Here they are.', 'Lie.', 'Truth: Elmussa Damori.', ""Keep Odral's land deed."", ""Give him Odral's land deed."", ""Dram Bero If you've already gotten his support for Hlaalu Hortator, it shouldn't be too hard to get his support on the council. Just turn your charms on him once more, pudding. He'll yield."", 'Demand the money he promised.', 'Press him for a commitment.', 'Thank him for his attention.', 'Press him for a commitment.', 'Thank him for his attention.', 'Show him the Secret Caldera Ledger.', ""Threaten with slave's testimony about stolen ebony."", 'By the grace of gods and fate, I am Nerevar reborn.', ""I'm a loyal servant of the Emperor."", 'I am a self-willed hero, and I make my own fate.', 'I know no more than you do.', 'Make myself a god.', 'Complete Akulakhan.', 'Share the Heart.', 'I have my own, secret plan for the Heart.', 'No, I would never join you.', 'No, I would never surrender the tools.', 'Yes, perhaps, with the right guarantees.', 'Yes, if I had a cunning plan.', 'Ask questions.', 'What is your plan for the Heart?', 'What is your plan for the Sixth House?', 'What is your plan for the Dunmer?', 'How do you justify your crimes?', 'What happened to the Dwemer?', 'Why are you building Akulakhan?', ""I'm finished talking, Defend yourself."", 'End the dialog and prepare to attack.', 'Follow me.', 'Wait here.', 'Give her the goblet.', 'I stole it from Berel Sala.', 'The Bal Molagmer wish you well.', 'Keep the goblet.', 'Sign me up, sir!', 'Tell me about the Imperial Legion, sir.', 'Yes sir.', 'No sir.', 'Nevermind.', 'I spoke with the ghost of Mansilamat Vabdas.', ""Here is Lugrub's Axe."", 'No, nevermind.', ""Yes, here's 50 gold."", 'Yes, sir.', 'No, sir.', 'Yes, sir.', 'Yes, take it.', 'Nevermind.', 'Yes, follow me.', 'No, wait here.', 'No, keep following me.', 'Yes, wait here.', ""Perhaps you'd better follow me to the healer in Gnisis. I think she can help you."", 'Perhaps I can cast a spell to cure your disease.', ""I'm sorry, there's nothing I can do to help you."", ""Perhaps you'd better follow me to the healer."", ""I'll cast the spell."", 'Offer the Dwemer artifact as a gift.', 'Politely show him the piece, then out it away.', 'Offter the Dwemer artifact as a gift.', 'Politely show him the piece, then put it away.', 'Offer the Dwemer artifact as a gift.', 'Politely show him the piece, then put it away.', 'Explain that you may fulfill the Nerevarine prophecies.', 'Tell him you know nothing about the Nerevarine prophecies.', 'Yes, give me the potion.', ""No, I'm not ready."", 'No, give me the potion, but let me use it as I please.', 'Give him the message.', 'Wait.', 'Nevermind.', 'Tell me where these leaflets are from!', 'Yes, here it is.', 'No, not yet.', 'Yes, here it is.', 'Yes.', 'No, not yet.', 'Ask how a Hortator is chosen.', 'Tell your story and ask to be confirmed as Hortator.', 'Tell the location of Vassir-Didanat.', 'Axe.', 'Blunt.', 'Longblade.', 'Bows.', 'Shortblade.', 'Spear.', 'Nevermind.', 'Give him the ebony.', 'Keep the ebony.', ""Yes, I'm here to worship."", 'I am the Nerevarine on a quest to fulfill the prophecies.', ""No, I'm here to loot this shrine."", 'Accept some Hackle-lo.', 'No thanks.', 'I vow that I will do what I can.', 'Nevermind.', ""Excuse me. I'm busy."", '(Lie) Yes, she just took a gondola back to the mainland.', 'I think you might find her in the underworks.', 'No, not yet.', 'Yes, here it is.', 'Give her the Wakizashi.', 'Keep the Wakizashi.', 'Give her the Wakizashi.', 'Yes, here it is.', 'No, not yet.', 'Yes.', 'No.', 'Give her the book.', 'Keep the book.', 'Yes.', 'No.', 'Give her the book.', 'Keep the book.', ""Buy a Wizard's Staff."", 'Ask about Anirne.', 'Yes.', 'No.', 'Yes.', 'No.', 'Give her the Dwemer Tube.', 'Keep the Dwemer Tube.', 'Give her the plans.', 'Keep the plans.', 'Give her the plans.', 'Yes, here they are.', 'No, not yet.', 'Yes, here they are.', ""I'd like the helm and cuirass."", ""I'd like the belt."", 'Listen to their grievances.', 'Keep listening.', 'Agree to free them.', 'Order them back to their duties.', 'Order them back to work.', 'Kill them.', 'Unlock his bracers and give him the key.', 'Nevermind.', ""I don't know what you're talking about."", 'Yes. But you are not the one I envisioned.', 'Yes. But you are not the one I envisioned.', 'Yes, I will join.', 'What do you stand for?', 'Yes. I wish to bring honor to the Guild.', 'No. I do not want any part of this.', 'Allow him to retire.', 'Slay him.', 'No, you should wait here for now.', 'Yes, please accompany me to Zainab camp.', 'Yes, please accompany me to Zainab camp.', 'Yes, here they are.', 'No.', 'Dagoth Tanis is dead and I have the ring.', 'Dagoth Tanis is dead and I have the ring.', 'Dagoth Tanis is dead, but I did not find the ring.', 'Uhhh. No, sorry. No ring.', 'Yes, I found it! Here take it.', 'Yes.', 'Give him a Silver Staff of Peace.', 'Not yet.', 'No.', 'Yes, here it is.', 'No, not yet.', 'Yes, here it is.', 'Yes, here they are.', 'No, not yet.', ""That's right."", 'Well, um, not exactly.', 'Give Fedris a potion of cure disease.', 'Nevermind.', 'Teach me Mark and Recall.', 'Nevermind.', 'Teach me to command slaves.', 'Nevermind.', ""I'll pay the debt for him."", 'He should learn to pay his own debts.', 'Guard this spot.', 'Fight with me.', 'Pay 1000 gold.', 'Nevermind.', ""I believe what you say. I'll say nothing to the authorities."", 'Sorry, that is no excuse for murder, and your punishment has been decided.', ""Let's make a run for it."", ""Let's make a run for it."", ""I'll give you the key."", ""I'll give you the key."", ""Sorry. You're on your own."", 'I will speak to her on your behalf.', 'Perhaps you might speak to her cousin, instead.', ""I'll deliver the potion for you."", 'Yes, here it is.', 'No, not yet.', 'Yes, here it is.', 'Yes, here they are.', 'No, not yet.', 'Yes, here they are.', 'Yes, here they are.', ""I'll keep your secret."", ""I'll expose your lies."", 'Give him the record book.', 'Keep the record book.', 'Truth: He is by the Daedric ruin.', 'Lie: He left town.', 'Truth: He is by the Daedric ruin.', 'Lie: He left town.', 'Give Stacey the ledger.', 'Keep the ledger.', 'I accept your challenge.', 'Nevermind.', 'Ask how a Hortator is chosen.', 'Tell your story and ask to be confirmed as Hortator.', 'Show the axe and make a little speech.', 'Show the axe and make a little speech.', 'Give the Axe of Airan-Ammu and make a little speech.', 'Give the Axe of Airan-Ammu and make a little speech.', 'Give the Axe of Airan-Ammu and make a little speech.', 'Show the amulet and make a little speech.', 'Show the amulet and make a little speech.', 'Show the amulet and make a little speech.', ""Give Sanit-Kil's Heart of Fire and make a little speech."", ""Give Sanit-Kil's Heart of Fire and make a little speech."", 'Show the robe and make a little speech.', 'Show the robe and make a little speech.', 'Show the robe and make a little speech.', 'Give Robe of Erur-Dan the Wise and make a little speech.', 'Give Robe of Erur-Dan the Wise and make a little speech.', 'Give Robe of Erur-Dan the Wise and make a little speech.', 'Yes. Follow me.', 'No, keep following me.', 'Yes, wait here.', 'No. Wait for me here.', 'What are their gift-giving customs?', 'Tell me everything.', 'No, not for me. I need women to go to Indarys Manor.', 'Nevermind.', 'Wait here.', 'Follow me.', ""I can help you. I'll find you a potion that will cure your paralyzation."", 'I should be able to cure your paralyzation with a spell.', ""Sorry, there's nothing I can do for you. You'll just have to wait for it to wear off."", 'Yes, 60 drakes.', 'Yes, 50 drakes.', 'No, not yet.', 'Plead the pitiful case of the Ahemmusa.', 'Plead the pitiful case of the Ahemmusa.', 'Challenge her to a duel.', 'Offer to spare her life in exchange for shelter for the Ahemmusa.', 'Offer to spare her life in exchange for shelter for the Ahemmusa.', 'Offer to spare her life in exchange for shelter for the Ahemmusa.', 'I will help you find her.', 'I have too much else to do.', ""I'll side with you."", 'I believe Sosia.', ""Here's your axe, Hlormar."", 'It belongs with a true warrior. Me.', ""I'll do it."", 'No thanks.', ""Yes, please follow me to Jobasha's Rare Books."", 'No, you should wait here for now.', 'Offer a sympathetic ear and friendly advice.', 'Offer a drink of whiskey and a sympathetic ear.', ""Threaten to take the merchant's goods by violence."", 'Take no immediate action.', 'I need miners in the Shurdan-Raplay mine.', 'Nevermind.', 'They light the way to freedom.', 'Yes.', 'No.', 'The ring is for you.', 'I stole it for you.', 'In the name of the Bal Molagmer, I return this to you.', 'Never mind.', 'Yes, here it is.', 'No, not yet.', 'Yes, here it is.', 'No, not yet.', 'I stole it.', 'This deed belongs in your hands.', 'Follow me.', 'Wait here.', ""I'm ready for an almoner project."", 'I have something else to ask about.', ""No, but I'm working on it."", ""I'm sorry, but I can't seem to raise the gold."", ""Yes, I've reached our goal."", 'I have DOUBLED our goal!', ""No, but I'm working on it."", ""I'm sorry, but I can't seem to raise the gold."", ""Yes, I've reached our goal."", 'I have DOUBLED our goal!', ""No, but I'm working on it."", ""I'm sorry, but I can't seem to raise the gold."", ""Yes, I've reached our goal."", 'I have DOUBLED our goal!', ""No, but I'm working on it."", ""I'm sorry, but I can't seem to find the shirt and vest."", 'Yes, I have the shirt and vest for you.', ""No, but I'm working on it."", ""I'm sorry, but I can't seem to get publicans to donate enough Cyrodilic brandy."", 'Yes, I have the Cyrodilic brandy for you.', ""No, but I'm working on it."", ""I'm sorry, but I can't get Cunius Pelelius to make the donation."", 'Yes, I have the 500-drake donation.', ""No, but I'm working on it."", ""I'm sorry, but I can't get Canctunian Ponius to redeem his pledge."", 'Yes, I have the generous pledge.', 'Yes, follow me.', 'No, not yet.', 'Give Divine Intervention scroll.', 'Keep Divine Intervention scroll.', 'Tell your story, show your proofs, and ask to be named Nerevarine.', 'Persuade Kaushad that you are the one.', 'Ask Kaushad to set you a task.', ""I'm ready for a shrine sergeant assignment."", 'I have something else to ask about.', ""No, but I'm working on it."", ""I'm sorry, but I can't seem to find that bowl."", 'Yes, I have the bowl right here.', ""No, but I'm working on it."", 'Yes, I took care of the haunted house.', ""No, but I'm working on it."", 'The witch Thelsa Dral is dead.', ""No, but I'm working on it."", 'I have the Silver Staff of Shaming.', 'I have the Silver Staff of Shaming.', ""I'm still working on it."", ""I'm sorry, but this mission is too difficullt for me."", 'I took care of everything just as Okur told me.', 'Join the Imperial Cult.', 'Review the requirements and doctrines.', 'Yes, I wish to join.', 'No, not at this time.', ""I swear to dedicate myself to the Oracle's Quests."", 'I must consider carefully before swearing such an oath.', 'I will not swear.', 'Mention your rescue of Jon Hawker and your reward.', 'Say nothing about Jon Hawker.', 'No.', ""Yes. I'd like to try."", 'I shall use a spell.', 'I offer you this potion.', 'I offer you this potion.', ""I'll deliver it for you."", ""I can't help you."", 'Give him the statue.', 'Keep the statue.', 'Yes.', 'No.', 'Give him the statue.', 'Keep the statue.', 'Yes, here they are.', 'No, not yet.', 'Yes, here they are.', 'Yes, here they are.', 'No, not yet.', 'Yes, here it is.', 'No, not yet.', 'Follow me.', 'Wait here.', 'Yes, here they are.', 'No, not yet.', 'Yes, here they are.', 'Yes.', 'No.', 'Who?', 'Nevermind.', 'He is not that famous.', 'Nevermind.', 'Pay 5 drakes.', 'Yes.', 'No.', 'You should leave this area.', 'Leave here now or die.', 'I wish to prove my worth.', 'I have no desire to deal with you, Daedra Prince.', 'Perhaps I can help you.', ""I won't get involved in this."", 'Listen to what he has to say.', 'Not interested.', 'Yes, here it is.', 'No, not yet.', 'Yes, here it is.', 'Hurl yourself at her feet and plead for hearing.', 'Continue with your story.', 'Strike a manly pose and wink invitingly.', 'Leave before something terrible happens.', 'I will try and amke him leave.', 'I can do nothing for you.', 'I will find your husband.', 'I cannot help you.', 'Demand the gold, and make no promises.', 'Promise secrecy, and take the gold.', 'Take no action, and consider the offer.', 'We know who you are. If you do not join, I will give you an honorable death.', 'Nevermind.', 'Follow me.', 'Wait here.', 'Fine. Take my money, brigand.', 'Never!', 'What harm could a single kiss do?', ""I'd sooner kiss a guar."", 'Yes, I want to join.', 'Hear the rules of House Redoran.', 'Join House Redoran.', 'Nevermind.', 'Ask how a Hortator is chosen.', 'Tell your story and ask to be confirmed as Hortator.', 'Tell your story and ask to be confirmed as Hortator.', 'Tell the location of Vassir-Didanat.', 'Nevermind.', 'I will try and lead you to this place.', ""I'm sorry. I haven't the time."", ""Sure, I'll take them."", 'No thanks.', 'Bribe her 50 drakes.', 'Nevermind.', 'Yes.', 'No, nevermind.', 'Yes.', 'No, too busy.', 'Yes, here it is.', 'No, not yet.', 'Yes, here they are.', 'No, not yet.', 'Yes, here they are.', 'Truth: Elmussa Damori.', 'Lie.', 'Yes, I have.', 'No, not yet.', 'Yes, I have.', 'Yes, here it is.', 'No, not yet.', 'Challenge him to a duel.', 'Nevermind.', 'Yes, I agree.', 'No, you must stop offering training.', 'Talos Cult.', 'Talos Cult.', 'Yes, please tell me more.', ""No, I'm not interested."", 'Together House Hlaalu and the Camonna Tong will both prosper.', 'Together House Hlaalu and the Camonna Tong will both prosper.', 'I have some papers I believe you should see.', 'Nothing... yet.', 'Tell your story and ask to be confirmed as Hortator.', 'To defeat Dagoth Ur and bring peace to Morrowind.', 'To defeat Dagoth Ur and protect Morrowind from the Empire.', 'Nevermind.', 'I have some papers I believe you should see.', ""Sorry, I don't have time for that now."", 'I can accompany you to Molag Mar.', 'I found your silver bowl.', ""Yes, of course. Here's the bowl."", 'I was expecting a reward.', ""No. I found it. I'm keeping it."", ""No, I don't. Sorry to trouble you."", 'Uh...', 'Yes, wear it.', 'Nevermind.', 'Yes, here it is.', 'No, not yet.', 'Yes, here it is.', 'Yes, follow me.', ""No, you're on your own."", 'Yes.', 'No.', 'Yes.', 'No.', 'Yes.', 'Yes, here they are.', 'No, not yet.', 'Yes, here they are.', 'Lie: Yes.', 'No.', ""I'm sorry. I cannot do that now."", 'I swear to Zenithar I will deliver your shipment.', 'Yes, here they are.', 'No, not yet.', 'Yes, here they are.', 'Yes, of course.', 'No. Could you teach me?', 'Yes, here it is.', 'No, not yet.', 'Yes, here it is.', 'Yes, teach me the spells.', 'Nevermind.', 'Yes, here they are.', 'No, not yet.', 'Truth: He is by the Daedric ruin.', 'Lie: He left town.', 'Truth: He is by the Daedric ruin.', 'Lie: He left town.', 'Uh... wait a minute... let me think...', ""I'm not ready for this."", 'It must be a drake.', ""Uh... I don't know."", ""I'm not ready for this."", ""Then it's not a book of poetry."", ""Uh... A sock? I don't get it."", ""I'm not ready for this."", 'It must have been a great hit.', 'Nevermind.', 'Buy the slave.', 'Buy the slave.', 'Buy the slave.', 'Nevermind.', 'Buy the slave.', 'Buy the slave.', 'Buy the slave.', 'Nevermind.', 'Buy the slave.', 'Buy the slave.', 'Buy the slave.', 'Nevermind.', 'Buy the slave.', 'Buy the slave.', 'Buy the slave.', 'Nevermind.', 'Buy the slave.', 'Buy the slave.', 'Buy the slave.', 'Nevermind.', 'Buy the slave.', 'Buy the slave.', 'Buy the slave.', 'Yes, here are 2000 drakes.', 'No, nevermind.', ""I don't have that much."", 'Let me consider your offer.', ""I'll buy her for 1200 drakes."", 'Will you take 1100 drakes?', ""I'll give you 600 drakes."", 'Truth: Odral Helvi ordered me to deliver it.', ""Truth: Drinar Varyon in Ald'ruhn."", 'Give Ebony.', 'Keep Ebony.', 'Lie.', 'Lie: Yes, of course.', 'No, not at this time.', 'I can lead this group. Show me the way.', 'Yeah, I stole it.', 'How did you know Mebestien had one?', ""Let New-Shoes go, and I'll forget about it."", 'Teach me a ghost summoning.', 'Who is the ashkhan of the Ahemmusa?', 'I want the Ahemmusa to name me Nerevarine.', 'Yes, please accompany me to Ald Daedroth.', 'No, you should wait here for now.', 'Yes, please continue with me to Ald Daedroth.', 'No, you should wait here for now.', 'I did.', 'Minabibi did.', 'I have the potion you ordered.', 'Give her the book.', 'Keep the book.', 'Yes, here it is.', 'No, not yet.', 'Yes, here it is.', 'Yes, here it is.', 'No, not yet.', 'Yes, here it is.', 'Yes, here they are.', 'No, not yet.', 'Yes, here they are.', 'Yes, I found 200 on his body.', ""No, he didn't have anything on him."", 'Politely decline to comment.', 'Tell my story and show my proofs.', 'Yeah, yeah lemme in.', 'Hear the rules.', 'Yes.', 'No, nevermind.', 'Yes, here it is.', 'No, nevermind.', 'Yes, here it is.', 'No, nevermind.', 'Yes, here it is.', 'Yes, here it is.', 'Yes, here they are.', 'No, nevermind.', 'Yes, here it is.', 'No, not yet.', ""I'm ready for a lay healer task."", 'I have something else to ask about.', 'No, I am still trying.', 'I admit my failure, and beg for forgiveness.', 'No, I am still trying.', 'I admit my failure, and beg for forgiveness.', 'No, I am still trying.', 'I admit my failure, and beg for forgiveness.', 'No, I am still trying.', 'I admit my failure, and beg for forgiveness.', 'No, I am still trying.', 'I admit my failure, and beg for forgiveness.', 'No, I am still trying.', 'I admit my failure, and beg for forgiveness.', 'No, I am still trying.', 'I admit my failure, and beg for forgiveness.', 'You have the Divine Disease.', 'Do this as a favor for me.', 'Do this as a favor for me.', 'Do this as a favor for me.', 'Sure, why not?', 'Follow me.', 'Wait here.', 'Tell me more.', 'I agree. I will let you go.', 'You cannot escape justice!', 'Die necromancer!', 'Not your concern.', 'Here they are.', 'Nevermind.', 'Follow me.', 'Wait here.', ""Sorry. I don't have time for this right now."", 'Certainly. I can help you...the both of you...get to Vivec.', 'You should wait here.', ""Yes, let's go."", 'Yes, here it is.', 'No, not yet.', 'Yes, here it is.', 'Yes, here it is.', ""Give her Auriel's bow."", 'No.', 'Yes.', ""Keep Auriel's bow."", 'Listen politely.', 'Continue to listen politely.', 'Stubbornly continue to listen politely.', 'Tell your story and ask to be confirmed as Hortator.', 'Tell your story and ask to be confirmed as Hortator.', 'Tell your story and ask to be confirmed as Hortator.', 'Amuse her, then quickly ask to be named Hortator.', 'Yes, here it is.', 'No.', 'Yes, here it is.', 'No, not yet.', 'Giras refuses to pay his debts.', 'Nevermind.', ""Sorry, I don't have time for you right now."", 'I can help you recover your goods.', 'These credentials look suspicious.', 'Nevermind.', 'Yes.', 'No.', 'Yes.', ""What is the Mage's Oath?"", 'Yes, I would like to join.', 'No, nevermind.', 'Truth: Tiram Gadar is a Telvanni spy.', 'Lie: Ranis Athrys is a Telvanni spy.', 'I will meet you in the Arena.', 'Nevemind.', 'Here it is.', 'Nevermind.', 'I want someone dead.', 'You will tell me of the Dark Brotherhood.', 'You will tell me of the Dark Brotherhood.', 'Nevermind.', 'Yes. I have it right here.', 'Yes. I have it right here.', 'No. I had to use it.', 'No thanks.', ""I'll take the job."", 'Say I fulfill the Nerevarine prophecies, and wish to speak to Sul-Matuul and Nibani Maesa.', 'Say I know little, and am curious.', 'Yes, here it is.', 'No, not yet.', 'I will give you the death you deserve.', ""No, I'm sorry."", ""I'm sorry. I cannot help you."", 'I will try and find the white guar.', 'Yes, here it is.', 'No.', 'Give her the Cleaver.', 'Keep the Cleaver.', 'Yes, here it is.', 'No, not yet.', 'Yes, here it is.', 'I stole them from Odral Helvi.', 'Consider them a gift from the Bal Molagmer.', ""Give him the Lord's Mail."", 'Nevermind.', ""Give him the Lord's Mail."", 'Nevermind.', 'Give him Chrysamere.', 'Nevermind.', 'Follow me.', 'Wait here.', 'Ask how a Hortator is chosen.', 'Tell your story and ask to be confirmed as Hortator.', 'Tell the location of Vassir-Didanat.', 'Nevermind.', 'Maybe... it depends...', 'Maybe... it depends...', 'I found Sotha Sil dead, and killed Almalexia.', 'I see....', 'I found Sotha Sil dead, and killed Almalexia.', 'I see....', 'Perhaps I should keep my business here secret.', 'I am the Nerevarine, and I go to confront Dagoth Ur in his citadel.', ""I'm sorry, but my mother told me never to accept gifts from strangers."", ""I'll take your old lucky coin to Dagoth Ur with me."", 'Ask how a Hortator is chosen.', 'Tell your story and ask to be confirmed as Hortator.', 'Give Yngling 2000 drakes.', 'Stall for time.', ""You're the real thief."", 'Take it.']",PC
Elder Scrolls Morrowind,2002,US,Nevena Ules,Female,"[""Well, if you've come all this way, I suppose you can ask a few questions."", ""I think that's some kind of war leader. Why are you interested?"", ""I don't know. Don't we already have a Hortator? If we don't, maybe we can find one somewhere."", ""I don't understand at all. What is this about stars and a prophesy? No, don't tell me again. I don't know why you want to be a Hortator. It's all very confusing. Maybe I should talk to the other counselors. And my advisors."", 'A Hortator is a champion who leads by inspiration. He challenges opposing heroes in single combat. He goes on long, desperate quests. He goes alone into the citadels of the enemy. He confronts the dangers no one else in the House is strong enough... or courageous enough... to face.', ""A Hortator is chosen by consensus. Everyone has to agree. A single 'no' is a veto. First a Great House has to choose a Hortator. Then that Hortator has to go persuade the other Great Houses to agree to name him Hortator of their houses, too. A very difficult system. No Great House wants to give the honor to a member of another Great House. But luckily, it's mostly honorary, and doesn't cost a House anything. So it might no be that bad, after all."", ""That's a very strange story, with all the stars and prophecies. I'm not sure I understand what you're asking. Maybe you should speak with one of my advisors, Orvas Dren. He owns a plantation in the Ascadian Isles."", ""He's the brother of Duke Vedam Dren and a very wealthy and influential man. He has a netch ranch in the Ascandian Isles."", ""I've just heard the news, . Congratulations on your... negotiations with Orvas Dren. What can I do for one as influential as yourself?"", ""Oh. Oh. Yes. Yes, Ser . The Hortator thing, right? They said, if I knew what was good for me, I would do as you asked. So. You want to be a Hortator? I make you a Hortator. I vote for you. That's all I have to do, right? Once all the councilors agree, make sure you see Crassius Curio."", ""Oh. Yes. You want to be Hortator. Sure. I think that's a very good idea. You'll be a very special Hortator. Is that okay? Do I need to say anything official? Here. How about... 'In the name of House Hlaalu, I hereby say you are a Hortator. Of this house... House Hlaalu.' I hope that's right. Once all the councilors agree, make sure you see Crassius Curio."", 'Yes, I have named you the Hlaalu Hortator. Is there anything else you need?', ""I have given you my vote, . There's no need to keep asking me about it. Go talk to the other councilors and get their votes."", 'Since everyone agrees, you are the Hortator now, right? Hortator of House Hlaalu? I think you should talk with Crassius Curio again. Something about a belt confirming your title?', 'You have killed one of the councilors, . I will make sure that your request to be Hortator of House Hlaalu is postponed. Indefinitely.', ""Are you hinting that you know the location of Vassir-Didanat? I promise that you will have great riches if you tell me the location of this mine... Whatever you do, don't speak a word to Dram Bero or Velanda Omani."", 'Yes, I will have someone investigate. I promise that you will be richly rewarded.', 'Yes, I promise you will have great riches. These things take time to arrange, .', 'I am disappointed. I thought you knew where Vassir-Didanat was.', 'You should have spoken with me instead. I would have promised much more than Velanda Omani.', 'You should have spoken with me instead. I would have promised you more than just a weapon.']",NPC
Elder Scrolls Morrowind,2002,US,Nevrasa Dralor,Female,"[""Hello! Please, can you help me? I've lost my way, and cannot find the holy place for which I am searching."", 'Yes, the Fields of Kummu. I am on a pilgrimage to this holiest of places, but I seem to have lost my way. Perhaps you can help me find it? Surely you know this area better than I. I can pay you for your time. Say, 150 septims?', ""Thank you so much. I know the Fields of Kummu are near the water; the view from there is supposed to be breathtaking. I've also been told there is a farm nearby where pilgrims may sometimes stop and rest weary legs."", ""No? Well, I'm sure I'll eventually find it. Take care, traveler."", 'Yes, the Fields of Kummu are a most holy place indeed.', ""It was there that Lord Vivec met a poor farmer whose only guar had died. This farmer could not harvest his muckspunge without his guar, and could not provide muck for himself or his village. So, the Lord Vivec removed his fine clothes, laid them aside, and toiled in the farmer's fields, acting as a beast of burden until the entire crop was harvested. It is at the Fields of Kummu we go to pray for the same humility Lord Vivec showed on that day. I'll mark it on your map.""]",NPC
Elder Scrolls Morrowind,2002,US,New-Shoes Bragor,Male,"['Are you a prisoner? What are you in for?', ""Shadbak said she'd let me go as soon as the paperwork's done. I'll be sure to tell everyone what you did for me. Hey, you want these shoes? They've been nothing but trouble for me."", 'Here you go. Take good care of them.', ""Well, okay then. Thanks, . I'll be out of here soon.""]",NPC
Elder Scrolls Morrowind,2002,US,Nibani Maesa,Female,"[""So. They've told me of you, outlander. Or, shall I say, Clanfriend. You are hard-headed. And ignorant. But perhaps it is not your fault. My lord ashkhan says you will ask me about the Nerevarine prophecies. He also says I will test you against the Nerevarine prophecies. I must do as my lord ashkhan says. So ask your questions, and I will test you."", ""There are many Nerevarine prophecies, and they suggest many things. Aspect and uncertain parents. The moon-and-star. Sleepers. Seven curses. The curses' bane. The prophecy of the Stranger. The prophecy of the Seven Visions. The lost prophecies. Ask me about these things. If you are patient. If you would be wise. Or, if you are impatient to know, just ask: 'Do I pass the test of the Nerevarine prophecies? Go ahead, outlander. I am the wise woman. Ask your question. And I will answer."", 'If what you say is true, you are indeed born on a certain day of uncertain parents. This is part of the prophecy. But many have the same birthday, and many are not sure of their parents. It is interesting. But it does not make you the Nerevarine.', ""Legend says Indoril Nerevar's family standard bore the moon and star, and Nerevar's armor and weapons bore this sign. Some say he bore a moon-and-star birthmark. Some say he has a magic ring marked with a moon-and-star. Others say he was born under a moon-and-star. In any case, I think the moon-and-star is the mark of the Nerevarine, and you do not have this mark. So you are not the Nerevarine."", 'Rumors say that in the towns, mad cultists called sleepers are attacking peope, saying that Dagoth Ur has awakened, and will drive the outlanders from Morrowind. Perhaps it is just a coincidence. But I think it is a sign of the Nerevarine. Not necessarily a sign that YOU are the Nerevarine. Perhaps the time of the Nerevarine has come. And you have come at the same time. This is not passing a test. But it may mean you have some part to play in the coming of the Nerevarine.', 'It is another Ashlander prophecy of the Nerevarine. It is called The Seven Curses of the Sharmat. But I do not know it, and I know no one who does. It may be lost. Such things happen. A wise woman dies, or forgets, or a clan is wiped out. Perhaps someone knows, but is keeping it secret. Perhaps it is in one of those many books of your settled peoples. I have heard that the Dissident priests of the Temple may have such books.', ""This is the best known of the Nerevarine Prophecies. We call it 'The Stranger'."", ""Journeyed far 'neath moon and star."", 'His aspect marks his certain fate.', 'Wicked stalk him, righteous curse him.', 'Prophets speak, but all deny.', ""The Stranger's fate, the curses' bane."", 'Many touchstones try the stranger.', 'Many fall, but one remains.', 'The full title of the prophecy is Seven Visions of Seven Trials of the Incarnate. Listen, and I wil ltell you the verses.', 'What he puts in his hand to, that shall be done.', 'What is left undone, that shall be done.', 'Incarnat moon and star reborn.', 'Neither blight nor age can harm him.', 'The Curse-of-Flesh before him flies.', 'and makes to shine the moon and star.', ""A stranger's voice unites the Houses."", 'Three Halls call him Hortator.', ""A stranger's hand unites the Velothi."", 'Four Tribes call him Nerevarine.', 'He honors blood of the tribe unmourned.', 'He eats their sin, and is reborn.', 'Binds the broken, redeems the mad.', ""He speaks the law for Veloth's people."", 'He speaks for their land, and names them great.', 'What does this prophecy mean? It tells us who the Nerevarine wil be, and the trials he must undergo before he fulfills his destiny. Some parts I understand. Some parts I do not. I will answer your questions as best I can. But I cannot pretend to understand it all.', 'The Incarnate cannot fail. What others have tried, he will do. What Nerevar started, the Incarnate shall finish.', 'This refers to your birthsign -- to your birth on a certain day to uncertain parents, just like in the Stranger prophecy.', ""In Tamriel, persons born under certain constellations are said to be 'fortunate in their aspects.' Such persons are often blessed -- or cursed -- with remarkable abilities or weaknesses as a result of the magical conjunctions of celestial influences."", ""I'm not sure what this means. Will the Nerevarine come as a spirit who is not harmed by blight or age? I don't know. But I think Curse-of-Flesh means the blight disease corprus, which causes terrible, distorted growths on its victims. Perhaps the Nerevarine can heal this disease. Perhaps that will be a sign of the Nerevarine."", 'In legend there is a shrine to Azura called the Cavern of the Incarnate. There are secrets I may not tell you about this cavern. Do not ask.', 'A Hortator is a war-leader chosen when Dunmer great houses must put aside their normal feuds to unite against a common enemy. This has not happened since the Empire invaded our land.', 'The Ashlanders are sometimes called the Velothi, for the prophet Veloth who guided us to this land many, many centuries ago. And the Four Tribes are the four tribes of Vvardenfell, the Urshilaku, the Ahemmusa, the Zainab, and the Erabenimsun. It would truly be a miracle to unite these four tribes who have so long raided and warred with one another. But the Nerevarine must be one who performs miracles.', 'The Urshilaku are the Ashlanders of the northern Ashlands and the West Gash. I am the wise woman of the Urshilaku, and the Ashkhan Sul-Matuul is our chief, a brave and respected war leader, and Warrior-Protector of the Nerevarine cult.', 'The Ahemmusa of the Grazelands are mild and peace-loving. The wise woman of the Ahemmusa, Sinnammu Mirpal, is also their ashkhan.', 'The Ashlanders of the Zainab tribe are sly and crafty. Their camp is in the interior of the Grazelands.', ""The Erabenimsun of Molag Mar love themselves and their weapons above all else. Their Ashkhan Ulath-Pal is cruel and ambitious, and his gulakhans are just like him. Their Wise Woman, Manirai, is cautious and reasonable. Seek her counsel. Don't waste your speech on the war khans."", ""I am not sure. The tribe unmourned may mean the Sixth House, House Dagoth, which was exterminated after the Battle of Red Mountain. But it may also mean the Dwemer, or the Dwarves, as Westerners call them. And eating sin is doing atonement for another's sin."", ""'The cursed false gods' must be the Tribuna. They are surely false gods, evil sorcerers and necromancers, and they murdered Nerevar so they might set themselves up as gods. Binds the broken must refer to Nerevar's broken promise to the Ashlanders to honor the ways of the Spirits and rights of the Land."", ""Veloth's people are the Dunmer, all Dunmer, Ashlander and Great House. The last time the Velothi were united were with Nerevar at the Battle of Red Mountain. Now Nerevar will come once again and unite the Dunmer. He will restore Morrowind to the Dunmer, and restore the former greatness of the Velothi people."", 'There are Nerevarine prophecies that have been lost. The Seven Curses. And others. Some are forgotten. Some hidden. Some deliberately lost. The wise women are the memory of the Velothi people. But it is a faulty memory, and we are mortal, and our knowledge dies with us. But we hear that the Dissident Priests of the Temple study our Nerevarine prophecies, and record them in books. Such written words never die. You must go to them and ask for these books, and bring what you find to me.', ""You are not the Nerevarine. You are one who may become the Nerevarine. It is a puzzle, and a hard one. But you have found some of the pieces, and you may find more. Do you choose to be the Nerevarine? Then seek the lost prophecies among the Dissident priests of the Temple. Find the lost prophecies, bring them to me, and I will be your guide. And take these copies of the Stranger and the Seven Visions. Now. I have told you all I know. Go. Think on what I've told you. And do what must be done."", ""I have told you all I know. Go. Think on what I've told you. And do what must be done."", 'I will give you what counsel I can. But I only see what may be, not what must be.', 'Go ahead. Do you have questions about the Nerevarine prophecies? Or other questions to ask me? Or do you bring news of the lost prophecies?', 'You have these lost prophecies? You will tell me these things, over and over, until I have them by heart. And then you will tell me what these priests say, what they see in these words. And then, you must leave me. Hunt. Sleep. Train. Feed. Learn the land. I must bring these things into me, and place them before my ancestors, and listen to them, and to the skies and starts of my dreams. And then, when the moons have come and gone, return, and I will give you my judgement.', 'You have told me of these lost prophecies.', 'I am ready to give you my judgement.', ""The ancestors and starts have given me clear signs. The lost prophecies leave no doobt -- the Incarnate shall be an outlander. You, blessed by Azura, must lift the seven curses of Dagoth Ur. Prophecy has shown the seven steps of the Nerevarine's path, and I have been chosen as your guide for each step on that path. I will read the signs, and show you the way. It is time for you to walk the path of the Seven Visions, and pass the Seven Trials of the Seven Visions. You are born on a certain day to uncertain parents. So you have passed the first trial. My dreams show me that you also fulfill the second trial, that 'neither blight nor age can harm him/The-Curse-of-Flesh before him flies'. I have read the signs, but I cannot understand. Can you explain this to me?"", 'That you have overcome the Curse-of-Flesh is strange enough, but that it should protect you from blight and age is past belief. Yet the signs of my dreams are clear. You have passed the second trial. But the third trial is unfulfilled. The mystery of the third trial is not my secret to share. Go to Sul-Matuul, the guardian of our cult, and he shall tell you of the third trial. When you have fulfilled the third trial, return to me for guidance on your next steps on the path of the Nerevarine.', 'Sul-Matuul shall tell you of the third trial, and I shall guide each of your steps on the path of the Nerevarine.', 'Perhaps you are. We shall see.', ""I shall be your guide to the Seven Trials on the path of the Nerevarine. Ask, and I shall answer, with Azura's blessing."", 'Sul-Matuul shall tell you of the third trial, and I shall guide each of your steps on the path of the Nerevarine.', ""I shall be your guide to the Seven Trials on the path of the Nerevarine. Ask, and I shall answer, with Azura's blessing."", 'Sul-Matuul has sent you to seek the Third Trial. He has told you of the shrine to Azura called the Cavern of the Incarnate. I cannot tell you how to find this place. But he has said you may seek the wisdom of the tribes, and the wisdom of the wise woman I may share with you. Perhaps what I know can help you with these lines of the riddle: the star is the key, and the dream is the door.', ""Ah. The star is Azura. Azura's Star appears in the sky only in the magical hour between day and night, at dawn and twilight."", ""You say the star is the key, Azura's Star? Then the door is only seen at dawn and dusk, and the star is the 'key' that opens it."", ""I shall be your guide to the Seven Trials on the path of the Nerevarine. Ask, and I shall answer, with Azura's blessing."", ""It once seemed a dream. Now it seems real. You have passed the Third Trial. Now you must pass the Fourth Trial and the Fifth Trial... they are much the same. Each Ashlander tribe, each Great House on Vvardenfell must choose you as was leader to unite the Dunmer against Dagoth Ur's terrible menace. Each tribe must name you 'Nerevarine.' Each Great House must name you 'Hortator.' You have come for guidance, and I will give it to you."", 'Tell me what you saw and heard in the Caverns of the Incarnate. (See listens carefully.) Is it as I have seen in my dream. It is a true dream, sent from Azura to guide me.', ""The Fourth Trial is: 'A stranger's voice unites the Houses./Three Halls call him Hortator.' When you have been named 'Hortator' by each of the three Great Houses of Vvardenfell, come to me for further guidances, for you will have passed the Fourth Trial."", ""The Fifth Trial is: 'A stranger's hand unites the Velothi/Four Tribes call him Nerevarine.' The Four Tribes are the four tribes of Vvardenfell, the Urshilaku, the Ahemmusa, the Zainab, and the Erabenimsun. When you have been named 'Nerevarine' by each of the four Ashlander tribes of Vvardenfell, come to me for further guidance, for you will have passed the Fifth Trial."", 'When a greater enemy threatens, the Great Houses put aside their quarrels and choose a Hortator, a single war leader to lead all the Houses. Only a Great House council can name a Hortator, and all councils must agree. Speak with the Redoran councilors, Hlaalu councilors, and Telvanni councilors. Prove to them that Dagoth Ur threatens. When you are named Redoran Hortator, Hlaalu Hortator, and Telvanni Hortator, only then will you be the Nerevarine named in prophecy.', ""Go to Ald'ruhn, the chief town of the Redoran. They say the councils meets under the shell of a giant Emperor crab. The Redoran are proud and haughty, known as great warriors and great worshippers of the Tribunal. Since they love the Temple and Vivec, they cannot love you. The Temple warriors hate the Nerevarine prophecies, and will kill you if they see you. Be careful."", 'Go to Balmora, the chief town of the Hlaalu. I believe the councilors meet there in a great house with many rooms. The Hlaalu are soft and cowardly, sly and greedy. Their traders are liars and cheats. Look behind the words they speak for the truths they are hiding.', 'I am told that wizards who speak for the Telvanni councilors may be found in a strange building in Sadrith Mora. The councilors themselves are ageless sorcerers living in the towers scattered over Vvardenfell. I know nothing about them, except that they are old, terrible, and evil.', 'I do not know the ways of the settled people. But I do know, in the council of chiefs, you must cultivate a friend, and beware an enemy. Find one who is willing, or who is well disposed to you. Win him, and use him to win the others. And the most powerful chief, he is most likely an enemy, since he loves his power, and hates to share it. Recognize your enemy, and prepare for him.', 'The Hlaalu are great traders, keen for profit, and subtle with words. It will be hard to find someone you can trust -- perhaps impossible. You may have to fight with words to find the truth. Beware of tricks and lies. Seek behind appearances. Look for hidden power. Be wary. Be suspicious.', 'I do not know the ways of wizards. I have heard they honor the tests of life and death, as we do. The ones who live, live a long time. The ones who die are forgotten. They are old, and strange, and terrible. I know little. But I am afraid. And that is my counsel to you. Be afraid. It is not time to be bold and careless. It is no time to hoard your treasures. With wizards, there are no second chances.', ""I shall be your guide to the Seven Trials on the path of the Nerevarine. Ask, and I shall answer, with Azura's blessing."", 'Sul-Matuul has named you Urshilaku Nerevarine. But not until you have been named Ahemmusa Nerevarine, Zainab Nerevarine, and Erabenimsun Nerevarine as well, you have not passed the Fifth Trial.', 'You have been named Urshilaku Nerevarine. You have fulfilled one part of that prophecy. But you must be named Nerevarine by all four Ashlander tribes, Urshilaku, Ahemmusa, Zainab, and Erabenimsun, before you have fulfilled the Fifth Trial.', 'You have been named Ahemmusa Nerevarine. You have fulfilled one part of that prophecy. But you must be named Nerevarine by all four Ashlander tribes, Urshilaku, Ahemmusa, Zainab, and Erabenimsun, before you have fulfilled the Fifth Trial.', 'You must go to Zainab camp. The ashkhan of the Zainab, Kaushad, is a strong and popular chief, but he is known to be vain and hard-headed. To persuade him to name you Zainab Nerevarine, you must be strong, yes, but you must also be clever, to please him and earn his favor.', 'You have been named Zainab Nerevarine. You have fulfilled one part of that prophecy. But you must be named Nerevarine by all four Ashlander tribes, Urshilaku, Ahemmusa, Zainab, and Erabenimsun, before you have fulfilled the Fifth Trial.', ""You must go to Erabenimsun camp. The ashkhan of the Erabenimson, Ulath-Pal, is a strong chief, but violent and cruel. He and his gulakhans are known as killers, and attack unarmed victims and betray the rules of hospitality. It is a difficult problem. Only the ashkhan can name you Nerevarine. But this ashkhan may not be willing, and even if he were, he is a bad chief, dishonorable, and not to be trusted. I do not know what you should do. Speak to the tribe's wise woman. Perhaps she will give you counsel."", 'You have been named Erabenimsun Nerevarine. You have fulfilled one part of that prophecy. But you must be named Nerevarine by all four Ashlander tribes, Urshilaku, Ahemmusa, Zainab, and Erabenimsun, before you have fulfilled the Fifth Trial.', ""I shall be your guide to the Seven Trials on the path of the Nerevarine. Ask, and I shall answer, with Azura's blessing."", 'You have been named Nerevarine by the four tribes of Vvardenfell. You have fulfilled that part of that prophecy. Urshilaku, Ahemmusa, Zainab, and Erabenimsun, all have named you Nerevarine. You have fulfilled the Fifth Trial of the Seven Visions.', 'You have been named Nerevarine by the four tribes of Vvardenfell. You have fulfilled that part of the prophecy. Urshilaku, Ahemmusa, Zainab, and Erabenimsun, all have named you Nerevarine. You have fulfilled the Fifth Trial of the Seven Visions.', ""I shall be your guide to the Seven Trials on the path of the Nerevarine. Ask, and I shall answer, with Azura's blessing."", 'You are Hortator of House Redoran. You have fulfilled that part of the prophecy. But you must be Hortator of all three Great Houses, Redoran, Hlaalu, and Telvanni, before you have fulfilled the Fourth Trial.', ""I shall be your guide to the Seven Trials on the path of the Nerevarine. Ask, and I shall answer, with Azura's blessing."", 'You are Hortator of House Hlaalu. You have fulfilled that part of the prophecy. But you must be Hortator of all three Great Houses, Redoran, Hlaalu, and Telvanni, before you have fulfilled the Fourth Trial.', ""I shall be your guide to the Seven Trials on the path of the Nerevarine. Ask, and I shall answer, with Azura's blessing."", 'You are Hortator of House Telvanni. You have fulfilled that part of the prophecy. But you must be Hortator of all three Great Houses, Redoran, Hlaalu, and Telvanni, before you have fulfilled the Fourth Trial.', ""I shall be your guide to the Seven Trials on the path of the Nerevarine. Ask, and I shall answer, with Azura's blessing."", 'You are Hortator of House Redoran . You have fulfilled that part of the prophecy. And you are Hortator of all three Great Houses, Redoran, Hlaalu, and Telvanni. You have fulfilled the Fourth Trial of the Seven Visions.', ""I shall be your guide to the Seven Trials on the path of the Nerevarine. Ask, and I shall answer, with Azura's blessing."", ""I was blind, but Azura's star has guided me through my dreams. Vivec's high priest, Saryoni, has asked to see you when you are Hortator and Nerevarine. Go to him, and demand to speak with the false god Vivec. Vivec has tried to keep Kagrenac's tools secret, but you will need these tools when you stand before Dagoth Ur. Get Kagrenac's tools from Vivec, they are the keys to the riddle of the Sixth and Seventh Trials."", ""In the Lost Prophecy, 'star-blessed hand wields thrice-cursed blade.' Gilvas Barelo has told you of Kagrenac's Tools, the enchanted devices the Tribunal use to steal power from Lorkhan's heart. One of thse tools is the blade Keening. Your star-blessed hand must wield Keening. If Vivec has this blade, it is your fate to take this blade from him."", ""You are the Nerevarine. Ask, and I shall answer, with Azura's blessing."", 'It is as my dreams have shown me. The Devil is dead, and the Blight is gone. This is a good time to have lived, and to have seen you with my own eyes.']",NPC
Elder Scrolls Morrowind,2002,US,Nileno Dorvayn,Female,"['I am Nileno Dorvayn. I keep business going here in Balmora while the Hlaalu Councilors are away. Which is most of the time.', ""Here's a recent edition of the Yellow Book of Great House Hlaalu. It lists the current Hlaalu councilors and their residences. I might tell you more for a small consideration."", 'The one you should speak with is Crassius Curio. His manor is in the Hlaalu Plaza in Vivec. Of the Hlaalu Councilors, he is one most likely to listen to your requests, whatever they may be.', 'He can be very eccentric at times. But his... weaknesses allow him to be manipulated. He lives in the Hlaalu Plaza in Vivec.', 'As I said, Crassius Curio is the most open minded of the Hlaalu Councilors, though somewhat eccentric. If you get lost, consult a recent edition of the Yellow Book.', 'Very well.', 'You should consult the recent edition of the Yellow Book of Great House Hlaalu. It lists the current Hlaalu councilors and their residences.', 'I am Nileno Dorvayn. I keep business going here in Balmora while the Hlaalu Councilors are away. Which is most of the time.', ""If you want to talk business, you've come to the right place. Do you want to join House Hlaalu?"", 'Yes, you are a worthy candidate, and we accept anyone who wants to join, even outlanders. Are you interested in joining?', 'Very well. You are now a member of House Hlaalu. When you are ready, we can discuss business and advancement in House Hlaalu.', 'You already belong to House Hlaalu.', 'Yes, we both belong to House Hlaalu. Are you here to discuss business?', 'You could do very well in House Hlaalu. If you change your mind, let me know.', 'The Hlaalu councilors have conferred upon me the great honor of interviewing those who wish to become members of our illustrious house. Do you want to join House Hlaalu?', 'What business brings you here today, ?', 'Just a minute, . Say that again.', 'How fortunate! Your voice sounds almost like the Redoran Felsen Sethandus who died... um, just recently. Would you be willing to disguise yourself as Felsen Sethandus and get orders from House Redoran, then deliver the orders to me?', ""Good. Take this helm and speak with Neminda at the Redoran Council. Take a silt strider to Ald'ruhn, then look under Skar. When she asks what you want, say you are an orphan of Arnesia. Neminda should give you a coded message to deliver. Bring that coded message to me instead."", ""Falsen Sethandus was disfigured in battle and known for always wearing his helm in public. That's the only reason I'd ask you to try and fool Neminda. When you talk with her, make sure you wear the helm I have you."", 'Yes, that is the code phrase you should use when you speak with Neminda. Make sure you wear the helm I gave you.', ""Like I said, wear Felsen Sethandus' helm and use the phrase orphan of Arnesia with Neminda in Ald'ruhn."", ""You don't need to say it again."", ""I expected better of you. Perhaps you don't deserve the title of Hireling."", ""Do you have a copy of Neminda's orders? Remember the code phrase is Orphan of Arnesia."", 'Did you get the orders from Neminda?', 'Yes, this is exactly what I wanted. Good work, . Keep the helm, and take these 500 drakes for a job well done.', 'Then go speak with Neminda and bring me the orders she gives you.', 'What business brings you here today, ?', 'I need someone to visit an apothecary in Vivec and... acquire certain alchemical formulas.', ""Go to Vivec, to the shop of Aurane Frernis. Find some of her notes or formulas and bring them back to me. While you're there, you might want to pay a visit ot Edryno Arethi."", 'Do you have the formulas from Aurane Frernis?', 'Well, bring them here. I am losing my patience.', 'Go back to her shop in Vivec and bring me the formulas.', 'Her shop is in the Foreign Quarter of Vivec. You can take the silt strider there or have teh Mages Guild teleport you. Help us by stealing some alchemical formulas.', ""She's a loyal member of House Hlaalu who lives in Vivec. She may have some business opportunities for you."", ""Have you acquired Aurane's alchemical formulas?"", 'Do you have the formulas from Aurane Frernis?', 'Yes, excellent. You can keep the formulas. I will make a copy and deliver it to the loyal Hlaalu alchemists in Vivec.', 'You have stolen some of her formulas. This will help our side.', 'You have already shown me the formulas.', 'What business brings you here today, ?', ""A rival of House Hlaalu gets his wealth from an egg mine. I need someone to destroy this rival's wealth by killing the queen in the Inanius egg mine."", ""A rival of mine in House Hlaalu gets his wealth from the Inanius Egg Mine. It is just across the mountains east of Suran. Go there and kill the kwama queen and ruin my rival's business. There won't be any miners to deal with this time of year, and I doubt the mine will recover."", 'Is the queen in the Inanius egg mine dead?', 'You killed the queen? Good. Take these 500 drakes with my gratitude.', 'What business brings you here today, ?', 'House Redoran sells more guar hides than House Hlaalu. Someone needs to convince the alchemists in Vivec to buy only imported House Hlaalu guar hides.', ""We'll start with the alchemist Rolasa Oren. Go to Vivec and convince her to buy imported House Hlaalu guar hides instead of local House Redoran guar hides."", 'She lives in Vivec, like I said. Somewhere in the Foreign Quarter.', 'Are the alchemists buying only House Hlaalu guar hides?', ""I heard you convinced Rolasa Oren to buy guar hides from us. Good work, . Take these 1000 drakes... A small share of House Hlaalu's future profits."", 'What business brings you here today, ?', 'I need someone to deliver new orders to Bivale Teneran.', ""Bivale Teneran is a wealthy clothing merchant in Ald'ruhn. She keeps an eye out for us in Ald'ruhn. Her shop is under Skar, the crabshell in Ald'ruhn. Take this scroll to her."", ""Like I said, take the scroll I gave you to Bivale Teneran in Ald'ruhn. Her shop is under the crabshell."", 'Yes, you need to deliver the scroll to Bivale Teneran.', 'Did you deliver the orders for Bivale Teneran?', 'Good work, . Take these 500 drakes with my gratitude.', 'What business brings you here today, ?', 'A Hlaalu noble was recently murdered. I need someone to find out who killed Ralen Hlaalo.', 'Ralen Hlaalo was a noble who lived in Balmora. When you find out who murdered Ralen Hlaalo, kill them so that no one will ever dare raise their hand against a Hlaalu noble again. Here is a key to Hlaalo Manor where Ser Ralen was killed.', 'Have you found the murderer of Ralen Hlaalo?', 'You killed Thanelen Velas. House Hlaalu will not soon forget this act of vengeance. Take these 1000 drakes as a reward for solving this murder.', 'Have you found the murderer of Ralen Hlaalo?', 'You killed both the suspects... While murder is usually bad business, I cannot fault your actions here. Take these 1000 drakes as thanks from House Hlaalo.', 'What business brings you here today, ?', ""Ralen Hlaalu was murdered recently. I would ask for you to retaliate against this crime, but perhaps you've found Ralen Hlaalo's murderer already..."", 'I believe that Thanelan Velas was the murderer. If so, you have already taken care of the matter. My thanks from House Hlaalu.', 'What business brings you here today, ?', 'Business as usual, except for the ebony trade.', 'The East Empire Company threatened to buy ebony from House Redoran unless we lowered our prices. Either convince Canctunian Ponius in Ebonheart to buy ebony from us, or kill Darns Tedalen, the head of mining operations in the Sudanit Mine. If you do both, there might be a bonus in it for you.', ""He is the local factor of the East Empire Company. He's usually in Ebonheart."", ""Sudanit is the only mine House Redoran currently controls. To get there, go to Ald'ruhn and find the path between Ald'ruhn and the Fort Buckmoth to the south. Follow this path until you reach the Ghostfence. Then keep to the right until you reach the mine."", 'Is the ebony trade doing better now?', 'I heard that you shut down the Sudanit mine. Good work, . Take these 1000 drakes as a gift from House Hlaalu.', 'Is the ebony trade doing better now?', 'Yes, I heard you convinced Canctunian Ponius. Good work, . Please take these 1000 drakes as a gift from House Hlaalu.', 'Is the ebony trade doing better now?', 'I heard that you shut down the Sudanit mine and had a few words with Canctunian Ponius. Excellent work, . Take these 1000 drakes as a gift from House Hlaalu. And why not take this glass armor as a special bonus?', ""You helped protect House Hlaalu's ebony trade, Lawman ."", 'I have no more business for you. Why not speak with Cassius Curio or Edryno Arethi? They both live in the Hlaalu Canton in Vivec. Curio Manor is in the Plaza, and Edryno lives in the Waistworks.']",NPC
Elder Scrolls Morrowind,2002,US,Nine-Toes,Male,"['I have heard the rumors, but I am not a murderer. I believe someone is spreading these rumors because I am a foreigner and an Argonian.', 'See? Now you know I am innocent.']",NPC
Elder Scrolls Morrowind,2002,US,Odral Helvi,Male,"[""My name's Odral Helvi. I help keep the mines running and make sure business goes smoothly."", 'I need a courier to deliver a package of sealed orders.', ""Take these sealed orders to the Hlaalu Treasury in Vivec. Deliver them to Tenisi Lladeri, the assistant clerk. Whatever you do, do NOT deliver them to the head of the treasury, Baren Alen. Or to anyone else. This is a... trivial matter, and you don't have to trouble anyone but the assistant clerk."", ""I've already given you the orders. Take them to Tenisi Lladri at the Hlaalu Treasury in Vivec."", 'Go to the Hlaalu Canton in Vivec. You should be able to get better directions there. Tenisi works in the vaults.', 'Did you deliver the sealed orders like I asked?', 'You delivered the orders? Good. I have more business to discuss with you.', 'I do not have any more sealed orders for you to deliver.', 'What brings you to Caldera, ?', 'Important documents are missing from the offices here in Caldera. I need someone to catch whoever stole the Caldera mining contracts.', 'Someone stole some of our mining contracts, which were written on a scroll. There have been too many thefts recently for it to be an outsider. I believe someone in town is the thief. Find the thief and return the missing contracts to me.', 'Have you found the Caldera mining contracts?', 'I see you found the missing contracts. Where did you find them?', 'Good work. I will have her arrested if she has not already fled. Take these 1000 drakes with my gratitude.', 'That is very disappointing. I suppose the thief must be outside Caldera, then. Well, take these 500 drakes for your efforts.', 'You already returned the missing contracts.', 'What brings you to Caldera, ?', 'There is an error in some of the documents in the Hall of Records. I need someone to replace these erroneous documents.', 'I have discovered a serious error in some of the land deeds for the Ascadian Isles. I want you to take this land deed to the Hlaalu Records in Vivec. Look for a chest of land deeds for the Ascadian Isles. Put this scroll in the chest and bring me the old land deed.', 'Have you done as I asked? Do you have the old land deed? And is the new one in its place?', 'You have not done what I asked! Go to the Hlaalu Records in Vivec. Find a chest of land deeds. Put the scroll I have you in that chest. Bring me the scroll you find in that chest.', 'Do I have to find someone more reliable to do my petty deliveries? Go replace this forg... that is, erroneous deed in the chest at the Hlaalu Treasury in Vivec. Make sure you bring me the original.', 'Did you replace the erroneous documents?', 'Have you done as I asked? Do you have the old land deed? And is the new one in its place?', 'I will take your word that you put the deed in the right place. This is the erroneous deed, which I will dispose of personally. Take these scrolls for your troubles.', 'You have done as I asked and corrected the errors in the land deed.', 'What brings you to Caldera, ?', 'I am responsible for land in the Ascadian Isles and at this time of year, I need to collect the rent and taxes from the farmers.', 'The two farmers I want you to speak with are Manat Varnan-Adda and Llovyn Andus. Get fifty drakes from each of them and return to me. If they refuse to pay, kill them to set an example for others.', ""Yes, that's one of the farmers I want you to find. He lives just east of the Arvel Plantation."", ""Yes, he's one of the farmers I want you to get the rent and taxes from. His farm is just west of the Dren Plantation."", 'Do you have the rent and taxes from the farmers? Or did they hold out on you?', 'Do you have the hundred drakes from Manat Varan-Adda and Llovyn Andus?', 'Hm. I must admit I did not think you could actually get the rent, . Well then, shall we discuss other business?', 'You already brought me the rent and taxes from the farmers.', ""Then go get it. I'm tired of waiting."", 'Do you have the rent and taxes from the farmers? Or did they hold out on you?', 'You killed Manat and Llovyn? Now that the farmers are out of the way, I can put that land to better use. I believe we still have other business to discuss.', 'What brings you to Caldera, ?', 'I need you to deliver a shipment of ebony to a friend of mine.', ""Take these five pieces of raw ebony to Drinar Varyon in Ald'ruhn. He will deliver them to... friends of mine on the mainland. Do not speak of this to anyone."", ""Like I said, take the ebony to Drinar Varyon in Ald'ruhn."", 'Did you deliver the shipment of ebony?', 'Thank you for delivering the ebony to Drinar Varyon. Take these 500 drakes for your services.', 'You already delivered the ebony.', 'There is no business that must be done here in Caldera.', 'Did you deliver the shipment of ebony?', ""What? Drinar Varyon is dead? Now I'll need to find a new contact. Nevermind, .""]",NPC
Elder Scrolls Morrowind,2002,US,Ohibaal Assintashiran,Male,"[""You're in an ebony mine. And all the ebony belongs to the Emperor. So don't touch the ebony, or the guards will kill you."", 'The Caldera Mining Company owns the mine.']",NPC
Elder Scrolls Morrowind,2002,US,Okan-Shei,Male,"[""He doesn't work here anymore, and I don't think the Company wants us to discuss him with outsiders."", ""You know, I think he had a Telvanni girlfriend. He kept her a secret. I don't know why. But I saw them together once in the Foreign Quarter at Vivec. She was quite attractive.""]",NPC
Elder Scrolls Morrowind,2002,US,Okur,Female,"[""Thank you for coming. I have been visited by the spirit of Julielle Aumine. She says she chanced upon a band of smugglers, and was murdered to seal her lips. She says that her spirit will not rest until her amulet is recovered and returned to her husband, and until the four smugglers who murdered her are slain. When I have Julielle's amulet and you have the lives of her murderers, I shall see that her spirit is laid to rest."", ""The four murderers' names are Dudley, Larisus Dergius, Ralos Othrenim, and Thervam Drelas. I have the sense that they are strong and well-armed. Julielle's spirit says that their smugglers cave is called 'Yasamsi', and it lies south along the road from town, before the bridge across the Odai River."", 'I will return it to her husband as soon as possible.', 'When you have killed the four smugglers who murdered Julielle Aumine, and found her stolen amulet, bring me the amulet, and I shall see that her spirit is laid to rest.', ""Yes, this is Julielle Aumine's amulet, as her husband described it to me. I shall return it to him. May the Nine bless you for your deeds. Return to Kaye, and tell him that now I am sure I can lay the ghost of Julielle Aumine to rest."", 'They got what they deserved. I have no sympathy for them.']",NPC
Elder Scrolls Morrowind,2002,US,Olumba gro-Boglar,Male,"[""I'll tell you why Cunius Pelelius is slow to redeem his pledged donation. Because he's gotten in a bit of money trouble. And he's solving the problem by skimming from the mine and smuggling raw ebony. That's what people say in private, anyway. It would be hard to get proof. The slaves in the Caldera ebony mines would know. But they would be hard to persuade to talk. They're afraid, and who can blame them?"", 'He takes raw ebony from the mines. He does not tell anyone. He pays no tax on it. He steals it from the mine, and avoids the tax. So when he sells it to smugglers, he makes a very fine profit indeed. No costs. All profit.', ""If this is about the donation from Cunius Pelelius, you'd best talk directly to him.""]",NPC
Elder Scrolls Morrowind,2002,US,Omesu Hlarys,Female,"[""I don't get paid to answer questions.""]",NPC
Elder Scrolls Morrowind,2002,US,On-Wan,Female,"['Please. I am afraid. Do not tell. I am hiding.', 'I am a runaway slave. I have nothing. I must hide here until a boat comes, and then they will help me return to my country.', 'Yes. I said this. This is true.', ""I was a slave, but I have escaped. I am hiding here. Please don't tell."", 'You must find the key to these bracers before I can be freed.']",NPC
Elder Scrolls Morrowind,2002,US,Ondres Nerano,Male,"['A visitor! And an outlander, too! What brings you to Nerano Manor?', 'Yes, this is Nerano Manor. Can I do something for you? Why are you here anyway?', 'A visitor! And an outlander, too! What brings you to Nerano Manor?', 'Slander? I told the truth about Bolvyn Venim. I guess you Redorans are too dumb to know what the truth is. If you want a duel over this, you got one.', ""Alright, we'll deal right here, right now. When you're ready, ."", ""So it's true what they say about Redoran and about Bolvyn Venim."", 'You fight pretty well for a Redoran. I take back what I said about Bolvyn Venim.', 'I *said* I withdrew my statement. What else do you want?']",NPC
Elder Scrolls Morrowind,2002,US,Only-He-Stands-There,Male,"['What if, hypothetically, you were to return to Ranis Athrys and tell her I agreed to stop my unsanctioned training... And suppose that if you did that, I decided to offer training to my good friend ?', ""Very well. I will offer you training after you've reported back to Ranis Athrys."", 'Report back to Ranis Athrys and remember our agreement.', 'Very well. I shall stop offering training. Tell Ranis Athrys that I will not interfere with her... authority any more.', 'I will stop training others in Restoration.']",NPC
Elder Scrolls Morrowind,2002,US,Optio Bologra,Male,"['I am a drillmaster. I train and condition the local militia. I tech the citizens the basics of block, spear, and long blade, but mostly I concentrate on athletics and acrobatics, because conditioning is the biggest weakness of the citizen-soldier. No point teaching them to fight if they pass out after a short jog in full kit.', 'They call us barbarians because we are brave in war and we laugh at hardship. But we have earned out citizenship by service in the legions, and we are as civilized as any race. We make the finest weapons and armor in the world, and our warriors are the bravest and toughest in Tamriel.']",NPC
Elder Scrolls Morrowind,2002,US,Ordinator,Male,"['I am an Ordinator.', 'We know your plan, Outlander....', 'We know you plan to meet with the archcanon in his private quarters, outlander. We will be watching you carefully. Do not break the law, or we will take swift action.', 'Faith, law, and justice. Walk on.', 'Faith conquers all. Have faith in the law.', 'Theft, Trespass, Assault, Foul Murder, and Contempt are serious crimes; criminals must pay compensation or serve sentences of punitive labor.', 'No foul deed goes unpunished. No wickedness goes unseen.']",NPC
Elder Scrolls Morrowind,2002,US,Oritius Maro,Male,"[""No, no trouble at all, . I'm not busy right now. I'd be happy to share a little Morrowind lore with a traveler. And it might be that I could let you in on a little secret."", 'Three Dunmer Great Houses dominate Vvardenfell politics. The Hlaalu are loyal friends of the Empire, and love trade and wealth. The Redoran honor the traditions of the noble warrior houses. The Telvanni are ruled by thousand-year-old sorcerers who care for nothing but magic and power.', ""Hello again, . What's your question?"", 'You have interest in the Talos Cult? I can understand why. But, I have nothing more to tell you about this now.', 'I like you, . Perhaps you could be of some use to us. Do you have interest in becoming a member of the Talos Cult?', 'I thought you might. Here, take this key. It will unlock the door to the shrine downstairs. Look in the storeroom for the door. While you are there, speak with Arius Rulician. He can tell you more.', ""Hmmm...a pity. I thought you might have potential. No matter. We needn't speak of this any further.""]",NPC
Elder Scrolls Morrowind,2002,US,Orvas Dren,Male,"['What do you want?', ""So you've come to bargain, have you? What have you got?"", ""You make a good argument, but the truth is that I don't like you or trust you. How could I know that you would understand how our business operates? Or that you would work towards a Morrowind free of Imperial rule?"", 'I have heard of you, of course. I believe we could work together. Yes, the more I consider the possibilities, the more I believe we would make excellent partners.', 'Yes, I see what you mean. I respect your methods, Dunmer . Until I learn something equally interesting about you, I would be willing to work together.', 'We have a deal, friend.', ""Come back when you're ready to make an offer."", 'What do you want?', 'We have already come to an agreement... Or have you forgotten how I agreed to support you for Hortator?', 'What do you want?', ""So you want to be Hortator of House Hlaalu. And you've come to me. You show unusual wisdom for an outlander. But what's the title of Hortator worth to you? Why do you want to be Hortator?"", ""That's the worst story I've ever heard. What makes you think I care about these prophecies? If you're the chosen one, why do you have to come to me? Why aren't you Hortator already, eh? I believe you have wasted enough of my time. Goodbye."", ""You want peace? Like the peace of the grave we've had since the Tribunal betrayed us and signed the Armistice? Dagoth Ur has made me a better offer. The Sixth House will rise again and crush the Empire and those smug hypocrites in the Tribunal. But enough talk. I know you now as my enemy, and you must die with the rest of the foreign devils."", ""I have long believed it was a mistake to turn from the old gods. Perhaps Azura is with you after all. And perhaps not. I will tell you that I've spoken with Dagoth Ur. He promised me the same thing. That he will drive the foreigners from our lands. But I am not one to ignore opportunity, nor am I one to be troubled by rubbing two sides of a coin. If you are a (PC Race) of your word, I am your ally. I will tell Velanda Omani and Nevena Ules to support you as Hortator of House Hlaalu."", ""I'll give you my full support, ."", 'Well, what do you want, then?', 'What do you want?', ""So you want to be Hortator of House Hlaalu. And you've come to me. You show unusual wisdom for an outlander. But what's the title of Hortator worth to you? Why do you want to be Hortator?"", ""So you've been putting your nose in places it's not meant to be, eh? I see how it is. If the title of Hortator is all you want, you're welcome to it. It won't cost me anything at all. I'll make sure Nevena Ules and Velanda Omani understand exactly where we stand."", ""I'll give you my full support, ."", ""You're the Hortator of House Hlaalu. What do you need from me?"", ""I thought we agreed you'd take over for me. You can name yourself Hortator now. Be strict and uncompromising. Nevena Ules and Velanda Omani will fall in line. What influence I still have, I will use.""]",NPC
Elder Scrolls Morrowind,2002,US,Pania Cadiusus,Female,"[""I'm fine, thank you. What can I do for you?"", ""I've been worried about him. Right before he left for the lower levels he kept saying something about the test of pattern. I hope he's alright."", 'If you must talk about this boring excavation business, you should talk to my father Senilias.', ""I'm fine, thank you. What can I do for you?"", ""How horrible! No, please, don't tell me the details."", ""I'm fine, thank you. What can I do for you?"", 'Without him around, I fear I will die of boredom.']",NPC
Elder Scrolls Morrowind,2002,US,Paur Maston,Male,"['Greetings! Perhaps you can help me. I was supposed to meet my business partner here, but I was running late, and it looks she went ahead to Molag Mar without me.', ""Yes, my partner Vanjirra and I were going to do some business in Molag Mar. I was detained, though, and it seems she's gone ahead without me. I'm a bit surprised, because it's a fairly dangerous trip."", 'I must meet my partner as soon as possible.', ""Yes, Vanjirra. She's in Molag Mar waiting for me."", ""I've heard the road there is populated by dangerous creatures, and I fear I can't make it alone. Perhaps you'd be willing to escort me? I have little to compensate you for your trouble, but once we meet up with Vanjirra, she should be able to reward you well."", ""No? Well, maybe I'll be able to make it on my own. Good luck to you, then."", ""Excellent! Let's be on our way, then."", ""Well, hopefully, I'll be able to make it there in one piece."", ""We'll need to head to the east part of Vvardenfell. Here, I'll mark it on your map."", 'Well, like I said, I have very little for you. But when we meet up with Vanjirra in Molag Mar, she should have plenty to compensate you for your services.', ""She is my business partner. I assume she's gone ahead to Molag Mar."", 'Thank you for helping me reach Molag Mar.', 'Vanjirra should be around Molag Mar somewhere.', 'We must find her. She should be somewhere in Molag Mar.', ""I can't believe she's dead!"", ""Oh...well, like I told you, I don't have much. But, since Vanjirra doesn't seem to be around, I'll give you what I can. I certainly hope she's not in any trouble."", ""You certainly deserve it. If you speak with Vanjirra, I'm sure she'll give you the reward you're due. Thank you again for your help."", 'I believe Vanjirra has already given you your reward. I wish I had more to offer you for your help.']",NPC
Elder Scrolls Morrowind,2002,US,Peakstar,Female,"['I wait and hope. Ask, and I shall answer.', 'Dunmer of the Ashlands and Dunmer of the Houses have traditions of a War Leader set over all the tribes in times of need. First, your task is to prove to them their need. Then you must prove that you should be their war leader -- the Nerevarine, for Ashlanders; the Hortator, for the Great Houses.', 'To prove to them your fitness as War Leader to the Dunmer people, you must demonstrate your might in battle, your honor in speech, and your wisdom in leadership.', 'To show them their need, you must tell them about the Tribunal, how they have adopted the profane tools of the Dwarves, how they have betrayed and misled their people -- and give them proofs. You must tell them about Dagoth Ur, and the Sixth House, about their powers and plans, and how the Tribunal no longer has power to contain them.', 'I am Peakstar. I was called to the prophecies, but I was not the one.', 'You are the Prophesied One. You must save the Dunmer people.', 'An ancestor has no trade, but to guard and counsel the living kin.', 'The Devil is dead, and the Blight is gone. You are the Nerevarine. You are the Incarnate. You are the one.', 'Welcome, Incarnate, Moon-and-Star Reborn, Hortator, Nerevarine, Mourner of the Tribe Unmourned, Redeemer of the False Gods. I am Peakstar. I was not the one. But I wait and hope. Ask, and I shall answer, if wisdom guides me.', 'You bear the Moon-and-Star, the ring of Nerevar. None may deny; you ARE Nerevar Reborn, the prophesied Incarnate. The Temple will know you as an enemy. Ordinators will mark you for death, and the Tribunal Faithful of the Great Houses will hate and fear you. The doubters of the Tribes will test your strength and doubt your honor. You will be known. You must prepare, and be ready.', ""You must go before the Councilors of the Great Houses and satisfy them, for only the Councils of the Great Houses can name you 'Hortator.' I do not know the settled people of the Great Houses, and can offer you no counsel."", ""You must go before the ashkhans of the Wastes People and satisfy them, for only the ashkhans of the Four Tribes can name you 'Nerevarine.' Speak first with Sul-Matuul of the Urshilaku, and with Wise Woman Nibani Maesa, for of all the Ashlanders, they are wisest in the lore of the Incarnate, and you have already shown Sul-Matuul proof of your worth."", 'You are the Nerevarine. You are the Incarnate. You are the one. You must not fail.', 'Pity Dagoth Ur and the Sixth House. All they do, all they are is foul and evil, but they began in brightness and honor, and the cause of their fall was their loyal service to you, Lord Nerevar. You told Lord Dagoth to guard the profane tools beneath Red Mountain, and thus he was tempted. He did your bidding when he tried to keep these tools from the Tribunal, and so he hates you, who betrayed him, and the Tribunal, who mocked his honor, attacked him, and stole the profane tools for their own use.', 'Kagrenac, high priest of the Dwemer, forged enchanted artifacts to steal the power of the gods. Nerevar fought the Dwemer to prevent this blasphemy. But Dagoth Ur took these tools to make himself a god. And the Tribunal took these tools to make themselves gods. Though the Tribunal sought to do good with their power, they are tainted by the same corrupt desires that move Dagoth Ur.', 'The Tribunal and Dagoth Ur have the unnatural abilities and lifespans of gods. But they gained these things by actions that mock the gods and misuse divine power. They were ambitious and unwise, and the consequences of these ungodly acts threaten all that lives in Morrowind.', 'A darkness is on the land, and only you can bring the light.', 'I am a failed Incarnate. So are all these who remain here with me in the Cavern of the Incarnate. I survived the blight, but I fell in battle with an Ash Vampire. I could not master the arts of war. Nor could I learn the ways of the Great Houses. They would not have accepted me as Hortator. Take these few poor things... they are of no use to me.', 'I have failed. I was not the one.']",NPC
Elder Scrolls Morrowind,2002,US,Percius Mercius,Male,"['Well, speak up, Dark Elf . What do you want? Are you here to join the Fighters Guild?', ""I know a few men who can garrison your stronghold, and I'll even recommend them to you for free. But first you'll have to get my friend, Frelene Acques out of prison. She's being held in the prison under the Hlaalu Canton in Vivec. Find a way to get her out and report back to me."", 'Well, speak up, Dark Elf . What do you want? Are you here to join the Fighters Guild?', ""Oh? You were able to get Frelene Acques out? I will take you word for it. I'll have a few of our better fighters sent over to your stronghold, ."", 'If you have any trouble with your guards, let me know about it.', 'Well, speak up, Dark Elf . What do you want? Are you here to join the Fighters Guild?', ""I can tell you what I know. Hrundi in Sadrith Mora used to be my second in command. He's a good man, and he might be persuaded to join your cause. I hesitate to suggest this, but if you can't convince him, Hrundi has a lover. A Dunmer from what I hear. If you find her, you can convince Hrundi to join your cause. Eydis Fire-Eye is a good fighter, but there's always been something dark about her. I found out just recently what that was. She's a worshipper of Clavicus Vile. I don't know how you can use this information. I'm sure she can't be blackmailed. The new Master of the Fighters Guild is Sjoring Hard-Heart. He owers too much Camonna Tong gold to back out now. There's no way you can convince him. You'll have to kill him.""]",NPC
Elder Scrolls Morrowind,2002,US,Phane Rielle,Male,"['An adventurer should know the basics of Imperial law concerning life and property. Verbal assault, pickpocketing, and trespassing are minor crimes, punished by fines or hard labor. Theft and foul murder are felonies. Theft is punished by fines proportional to the value of the property stolen, or by hard labor. Foul murder is punishable by fines or at least 1000 drakes, or by hard labor. Fines and compensation are determined by magistrates, and may be paid to guards. In place of fines, the criminal may serve extended sentences of hard labor. The workcamps are hard places for hard man, and for each day served, expect to lose some hard-earned skills as a result of physical, mental, or emotional punishment.', ""That old sugar tooth? I'm not sure where he's living now. But ask Bacola Closcius, the owner ... he'll know."", ""Cavola Closcius? He's the owner. He must be around here somewhere.""]",NPC
Elder Scrolls Morrowind,2002,US,Piernette Beluelle,Female,"['A silver bowl given to my husband disappeared from my house recently. Do you know what happened to it?', ""That bowl disappeared from my house while I was visiting friends at Fort Pelagiad. My husband -- he's an officer in the Legions serving in Argonia -- received the bowl as a gift from grateful East Empire Company merchants. His file was escorting a Company courier when they were overwhelmed by bandits, but my husband slew the bandit chief and drove the bandits away. Were you... planning to return the bowl to me?"", ""Thank you very much. It means a lot to me and my husband. I'm sorry. I'm just a poor farmer, and have little to offer as a reward. But I've lived here for years, and my husband and I have many friends. Perhaps I can offer you some valuable advice on how to get best value for your goods. And can I introduce you to a good friend at Fort Pelagiad? Ygfa is a Healer and Imperial cult Adept. She might try to get you to join the Imperial cult. But that's not a bad thing."", ""I'm sorry. I'm a poor farmer. I have nothing to offer as a reward. And, as I am a defenseless woman, and my husband is away, I am at your mercy."", 'You are bold. And cruel. You may do as you wish. But I promise you. Others shall know of your disgraceful behavior.', 'Well, then, good day to you.']",NPC
Elder Scrolls Morrowind,2002,US,Pilus Amatius,Male,"[""Greeting, Citizen . I'm Pilus Amatius. Can I help you? This your first visit to Ebonheart? Is there some specific place you seek?"", 'I am Pilus Amatius, Noble.', ""Castle Ebonheart is a pair of forts on adjacent islands on the Systata Lagoon west of Vivec City. The Grand Council Chambers, along with the Imperial Commission, the Imperial guard quarters, the Imperial cult shrine, and the Duke's chambers, are in the castle's west keep. The Hawkmoth Legion Garrison is in the east keep, with the Skyrim Mission and the Argonian Mission in an outer court nearby. The East Empire Company has offices, warehouses, and docks east of the castle, and connects to the castle by a bridge. The great statue of the Imperial dragon in the East Empire Company plaza is a visual reminder of the Empire's power and wealth here in Morrowind. The Six Fishes Cornerclub is just across the bridge from the East Empire Company and inside the east gate of the castle. Nevosi Hlan offers ship passage to Vivec, Sadrith Mora, Hla Oad, and Tel Branora from the docks east of the dragon statue."", ""Morrowind is a peculiar mixture of Dunmer tradition and Imperial modernism. The council system of government works well, and the Temple provides shelter, education, and health for all. At the same time, the Legions and magistrates gaurantee rule of law and justice, and free trade has made everybody in Vvardenfell prosperous. But there's still a lot of race hatred, and slavery ought to be outlawed, regardless of 'sacred Dunmer customs.' And the proud Dunmer will always be bitter about the Occupation."", ""Dark Elves are the dark-skinned, red-eyed Elven peoples of Morrowind. The 'dark' part may come from their darl grey skin, but also from their gloomy dispositions. Folks call them 'Dark Elf' in the West, but they call themselves the 'Dunmer.' They have no sense of humor, and always take themselves very seriously. They look down their noses at all the other races -- particularly the Khajiit and Argonians, which they treat like animals.""]",NPC
Elder Scrolls Morrowind,2002,US,Ra'Gruzgob,Male,"['Meow.', 'Meow.', ""You like Ra'Gruzgob? Ra'Gruzgob likes you."", ""I'm Ra'Gruzgob, the Khajiit."", ""Ra'Gruzgob wants some MORE MOON SUGAR HERE!"", ""Hey, Lustidrike! Ra'Gruzgob wants some MORE MOON SUGAR HERE!"", ""I said, Ra'Gruzgob wants some MORE MOON SUGAR HERE!"", ""Why you look at Ra'Gruzgob that way?"", 'Fifty drakes, same as in town.', ""That's right. Ra'Gruzgob the Khajiit. How do you like my tail?"", 'What? You never seen a Khajiit before?', ""Hey, Ra'Gruzgob likes you."", ""Hey, Ra'Gruzgob likes you. Maybe Ra'Gruzgob tells you a little secret."", 'No moon sugar, no secrets.', ""Got any moon sugar for your pal Ra'Gruzgob?"", ""No moon sugar? No moon sugar for poor Ra'Gruzgob? Damn fleas..."", ""Ra'Gruzgob knows something you'd like. Ra'Gruzgob put it under his pillow. For the sugar-fairy."", ""You find Ra'Gruzgob's little secret? Ra'Gruzgob knows you like it."", ""Are you blind? Ra'Gruzgob's a Khajiit."", ""Orc? Ra'Gruzgob is no Orc!""]",NPC
Elder Scrolls Morrowind,2002,US,Ra'Virr,Male,"[""Ra'Virr knows why you are here. You want to buy Ra'Virr's famous Daedric weapons."", ""What? You say these are not Daedric weapons? No, you are right, but Ra'Virr is no liar. When you wish it, Ra'Virr's Fiend, Demon, and Devil weapons will be as sharp as fine Daedric and as light as a netch air sac. The magic lasts a short time, but long enough to punch through the toughest armor. Ra'Virr buys them direct from the Telvanni. You'll not find any cheaper in all Balmora.""]",NPC
Elder Scrolls Morrowind,2002,US,Ra'Zahr,Male,"['You want me to wear that skirt?', ""Give Ra'Zahr this skirt. Yes, Ra'Zahr wears the skirt."", ""Ra'Zahr does whatever says.""]",NPC
Elder Scrolls Morrowind,2002,US,Radd Hard-Heart,Male,"[""I don't think we've been introduced, outlander. I'm Radd Hard-Heart. How can I help you?"", 'The Buoyant Armigers have challenged us to a hunt. Go kill a Dwemer Centurion and bring me the scrap metal.', ""The Ordinators have challenged us to a hunt. They claim they will bring in the skin of a Corprus beast. We will do them one better by bringing in the scrap metal from a Dwemer centurion. The only Dwemer ruins I know of near here is Arkngthand, just to the north. But I hear it's been overrun by bandits."", 'Have you found the scrap metal?', 'Do you have the scrap metal?', ""Well? Where did you put it? I don't see any scrap metal."", 'Then go to a Dwemer ruin and find some. We will lose by default if we have nothing to show.', 'Have you found the scrap metal?', 'Do you have the scrap metal?', ""Yes, excellent. As you've gauranteed our victory over the Ordinators, I should probably give you a little something for your trouble. Here's 500 drakes."", 'Always happy to chat with people I like. And I like you.', 'I need a Knight Errant to rescue the hermit Jocien Ancois.', 'Jocien has been trying to teach the Erabenimsun of Imperial culture and virtue, but some Ashlanders do not appreciate his efforts. He was at the Erabenimsun camp, but was taken from there. Go find Jocien, deal with his captors, make sure he is safe, and report back to me.', 'Erabenimsun camp is in the wastelands of Molag Amur, the land of fire and smoke in southeastern Vvardenfell. Here. Let me mark it on your map.', 'Report on Jocien Ancois, Knight Errant.', 'Report on Jocien Ancois, Knight Errant.', 'You recued Jocien? Good. Now he can continue his good works here in Vvardenfell.', 'Always happy to chat with people I like. And I like you.', 'Go to Abernanit and rescue the Imperial citizen Dandsa.', 'She is being held captive in Abernanit, a cave on an island southeast of Gnaar Mok. Find her and get her out alive.', ""What's the situation with Dandsa?"", ""What's the situation with Dandsa?"", ""You rescued Dandsa? I'm glad to hear it, ."", 'You said you rescued her already...', 'Just ask, . You have my complete attention.', 'Go to Gnaar Mok and kill the pair of breeding netch that threaten the town.', ""Like I said, there's a pair of breeding netch north of Gnaar Mok. Kill them before they wander back into town again and report back to me."", 'Have you killed the breeding netch?', 'Have you killed the breeding netch?', 'So the Netch are dead? Good work, .', 'Always happy to chat with people I like. And I like you.', ""There's a necromancer up near Dagon Fel who calls himself Sorkvild the Raven."", ""The Dunmer despise necromancy. I can't say I like it much myself. We must prove to the Dunmer of Vvardenfell that the Imperial Legion is the first to root out necromancers wherever they try to hide. Find Sorkvild the Raven near Dagon Fell and kill him."", ""It's a village in the Azura's Coast region. Here, I'll mark it on your map."", 'Report on Sorkvild the Raven, Knight Bachelor.', 'Report on Sorkvild the Raven, Knight Bachelor.', 'Sorkvild the Raven is dead? Good work, .', 'You took care of that necromancer.']",NPC
Elder Scrolls Morrowind,2002,US,Raesa Pullia,Female,"[""I'm Raesa Pullia, Champion of the Legion garrison here at Buckmoth Legion Fort. And you're . Caius Cosades sent you, didn't he? Caius says you're the one to handle this Sixth House base near Gnaar Mok."", ""Only one trooper returned. He died soon after, horribly disfigured with corprus disease, and out of his wits. In his ravings, he spoke of a cavern on the coast -- he called it Ilunibi. It's not on our maps; try asking locals in Gnaar Mok. They fought with cultists and disfigured man-beasts -- corprus monsters, I think. They fled the attackers and got lost in the caves. Then they ran into a half-man creature named Dagoth Gares. This Dagoth Gares slew the rest of the patrol, but spared the one trooper. He told the trooper he was being spared, so he might tell others that The Sleeper Awakes, and The Sixth House has Risen, and Dagoth Ur is Lord, and I am his Priest, and All will be One with Him in the Flesh. The trooper awakened outside the caves and returned here. We couldn't recognize him, and he didn't respond to questions... just kept rambling on like a madman until he died."", ""I've heard of corprus diseased before, but never seen it. The trooper's flesh was swollen and covered with growths. His bones twisted and lost their shape. He spoke to himself, as if in a dream. We didn't recognize him at first, except for his clothing and armor. The fort captain tried spells and potions, but couldn't cure the disease. He died soon after he reached the fort. Didn't realize how fast corprus kills. It sure wasn't pretty. The troops seem shaken. I'm a little worried myself, to tell the truth."", ""That's what the dead trooper called the sea caverns where he found the Sixth House base. It's not on our maps, and no one here has heard of it. Maybe the locals in Gnaar Mok can tell you where to find it. Or you may have to search for it yourself."", ""Gnaar Mok is an island fishing village on the Bitter Coast, roughly west of Caldera and Ald'ruhn. Here. Let me mark it on your map. There is no marked route to Gnaar Mok from Ald'ruhn. It's no easy trip. Our patrols take the Balmora road. At the Gnisis-Balmora-Ald'ruhn signpost, go south, then immediately west on a side road to Drulene Falen's cottage. Then head crosscountry west to the coast, with the old Dunmer stronghold at Andasreth as a landmark. When you hit the coast, turn south. Follow the coast, wading around headlands when necessary. Pass a shipwreck. When the coast levels out and turns from barren rock to green swamp, you're in the Bitter Coast region. Keep south, with the water on your left, until you see Gnaar Mok, an island just off the coast. There's a crude plank bridge through some rocks to the island itself. It's a rough place, popular with adventurers, smugglers, and outlaws, but maybe someone in Gnaar Mok can tell you how to find the Ilunibi sea caverns."", ""I hear you took care of that Sixth House base in Gnaar Mok. That was quite courageous, considering the risks. I'm sorry I've no time to talk, but things are getting out of hand here, with the rumors of corprus disease and the Sleeper attacks. But any help you can give us in finding and cleaning out Sixth House bases will be greatly appreciated.""]",NPC
Elder Scrolls Morrowind,2002,US,Ragash gra-Shuzgub,Female,"['Hey! Baladas Demnevanni locked me up in here. Can you get me out?', 'Yes, I just came here to collect taxes as I was told, and he lock me up in this room! Can you get me out?', 'Yes, I just came here to collect taxes as I was told, and he lock me up in this room! Can you help?', 'Him letting me go? About time he did. I follow you out of here.', 'Why not? Why you not help me?', ""Thank you. Don't think I ever get out of that place.""]",NPC
Elder Scrolls Morrowind,2002,US,Ranabi,Male,"['What do you want?', ""Go away, stupid. I'd kill you, but it's not worth the trouble."", 'Oh, all right. If you insist....', 'You are the outlander who claims to fulfill the Nerevarine prophecies. What do you want?', ""Why do you bother us? We don't like you. Go away."", 'Nobody cares about that. You just make us tired. Go away.', ""You don't listen, outlander."", ""All right. If that's the way you want it...""]",NPC
Elder Scrolls Morrowind,2002,US,Ranis Athrys,Female,"['In order to advance to Conjurer, you must pay your Guild Dues of 200 septims. Will you pay these dues now?', 'Excellent, . Now that these formalities are out of the way, I can grant you the rank of Conjurer.', 'You cannot advance until you pay your dues. The Mages Guild Charter only allows us to accept Imperial coin.', 'Manwe has failed to pay her dues for several years, and she now owes us over 2000 septims. Allegedly she is researching something in Punabi, near Llarar Bereloth in Sulipund. If you can convince her to pay the dues, I will split them with you. Otherwise, kill her.', 'Leave Balmora going towards Fort Moonmoth to the east. Cross the old Dwemer bridge just north of the fort that leads into Molag Amur. Go past the Dwemer ruin and follow the winding trail east until you reach a lake. You will see Marandus to your south. I will mark this stronghold on your map. Head north from Marandus on the path between the hills. Punabi will be on your right and Sulipund is further up the path on the left. Just follow the signs to Molag Mar.', ""Have you convinced Llarar Bereloth to join us? Do you have Manwe's guild dues?"", 'Do you have the 2000 septims that Manwe owes?', 'Good work, . You are the first Conjurer to get Manwe to pay her dues. I knew I could rely on you.', ""Then go back to Manwe and get the dues from her. If you can't convince her, kill her. Don't come back here again until you got some results."", ""Have you convinced Llarar Bereloth to join us? Do you have Manwe's guild dues?"", ""The Telvanni name is Llarar Bereloth. He's in Sulipund. If you can't convince him to join, kill him. While you're there, collect the guild dues from Manwe. She is in Punabi, nearby."", 'Sulipund is just further along the trail from Punabi. Sulipund is just before the fork in the path.', ""Have you convinced Llarar Bereloth to join us? Do you have Manwe's guild dues?"", ""Good work, . Maybe he'll give us some info on the Telvanni. I suppose I could find something to give you for your efforts... Here, take these spare potions. And did you get Manwe's guild dues?"", 'What do you want, Conjurer ? Do you want more duties or not?', 'An Argonian at the South Wall Cornerclub is offering training in Restoration without the sanction of the Guild. I want someone to stop his unsanctioned training.', 'I have word that an Argonian is offering training in Restoration at the South Wall Cornerclub. This Argonian, whoever he is, does not have the sanction of the Mages Guild. Convince him to stop offering unsactioned training.', 'Have you taken care of that Argonian?', ""I don't believe you did take care of him. Go back and do the job right this time."", 'Then why are you here? Get that lizard to stop offering training.', 'Have you put a stop to that unsanctioned training?', 'Have you taken care of that Argonian?', ""Good. We can't allow just anyone to offer training in magic."", 'What do you want, Magician ? Do you want more duties or not?', ""The scholar Itermerel needs an escort to Pelagiad... But I want Itermerel's notes."", ""Itermerel has just arrived in Balmora and doesn't know his way around. He wants to be escorted to the Halfway Tavern in Pelagiad. I don't care if he makes it or not, . I just want a copy of his notes. He should be waiting at the Eight Plates."", 'Well, do you have the notes or not?', 'So you have the notes? Bring them to me.', ""Don't just stand there. Go find Itermerel and get his notes for me. My patience is limited."", ""I am waiting for Itermerel's notes."", 'Well, do you have the notes or not?', ""Good work, . You'll go far in the Mages Guild."", 'What do you want, Magician ? Do you want more duties or not?', 'I believe Tashpi Ashibael in Maar Gan has been practicing Necromancy.', ""Right. Tashpi lives in Maar Gan. She's the one who has been practicing necromancy."", 'Find Tashpi Ashibael in Maar Gan and kill her. The Mages Guild cannot tolerate necromancers.', 'Do the citizens of Maar Gan still have to worry about necromancy?', ""You've killed Tashpi? Good work, . These scrolls should help you deal with any other necromancers you find."", 'Do the citizens of Maar Gan still have to worry about necromancy?', 'Did you kill the necromancer?', 'She is truly dead? You have done me... the Guild, that is, a great service. These scrolls should help you deal with any other necromancers you find.', 'I do not see what could possibly be difficult about this assignment, . Find Tashpi Ashibael in Maar Gan and kill her.', 'What do you want, Warlock ? Do you want more duties or not?', 'I believe the Mages Guild has been infiltrated by a Telvanni spy.', ""Go to the Guild halls in Ald'ruhn, Vivec, and Sadrith Mora. I'm sure there's a spy. When you find the spy, do not take any action. Report back to me."", 'Have you found the Telvanni spy?', ""Yes, this is exactly the kind of proof I was looking for. Excellent work, . It's a shame that the guild is run by a scuttlehead with no sense or ambition like Trebonius. These credentials are the worst forgery I've seen in years. Even Ocato's name is misspeleld. Please take these scrolls and this dagger for helping the guild."", ""Imperial s'wit. He knows nothing of the Dunmer and even less of politics. When you're speaking with him, just nod your head and smile and then forget everything he said.""]",NPC
Elder Scrolls Morrowind,2002,US,Rasha,Male,"['Greetings, traveler. Rasha wishes you well and thinks you maybe can help him with some pressing business.', ""Yes. Most pressing. I have, you see, a shipment of clothing...fine clothing, it is...to get to Ald-ruhn. But, I fear other business draws me away. Perhaps, I think, you and I might come to an arrangement, yes? If you will deliver Rasha's shirts...these fine, fine shirts...to Bivale Teneran the clothier in Ald-ruhn, she will pay you for your services. And a generous woman she is. I would ask that you swear an oath to Zenithar to seal our arrangement, though. Yes. What do you think of my offer, hmmmm?"", ""No? Very sad for both of us. We both stood to gain much. Perhaps you are already cursed by Zenithar, yes? Perhaps he will not accept your oath. I must go. I don't want your curse to be rubbing off on me. No, not on me."", 'Must get fine shirts to marketplace.', 'I will find another way to deliver my shirts, you who are not helpful.', ""Most excellent, yes? We will both gain from this...I shall keep my good name, and you shall benefit from Teneran's generosity. Wonderful. Take care, Indoril, one should not take an oath sworn to Zenithar lightly. No, never lightly."", 'You swore by Zenithar you would deliver my shirts. Please, go now. I have given you the shirt from my back, and must have that delivery.', ""Yes, to Teneran my fine shirts must go. She is in Ald'ruhn, under the big shell."", 'Yes, we have made our arrangement. Now go, Oath-Swearer. You must deliver those shirts for me.', 'Your help was appreciated, friend of Rasha.', 'It is good the shirts have been delivered. I thank you.']",NPC
Elder Scrolls Morrowind,2002,US,Raven Omayn,Female,"['What brings you here, ? Do you want chores?', ""Daynali Dren, Mistress Dratha's Alchemist, needs five portions of muck."", 'Yes, I am looking for five portions of muck. Many alchemists sell it and you can gather it yourself from muckspunge. Once you have five portions of muck, bring them to me.', 'Do you have the five portions of muck?', 'Do not try my patience with lies and stories, . Bring me five portions of muck.', 'Then go get them.', 'Do you have the muck?', 'Do you have the five portions of muck?', ""Good. Here, take these hundred drakes for your trouble. I already have enough gravedust and green lichen to finish these potions of cure disease. It would be so much easier if everyone could cure themselves... You CAN do that, can't you?"", 'Good. Perhaps you are not totally hopeless. If you do not want any more chores, go about your business.', 'Oh, very well. (Raven instructs you in the spell.) There. Now if you do not wish for more chores, go about your business.', 'You already brought me five portions of muck.', 'What brings you here, ? Do you want chores?', 'Mistress Dratha wants a ring known as the Black Jinx.', 'Mistress Dratha has always had an interest in this ring. She believes that the ring is now here in Sadrith Mora. Acquire the ring and deliver it to me.', 'Have you found the Ring of the Black Jinx?', ""Why should I believe you if you won't show me the ring? Bring the ring to me or stop wasting my time."", 'Then keep trying. Surely someone here in Sadrith Mora has heard of it.', 'Did you find the Black Jinx?', 'Have you found the Ring of the Black Jinx?', 'Yes, this is it. Mistress Dratha will appreciate this. The ring can instill fear in others. I know a spell or two that are not as powerful as this ring, but I will teach them to you if you wish to learn.', 'Very well. (Raven teaches you how to demoralize your opponents.) If you want more chores, speak with the other Mouths.', 'If you want more chores, speak with the other Mouths.', 'I have no other chores for you. Check with the other Mouths. You may also speak with my patron, Mistress Dratha, but be warned that she does not like men.', 'You have already given me the Black Jinx.']",NPC
Elder Scrolls Morrowind,2002,US,Remasa Othril,Female,"[""Yes, we've had trouble with a Telvanni necromancer. He's still somewhere in Odirniran, and he's taken my sister hostage. We are still recovering from our last assault, but most of his minions are dead. Kill the necromancer and rescue my sister, Vedelea Othril. Please hurry, . Who knows what he's doing to her?"", 'You killed Milyn Faram and found Vedelea! Thank you, . We can take care of anything else left here in Odirniran.', ""You've helped us, . You should report back to Edryno Arethi.""]",NPC
Elder Scrolls Morrowind,2002,US,Rothis Nethan,Male,"['Are you here about that duel?', ""I'm a scholar, not a warrior. Why should I risk my life in this silly duel?"", ""Okay, I'll meet Beras Deras in the Arena... But you'll have to help me out. Bring me 10 standard potions of healing. That should give me a fair chance against Brethas Deras. I think Relms Gilvilo has these potions over at the Redoran Canton Temple."", 'Are you here about that duel?', ""Okay, I'll meet Beras Deras in the Arena... But you'll have to help me out. Bring me 10 standard potions of healing. That should give me a fair chance against Brethas Deras. Do you have the potions?"", ""Okay. Meet me in the Arena. I'll be there this time."", ""I'll be in the Arena to fight Brethas Deras. Just meet me there. I'll show up this time. Trust me."", ""I'm not fighting any duels without some way of evening the odds."", ""I won the duel! I still can't believe it. Perhaps the Tribunal favored me.""]",NPC
Elder Scrolls Morrowind,2002,US,Rufinus Alleius,Male,"[""Greetings, . I'm Rufinus Alleius. Can I help you? This your first visit to Ebonheart? Is there some specific place you seek?"", 'I have hunch, yes. Furius Acilius, who was banished from the Legion some time ago. He spoke of the armor before his leave, and of secret caves below the castle. Motive and opportunity; he seemed to have both. Ask about him at the Imperial Guard Garrison, he used to stay there.', 'As I said, ask at the Imperial Guard Garrison.']",NPC
Elder Scrolls Morrowind,2002,US,Sadal Doren,Female,"[""I'm looking for... a friend. He's a Khajiit. Goes by the name J'Saddha."", 'Yes, if you see him, please tell me where he is.', ""I'll take a look over there. Thank you, ."", ""I'm going to look around the ruins, like you said."", ""Right. Sure. He left town. I can't believe you thought I was that stupid. I don't like you, Dunmer . You better stay out of this."", ""You lied to me once, . I don't care what you say about J'Saddha, I'm staying right here."", ""I'm looking for... a friend. He's a Khajiit. Goes by the name J'Saddha."", 'Yes, if you see him, please tell me where he is.', ""I'll take a look over there. Thank you, ."", ""No idea where hwent? Damn. He's probably halfway to the mainland by now... Thanks, . I'd best start looking for the next slave on my list, then."", ""You said he left town. There's no reason for me to stick around here."", ""I'm looking for... a friend. He's a Khajiit. Goes by the name J'Saddha."", ""Now that he's dead, I can buy some new equipment, take a ship to the mainland, strike out on my own. There's nee dfor mercenaries in the Empire, I hear.""]",NPC
Elder Scrolls Morrowind,2002,US,Salyn Sarethi,Male,"['|This is Ghostgate, . And my name is Salyn Sarethi. Let me know if you need information. And if you have any news, or the latest rumors, please share them. We get few visitors here.', 'Yes, I said the Legion has no courtesy, wit, poetry, or honor. I will concede that you have wit and poetry if you can win a contest of riddles.', 'I will ask of you a riddle and you must give the answer as a rhyme. Are you ready?', 'It has a tail, a side, and a head. I call it what I call a snake. It has no body, and is dead.', 'You have lost the challenge. Go tell your commander that the Legions have no courtesy.', 'Just as I expected, you have proven that the Legion has no courtesy.', 'You have failed my challenge.', 'Come back when you are ready to meet my challenge.', ""Very good. Now for the next riddle: Poets know the hearts of Men and Mer. But beasts can't know my heart, you see. This book was written by a bear."", 'You have lost the challenge. Go tell your commander that the Legions have no courtesy.', 'Just as I expected, you have proven that the Legion has no courtesy.', 'You have failed my challenge.', 'Come back when you are ready to meet my challenge.', 'You are doing better than I expected. But the next riddle is harder still: I gave you a sock, not unlike a box. With hammers and nails all around it. Two lids open when it knocks...', 'You have lost the challenge. Go tell your commander that the Legions have no courtesy.', 'Just as I expected, you have proven that the Legion has no courtesy.', 'You have failed my challenge.', 'Come back when you are ready to meet my challenge.', 'Well. You have proven to me that you have wit and poetry. Perhaps the Legion has courtesy after all.', 'Yes, I admit I was wrong. You have proven to me that the Legion has courtesy.', 'Yes, you have proven to me that the Legion has courtesy. I admit I was wrong.', 'Come back when you are ready to meet my challenge.']",NPC
Elder Scrolls Morrowind,2002,US,Saprius Entius,Male,"[""Who are you? Are you in the Imperial Legion? The Ordinators have been looking for me. I've done a terrible thing. Can you... Look out! Behind you!"", 'Thank you. We should travel together back to Frald the White in Ebonheart.', 'Do you want me to follow you back to Ebonheart?', ""I'll stay here until you think it's safe."", ""I'll follow you to Frald the White. Try and avoid the guards."", 'Shall we travel together back to Ebonheart?', 'Do you want me to wait here?', ""I'll follow you to Frald the White. Try and avoid the guards."", ""I'll stay here until you think it's safe."", ""Thanks for getting me here safely. I'll stay here until Frald the White can get me back to Cyrodiil."", ""I'm staying here until Frald the White says it's safe."", 'Speaking.']",NPC
Elder Scrolls Morrowind,2002,US,Savile Imayn,Female,"[', or are you looking for something special?', '. Let me know if you see something you want.', ""The following slaves are available for purchase: S'Bakha, a Khajiit male; Manilian Scerius, an Imperial male; Menelras, a Bosmer male; Ciralinde, an Altmer female; Jadier Mannick, a Breton male, and Davina, a Redguard female."", 'Interested in something more refined? Ciralinde is the same price as the others. 1000 gold. And well worth it for such a rarity! An Altmer slave!', 'Surely you would not turn down such an offer? I acquired her legally. She was a wanted criminal.', ""Unfortunately, I have just been informed that we've lost Ciralinde recently."", ""I'm sorry but you don't have enough gold to afford my fine slaves."", 'Well, well. Ciralinde is now yours. She will be carefully removed from the slavepit and should be waiting for you just inside. I hope you enjoy your purchase.', 'Ciralinde is yours. I hope everything works out. Altmer are unaccustomed to slavery.', 'Redguards make fine servants. Especially Redguard women. They are just as hardy as the men, but less rebellious. She is 1000 drakes just like the others.', 'Come back when you change your mind.', ""I just heard that Davina met with a small accident while waiting for sale. I'm afraid she is no longer available."", ""I'm sorry but you don't have enough gold to afford my fine slaves."", 'Davina is now yours. I will have her brought forth from the slavepit. She should be waiting just inside.', 'You already purchased Davina. I hope you are satisfied with her work.', ""You are looking for a Breton? I am pleased. I thought I might never get rid of this one. He'll make a fine slave, I'm sure. It's just that Bretons are not as hard working as Orcs or Argonians. He is the same price as the others. 1000 drakes."", 'Come back when you change your mind.', 'Alas, I cannot not offer him to you. I heard that Jadier Mannick died recently.', ""I'm sorry but you don't have enough gold to afford my fine slaves."", 'Very well. Jadier Mannick is now yours. I will give the orders to have him removed from the slave pit. You can find him just inside.', 'You already purchased him. I trust there was nothing wrong with the sale?', 'Imperials are hard workers, but you have to watch them. Especially this one. He is the same price as the others, 1000 drakes.', 'Come back when you change your mind.', 'Alas, I cannot not offer him to you. I believe Manilian is dead.', ""I'm sorry but you don't have enough gold to afford my fine slaves."", 'Very well. Manilian Scerius is now yours. I will give the orders to have him removed from the slave pit. You can find him just inside.', 'You already purchased Manilian. I hope he is working hard for you.', 'The Bosmer are the truly the least of the elven races. He is the same price as the others, 1000 drakes.', 'Come back when you change your mind.', 'Alas, I cannot not offer him to you. I believe Menelras is dead.', ""I'm sorry but you don't have enough gold to afford my fine slaves."", 'Very well. Menelras is now yours. I will give the orders to have him removed from the slave pit. You can find him just inside.', 'You already purchased Menelras. I hope he is working hard for you.', 'Ah, a traditionalist. The Khajiit are naturally well suited for slavery. He is the same price as the others, 1000 drakes.', 'I suspect you are going to buy him just to set him free. It makes no different to me. I get paid either way. 1000 drakes.', 'Come back when you change your mind.', ""Alas, I cannot not offer him to you. I believe S'Bakha is dead."", ""I'm sorry but you don't have enough gold to afford my fine slaves."", ""Very well. S'Bakha is now yours. I will give the orders to have him removed from the slave pit. You can find him just inside."", ""You already purchased S'Bakha. I hope he is working hard for you."", ""I'm sorry, but all we have at the moment are standard household slaves. Would you like me to tell you about them?"", ""One of my slaves who has run away. Bring him back, and I'll reward you. Or...just kill him. It's a good lesson to teach the others."", ""Got rid of an escapee for me, did you, bounty hunter? Well, I'd rather have them back alive, but it serves as a good example to the rest. Here's the reward."", ""Brought one back for me, have you? Good work, bounty hunter. Good for the others to see, you know. Let them know there's no escaping this place. Here's your reward."", 'I do not have any slaves right now that would be suitable as wives... But for 2000 drakes, I could purchase two and send them to your manor. Is this acceptable?', 'Agreed. As soon as I find two suitable slaves, I will have them sent to your manor.', 'Yes, I will send the slaves to you as soon as I find them. I will keep my word, .', 'Good luck finding someone to live out there. If you change your mind, I will be here.', ""Welcome, , to the Festival Slave Market, the finest slaves in Vvardenfell! I'm Savile Imayn, and I know we have the slave for you. Are you looking for standard household slaves, , or are you looking for something special?"", 'You need a slave to pose as a high-born Telvanni lady? Sweet Alma, that Sonummu Zabamat and her cunning plans.... I do have the slave you want, Falura Llervu, a pretty Dunmer girl. But first you must get an exquisite shirt, an exquisite skirt, and exquisite shoes, to dress her in. Go get these exquisite clothes and bring them to me, and then we will discuss a price for her.', ""Where can you get exquisite clothes? Tel Mora, Elegnan the Clothier -- she has some VERY nice things. See these clothes I'm wearing? Exquisite shirt? Exquisite skirt? Exquisite shoes? I bought them at her shop. Maybe you should try her. When you have the exquisite clothes, we can talk about the 'something special' you are looking for."", 'No. This will not work unless we do it my way. You cannot change my mind on this. When you have an exquisite shirt, an exquisite skirt, and exquisite shoes to dress Falura Llervu in, then we will discuss her price.', ""Good. These clothes are perfect. Hold onto them. You'll give them to her when you've bought her. But I need a little more time to coach Falura Llervu to play the part of a high-born Telvanni lady. I know just the thing we need! Go get a bottle of Telvanni Bug musk perfume! Try Bildren Areleth the Apothecary here in Tel Aruhn or Jolda the Apothecary in Tel Mora. That will make Falura Llervu completely irresistible! Go! Hurry!"", 'No. This will not work unless we do it my way. You cannot change my mind on this. When you have brought me the Telvanni Bug Musk perfume I asked you for, then Falura Llervu will be ready, and then, and only then, we will discuss her price.', ""You have the Telvanni Bug Musk? Excellent. No, don't give it to me. You'll give it to her when you have bought her. Now. Let me tell you my price. For this superb specimen, skillfully coached to play her part in your little scheme, I am pleased to accept from you the modest sum of 1200 drakes. And I only offer you this special price out of my friendship for Sonummu Zabamat."", ""I'm sure it won't take you long to raise the funds. We'll be here, waiting, until you return."", ""Of course, of course. But don't take too long. I'm sure I could sell her for twice the price to another client."", ""Very good. Thank you for your custom, and come back soon. Now, here's the key to her cage. I've removed her slave bracers. When you're ready, you should speak to Falura Llervu, give her the presents -- the exquisite clothes and Telvanni Bug Musk -- and explain to her that she is to follow you back to Zainab camp to meet her future husband, Ashkhan Kaushad."", ""Well.... Since I like you, I'll take 1100 drakes. Thank you for your custom, and come back soon. Now, here's the key to her cage. I've removed her slave bracers. When you're ready, you should speak to Falura Llervu, give her the presents -- the exquisite clothes and Telvanni Bug Musk -- and explain to her that she is to follow you back to Zainab camp to meet her future husband, Ashkhan Kaushad."", ""Yes. Yes. I believe that is a fair price. Thank you for your custom, and come back soon. Now, here's the key to her cage. I've removed her slave bracers. When you're ready, you should speak to Falura Llervu, give her the presents -- the exquisite clothes and Telvanni Bug Musk -- and explain to her that she is to follow you back to Zainab camp to meet her future husband, Ashkhan Kaushad."", ""You drive a hard bargain. But I like to see a happy customer. I'll accept your offer, and thank you for your custom. Now, here's the key to her cage. I've removed her slave bracers. When you're ready, you should speak to Falura Llervu and explain to her that she is to follow you back to Zainab camp to meet her future husband, Ashkhan Kaushad."", 'Falura Llervu is yours now. do with her as you will.']",NPC
Elder Scrolls Morrowind,2002,US,Segunivus Mantedius,Male,"['Ebony? Why do you have ebony? Are you a licensed trader?', 'Odral Helvi ordered you to deliver the ebony? To whom?', 'Give me the ebony, and I will investigate Drinar Varyon and Odral Helvi. If what you say is true, I will have them both arrested.', 'This matter is now out of your hands. I will send men to investigate Odral Helvi and Drinar Varyon. If they can confirm your story, I will have both of them arrested.', 'I assure you I will investigate this matter.', 'If you keep the ebony, I will be forced to have you arrested for failing to cooperate with an Imperial investigation.', ""That's a very interesting story. I'm not sure if I believe it. I'm going to pretend this conversation never happened."", 'Go about your business then.']",NPC
Elder Scrolls Morrowind,2002,US,Sellus Gravius,Male,"[""I am Sellus Gravius. But my background is not important. I'm here to welcome you to Morrowind."", 'I am Sellus Gravius, and Knight Errant of the Imperial Legion.', 'I am a Knight Errant of the Order of Ebonheart, and an Imperial emissary attached to the Census and Excise Office here in Seyda Neen.', ""First, let me take your identification papers. Thank you. Word of your arrival only reached me yesterday. I am Sellus Gravius. But my background is not important. I'm here to welcome you to Morrowind."", ""Yes. You're in Morrowind. I don't know why you're here. Or why you were released from prison and shipped here. But your authorization comes directly from Emperor Uriel Septim VII himself. And I don't need to know any more than that. When you leave this office, you are a free man. But before you go, I have instructions on your duties. Instructions from the Emperor. So pay close attention."", ""This package came with the news of your arrival. You are to take it to Caius Cosades, in the town of Balmora. Go to the South Wall Cornerclub, and ask for Caius Cosades -- they'll know where to find him. Serve him as you would serve the Emperor himself. I also have a letter for you, and a disbursal to your name."", ""Report to Caius Cosades in Balmora. I can't tell you where to find him, but you are to go to the South Wall Cornerclub and ask for him. Someone there can direct you to him."", ""Balmora is north of Seyda Neen. The road passes Pelagiad village and Fort Pelagiad, crosses a deep ravine, passes Fort Moonmoth, then turns west across the Odai River and into Balmora. The South Wall cornerclub is in southeast Balmora, on the east side of the river. For more detailed directions, talk to Elone the Scout at Arrille's Tradehouse here in Seyda Neen. But take my advice. You're new here. Take the silt strider to Balmora. Fast, cheap, safe. Cross the bridge and head east. Can't miss it."", ""Silt striders carry passengers and cargo between settlements on Vvardenfell. Fares depend on the distance to be traveled. Silt striders are giant insects. A compartment for passengers and cargo is hollowed from the creature's shell; the driver directs the beast by directly manipulating exposed organs and tissues. Silt striders travel between Ald'ruhn, Balmora, Seyda Neen, Suran, Gnisis, Molag Mar, Maar Gan, and North Landing near Vivec."", ""Yes, Uriel Septim is still the Emperor. According to my instructions, he personally authorized your release from prison and your delivery here. It's all very mysterious. But that's the way the Empire works. Silence. Secrecy. Let not the left hand know what the right hand is doing."", ""Yes, of course this is the Empire. This is Vvardenfell District of the province of Morrowind. And Morrowind has been part of the Empire for over 400 years. The current Emperor is Uriel Septim, 24th of the Septim line. You haven't been in prison that long, have you? Nothing wrong with your head, is there? The men said you were acting a little strange when you they brought you from the ship."", 'Your timing is excellent. I am looking for someone to lead a band of adventurers to Firemoth Fort.', ""This Imeprial fort offshore to the west was captured years ago by the undead horde of Grurn, who literally marched out of the ocean and overran the garrison there. The survivors were forced to leave behind the Ward of Akavir, and I'm looking for someone to lead a group to retrieve it. Are you up for it?"", 'Not the answer I was hoping for. I hope you reconsider.', ""Excellent. Head out back to the dock. You'll meet your crew there. Talk to the boat captain about the trip to Firemoth. May the Divines go with you, and with our blessings."", 'It is imperative that you return the Ward of Akavir to me. We must avenge our humiliating defeat there.', ""It's an enchanted shield made from the skin of a dragon. The Legions hold this priceless in high regard. It must be retrieved from Firemoth Fort if we are to preserve our honor."", 'What is the situation with Firemoth Fort?', 'It is imperative that you return the Ward of Akavir to me. We must avenge our humiliating defeat there.', ""You have found it! After these many years, at last this ancient emblem of the Legions' honor is restored. Here is your reward of 3000 gold, with my thanks, and your valor shall be noted in my dispatches to the Imperial City. Safe travels, my friend."", 'The undead rule it now. It was overrun many years ago. Once a strategic strongpoint guarding the Inner Sea, now it is an all-but-forgotten ruin.']",NPC
Elder Scrolls Morrowind,2002,US,Sendus Sathis,Male,"['Any way I can be of assistance, . Just tell me what you want to know.', 'Food and drink? Do you have it with you?', ""You're here to deliver my food and drink?"", 'Kwama eggs again? Well, I should be thankful the Temple supports an old hermit like me.', 'I have what I need, thank you.', 'Ah, well someone will be here soon.']",NPC
Elder Scrolls Morrowind,2002,US,Senilias Cadiusus,Male,"[""I'm Senilias Cadiusus and this is my daughter, Pania. We are excavating these Dwemer ruins. Oh, I see you have a letter from Hasphat Antabolis. And you come recommended. Splendid. Perhaps you could help us out. Our native guide, Anes Vendu, is missing."", 'He was taking notes for our next excavation report, and he must have taken it with him when he disappeared. Somehow he must have gotten into the lower levels. Would you try and find him?', ""Anes Vendu took the excavation report with him, and I can't figure out how to get to the lower levels."", 'Did you find Anes Vendu? Did you get the excavation report?', 'I feared he might be dead. This is terrible news. I should never have let him explore the ruins alone. Did you find the excavation report?', ""Anes Vendu took the excavation report with him, and I can't figure out how to get to the lower levels."", 'We will carry on our work in his honor.', ""Hm. This book is written in both Dwemer and Aldmeris. If you can find a scholar who can read Aldmeris, this might well be the translation key we've been looking for! This is a very exciting discovery. I only wish Anes Vendu could share it with us."", 'You again? Are you here to help with the excavation?', ""I won't be late with the next excavation report.""]",NPC
Elder Scrolls Morrowind,2002,US,Shadbak gra-Burbug,Female,"[""New-Shoes Bragor broke the law. He has to serve his time. There's nothing I can do."", 'Where did you get that Dwemer artifact? I bet you stole it from Mebestien, thief!', ""I'll teach you a lesson, thief!"", ""Okay, you got me this time. I'll let him go. But it's not over between us, . I'll remember you.""]",NPC
Elder Scrolls Morrowind,2002,US,Sharn gra-Muzgob,Female,"['I CANNOT think with all these interruptions. PLEASE leave me alone.', ""What? Are you DEAF? No interruptions! I can't think!"", 'Bonemeal is a fine-ground powder from the bones of man-like races. Alchemists have identified its magical properties, and use it in various preparations.', 'Bonewalkers are among the distinctive ancestral revenants that guard Dunmer burial sites, and which may be summoned as spirit guardians. Among the undead, they are less worrisome than their more powerful manifestation, the Greater Bonewalker.', ""Ajira made a bet with Galbedir about who would get to the rank of Journeyman first. I hope it doesn't end with more flame atronachs in the guild library like last time."", ""A rat's nest. Unsound practices. Slipshod scholarship. Politics. Lamebrains and lunatics. But essential for research. And worthwhile for the discounts on services, if nothing else. Marayn Dren here, she's not so bad. Good intentions. And Edwinna Elbert, over in Ald'ruhn. Interesting projects. A bit out of touch, perhaps. But sound and sensible."", ""In the Empire, necromancy is a legitimate discipline, though body and spirit are protected property, and may not be used without permission of the owner. But in Morrowind, the Dunmer loathe necromancers, and put them to death. That's absurd, of course, since the Dunmer summon their OWN dead to guard tombs and defend the family. Sacred necromancy is righteous, while philosophical necromancy is evil. It's primitive superstition, that's all."", 'Very interesting. So you are this Nerevar hero, reborn? Do you remember anything from the life of this Nerevar? Can you think like him? Talk to him? Are you like a lich, with the spirit of this old dead hero riding your flesh? Very interesting, indeed. Here. Stick out your tongue. Can you feel it when I do THIS? I must make a careful examination of you for my... mystical studies.', 'Now YOU are the expert on the Nerevarine cult, eh, Nerevarine?', 'The Temple and the Western cults have often dismissed visions and prophecy as primitive superstition. But, in fact, it is foolish prejudice against ancient, secret wisdoms that prevents us from unlocking the secrets of the universe.', ""No. Of course not. I can't teach you spells. I'm NOT a necromancer. No. Absolutely not. Not a necromancer."", ""Where did you get that? That's MY copy of Legions of the Dead. Oh, all right. I'm a necromancer. Look. I'll teach you a spell, but you'll have to keep your mouth shut about this. I can teach you the Summon Ancestral Ghost spell, or, if you prefer, I can teach you Summon Skeletal Minion."", ""As you wish. It's a simple matter, really. (Sharn takes you aside and teaches you how to summon an ancestral ghost.) Now. Remember. You said you'd keep quiet about this."", ""As you wish. It's a simple matter, really. (Sharn takes you aside and teaches you how to summon a skeletal minion.) Now. Remember. You said you'd keep quiet about this."", 'I can teach you more necromancy spells. For a price, of course. And as long as you keep quite about this.', ""No. No interruptions! How many times.... Oh. You are one of Caius' associates? That is a different matter. Caius and I have a very satisfactory arrangement, and I'm sure we can come to some sort of agreement, if you will complete a little errand for me."", ""The errand, then, is very simple. I need the skull of Llevule Andrano. You'll find it in Andrano Ancestral Tomb. But take care not to upset the natives. The Dunmer have some peculiar primitive prejudices against necromancy, and take grave objection to unauthorized tomb visits."", ""He was no one special. A journeyman enchanter. There may be many skulls in Andrano Tomb, but you'll have no problem recognizing Llevule's skull from the ritual markings."", 'The tomb is south of Pelagiad, just off the road, just before you reach the fork where the road goes southwest towards Seyda Neen and southeast to Vivec. You may need an enchanted blade. Some spirits are immune to normal weapons. Here. Take this old shortsword. And maybe these old scrolls will come in handy.', 'Yes. Andrano Ancestral Tomb. South of Pelagiad. Just off the road. Just before the fork where the road goes southwest towards Seyda Neen and southeast to Vivec.', 'Again? Is this about the errand you are doing for me?', ""When you've completed the errand, then we can discuss the information Caius wants."", ""When you've taken care of the errand, we can discuss the Nerevarine cult."", 'Again? Is this about the errand you are doing for me?', ""Very good. I'll just take that skull from you. Perfect for what I have in mind. Thank you. Now. As I promised. I'll answer your questions on the Nerevarine cult. Go ahead."", ""Yes, yes. You've completed the errand, and I'm quite satisfied."", 'This Ashlander cult believes the long-dead hero Nerevar will be reborn to honor ancient promises to the tribes. According to legend, the prophesied Nerevarine will cast down the false gods of the Tribunal Temple, restore the traditional ancestor worship practiced by the Ashlanders, and drive all outlanders from Morrowind. Both Temple and Empire outlaw the cult, but it persists among the Ashlanders, who care little for Imperial or Temple law. Here. Take this copy of my notes on the topic for Caius.', 'I gave you a copy of my notes for Caius. Read them.', ""The Temple refers to any demented impostor who claims to be the Nerevarine as the False Incarnate. The Temple treats such persons as insane, and Ordinators pursue and imprison them for their own protection. The Temple has reported that the most recent False Incarnate, a girl child named Peakstar, has died, but they've produced no body, and skeptics are suspicious of Temple claims."", ""Nerevar is a First Age hero of the Dunmer people. He was a great general and leader. He helped form the First Council, and united the Dunmer Houses against foreign invaders aided by the traitors of House Dagoth. He triumphed over Morrowind's enemies at Red Mountain, but died in the battle."", ""The Ashlanders have a prophecy that the legendary hero Nerevar will be reborn. They call this reincarnated hero the 'Nerevarine'."", 'Ashlander culture honors dream visions and prophecy, unlike the Temple and the Western cults, which regard visions and prophecy as primitive superstition. Wise women interpret dreams and visions, and pass them on to succeeding generations. The most common version of the Nerevarine Prophecy is THE STRANGER. Did you know that Nerevar was known to possess a magical ring named One-Clan-Under-Moon-and-Star. Nerevar swore his promise to honor ancient Ashlander traditions and land rights on this magical ring.', ""The most recent case of a person claiming to be the Nerevarine is a girl child named Peakstar. After a long period of searching unsuccessfully for her, the Ordinators recently reported that Peakstar is dead. That may be true, but I haven't heard that the Temple has offered any convincing proof that she is dead."", ""Yes. You've been quite helpful. And if there's more you want to know, please ask.""]",NPC
Elder Scrolls Morrowind,2002,US,Shazgob gra-Luzgan,Male,"[""I was dissapointed in Mossanon. A pleasant, hard-working clerk. Then, suddenly, completely unreliable. Before he went missing, I heard that he had been seen frequently coming and going from the Guildguide service at the Mages Guild in Vivec's Foreign Quarter. It seemed odd that a clerk with modest pay could afford to teleport so often.""]",NPC
Elder Scrolls Morrowind,2002,US,Sheogorath,Male,"[""What is it, mortal? Have you come to be of service to Sheogorath? That in and of itself speaks toward your madness. This pleases me. Fetch the Fork of Horripilation from the mad hermit near Ald Redaynia. Take care with him. He's not the most...stable man. Use the Fork wisely, mortal. Few have wielded it who have not come away changed. Use the Fork to strike a deathblow to the giant bull netch that resides near the hermit. Do this, return the Fork of Horripilation to me, and Sheogorath will reward you well."", ""Ah...I see you have completed my little errand. Well done. Perhaps you've gotten a taste of madness as well? Do not believe madness to be a curse, mortal. For some, it is the greatest of blessings...a bitter mercy perhaps, but mercy nonetheless. Give me the Fork of Horripilation. I believe I have something more suitable for your needs. Go now. Remember what you have seen.""]",NPC
Elder Scrolls Morrowind,2002,US,Silm-Dar,Male,"['Are you ready to sail to Firemoth Fort?', ""Hold on and we're on our way."", 'I will wait here until you are ready.', 'Are you ready to sail back to Seyda Neen?', ""Hold on and we're on our way."", 'I will wait here until you are ready.']",NPC
Elder Scrolls Morrowind,2002,US,Sinnammu Mirpal,Female,"[""Why do you trouble us, outlander? We have nothing worth taking. Why don't you leave us alone?"", 'The Devil is Dead, and the Blight is gone. Thank you, Indoril. Thank you, Nerevarine. You have made Morrowind safe for all of us.', 'Have you given courtesy first to my gulakhans? No? Have you no manners? Go. Do what you should before I will speak with you.', 'The gulakhans of the Ahemmusa are Kausi, Herder and Initiate; Dutadalk, Hunter and Brother; and Yenammu, Scout and Brother.', 'You are an outlander. It is no surprise that you do not know how to behave. But it is a surprise that you do not know how to listen. We will not speak of this until you have shown courtesy to my gulakhans.', 'I have heard of an outlander who seeks to fulfill the Nerevarine prophecies, and to be named Nerevarine. Are you that outlander?', 'So you have recovered the Amulet of Ashamanu. Urshamusa Rapli told me of her vision. And now you are come. You have done the tribe a great service. But perhaps you may do us a greater service yet. I have heard of an outlander who seeks to fulfill the Nerevarine prophecies, and to be named Nerevarine. Are you that outlander.', 'We know of these prophecies. We have also heard that an outlander comes to fulfill these prophecies. Perhaps you are that outlander. Perhaps not.', 'I know the prophecies. I know an outlander, clanfriend of the Urshilaku, has done great deeds, and claims to fulfill those prophecies. Are you that outlander? And why are you here?', 'The Ahemmusa have no ashkhan. I am the wise woman of the Ahemmusa, and I speak for the tribe.', 'I will examine your proofs, and you will tell me your story. And if I am satisfied, according to custom, and with reference to the prophecies, I will name you Ahemmusa Nerevarine. But there will be a price. The Ahemmusa need a safe place, and you will provide that safe place.', 'In seasons past, when threatened, the Ahemmusa could take shelter in the ruins of Ald Daedroth. But now the priestess Hlireni Indavel has come and restored the Daedric shrine, and worshippers of Sheogorath dwell there, protected by terrible sorceries and summonings. First, you will go to Ald Daedroth and make it safe for the Ahemmusa. Then you will return, and I will accompany you there, and if Ald Daedroth is a safe place for my people, then I will name you Nerevarine.', 'For those who serve Sheogorath, the Mad Lord, there is no good or evil, right or wrong, true or false, real or unreal. For them, there is only what they want, and what they see. With such carelessness, only the very strong and very lucky cultists survive, while the weak provide sport and amusement for the others. And the Spawn of Sheogorath are never twice the same, and each more terrible than the next. It is an evil cult, and dangerous.', 'The Ald Daedroth Daedric site is a shrine to Sheogorath, the Mad Lord. The surface ruins are on an island a great distance north as the racer flies.', ""All I know is that she is a Dunmer, and she and her followers have defied the Temple's ban against the worship of the Four Corners of the House of Troubles, the four Daedra Lords, Mehrunes Dagon, Molag Bal, Malacath, and Sheogorath. Since so many Ordinators are busy fighting the hosts of Dagoth Ur at Ghostgate, many of the abandoned Daedric sites are once again inhabited."", ""The Ordinators, the priest-soldiers of the Temple, have the duty of keeping worshippers from restoring the old Daedric sites scattered throughout the wastelands and along the rocky coasts and islands of Vvardenfell. Now these Ordinators are busy elsewhere, and the old Daedric sites are coming back to life. Some traders reported a ship carrying a few Ordinators has sailed from Molag Maar (sic) (Do not change this to Molag Mar. This misspelled word is how it appears in-game.) for Ald Daedroth, but my timid scouts won't dare approach the island."", 'When the Velothi first came to Morrowind, they worshipped our most terrible ancestors, the Daedra Lords. Legends say the Daedra Lords themselves built these great shrines, because mortals could not build anything grand enough to suit them. When the Tribunal claimed to have tamed the Daedra Lords, they forbid the worship of the Bad Daedra, Malacath, Mehrunes Dagon, Molag Bal, and Sheogorath.', ""For thousands of years, the Temple kept these ancient shrines closed, but in recent years, as Dagoth Ur grew stronger and the Temple weaker, there were fewer and fewer priest-soldiers, and they were all sent to Ghostgate. Now the Temple can't keep the witches and warlocks of the Daedra cults from bringing the old shrines back to life."", ""First you will go to Ald Daedroth. You will make it safe for the Ahemmusa. You are the hero. You decide what must be done. We are not traders, to haggle over the meaning of 'safe.' We are not a warlike people. We are not strong with warriors and witch-wizards. Make Ald Daedroth safe for us. Then, when I accompany you to Ald Daedroth, then you and I will judge whether it is safe."", 'When you are sure Ald Daedroth is safe, then you will return here to me. Then I will accompany you, and together we will cross the water to Ald Daedroth. If I may pass in safety to the old sanctuary and see the great statue in the inner shrine, then the place is safe for my people. I have not the arts of war, but I have courage. I wager my life against the safety of my people. But if Ald Daedroth is not safe... if I die on my journey... remember... if I die, you will not be named Ahemmusa Nerevarine.', 'I have not the arts of war, but I am a wise woman, and not without power. I can walk upon the water... perhaps not so fast as a great witch-warrior, but fast enough. And while we are on our water journey, if you are hero, you will protect me from slaughterfish and other creatures. And if you are not, I shall perish, and you shall not be named Nerevarine.', 'Have you made a safe place for the Ahemmusa? Or is there something else you want?', 'Have you made Ald Daedroth a safe place for the Ahemmusa? If I may pass in safety to the old sanctuary and see the great statue in the inner shrine, then the place is safe for my people. If Ald Daedroth is safe, are you ready for me to accompany you there and test with our lives whether it is indeed safe?', 'Very well, . Now I will accompany you to the Daedric shrine on Ald Daedroth. And when you have brought me to the old sanctuary beneath the ruins, and I may see the great statue of Sheogorath in the inner shrine, then I will surely know that you have made Ald Daedroth safe for the Ahemmusa, and I will name you Ahemmusa Nerevarine. Go ahead, and we will speak further before the great statue.', 'Very well, then. I will wait here for now. When you are ready, come to me, and I will accompany you to Ald Daedroth to see if it is safe.', 'Yes, we are going together to Ald Daedroth, where we will see if you have made it safe for the Ahemmusa. I will accompany you until we stand before the great statue, where we will speak further.', 'I am accompanying you to Ald Daedroth, where we will see if you have made it safe for the Ahemmusa. I will accompany you until we stand before the great statue in the inner shrine, where we will speak further. Do you wish me to continue accompanying you?', 'Very well, . I will accompany you to Ald Daedroth, and we will speak further when we stand before the great statue.', 'Very well, then. I will wait here for now.', 'Yes, . Are you ready now for me to accompany you to Ald Daedroth?', 'Are you ready now for me to accompany you to Ald Daedroth?', 'I said I would accompany you, , to see if you had made Ald Daedroth safe for the Ahemmusa. You have fulfilled my conditions. Thank you, . The Ahemmusa shall be saved. And if you wish, now I shall name you Nerevarine of the Ahemmusa.', 'I have accompanied you to the place made safe for the Ahemmusa. And so, if you wish, I shall name you Nerevarine.', 'This site is an ancient shrine to Sheogorath, the Mad Lord. But now it will also be a refuge for the Ahemmusa in times of trouble.', 'You have made this place safe for the Ahemmusa. And so I name you Ahemmusa Nerevarine, War Leader of the Ahemmusa, and Protector of the People. I also give you the Madstone of the Ahemmusa, which shall be a sign to all Dunmer, that you are the Nerevarine, and that the Ahemmusa shall follow you, in all things, even unto death, until the Enemy is defeated, or until you are dead. Now, I can stay only briefly. Soon I must return to Ahemmusa camp and make preparations to relocate here.', 'Yes. I did accompany you to Ald Daedroth, and I did name you Ahemmusa Nerevarine. Now I shall remain here and await the arrival of the tribe. It will take some time to make preparations, and there is much to be done here.', 'Have you made Ald Daedroth safe for the Ahemmusa? Have you dealt with the priest Hlireni Indavel? Are there cultists or creatures of Sheogorath to threaten us? Are there any other dangers that may cause us harm? Remember... to make sure it is safe, I must accompany you to Ald Daedroth, and see for myself. If I die on my journey, it is not safe... and you shall not be named Ahemmusa Nerevarine.', 'You have made Ald Daedroth a safe refuge for the Ahemmusa. Thank you, .', 'Yes. Ald Daedroth is indeed a safe refuge for the Ahemmusa. Thank you, .', 'You know that I can walk on water. You have seen for yourself.', 'She is no longer a concern.', 'She is the priestess of Ald Daedroth. But now you have shown that she and her cultists are no threat to us. Now the Ahemmusa and the followers of Hlireni Indavel will learn to live in peace.', 'I have named you Ahemmusa Nerevarine, War Leader of the Ahemmusa, and Protector of the People. You have saved the Ahemmusa. Now we hope that you shall also fulfill the other Nerevarine prophecies. I can stay only briefly. Soon I must return to Ahemmusa camp and make preparations to relocate here.', 'I have named you Ahemmusa Nerevarine, War Leader of the Ahemmusa, and Protector of the People. You have saved the Ahemmusa. Now we hope that you shall also fulfill the other Nerevarine prophecies.', 'You are the Ahemmusa Nerevarine. I have named you, and given you the Madstone, so that you may be known to all Peoples of the Wastes.', 'The Madstone of the Ahemmusa is a protection against the spells of witch-warriors. When you use it, and touch your enemy, it causes the voices of the ancestors to cry out in his head, confusing him, and fuddling his witcheries. I warn you, though; when you use the Madstone, the ancestors also cry out in your ears, so you, too, are made mad by their wailing. It is the Madstone. Perhaps it will not please a wizard, but it may greatly please a warrior.', 'The Ahemmusa owe you great thanks, Nerevarine, and wish you well.', 'I will not meet with this Argonian. I might send my apprentice, Minabibi, for it is time she saw how you foreigners live and left her childish notions behind her. She is in the Favel Tomb.', 'Minabibi does not respect our ways. She is like a sister to every foreigner who visits our camp. I fear she will not make a good wise woman.', 'It is west of our camp. Go west along the coast, past the ruins. If you reach the Ashlands, turn back. Outcasts from our tribe live nearby. They are dangerous. Avoid them if you can.', 'I know the spirit of Kanit Ashurnisammis is at rest. Before I send my apprentice to this Skink, I will ask a question. Did you pacify the spirit, or did Minabibi pacify the spirit?', 'I know you speak the truth, Indoril. I do not need such as her for an apprentice. I will send her to talk with this Argonian.', ""So be it. I will send my apprentice to talk with this Skink, but I do so for the honor of the Ahemmusa. She will soon see the error of the foreigners' ways and return to us. She will make a fine Wise Woman when my duties are done."", 'I will send my apprentice, Minabibi, to speak with this Argonian.', 'No, I have sent my apprentice. That is all I will do for your Argonian.']",NPC
Elder Scrolls Morrowind,2002,US,Sinyaramen,Male,"['I will not speak with your kind, vampire.', 'Very well. What do you want?', ""Yes, that ring bears the seal of my great family. Where did you get it? Never mind. I'm sure it was taken off one of my ancestors killed by your kind."", 'A few have been. The most recent was Vilandon, my grandfather. Perhaps the ring was his.', 'Yes, my grandfather was killed by a vampire. It is no surprise. He hunted your kind to earn his bread. After his mother and father were slain by your ill breed, Vilandon spent his life trying to hunt you all down. It was his end, though. A vampire named Kjeld finally killed him, though it is said it was a long and bloody fight. But, that was hundreds of years ago. I will speak no more with you.', ""A High Elf named Mossanon? Yes. I saw a High Elf in the market and introduced myself. He was with a local Telvanni woman -- I don't recall her name. I have seen them around several times since, but they both seemed a bit shy and quiet -- and quite taken with one another -- so I didn't intrude. Perhaps you might ask the ladies of the town. A Dark Elven woman with a High Elven friend might excite comment.""]",NPC
Elder Scrolls Morrowind,2002,US,Sirilonwe,Female,"[""How did you... I mean where did you get a copy of Chimarvamidium? I've been looking for this book. Perhaps you'd be willing to part with it?"", ""Thank you. I won't forge tthis. Just a suggestion... Keep quiet about this book, . Some members of the Mages Guild can be very jealous."", 'That is most unfortunate, Warlock . I thought you would be willing to assist a fellow Guild member.']",NPC
Elder Scrolls Morrowind,2002,US,Skink-in-Tree's-Shade,Male,"[""I'm at your service. Are you here for duties or advancement?"", ""I may have duties for you later, . Right now I am busy making a Detect Creatures potion for Edwinna in Ald'ruhn."", 'Yes, of course, soft-skin. Take this potion back to Edwinna, along with my apologies. Speak with me again next time you are here. I may have some duties for you, Warlock .', ""I'm at your service. Are you here for duties or advancement?"", 'I need someone to escort the scholar Tenyeminwe.', ""Tenyeminwe is staying at Muriel's Cornerclub. She is concerned about some trouble she had with a Telvanni last night. She wants to leave Sadrith Mora on the Elf-Skerring but is afraid to go to the docks. If you escort her to Gals Arethi's ship, I would be grateful."", 'Did Tenyeminwe make it safely to the ship?', 'I am glad to hear that Tenyeminwe made it to the Elf-Skerring safely. You have my thanks.', ""I'm at your service. Are you here for duties or advancement?"", 'I am looking for a rare book, Vampires of Vvardenfell.', 'There are two books in this series. The first is common in Morrowind. Most rare booksellers have a copy. The second volume is rare. If you can find a copy of volume two, I would be grateful. You might try a rare bookseller.', 'Have you found the second volume yet?', 'Oh? You have a copy? Bring it to me.', 'Do not be discouraged. I fear it may take weeks or even months to find a copy.', 'Have you found a copy of Vampires of Vvardenfell?', 'Have you found the second volume yet?', 'Yes, this is exactly what I was looking for... And it is in good condition, too. I hope 1000 drakes will cover your expenses.', ""I'm at your service. Are you here for duties or advancement?"", 'You may be able to assist me, . I would like to speak with one of the Wise Women of the Ashlanders. Perhaps you could arrange a meeting.', ""Speak with the Wise Women of the Ashlander tribes. From what I've heard, I doubt the Erabenimsun or the Urshilaku would agree. The Zainab might agree, but I would speak with the Ahemmusa first."", 'The Ahemussa camp is on the northeast corner of Vvardenfell. Take a ship to Tel Vos and go north up the coast. If you reach the sea, you have gone too far.', 'Were you able to arrange a meeting?', 'Ah, thank you . Minabibi has already answered many of my questions.', ""I'm at your service. Are you here for duties or advancement?"", 'When any mage turns to Necromancy, it casts a pale shadow over the whole guild.', 'The Necromancer is Telura Ulver, a former Mages Guild member. She may be found in Shal.', 'It may be hard to find. Go to Hla Oad and head north along the road. When you cross the wooden bridge, stay left along the coast until you come to another bridge to an island. Shal is on that island. The door faces the swamp, just north of a Daedric ruin.', ""Did you put a stop to Telura Ulver's necromancy?"", 'While killing is never pleasant, it is sometimes necessary. Telura Ulver is dead. You have proven yourself to the Guild, .', ""I'm at your service. Are you here for duties or advancement?"", 'I am concerned about the continuing problem with these strange Ash creatures. Perhaps if I had a soul of one of these creatures to study... Would you bring me the soul of an Ash Ghoul?', 'The soul of any ash ghoul should be suitable. I believe the nearest ash ghoul is in Yakin. Scrolls are more reliable than spells, so take these scrolls, and these two soul gems.', 'It is a cavern on the mainland just northwest of Tel Aruhn. Swim or fly northwest, cross one island, and you should see the cave entrance ahead on the mainland. It has been taken over by the Sixth House, so be careful.', 'Well, have you found one?', 'No, you cannot fool me. You are not carrying any suitable soul gems.', ""I hope you didn't use the scrolls and gems I gave you. I do not have any more."", 'Have you found the soul of an Ash Ghoul?', 'Well, have you found one?', ""Yes, this will do nicely. I hope it wasn't too difficult."", ""I'm at your service. Are you here for duties or advancement?"", ""I have another task for you, Master Wizard , but it is a difficult one. I believe there is another book on Vampires, Galur Rithari's papers."", 'Yes, these papers allegedly describe how an Ordinator from Bal Ur became a vampire and was cured. I would be most interested in a copy of this book. Ask booksellers and scholars. Someone surely knows where a copy is.', ""Have you found Galur Rithari's papers?"", 'I am impressed, . But did you not bring the papers with you?', 'Please keep looking, .', ""Have you found a copy of Galur Rithari's papers?"", ""Have you found Galur Rithari's papers?"", 'Yes, this is excellent, . A most interesting account. Please take this amulet with my gratitude.', 'You have performed all my duties honorably. I have one more thing to ask of you...', 'I am honored to have worked with you, , and I have one more task. Take this letter to Arch-Mage Trebonius in Vivec.', 'Ah, the current Guildmaster. It is rumored that he was promoted to his current position to get him out of Cyrodiil. It is a shame that men can have power without wisdom. It is different for us lizards.', 'As long as he holds the title, only Arch-Mage Trebonius in Vivec can grant you the title of Arch-Mage.']",NPC
Elder Scrolls Morrowind,2002,US,Socucius Ergalla,Male,"[""I'm fine, thank you. What can I do for you?"", ""The Imperial legion provides security for the Census and Excise Offices here in Seyda Neen. The troopers you see here are assigned to guard duty here. And the troopers outside, in Seyda Neen, they're guards -- officers of the law."", ""Yes. This is Morrowind. You're in the Census and Excise Offices in the port of Seyda Neen, in Vvardenfell District of the province of Morrowind."", ""Murdered? What a waste. Processus was a good man. I had been wondering why we hadn't heard from him in a few days. Still, these are dangerous times we live in, and these sorts of things will happen. Did you happen to find the tax money he had collected? I hate to be so callous, but I do have a job to do."", ""You did? How odd that he was murdered but not robbed. Your honesty is appreciated, I can tell you that. I won't forget this, . In fact, if you're looking for some money for yourself, I'd like to see the murderer of Processus punished. Killing an Emperor's tax collector is punishable by death. Find this murderer, bring him to justice, and the Census and Excise Office will pay you 500."", 'Hope you bring that murderer to justice soon.', ""I heard you had been asking around about his murder. I'm glad to see this matter brought to its completion. Here's your reward, . Good to see there are still some citizens who understand their loyalty to our Emperor."", 'Quite a shame. He was a good man, and a loyal servant to the Emperor.', 'No? It figures, I suppose. Well, thank you for letting me know what happened.']",NPC
Elder Scrolls Morrowind,2002,US,Somutis Vunnis,Male,"['Welcome. Can I tell you about the Imperial Cult? We invite you to become a lay member.', ""Yes. Caius said a friend was heading into the backcountry, and would need some potions. I've given you cures and fortifies. There's no charge. But, if you'll take my advice, and you can afford it, stock up on the cures. There's are no Imperial cult cure altars north of Ald'ruhn; the one at Gnisis is far to the west. And we've heard many recent reports of diseased creatures and blighted creatures in the northern wilds."", 'I gave you the potions. But I have many other potions for sale, and all the proceeds go to support the good works of the Imperial cult.']",NPC
Elder Scrolls Morrowind,2002,US,Sondryn Irathi,Female,"[""You've got corprus disease, outlander. That's a death sentence. It can't get cured. Get away from me. FAR away."", ""Tel Fyr is a Telvanni tower on an island to the southwest, close to the mainland. Let me mark it on your map. Look for a tall tower, a dock, and a ship. The entrance to the tower is at water level, on the northern tip of the island, near the dock. In good weather, by day, the tower is easy to see. If you miss the tower and hit the beaches of the mainland, walk back and forth along the beaches and look for the tower; it's clearly visible from the beach. Bring levitation potions. No stairs in the tower."", ""In Telvanni villages, the settlement is dominated by the wizard's residence called a 'Telvanni tower', a fantastic organic form grown and sculpted from stems, caps, and root-like holdfasts of the giant native mushrooms. The tower is often surrounded by a village of smaller mushroom pods hollowed out for craftsmen and commoners.""]",NPC
Elder Scrolls Morrowind,2002,US,Sonummu Zabamat,Female,"['I am Sonummu Zabamat, wise woman of the Zainab. Do you come for my services, or my counsel?', ""Do you seek a wise woman's services, or her counsel?"", 'He is a clever ashkhan and a very great man. He is not a modest man. He is very proud, and conscious of his rights and honors. It is fortunate for our tribe that he heeds the counsels of his modest and loyal wise woman.', ""For you, outlander, my counsel is free, because it is worthless to you. But someday, perhaps, you will have a problem you can't solve. Then perhaps you'll bring it to me, and perhaps I will help you... for a price."", 'I sell potions and spells, charms and marvels. And I can teach some of what I know, if you can pay.', 'Speak with Ashkhan Kaushad. I will meet with this Argonian only if the Ashkhan speaks it.', 'You wish to ask me about the trade goods wanted by the Zainab. Ask, and I shall answer.', 'So you come to ask me about the trade goods wanted by the Zainab. Perhaps I should ask you why you want to know. But perhaps I already know why. The mage-lord Master Aryon is shrewd. He thinks to bind us to Telvanni ways by binding us to Telvanni things. But I see no harm, and much good, in giving you an answer.', 'We need more cure common disease and cure blight disease potions. Our men travel long distances, hunting and herding, and when they catch diseases -- which they often do -- they are too busy -- or too proud -- to hurry back to camp for my cures. So if we could give them potions to carry with them, they could cure themselves. You roof-loving people are better at some things than our people, and bottling magic is one of them.', 'Yes. Cure common disease and cure blight disease potions are the sort of trade goods the Zainab want.', 'I am Sonummu Zabamat, wise woman of the Zainab. Do you come for my services, or my counsel?', 'So you are the outlander who claims to fulfill the Nerevarine prophecies. Then my counsel is simple, and free. Speak to Ashkahn Kaushad, for he has a great curiosity about you.', 'Hmm. I see. Ashkhan Kaushad will not take seriously your request to be named as Zainab Nerevarine. Let me tell you a little secret about our chief. Kaushad would not have it be known, but he has a weakness for expensive outlander clothing. If you bring him a pair of exquisite shoes, he might be better disposed towards you.', 'He is a clever askhan and a very great man. He is not a modest man. He is very proud, and conscious of his rights and honors. It is fortunate for our tribe that he heeds the counsels of his modest and loyal wise woman.', 'We heard rumors. Some outlanders says he is the Nerevarine. So you are that outlander? What do you say to that, eh?', 'It does not matter. It is not a big thing. But you should talk to Ashkhan Kaushad, if you know something about this outlander who claims to be the Nerevarine. The ashkhan has heard the rumors, and is very suspicious.', 'Hmm. Is that all true? That is a very interesting ring. It is part of the story of Nerevar, the ring Moon-and-Star, that none may wear but Nerevar himself. You should talk to Ashkhan Kaushad. The ashkhan is very curious about this outlander who claims to be the Nerevarine.', ""Kaushad wants a Telvanni bride, eh? No high-born Telvanni would wed an Ashlander. But I have a plan. Go to my friend, Savile Imayn, slavemistress of the Festival Slave Market in Tel Aruhn, and tell her you need a pretty Dunmer slave to pose as a Telvanni lady. Then Savile Imayn will tell you what clothes to buy, and will dress her like a high-born Telvanni. Then escort the pretty slave to Zainab camp and present her to Ashkhan Kaushad as a high-born Telvanni bride. He won't know the difference."", ""Savile Imayn is the Slavemistress of the Festival Slave Market in Tel Aruhn. The market is on the northwest side of the village; that's where you'll find her."", ""Tel Aruhn is the wizard's tower and village of the Telvanni Archmagister Gothren. Let me mark it on your map. Travel crosscountry to the southeast until you reach the water. Tel Aruhn is on an island in Zafirbel Bay, a long swim from shore. From the Dunmer Stronghold Indoranyon, go south. From Sadrith Mora, Tel Aruhn is due west. From Tel Fyr, Tel Aruhn is north. Here's another landmark. Thiralas Ancestral Tomb is on the mainland, near the bay. Tel Aruhn is the second island southeast from this tomb."", ""Hah. You do not need my counsel, Nerevarine. But I will give you the words of my dream. 'When the Nerevarine goes to Red Mountain to face Dagoth Ur, he carries the hearts of his kin with him.' Whose hearts? Whose kin? Who knows? Who knows who speaks in my dreams?""]",NPC
Elder Scrolls Morrowind,2002,US,Sosia Caristiana,Female,"[""Hello there stranger, I see you've already met my good friend Hlormar. My name is Sosia Caristiana, the healer. How can I be of assistance to the two of you?"", ""Ha! A right funny story that one is! The true story, Indoril, is that I took Hlormar on as a traveling companion for protection only for the road to Caldera. Along the way he was getting entirely too friendly for his own good, to the point where I actually had to cast a sleep spell on him. Just to teach him a lesson in manners, I stripped him and left him by the road. And to be sure he didn't come after me for retribution, I took that Cloudcleaver he's always fawning over as well."", ""Oh, I don't think he's ready to get it back quite yet. I can still see the rage burning in those tiny Nord eyes of his. However, if he meets me in three days at the Mage's Guild Hall in Caldera I will return everything I have of his, but not a minute sooner. Tell him that is Sosia's offer."", ""Hlormar's obsession with that axe led to his death. I'll leave it with someone who can use it well. I thank you for your help stranger. I think that hothead would've killed me had you not intervened. Here, take these potions as my gift to you, and seek me out if you ever require my services in the future.""]",NPC
Elder Scrolls Morrowind,2002,US,Sugar-Lips Habasi,Female,"['Are you looking for me? You want to join the Thieves Guild?', ""You look like you may have some skill... You want to join? Or maybe you want to know what we're all about."", ""You are now a Toad in the Thieves Guild. Welcome, brother . Talk to me when you want some odd jobs to do and when you think you're ready for advancement. If you have a price on your head, there are those you can talk to as well."", 'Just remember there *is* honor among thieves. Do not steal from a brother thief. Everyone else is a mark. Do not attack a brother thief. Do what you will to everyone else. If you have a price on your head, we have ways of taking care of that. If you break these rules, you must speak with one of the Mastermidns here in Vvardenfell to regain your good standing. Think you can handle it?', ""You are now a Toad in the Thieves Guild. Welcome, brother . Talk to me when you want some odd jobs to do and when you think you're ready for advancement. If you have a price on your head, there are those you can talk to as well."", ""Hmmm. Whatever you say, chum. But we'll keep our eyes on you."", 'There are those who can take care of that. We can explain more to you about that later.', 'Just remember there *is* honor among thieves. Do not steal from a brother thief. Everyone else is a mark. Do not attack a brother thief. Do what you will to everyone else.', 'What is it, Toad? Are you here looking for jobs, or are you ready for advancement?', 'A good friend of Habasi wants a diamond. Nalcarya the Alchemist has diamonds.', 'A friend wants a diamond from Habasi. Nalcarya of White Haven had diamonds last time Habasi sniffed out her store. Bring Habasi a diamond.', 'Her shop is on the northwest side of town. Go across the river, turn right, and keep going. If you reach the temple, turn left.', 'Have you found a diamond for Habasi?', 'You have a diamond for Habasi?', ""Yes, a diamond. Habasi will take care of everything. Habasi cannot pay you until Habasi's friend pays Habasi... But Habasi has this potion to give you."", ""Habasi is concerned. What if Habasi's friend is restless? Then what happens to Habasi?"", 'What is it, Wet Ear ? Are you here looking for jobs, or are you ready for advancement?', 'Habasi wants the key to Nerano Manor.', ""Habasi wants the key to Nerano Manor. Downstairs Manors are rarely locked, but Habasi wants to go upstairs secretly. Who has the key? Ondres Nerano has a key. Habasi thinks Nerano's servant, Sovor Trandel at the Council Club, has a key."", 'You have a key for Habasi?', 'Habasi sees no key. Bring the key to Habasi.', 'Habasi is no patient clan mother. Bring the key to Habasi.', ""He lives near Nalcarya's shop. His home is in the middle of the street."", 'He spends all his time and gold at the Council Club over by the silt strider.', 'Did you get the Nerano Manor key for Habasi?', 'You have a key for Habasi?', 'Yes, Habasi likes this key very much. Habasi pays you well for this key.', ""Habasi likes this key, yes, but Habasi hears that Ondres Nerano is dead. This makes Habasi's job very hard and Habasi does not want to pay you."", 'What is it, Footpad ? Are you here looking for jobs, or are you ready for advancement?', ""Ra'Zhid, no good friend of Habasi, stole Dwemer artifacts from the Guild."", ""Go to Fatleg's Drop Off in Hla Oad. If Ra'Zhid won't give you the Dwemer artifacts, find them, and return them to Habasi. You must bring Habasi a Dwarven goblet, a Dwarven bowl, and a Dwemer tube."", 'Where are the Dwemer Artifacts Habasi asked you to get? Have you found them, Footpad ?', ""You have Ra'Zhid's Dwemer artifacts?"", 'Habasi looks. Yes, a Dwemer tube, a Dwemer bowl, a Dwemer goblet. All here. You have done Habasi a favor and Habasi does you a favor. Habasi gives you some tools.', ""Get them from Ra'Zhid before Ra'Zhid sells them."", 'What is it, Footpad ? Are you here looking for jobs, or are you ready for advancement?', 'Ralen Hlaalo died recently, he left a bottle of Vintage Brandy.', 'The Vintage Brandy is in Hlaalo Manor. Bring this brandy to Habasi.', 'Tell Habasi about the Vintage Brandy. Have you found what Ralen Hlaalo left behind?', 'Yes, Ralen Hlaalo is dead, so he does not need the brandy. He lives on the northwest side of town, up on the hill.', 'Do you have the Vintage Brandy for Habasi?', 'Yes, this is fine brandy. Habasi gives you a fair price. 1000 drakes.', 'Go to Hlaalo Manor and fetch the Vintage Brandy for Habasi. Ralen Hlaalo does not need it anymore.', 'What is it, Blackcap ? Are you here looking for jobs, or are you ready for advancement?', ""For Pelagiad's jail holds a member of the Guild, New-Shoes Bragor."", ""Habasi knows a way to free New-Shoes. Mebestien Ence in Pelagiad smuggles Dwemer items. Shadbak gra-Burbug takes bribes from Mebestien. Fetch a mysterious Dwemer device from Mebestien's shop and take it to Shadbak. Tell Shadbak to let New-Shoes go or you'll let everyone know Shadbak takes bribes."", 'Habasi asked you to free our brother. Where is New-Shoes Bragor?', 'New-Shoes is free? Habasi knew you could do this thing. Take these 1000 drakes, less than what it would cost without your help.', 'What is it, Blackcap ? Are you here looking for jobs, or are you ready for advancement?', 'A master of security lives here in Balmora. Habasi knows only that he is an Altmer. Perhaps he can help secure the South Wall.', 'The master of security is an Altmer here in town. That is all Habasi knows.', 'It is important we defend the South Wall. Who is the master of security, Blackcap ?', 'Hecerinde is the master of security? And he will help us? This is good, Habasi thinks. It will not be long before the Sjoring Hard-Heart and the Camonna Tong make another move against us. You have been of good service, Blackcap . If there is any gold on your head for crimes others believe you did, Habasi will have it fixed.', ""Habasi has no jobs for you. Ask Aengoth the Jeweler in Ald'ruhn or Big Helende in Sadrith Mora."", ""You'll find him in Ald'ruhn. Likely at the Rat in the Pot."", ""Go to Sadrith Mora. You'll find Big Helende at Dirty Muriel's Cornerclub. It's quite a place.""]",NPC
Elder Scrolls Morrowind,2002,US,Sul-Matuul,Male,"['So. My champion Zabamund has sent you to talk with me about the Nerevarine prophecies. Then go ahead, . Talk. I am very curious.', 'Am I an old woman, that you should tell me these things? No. Speak to a wise woman.', 'You think you fulfill the Nerevarine prophecies. You wish to be tested to see if you are the Nerevarine. No outlander may join the Nerevarine cult. If you were a Clanfriend, an adopted member of the Ashlander tribes, then perhaps. I have an initiation rite in mind. If you pass this rite, I will adpopt you as a Clanfriend of the Ashlanders. And then I will submit you to Nibani Maesa, our wise woman, who is skilled in oracles and mysteries, and who will test you against the prophecies.', ""To be adopted into the tribe, you must undergo a harrowing. In a harrowing, you will be judged by the spirits and ancestors to see if you are worthy. Go to the Urshilaku Burial Caverns and fetch me Sul-Senipul's Bonebiter Bow. Sul-Senipul was my father, and his spirit guards his bonemold long bow deep in the burial caverns. Return to me with this bow, and I will adopt you into the Ashlander tribes as a Clanfriend."", 'The burial caverns lie to the south-southeast of the camp, a north-facing door in a little hill halfway between us and this slopes of Red Mountain. Go north from the camp to the water, then turn east. At a rock cairn on the beach, turn and head straight south until you find the door. The spirits of our ancestors guard the caverns. They will attack, and will kill you if they can. Force your way past them, or evade them, get the bow, and return to prove your worthiness.', 'So, outlander. Have you completed the initiation rite?', 'Until you bring me the Bonebiter Bow, you may not go before Nibani Maesa to be tested for the Nerevarine prophecies.', 'So, outlander. Have you completed the initiation rite?', ""This is my father's Bonebiter Bow. You have completed the initiation rite. I name you , Clanfriend of the Ashlanders. Keep my father's bow, and bear it with honor. You are a friend of our tribe, and may rest in any Urshilaku bed, but do not harm other tribe members, or take their things. And now I will fulfill my other promise. Go to the wise woman's yurt, and Nibani Maesa shall examine you, and test you against the Nerevarine prophecies."", 'You have already completed the initiation rite.', 'The Urshilaku are the Ashlanders of the northern Ashlands and the West Gash. I am the chief of the Urshilaku, and Nibani Maesa is our wise woman, a deep and shrewd counselor, and seer of the Nerevarine cult.', 'Now that you are a Clanfriend, I want to speak plainly. I find it hard to believe that you are the Nerevarine. You are an outlander, but the Nerevarine comes to drive all outlanders from Morrowind. How could an outlander be the Incarnate? The Great Houses stole our lands and mocked us with false gods. The godless outlanders steal our land and our dignity. The Nerevarine is the last hope the Ashlanders have. I will let no outlander steal this hope from us. These are serious words, , words of life and death. I see honor and merit in you, and am proud to name you Clanfriend. But take care what you say and do in the name of the Nerevarine. Now go question Nibani Maesa, and learn all she can tell you.', 'Nibani Maesa has said that she will share her counsel wtih you concerning the Nerevarine prophecies, and how they may concern you. You will find her in her yurt.', 'Prophecies are but words. I would judge you by your deeds -- the deeds of a warrior.', 'You wish to know about the Third Trial, and I shall tell you.', ""You have entered the path of the Nerevarine. This is a hard thing to believe. But Nibani Maesa has spoken to me at length of this, and I have had time to consider. Therefore I shall keep my own counsel, and set before you my own test. I do not dispute with the wise women, but their ways are not the ways of the warrior. Many before have tried the path of the Nerevarine, but all have failed the warrior's test. You must have strength, courage, and cunning. These things I would test. Nearby lies Kogoruhn, the ancient halls of the forgotten house, House Dagoth. In recent time, creatures of the blight have come to dwell there. I myself went there, with some brave hunters, and came back again, but it was a bad place, and I am not ashamed to say I was afraid, for myself and my men. If you would have from me the secret of the Third Trial, the 'caverns dark' where Azura's eye sees, you will first bring to me three tokens from dark Kogoruhn. The first token is corprus weepings from a corprus beast, to show that you are proof against the disease's corruption. The second token is a cup with the mark of House Dagoth, for I have myself seen such cups there, and will know you have seen with your eyes what I have seen with mine. The third token is the Shadow Shield, which lies on the Tomb of Dagoth Morin, in the lava tunnels deep beneath ruined Kogoruhn. Bring these things to me, and then I will tell you the secret of the Third Test."", 'When you bring me the three tokens from the ruins of Kogoruhn, I shall tell you the secret of the Third Trial.', ""Kogoruhn was an ancient Dunmer stronghold. Here. Let me mark it on your map. Go by day, and in good weather, or you may miss your way. Follow the coast east from Urshilaku camp to the ruined Dunmer stronghold called Valenvaryon, then turn southwest. You'll see Ebernanit, a ruined Daedric shrine. Continue south from Ebernanit to Kogoruhn, a great table of stone with many ruined buildings. There are many rooms. The passages are old and deep. Beneath are caves with pools of fire. It is a bad place. Go prepared."", ""If you have brought me the three tokens of the Warrior's Test, I can speak to you further of the Third Trial."", ""This riddle is Wisdom's Test. Take control of the wisdom of the tribes, and you shall find the way. Seek the Cavern of the Incarnate. Gain the moon and star, and bring it to Nibani Maesa. Take with you my blessing, and the blessing of our tribe, Malipu-Ataman's Belt."", 'Seek the Third Trial in the Cavern of the Incarnate. You have my blessing, and the blessing of the tribe.', ""Seek the Cavern of the Incarnate. This is Wisdom's Test. When you have the moon and star, bring it to Nibani Maesa. Take with you my blessing, and the bessing of our tribe."", 'You have passed the Third Trial. Before you lies the Fourth Trial, and the Fifth Trial. I have spoken with Nibani Maesa, and I know these Trials. You wish to be called Urshilaku Nerevarine. But first, would you hear the counsel of Sul-Matuul?', 'First, you should hear the counsel of Sul-Matuul.', ""Good. First, I would give you warning. When you are called 'Nerevarine,' the word must spread, and many must hear. Your enemies will hear, and come seeking your blood. And such friends as you may have among the Great Houses, those who heed the words of the Temple, they may forget their love for you. If you have business with the People of the Houses and Temple, you may wish to conduct that business first, before you are named 'Nerevarine.' Second, I tell you, seek the counsel of Wise Woman Nibani Maesa, for you are an Outlander, and ignorant of the ways of our people. Nibani Maesa can tell you of the other tribes, of their ways, and of their ashkhans. If you do not know these things, you will make many mistakes, and waste precious time. That is my counsel. Now, if you wish to be named Urshilaku Nerevarine, we may speak of these things."", ""Very well. You wish to be called 'Nerevarine.' I know you, and am disposed to do so. But first we must speak of need and duty. Before I name you 'Nerevarine,' you must understand why a war leader is needed, so you may tell others. And before I name you 'Nerevarine,' I must see that you know your duty. Only when we have spoken of these things shall you be called Nerevarine."", ""Know the words of the prophecies. The curse of Dagoth Ur and the Sixth House threatens our land. The False Gods lie, and offer false hope of protection. You bear the Moon-and-Star of Nerevar. Azura's hand is upon you. These are the proofs you must show to all people as Urshilaku Nerevarine."", 'From the unmourned house have come forth the seven curses. The Sixth House is a great evil, and a great danger to all people. This is the need. You have seen this need. You have fought the Sixth House. You have known the curse of corprus. You have harrowed Kogoruhn, and seen the darkness that lies within. When you tell your story, others may be shown the proofs.', ""You have learned the lies of the Tribunal and the false hope they offer of protection from Dagoth Ur. We have heard the priest's own words of the Apographa, and we know them to be true. We have heard the words of the Dissident Priests, and we know them to be true. The False Gods have broken their promises, and have taken up the tools of the Enemy. This is a great evil, and a great danger."", 'You shall be Nerevarine of all the tribes, and Hortator of all the Great Houses. You shall eat the sin of the unmourned house, and free the false gods. You must defeat the Sixth House, and Dagoth Ur. You must free the Tribunal from their curse. This is the burden of prophecy. This shall be your duty as Urshilaku Nerevarine.', 'Before my hearth and kin, and before the People of the Wastes, I name you Urshilaku Nerevarine, War Leader of the Urshilaku, and Protector of the People. In token of this, I give you the Teeth, which shall be a sign to all Dunmer, that you are the Nerevarine, and that the Urshilaku shall follow you, in all things, even unto death, until the Enemy is defeated, or until you are dead, or until you give this back into my hand.', 'Yes, I have named you Urshilaku Nerevarine, War Leader of the Urshilaku, and Protector of the People, and so you shall be known to all Ashlander tribes.', 'The meek Ahemmusa of the Grazelands are weak in arms, and in a terrible way, driven from their best grazing grounds, and beset by monsters in Ahemmusa camp in the distant northeast. The wise woman of the Ahemmusa, Sinnammu Mirpal, is also their ashkhan. If you can help them with strength of arms, they should welcome you with open arms.', 'Ahemmusa camp is on the northeast, the farthest tip of Vvardenfell island, north from Tel Mora, near old Daedric ruins of Ald Daedroth.', 'The war-loving Erabenimsun of Molag Mar are bad people, badly led. The Ashlanders of Erabenimsun camp are greedy and cruel, and have no respect for Ashlander custom. Ashkhan Ulath-Pal is ruthless and arrogant, and he surrounds himself with gulakhans like himself. Blood will be spilled; let it not be yours. There is one gulakhan of their tribe, Han-Ammu, who might be shaped as a new ashkhan. He is a weak reed, but his Wise Woman, Manirai, is strong and resourceful. Seek her counsel.', 'Erabenimsun camp is in the wastelands of Molag Amur, the land of fire and smokes in southeastern Vvardenfell. Here. Let me mark it on your map.', 'The Fifth Trial is to join the four tribes of the Ashlanders under the Nerevarine. They must put aside pride and tribal squabbles and together face the blighted hosts of Dagoth Ur. The Urshilaku shall name you Nerevarine, but you must concern yourself with the other tribes: the meek Ahemmusa, the wily Zainab, and the war-loving Erabenimsun. They may not be so quick in naming the Nerevarine as the Urshilaku.', 'Thus are joined the four tribes of the Ashlanders under one leader, Indoril, the Nerevarine. Ahemmusa, Zainab, Erabenimsun, and Urshilaku, together, will hunt the creatures of Dagoth Ur.', ""The Fourth Trial is to join the three Great Houses of Vvardenfell under one Hortator. You must be named Hortator in turn by House Redoran, House Hlaalu, and House Telvanni. I know little of the ways of the Great Houses. But first I would try the Redoran, for they are warriors, hard-willed, but straightforward. Then I'd try the Hlaalu, for though they are weak and spoiled, they are cunning and crafty. Save the Telvanni for last. Anyone who is not afraid of a 2000-year-old wizard is a fool."", 'You have fulfilled the Fourth Trial of the prophecy of the Seven Visions. You are Hortator of all three Great Houses, Redoran, Hlaalu, and Telvanni. So I greet you, Indoril, Hortator and Nerevarine.', ""The khans of the Great Houses are called 'councilors.' The khans of House Hlaalu meet in a place on a river far away. They call the place 'Balmora' -- 'stonewood' in our speech. You must find these councilors and persuade them to name you Hortator. I can tell you nothing about these people. You must go there and learn for yourself."", ""The khans of the Great Houses are called 'councilors.' The khans of House Redoran meet in a great crab shell in a place called Ald'ruhn. You must find these councilors and persuade them to name you Hortator. I know little of the settled people. You must go there and learn for yourself."", ""The khans of the Great Houses are called 'councilors.' The khans of House Telvanni meet in a very strange place, I'm told. They call it 'Sadrith Mora,' which means 'forest of the mushrooms' in our tongue. I have heard the Telvanni live in giant mushrooms. I'm sure it is a very bad place. But you must go and find their councilors and persuade them to name you Hortator."", ""To be adopted into the tribe, you must undergo a harrowing. In a harrowing, you will be judged by the spirits and ancestors to see if you are worthy. Go to the Urshilaku Burial Caverns and fetch me Sul-Senipul's Bonebiter Bow. Sul-Senipul was my father, and his spirit guards his bonemold long bow deep in the burial caverns. Return to me with this bow, and I will adopt you into the Ashlander tribes as a Clanfriend."", 'Until you bring me the Bonebiter Bow, you may not go before Nibani Maesa to be tested for the Nerevarine prophecies.', ""This is my father's Bonebiter Bow. You have completed the initiation rite. I name you Indoril, Clanfriend of the Ashlanders. Keep my father's bow, and bear it with honor. You are a friend of our tribe, and may rest in any Urshilaku bed, but do not harm other tribe members, or take their things. And now I will fulfill my other promise. Go to the wise woman's yurt, and Nibani Maesa shall examine you, and test you against the Nerevarine prophecies."", 'You have already completed the initiation rite.', 'You wear the Moon-and-Star of Nerevar. The legend of Moon-and-Star is known to all loremasters. No man but Nerevar may wear that ring and live. This is a true sign. This is a miracle, a blessing of Azura, and no man may deny it.', 'I do not like to boast, but my people call me a champion, a noble warrior of the Ashlanders. I have the duty of protecting the honor of the tribe in peace and war.', 'For you to fulfill the prophecy and unite the four tribes, you must be named as the Nerevarine by each of the four Vvardenfell tribes. When you tell your story to the ashkhan of each tribe, and show them your proofs, he should acknowledge you as Nerevarine on behalf of his tribe. But it may not be so simple. An ashkhan may take the opportunity to extract a favor or service from you. Or the Erabenimsun may not be so ready to accept an outlander as Nerevarine.', ""You have entered the path of the Nerevarine. This is a hard thing to believe. But Nibani Maesa has spoken to me at length of this, and I have had time to consider. Therefore I shall keep my own counsel, and set before you my own test. I do not dispute with the wise women, but their ways are not the ways of the warrior. Many before have tried the path of the Nerevarine, but all have failed the warrior's test. You must have strength, courage, and cunning. These things I would test."", ""Nearby lies Kogoruhn, the ancient halls of the forgotten house, House Dagoth. In recent time, creatures of the blight have come to dwell there. I myself went there, with some brave hunters, and came back again, but it was a bad place, and I am not ashamed to say I was afraid, for myself and my men. If you would have from me the secret of the Third Trial, the 'caverns dark' where Azura's eye sees, you will first bring to me three tokens from dark Kogoruhn."", ""The first token is corprus weepings from a corprus beast, to show that you are proof against the disease's corruption. The second token is a cup with the mark of House Dagoth, for I have myself seen such cups there, and will know you have seen with your eyes what I have seen with mine. The third token is the Shadow Shield, which lies on the Tomb of Dagoth Morin, in the lava tunnels deep beneath ruined Kogoruhn. Bring these things to me, and then I will tell you the secret of the Third Test."", 'When you bring me the three tokens from the ruins of Kogoruhn, I shall tell you the secret of the Third Trial.', ""This riddle is Wisdom's Test. Take counsel of the wisdom of the tribes, and you shall find the way. Seek the Cavern of the Incarnate. Gain the moon and star, and bring it to Nibani Maesa. Take with you my blessing, and the blessing of our tribe, Malipu-Ataman's Belt."", 'Seek the Third Trial in the Cavern of the Incarnate. You have my blessing, and the blessing of the tribe.', 'So? You have faced the Third Trial in the Cavern of the Incarnate? Tell me what you saw and heard there. (He listens carefully, with no sign of his feelings.) It is as Nibani Maesa says. Perhaps you are the chosen one. We shall see.', 'This outcast ashlander you have killed, Zallay Subaddamael, betrayed Urshilaku hospitality and killed the husband of our trader Kurapli. I had promised her justice, and my failure to obtain it for her has troubled me. This gift pleases me, and does you honor.', 'The wily Zainab of the Grazelands are proud, arrogant, and greedy, and none more than their Ashkhan Kaushad. But they are likable rogues, strong and self-assured. Show them you are strong and proud. Satisfy their greed and pride. The Ashlanders of Zainab camp are clever and cunning, and you, too, must be clever and cunning to outwit them.', ""Zainab Camp is in northeast Vvardenfell, southwest of Vos village, in the rolling plains of the Grazelands. Here. Let me mark it on your map. Head southwest from Vos across the Grazelands until you strike the foothills, then head south, keeping the foothills on your right. When you pass the Dwemer ruins of Nchuleft on the western edge of the Grazelands, you'll cross an east-west road; Zainab Camp is eight or ten yurts east of the hills and south of that road.""]",NPC
Elder Scrolls Morrowind,2002,US,Suryn Athones,Male,['I spoke nothing but the truth. The Legion is just a mob of blunt-eared apes playing at being soldiers. Is it just your cowardice? Or the incompetence of your so-called Knights? Or is it just the way you smell?'],NPC
Elder Scrolls Morrowind,2002,US,Synnolian Tunifus,Male,"['Hello. I am Synnolian Tunifus. I manage the lay healer volunteers for our cult. If you are ready to accept a task as a lay healer, let me know.', ""Mara be praised! So much to do, and so little time. Please, bring me five units of marshmerrow for restore health potions. Balur Salvu, a farmer in the western Ascadian Isles, near Pelagiad, grows marshmerrow. Bring him this potion as a gift, and he'll tell you where to pick the marshmerrow."", ""To make a Restore Health potion, combine two ore more of the following cheap and common ingredients in the mortar and pestle: marshmerrow, wickwheat, corkbulb root, and saltrice. It isn't easy, of course. If you aren't very skilled, you will often ruin the ingredients and fail to make the potion. But with practice and training, you'll improve. And a complete set of alchemical apparatus can improve your success rate."", ""Balur Salvo's farm is on the road just south of Pelagiad. The farmhouse is north of the road, south of the southwestern end of Lake Hairan. Just head north from Ebonheart. Don't take the bridge west towards Seyda Neen. When you hit the east-west road between Pelagiad and Vivec, turn right, east, towards Vivec, and Balur's farm is not far. If you reach a bridge, you've gone too far. Balur's a shrewd fellow. Ask nicely, and he might share his knowledge."", 'Mortar and Pestle is a bowl and grinding tool for mechanically reducing raw materials into the powders or pulps used in alchemical preparations.', ""Tall stalk with triple radiating leaves at intervals along the stalk. Marshmerrow's good for restore health potios. Mixes with corkbulb. And what most folks don't know, corprus weepings also have healing properties."", ""Corkbulb is a huge bulbous root that protrudes from the ground, with green foliage about man-high. It grows wild, but is easier to find in cultivated patches near the farmhouses of the Ascadian Isles. I think there's a big patch of it just north of Dren Plantation; that's on many maps. And remember: we have an agreement with the plantation owners that lets us collect the corkbulb, so don't be shy."", ""It's a land of lakes, farms, and plantations. Lately they've started a few netch ranches. You'll find plenty of marshmerrow, corkbulb, and comberry bush there. Saltrice, too. You can also find ash yam, black anther, gold kanet, green lichen, geather, stoneflower, and willow flower."", ""Making potions requires pieces of specialized alchemical equipment called 'apparatus.' Better quality apparatus are more reliable in their results, and produce a finer product. The four types of apparatus are: mortar and pestle, retort, alembic, and calcinator. Apparatus can be purchased from alchemists."", 'An retort is a vessel with a beaked cap or head used in alchemical processes to transform, purify, or refine raw materials into the sublime sustances used in alchemical preparations.', 'An alembic is glass container in which the arcane properties of natural and supernatural substances are distilled from their raw ingredients. The substances are infused, then heated until vapor is produced. The vapor then condenses in a seperate container, precipitating the distilled elements with the desired magical properties.', 'A calcinator is a stove or crucible which reduces metals and substances to ash so their arcane properties can be seperated from the dross. They must be made of porcelain or iron device to withstand the high temperatures necessary to reduce certain substances to ash.', 'What was it you wanted?', 'Have you brought me five units of marshmerrow? Or have you come to report your failure?', 'I see you have brought me five units of marshmerrow. Here is a Restore Health potion for you, and a mortal and pestle so you can practice making your own Restore Health potions. Speak to me again when you are ready for another lay healer mission. And goodness! I was so busy, I almost forgot. Have you checked your advancement in the Imperial cult? As you serve Mara and the Nine, so shall you rise in rank.', ""We need five units of muck for cure common disease potions. A farmer in Gnisis, Abishpulu Shand, has a muckspunge patch near his hut, and Chaplain Ogrul at Fort Darius has a deal with Shand to gather muck there for free. Let me put Gnisis on your map. And while you're in Gnisis, visit Chaplain Ogrul and give him these four Restore Health potions. And ask him if he'll teach you a few tricks. When you have the muck, bring it back to me. And here's 80 drakes for the silt strider fare. It's a long walk."", ""Gnisis is a small egg mining and trade village on the silt strider caravan route between Ald'ruhn and the northwest tip of Vvardenfell. It's the largest settlement in the West Gash, with a Legion garrison, Fort Darius, a Tribunal Temple, and a tradehouse. Gnisis is on the north side of the Ouada Samsi gorge; the Samsi runs from Gnisis west all the way to the Inner Sea. To reach Gnisis, take the silt strider from Vivec or Seyda Neen, then transfer through Balmora and Ald'ruhn to Gnisis strider port."", ""The western highlands of Vvardenfell are called the West Gash. The largest settlement is the trading village of Gnisis, north of Ald'ruhn, and the fishing villages of Ald Velothi and Khuul lie on the north coast. Muckspunge grows there, and I have collected chokeweed and roobrush as well."", 'Have you brought me five units of muck for cure common disease potions? Or have you come to report your failure?', 'Muck is a damp, fibrous slime from the muckspunge plant. It has cure common disease properties. Other common and easily obtained substances with the cure common disease property include chokeweed and green lichen. Oddly enough, gravedust also has this beneficial property.', ""I see you have brought me five units of muck. Thank you very much. Here is a Cure Common Disease potion for you, and a copy of 'The Alchemists Formulary', a collection of popular alchemical recipes. And maybe this spare retort will be useful for your potion-making. Practice, practice, practice! Speak to me again when you are ready for another lay healer mission. And remind me to check on your advancement in the cult. You deserve recognition for your labors."", 'Bring me five units of willow anther for cure paralyzation potions. I am ashamed to admit it, but I steal willow anther from the flowers growing around the house of Gurak gro-Bagrat. His house is on the mainland, just north of the Foreign Quarter. A cleric stealing from criminals to aid the needy... perhaps I have been hanging around Zenithar-worshippers too long.', ""Gurak gro-Bagrat, netch rancher, horticulturist, and smuggler, lives just north of the bridge from the Vivec Foreign Quarter to the mainland. Everyone knows he smuggles skooma, but he's got friends in the Legion, and Camonna Tong protection, so no one will touch him. Perhaps it is wrong, but I steal willow anther from the willow flowers he grows outside his manor. Be careful. Gurak gro-Bagrat is a dangerous criminal. Under NO circumstances enter his home. Do NOT try to speak to him."", 'Willow anther is a potent source of the substance needed to make cure paralyzation potions. Corkbulb, netch leather, and scamp skin are also inexpensive materials with these properties.', 'Have you brought me five units of willow anther for cure common disease potions? Or have you come to report your failure?', ""So. You have brought me five units of willow anther. Here is a Cure Paralyzation potion for you, and a little something extra, since you've been such a diligent helper. I learned a great deal from this book, but I know it's lessons by heart. I'd like you to have my old copy, and I hope it brings you the same satisfaction it brought me. Speak to me again when you are ready for another lay healer mission. And don't forget to check for advancement."", ""Bring me five units of scrib jelly for cure poison and cure blight potions. The closest reliable source of scribs is the Shulk Egg mine, southwest of Balmora, on the west bank of the Ouadi Oadi, near a swinging bridge. The kwama worker is not aggressive, but the kwama warrior and kwama forager are another matter. Be careful with them. I'll teach you the Detect Creature spell to help you hunt scribs."", 'Scribs are a larval form of the kwama. Crushed scribs produce a nutritous but sour-tasting gelatin with modest magical properties.', ""The mine is a short distance southwest of Balmora, in the bluffs west of the Odai River. The old suspension bridge across the Odai is just southeast of the mine entrance. A path leads through a break in the mountains from the Pelagiad-Balmora road, but the turnoff isn't marked. It may be easiest to go all the way to Balmora, then head south from the gate near the strider port, climb over the ridge, keeping the river on your left. Watch for the fire of the mining camp at the entrance."", 'Have you brought me five units of scrib jelly for cure poison and cure blight potions? Or have you come to report your failure?', 'I see you have brought me five units of scrib jelly. Here are a Cure Poison potion and a Cure Blight potion for you, and an alembic for your potion-making. Please remind me to check your advancement in our ranks. And speak to me again when you are ready for another lay healer mission.', ""Bring me five units of corkbulb for cure common disease and restore health potions. The best place to look for corkbulb is the Ascadian Isles, and Arvel Manor in particular. The Imperial Cult has an agreement with the Ascadian Isles plantation owners that permits us to gather corkbulb. The direct route means swimming, so I'll teach you a little spell."", ""Arvel Manor is just north of the Foreign Quarter, above Dren Plantation, at Arvel Plantation. There's no direct road, so I just swim the lakes. By the way, the Arvels are slave-holders. Remember: slavery is legal here. I don't know how you feel. I don't like it, but as a member of the Imperial cult, I feel honor-bound to respect the law."", 'Have you brought me five units of corkbulb root for cure poison and cure common disease and restore health potions? Or have you come to report your failure?', 'I see you have brought me five units of corkbulb root. Here are a Cure Common Disease potion and a Restore Health potion for you, and thank you very much. You will, of course, remember to check on your advancement. Speak to me again when you are ready for another lay healer mission.', ""Bring me five units of rat meat for cure poison potions. The best place to hunt rats is in the underworks of any of Vivec's cantons. Enter the underworks through trapdoors in the canalworks, or enter through the exterior outflow drains underwater along the sides of each canton -- if you don't mind a swim. And be careful. Sometimes bad things -- and bad people -- hide in the underworks. So don't go poking into anything you can't handle."", 'Have you brought me five units of rat meat for cure poison and cure poison potions? Or have you come to report your failure?', ""I see you have brought me five units of rat meat. Here is a Cure Poison potion for you. And since these little errands are becoming a little more dangerous, here are a couple of books you might find useful. Now. Speak to me again when you are ready for another lay healer mission. And don't forget to check for advancement...."", ""Bring me one unit of netch leather for cure paralyzation potions. The Ascadian Isles is a good place to hunt. I suggest you start by looking around near Balur Salvu's house. He says he sees wild bull netch all the time. Now, stick with bull netch to start with. The betty netch are rather more dangerous."", 'Have you brought me one unit of netch leather for cure paralyzation potions? Or have you come to report your failure?', ""I see you have brought me a unit of netch leather. Here are several potions, and a little present -- a belt of Balyna's Soothing Balm. Saint Balyna's is one of Mara's patron saints, and her dedicated service to the Nine Divines and their followers is a model for us all. I have no more tasks for you. Perhaps you should speak to Kaye about shrine sergeants, or to Iulus Truptor about almoners. Or speak to the Oracle, Lalatia Varian. Perhaps you can help her."", 'Hello again, . I have no tasks for you. Did you have a question for me?']",NPC
Elder Scrolls Morrowind,2002,US,Tanusea Veloth,Female,"['Just ask, . You have my complete attention.', 'Why should I leave?', ""I have heard others make these claims. Why should I believe you? Am I disfigured? Do I look as if I have Corprus? If you were more pious, perhaps I would listen to you. I doubt you have even read Saryoni's Sermons."", ""Enough. You do not need to quote from your copy of Saryoni's Sermons. I will do as you ask and go to the Corprusarium."", 'I believe my place is here in Vivec City. I will not leave just because some stranger with bad manners asks me to.', 'I believe my place is here in Vivec City. You have not yet persuaded me otherwise.', 'I believe you are a decent Dark Elf at heart. I will go to the Corprusarium because you have asked me so kindly.', 'I will go to the Corprusarium. Give me time. I am an old woman.']",NPC
Elder Scrolls Morrowind,2002,US,Tappius Esdrecus,Male,"[""Greetings, citizen. I'm Tappius Esdrecus. Welcome to Balmora. We're a House Hlaalu town, and loyal citizens of the Empire. What can I do for you?"", ""Balmora is the Council Seat of Great House Hlaalu, and the largest town on Vvardenfell except for Vivec City. Located on the Odai River, and sitting astride the Ald'ruhn-Vivec road, Balmora is an important mercantile trade and travel center. High Town is the administrative center, with the Temple and manor houses. The shops, guilds, and tradehouses of the Commercial District are north of the river; Labor Town's modest cornerclubs and homes are south of the river."", ""We've had peace and prosperity in Morrowind under the Empire for centuries. It's a government by law, and the Legions enforce that law. The Empire has free trade and free religion, so we're rich in pockets and in spirit. Yes, there is corruption. Yes, there are crimes and criminals. Yes, the rich get richer, and the poor poorer. But overall, things are pretty good.""]",NPC
Elder Scrolls Morrowind,2002,US,Tarer Braryn,Male,"['Greetings, . I need someone to deliver my apologies for me, and you look like you have a way with words.', ""I'm afraid I was rather drunk last night when I ran into Trebonius Artorius, that arrogant fool. It seems that the drink took over my tongue, and I called him a Flat-Head. Now I have a horrid rash. No matter what I do, now matter how many potions I use or spells I cast, it won't go away. I've tried everything! If you give him my most sincere apologies, maybe he'll make it go away. I'd do it myself but I'm feeling a little under the weather. I'll pay you 50 gold for your trouble."", ""Good. Take this book to him, and tell him I'm truly sorry. You'll find him in the Mage's Guild here in Vivec. He's a rather powerful wizard, as I've learned."", ""Well, , I thought you said you were going to help. I won't pay for a favor not done."", ""Hmmm... well, suit yourself. I'm sure it will go away on its own."", ""I don't have anything more to say about that."", ""Hello ! I hope you'll be able to speak to Trebonius soon and offer my apologies. This rash is killing me!"", ""I see all is forgiven. He gave you something for me? Excellent. I'm feeling better already. Since you did such a good job, here's an extra 50 gold.""]",NPC
Elder Scrolls Morrowind,2002,US,Taros Dral,Male,"['Greetings. Perhaps you can be of some help to me. There are sensitive matters to attend to.', 'Excellent. There is a member of our brotherhood living in Balmora, Balyn Omavel. He has been...freelancing, if you will. This is unacceptable, and he must be removed. Unfortunately, his brother is a rather important member of our brotherhood, so it would be difficult to bring it to the attention of the others. Use this poison in his food. It acts swiftly, as should you.', 'I understand. I trust you will speak to no one about this. Mephala would be most displeased, and her reach is great.', 'What is it, . Have you completed the sensitive matters we discussed?', 'You have been given your task, . You should complete it before Mephala is angered.', 'What is it, . Have you completed the sensitive matters we discussed?', 'Well done. Mephala wishes to speak to you directly. This is a great honor for you. Approach her altar.', 'There is no more to say about this matter.', 'What is it, . Have you completed the sensitive matters we discussed?', 'Unfortunately, you were seen going into the house of Balyn Omavel. Mephala is not pleased. No matter. I will find someone more competent to complete this task. Goodbye.', 'What is it, . Have you completed the sensitive matters we discussed?', ""You've killed him in a way other than was described? That was unwise. Mephala is not pleased. Leave here.""]",NPC
Elder Scrolls Morrowind,2002,US,Tarvyn Faren,Male,"[""You here to take me to Pelagiad? Tell me when you're ready to travel together."", ""It's not a large town, but I do alot of business in Pelagiad, especially in imported Imperial furnishings. It's almost an Imperial town and quite friendly to House Hlaalu."", 'Should I keep following you to the Halfway Tavern in Pelagiad?', 'Take me to the Halfway Tavern in Pelagiad.', 'Okay. I will stay here.', ""We're going to travel together to Pelagiad, right?"", ""Well, I'm here in Pelagiad. You better tell Edryno Arethi that I made it here safely."", 'Not right now, I will need to sell my goods here in Pelagiad. Thanks to you, everyone will know the name Tarvyn Faren as a trader who can reach his customers even with all the troubles for House Hlaalu.', ""Not too many troubles anymore now that the Blight has ended. Business will get back to normal eventually, but there's still going to be squabbling over the ebony trade. House Redoran just doesn't know when they're beaten."", 'We had a good deal going with Caldera, but then House Redoran opened their traditional mines for trade with the Empire. Even the Ashlanders have been sneaking across the ghost fence to a mine there and trying to sell ebony.']",NPC
Elder Scrolls Morrowind,2002,US,Tashpi Ashibael,Female,"['Necromancy? I am NOT a necromancer. Who said I was a... a necromancer?', ""Oh, I see. I refused to join the Mages Guild. I chose to practice healing among my people, away from the politics of the Guild. Since I was a Velothi and not well born like Ranis... Well, it's not important now. Maybe I know a way out of this situation."", 'If Ranis has held a grudge this long, it would be best for me to leave for the mainland. There are plenty of towns that could use a healer. Tell Ranis Athrys that I am dead. I will leave Vvardenfell and Ranis need never know.', ""I'll leave for the mainland as soon as I get a few things together. There are many other towns in need of a healer. Tell Ranis Athrys that I am dead."", 'Spirits of my ancestors protect me!', ""Ask anyone in the village. I'm no necromancer and anyone around here can tell you the truth of the matter.""]",NPC
Elder Scrolls Morrowind,2002,US,Temis Romavel,Male,"[""I don't think we've been introduced, outlander. I'm Temis Romavel. How can I help you?"", ""Brerama Selas believes that all the Telvanni have been found, but I don't know... I think there may be a few hiding somewhere. Sometimes I hear strange noises in the room below this one.""]",NPC
Elder Scrolls Morrowind,2002,US,Tenisi Lladri,Female,"['Sealed orders? Well, you might as well give them to me.', ""Yes, good. Here, take these 100 drakes as a courier's fee."", 'You already gave me the sealed orders.', ""Then why did you come here? Are you feeling well? There's a Temple here in Vivec.""]",NPC
Elder Scrolls Morrowind,2002,US,Tenyeminwe,Female,"['Are you ready to travel together to the Telvanni docks?', 'Do you want me to follow you?', 'Very well. Take me to the Elf-Skerring at the Telvanni docks, .', ""It's Gals Arethi's ship. It's the one furthest to the west."", 'I will wait for you here. Please hurry, . I do not feel safe here in Sadrith Mora.', 'Thank you for taking me to the Telvanni docks.', 'Thank you for taking me to the Elf-Skerring. I was keeping these scrolls just in case something unfortunate happened. Since I have arrived safely, I feel you deserve them.']",NPC
Elder Scrolls Morrowind,2002,US,Teris Raledran,Male,"['Pardon me! You look like you could use some extra cash. Perhaps you could be of some use to Rollie and me.', ""You see, Rollie and I are heading to Vivec to deliver this shipment of clothing to Agrippina Herrenia the clothier. Truly, it's some of the finest clothing you'll ever see...perhaps I could interest you in some? Well, regardless, I've heard rumor that the road to Vivec has become rather dangerous of late. Perhaps you'd be willing to escort the two of us? Rollie and I would be most appreciative, and would be willing to offer some compensation."", ""No? I'm sorry to hear that. Well, Rollie, it looks like we're on our own. Maybe we'll find someone else to help us."", ""I've really got to get my goods to Vivec. It's not cheap trying to feed old Rollie!"", ""There's a good fellow! See, Rollie, I told you there are still some good folks in these lands! Rollie's become such a pessimist in his old age, but I told him we'd find someone to help! When we get there, I'll reward you. I think 100 septims seems fair. How about the three of us get going?"", 'Well, shall we travel together to our destination?', ""She's a clothier in Vivec. Her shop is in the Canalworks of the Foreign Quarter. Sells a nice selection of fine clothing, some provided by yours truly, and transported with care by Rollie."", ""Well, I figure that 200 septims would be fair. Sounds about right, doesn't it? Yes, that's a fair arrangement. Again, thank you for your trouble. You'll be paid when we arrive at the store."", 'Shall we continue on?', ""If you think it's wise. I'll wait here for you."", ""Excellent. Let's be on our way."", ""Well, %PCName, we're getting pretty close to the city, and they don't let big ol' guar like Rollie here inside the walls. Seems a shame, since he's such a personable sort. Isn't that right, Rollie? Anyway, from here, you and I can travel on to Agrippina's alone."", ""Shall we travel together to the shop? It'll be lonely without Rollie, but we'll make it!"", ""Okay, %PCName, we've made it. I thank you for your help, and Rollie would if he were allowed in the city. I really must speak with someone about that. Think how much he'd enjoy visiting this place. He'd be talking about it for days. Oh, I suppose you're wondering about compensation for your trouble?"", ""Certainly! The two of us are more than glad to give you your fee. We'd like to thank you again for your companionship. It gets a bit lonely on the road, and sometimes Rollie gets awfully quiet on long trips. Take care, stranger!"", ""Well, I'm afraid I can't pay you all of what I promised, with the loss of my beloved Rollie. Here, take this. I'll use the rest to have a proper burial for my one true friend, perhaps build him a memorial. At least most of the goods got here, though. He would have wanted it that way. Farewell."", ""Yes, he's the best guar in the world! Wouldn't trade him for anything. Plus, I don't think he'd enjoy traveling with others as much as he does with me."", ""Finest pack guar I've ever had the privilege of knowing. He and I have been together for years. Sure, he and I have our arguments, and he sometimes can be a little bit stubborn, but we always seem to be able to work things out."", ""I can't believe he's gone! I don't know what I'm going to do. He was the finest guar I'd ever met...kind, compassionate, funny, loving. I'll miss him terribly.""]",NPC
Elder Scrolls Morrowind,2002,US,Thanelen Velas,Male,"['Me? No, you are mistaken. It was that Argonian, Nine-Toes.', 'His house is in the middle row east of the river Odai.', 'Just a coincidence, I assure you. Nine-Toes is the real murderer.']",NPC
Elder Scrolls Morrowind,2002,US,Tharer Rotheloth,Male,"['What brings you to the Temple, Adept ? Have you been lax in your duties?', 'A villager in Tel Mora has fallen ill, but there is no Temple in Tel Mora where she can go for healing. Go to Tel Mora and cure Lette.', 'The Temple does not proselytize, but we do good works for non-believers. Lette, a Redguard in Tel Mora, has swamp fever. Cure her of swamp fever and return to me.', 'The symptoms include high body temperature and delirium, but there are no easily visible signs. It can be cured with a standard potion of cure disease, or you may attempt to cure it with a spell.', 'Did you cure Lette?', ""Has Lette been cured? You are indeed worthy of the Tribunal's praise. Perhaps you would enjoy this book. Although it is clearly heretical, it contains a gem of truth in it's lesson on healing and resistance. Are you ready for more duties?"", 'What brings you to the Temple, Adept ? Have you been lax in your duties?', 'To prove that you are wise and brave, you must make the Pilgrimage to Mount Kand.', ""I want you to make the Pilgrimage to Mount Kand, which is northwest of Molag Mar. It's on the left side of the trail. I will mark in on your map. On Mount Kand, Vivec won a contest of wits with three Daedra. There are few lights in the cavern. You may need these potions. If you are not good with riddles, you may want to find a copy of The Yellow Book of Riddles. Several booksellers have this book."", ""As I said, go to Mount Kand and answer the Daedra's riddles. If you answer correctly, you do not have to fight them."", 'Have you made the Pilgrimage to Mount Kand?', ""Yes, I heard you defeated the Daedra at Mount Kand in a contest of riddles and received Vivec's blessings. I celebrate your success. I have other duties for you when you are ready."", 'What brings you to the Temple, Curate ? Have you been lax in your duties?', 'One duty of the Temple is to bring justice to Necromancers wherever we may find them. We have heard of a Necromancer known as Delvam Andarys.', 'Delvam Andarys is in Mawia, which is southeast of Molag Mar. From here, follow the river to the east as it heads south. It is not far before it opens into a lake. Turn east again and look for an island just south of the coast. Go there, find Delvam Andarys, and make certain that he does not escape the justice of the Temple.', 'Is the Necromancer Delvam Andarys no longer a threat to the Temple?', 'Delvam Andarys is dead. You have done the Temple a great service. When you are ready, I have more urgent duties for you.', ""You brought the Temple's justice to Delvam Andarys."", 'What brings you to the Temple, Curate ? Have you been lax in your duties?', 'Another duty of the Temple is to cleanse Vvardenfell of vampires. We have heard of a vampire lair known as Galom Daeus.', ""Please take the holy implements of the Temple's greatest vampire hunters. When you are ready, the elder vampire Raxle Berne hides from the light in the Dwemer ruin of Galom Daeus. I will mark Uvirith's Grave on your map. From there go south until you reach a river of lava. Follow that river to the west until it ends. Galom Daeus lies ahead of you across another pool of lava."", ""I have given you the garb of one of the Temple's vampire hunters. When you are ready, slay Raxle Berne in the Dunmer stronghold of Galom Daeus."", 'Have you cleared the vampires from Galom Daeus?', 'Raxle Berne is dead. He shall no longer plague the lands of Vvardenfell. You have earned great honor with the Temple.', 'You have slain Raxle Berne. Galom Daeus is no longer a plague waiting to strike out upon the land.', ""I have no more duties for you. Try speaking with Tula Valen in Ald'ruhn or Uvoo Llaren in Ghostgate.""]",NPC
Elder Scrolls Morrowind,2002,US,Thavere Vedrano,Male,"[""Have you noticed, for all its proclamations about protecting the rights of property and preserving law and order, the Imperial legion does little enough to capture and prosecute abolitionists? That's a bit hypocritical, don't you think?"", ""Processus, murdered! No! Tell me it's not so. He was the gentlest man I've ever met. He and I had become so close in the past few months...I don't know what I will do without him. I've only seen him get angry once or twice, and never raised a hand to anyone. This is so sad."", ""Well, not even angry, I suppose. I saw him arguing once with Foryn Gilnith about his taxes. He thought Processus had been levying too much, and skimming off the top for himself. Ridiculous! Processus wouldn't have done such a thing, I'm sure of it. Please find out what happened, friend. And if you find out what became of Processus' ring, it would ease my heart."", 'I gave him the ring many months ago, and it was dear to him. I would like it to remember him by.', ""I don't mind, . Always happy to help someone like you. What's on your mind?"", ""Oh, you've found the ring I gave him. Thank you so much, . It's good to have something to remember him by, though I'll never see him again. Here, take this. He usually traveled with a couple when he was doing his job, but he didn't this last time. If only he had...."", 'Thank you again for returning it to me.']",NPC
Elder Scrolls Morrowind,2002,US,Theldyn Virith,Male,"[""Yes, I'm Theldyn Virith. Sort of the Hetman of Ald Velothi."", ""I'm Theldyn. What can I do for you?"", 'Not right now, . Maybe in a few days. Make sure you tell Neminda that you delivered the potion.', 'Are you here to deliver the potion?', 'Good. The Arvel family will be grateful. Anything I can do for you? I might have some duties for you later.', 'The Arvels haved lived here for years. Despite their Hlaalu connections, they are decent and generous.', ""Oh, I'm sorry, I was expecting a potion from Ald'ruhn, so I assumed...?"", 'What brings you back to Ald Velothi, ?', ""Thank you for asking, . Normally things are pretty quiet in Ald Velothi, but Old Blue Fin is back and up to his old tricks. It's time someone got rid of Old Blue Fin for good."", ""He's a Slaughterfish we see around here very couple of years. He came back bigger and meaner than ever and has been hanging around the docks. Me and him go way back... But this time he's gone too far. Kill him before he puts my fishermen out of business."", 'Is Old Blue Fin finally dead?', 'So Old Blue Fin is finally dead. The Dreughers here in town asked me to give you this Dreugh wax if you got rid of Old Blue Fin.', ""Without Old Blue Fin stirring things up, Ald Velothi will be quiet again. You know, I'm almost sorry to see him go."", 'What brings you back to Ald Velothi, ?', ""A diseased shalk got into an egg mine on the trade route to Ald'ruhn. I need someone to kill the shalk in the Ashimanu Mine."", ""The diseased shalk has been infecting Kwama and miners, so the mine's been abandoned. Kill the shalk and report back to me. I just heard some reports of Kagouti attacking traders along that route as well, so be careful. If you see any Kagouti near there, kill them too. It's best to start in Gnisis and cross the river south of the silt strider. When you reach a rough trail, follow it east and south. When the trail branches south and east, take the east fork."", 'Did you take care of that shalk in the Ashimanu Mine?', 'I heard you killed the shalk. Good work, .', ""I hope the mine gets back up and running soon. There's few enough egg mines as it is."", 'What brings you back to Ald Velothi, ?', ""I heard there's been another problem along the Gnisis-Ald'ruhn caravan track. Kagouti have been attacking travelers between Ald'ruhn and Gnisis. I need someone to find this kagouti den."", ""Well, I guess the Kagouti you already killed near there are the ones that were attacking travelers. If I hear about any more attacks I'll let you know."", ""I haven't heard about any more trouble along the caravan track, ."", 'What brings you back to Ald Velothi, ?', ""House Redoran sent a party to destroy the Telvanni base Shishi. They were supposed to report back to me, but they have not done so. I need someone to find out what's going and bring me the Shishi report."", ""Shishi is a Velothi tower in the middle of the Foyada Bani-Dad northwest of Maar Gan. Go to Maar Gan, head east past the Silt Strider, then follow the Foyada north and west until you see it. It's right in the middle of the Foyada. The leader of the exepedition you need to speak with is Brerama Selas."", 'Do you have the report from Shishi?', 'Well, where is it? Bring me that report, .', 'I need the report. There may be lives at stake.', 'Do you have the Shishi report?', 'Do you have the report from Shishi?', 'Thanks for your report, . Hopefully the Telvanni will give up their claims on the tower now.', 'Shishi is still disputed territory. I hope the Duke does something about all these rogue Telvanni soon.', 'Do you have the Shishi report?', 'Do you have the report from Shishi?', 'Yes, this is the report I wanted. What was that? You also found a Telvanni wizard hiding there? Good work, . Maybe now the Telvanni will give up their claims to Shishi.', ""I don't have any more duties for you. Like I said, it's quiet here in Ald Velothi. Check with Neminda in Ald'ruhn or Faral Retheran in Vivec."", 'What brings you back to Ald Velothi, ?', 'I have some duties for you, but this is a tough one. We need someone to slay the cultists in Ashalmawia.', 'Go to Ashalmawia, just east of Ald Velothi. Find the foul Daedra worshipper Gordol, kill him, and report your victory to me.', 'Are the cultists in Ashalmawia dead?', 'Gordol is dead and the Fourth Corner shall no longer plague the citizens of Ald Velothi. Please take this spear as a reward from me, and from St. Veloth, the patron of our village.', 'The cultists in Ashalmawia are no more.', 'I have no more duties for you. Speak with Faral Retheran in the Redoran Treasury in Vivec or with Athyn Sarethi.']",NPC
Elder Scrolls Morrowind,2002,US,Therana,Female,"['What are you here for? Are you here to feed the spiders?', ""It's a funny sort of house, with all those glowing blue crystals all over it. Did I ever tell you about when I was a little girl? I always liked going to the house. That's where everyone keeps their toys. Are you listening to me? You'd better be. Yes, that's better. No need to do that. I'd offer you something, but I'm all out of kwama eggs."", 'Join with the house? No thank you. I prefer to be in the house, not of the house.', 'Nerevarine? Is that a new play? I like plays.', ""That's lovely, dear, but I don't think so. I have so much to do around here. Besides, I'm already married. I'm fairly sure. Avos. Or Aven. I think. Little fellow. He's around here somewhere. Some sort of magic thing. Quite funny, actually. Did I tell you? About how easy it is to get those caretellian coordinates mixed up? Oh, dear... really quite a laugh. Quite funny. Yes, indeed. Ehr.... What were we talking about?"", ""No, Telvanni make the worst councilors. I wouldn't listen to their advice if I were you."", 'Eh? Yes? Therana? Yes? Yes. Of course.', ""Oh, it's you again."", ""Have you ever heard of Auriel's Bow? I've heard it's made of ebony and smells of boiled ash yams."", ""No, no, no. I knew you wouldn't understand. I want a bow that smells faintly of ash yams."", 'Ash yams have the strongest smell in Ghostgate near Ralyn Othravel.', ""Weren't you the one who was going to deliver my ash yams? What took you so long? I've got all these kwama eggs and no ash yams because I hate ash yams."", 'Yes, I can definitely smell the ash yams that bow was baked in.', ""I *smell* ash yams but I don't *see* ash yams. Are you lying to me?! I don't like people who lie to me... But if you give me the bow, I might let you go."", ""Oh, dear. This bow smells like ash yams. This isn't any good to me at all. I hate ash yams. If I gave you a little present would you go away and promise never to bring me any ash yams ever again?"", ""Let's pretend I paid you to go away. Here, take this sack of drakes and take that horrible stench with you."", 'Here, take these old things and leave me alone.', 'No thank you. I already have some.', 'No, not right now, thank you.', ""Chores? Do I look like a servant? I don't have to take orders from you! Did you hear what I said?! Yes, that's better. I remember when I was a little girl, and I had to do chores. Stir this netch blood, Therana. Grind these diamonds, Therana. Nice girls don't keep spiders as pets, Therana."", 'Then I will have to clear out that horrible ash yam smell myself.', ""Oh, are those my new clothes? I've waited ever so patiently for them."", ""Oh, is that my new skirt? How do I know it's not cursed? Why don't you put it on."", ""You're wearing me skirt! How dare you wear my skirt!"", 'New clothes? What new clothes? Oh, yes, I wanted a Khajiit fur skirt. Are you listening? Yes, pay attention. A Khajiit fur skirt. Tell Felisa that I already have one, thank you.', 'What are you here for? Are you here to feed the spiders?', ""It's a steel box, of course. You keep things like bittergreen roots in it, keeps 'em fresh, with a little netch blood. Or is that a hormador? Yes. Or spiders. In the box. Spider eggs. Keeps 'em fresh. With netch blood. You wouldn't have any with you, eh? Spider eggs? Nice fresh ones? So, go ahead. Show me the hordador. Hormador? You got it with you? Always happy to get some fresh spider eggs. Or spiders? When I was a MUCH younger, we grew our own spiders..."", '! What was your name again? Are you listening to me?', ""Hmph. Mustn't be rude, now. It's Mistress Therana speaking to you. And when Mistress Therana speaks, everyone LISTENS. Don't they? Because if they don't, then they get very stiff and get stuck way down in BASEMENT WITH THE SPIDERS."", ""What? Oh. You want to be a Hortator? Certainly. Go right ahead. Whatever you like. I don't mind. What were we talking about?"", ""Goodness. Where did you learn how to do that? Can you do it again? Oooo! Very pretty! Do it again! Oh, please? Please? Oh, certainly. I have a hormador around here somewhere, if you'll just.... Oh. You want to be a Hortator? Certainly. Go right ahead. Right after you do that thing again. That's amazing! Oh, goody, goody...."", 'Are you here to show me that thing you did? Or did you want to feed the spiders?', ""You want to see my hormador? Oh, dear, where did I put it? In the basement? What did you say? You want to BE a hormador? Well, if that's what you want, go right ahead. I remember my first hormador. I used to have a little baby scrib, and I kept him in my hormador, but he was eaten by spider. With a man's body. Down in the basement. What were you saying? Where did you go?""]",NPC
Elder Scrolls Morrowind,2002,US,Tholer Saryoni,Male,"['Please leave. These are my private quarters.', ""Thank you for coming, . You know the Temple's doctrine on the Nerevarine. Perhaps it is time to change that doctrine."", 'The Temple must protect the people from false doctrines. And your association with Imperial intelligence makes your motivations and integrity suspect. But you have been chosen Hortator and Nerevarine by the Dunmer people. And we have reached a crisis with Dagoth Ur. We can no longer defend the people against the awakened Sixth House. You and your prophecies may represent our last hope. Our situation is desperate. But I would rather have you hear the details of our situation, and the circumstances leading up to that situation, from Lord Vivec himself. He has asked to see you. Would you agree to a private meeting with him, and hear in person what he has to say?', ""Good. Here are two keys: one to the private back entrance to my quarters, the other to a locked entrance to Lord Vivec's palace. I regret that, at present, the Ordinators are not completely under my control, so, for now, I'll ask you to avoid confrontations with them. Lord Vivec is expecting you. His Lordship is remarkably patient, but perhaps it would be better not to keep him waiting."", 'Lord Vivec is expecting you. His Lordship is remarkably patient, but perhaps it would be better not to keep him waiting.', ""I'm sorry. I understand. Then we have nothing further to discuss at this time. I will not apologize for the Temple's actions against you, or against the Dissident Priests. But I do believe it is time for such hostilities to stop. I regret that, at present, the Ordinators are not completely under my control, so I cannot guarantee that you will not be harmed. But if you change your mind, and are willing to meet with Vivec, please return to me at any time."", 'Saint Nerevar and the Tribunal defeated the Dwemer in holy war, and banished them from the face of the world for their blasphemies.', ""We're here to discuss the Temple's doctrine on the Nerevarine, ."", 'Faith conquers all, Nerevarine. Bless your breath and blood.', 'I understand your concerns, but the Ordinators are a necessity. Especially in these troubling times.', 'There is the Blight and the return of Dagoth Ur. There are troubles with the Empire and troubles between the Great Houses. The Temple needs protection in these times, and the Ordinators provide that, even though the Ordinators have failed on occasion.', 'It is rare, but recently... Perhaps you could help with one of these failures. There is a cavern, Assemanu, known to those who follow Dagoth Ur. In this cavern is the Robe of St. Roris, a holy relic. If you can succeed where the Ordinators failed by bringing me the Robe, I will speak with Berel Sala.', 'To get to Assemanu, take the southern road towards Seyda Neen. After you cross the bridge, you will see swamplands to the south. Go across the swamps and look for an island to the south. Assemanu is on that island.', 'The Order of the Inquisition identifies and suppresses heresy among priests and laymen.', 'The Order of the Watch provides guards for temples and shrines.', 'The Yellow Party of Hlaalu honors and serves Fortune, Trade, and the Empire, and through such distractions they stray away from the narrow paths of duty, gravity, and piety.', 'The Brown Party of Telvanni honors great tradition of arcane mastery of our race, and deserve our respect, but they are careless in observance of Temple teaching, and scornful of discipline, doctrine and obedience.', 'The Red Part of Redoran preserves the ancient martial traditions of our ancestors, and deserve our thankful respect.', 'Faith conquers all, Nerevarine. Bless your breath and blood.', 'You have the Robe of St. Roris the martyr. It is the robe he wore when he was slain and was thus blessed with his blood. Will you hand over the robe now?', 'You have brought me the Robe of St Roris. For this I will speak with Berel Sala, and I will not let him influence Temple policy as much as in the past.', 'You have succeeded where the Ordinators have failed. I will listen to your words and do what I can to control the Ordinators.', 'There are many troubles in these times, but with the return of the Robe of St. Roris I have renewed faith in the Tribunal. I believe the troubles between the Temple and House Hlaalu are a test of our patience and piety. I will make sure the Ordinators will not fail this test.', 'If you want my aid, you must give me the robe.', 'Are you here to request an audience, Master?', 'I am old and will soon retire. You are one of the most promising Masters. If you want to replace me as Archcanon of the Temple, you must complete the Pilgrimage of the Four Corners.', ""The First Corner of the House of Troubles is Malacath, the Daedric patron of the Orcs who tests the Dunmer for weakness. There is a shrine to Malacath on Sheogorad, southwest of Dagon Fel. Head south past the Dwemer ruin and take the second road to the west. Look for the shrine to the north. Take four Daedra hearts to the shrine. When you donate the hearts at the shrine, recite Vivec's Four Corners of the House of Troubles."", 'Have you completed the Pilgrimages of the Four Corners?', ""The Second Corner of the House of Troubles is Mehrunes Dagon, the Daedra of Destruction who represents the trials the Dunmer face in the lands of Morrowind. At Ald Sotha, the daedric ruins northeast of Vivec City, Vivec rescued Sotha Sil, the only survivor of the minor House Sotha, from the armies of Mehrunes Dagon. Fight your way to the statue of Mehrunes Dagon and recite Vivec's Four Corners of the House of Troubles."", 'Have you completed the Pilgrimages of the Four Corners?', 'The Third Corner of the House of Troubles is Molag Bal, who tries to destroy the Dunmer by corrupting our bloodlines. Bal Ur is known as the Birthplace of Molag Bal where the Doom Drum tricked Molag Bal into becoming mortal. Vivec defeated Molag Bal here and sent him back into Oblivion. Bal Ur is just north of Suran, but to get there easily, you will need a way to levitate over the mountains.', 'Have you completed the Pilgrimages of the Four Corners?', 'The Fourth Corner of the House of Troubles is Sheogorath, the Mad Star, who threatens the Dunmer with madness. It is time to renew a pact Vivec made with Sheogorath long ago. To do so, you must find the Gambolpuddy.', ""Yes, I know it is a strange name, but all Sheogorath's creations have the touch of madness. Find the Gambolpuddy in Ald Daedroth and donate it to Sheogorath's statue there while reciting Vivec's Four Corners. This will renew the pact and prevent Sheogorath from tormenting us with madness. Ald Daedroth is on one of the islands between Sheogorad and Azura's Coast. I will mark this place on your map."", 'Have you completed the Pilgrimages of the Four Corners?', 'You have finished the Pilgrimage of the Four Corners of the House of Troubles. I may have more duties for you.', 'Yes, you found it and returned it to Sheogorath. The pact has been renewed.', 'Are you here to request an audience, Master?', 'You have completed the Pilgrimage of the Four Corners. Now you should know the enemies of the Temple. I ask only one more thing. You must recover the Ebony Mail.', 'The Ebony Mail may be found on Mount Assarnibibi, which is north of Molag Mar. Mount Assarnibibi is where Molag Bal oversaw the 99 lovers of Boethiah that gave birth to Almalexia. Go there and pray before the shrine. If you are worthy, you will receive the Ebony Mail. Return it to me and I will make you Patriarch of the Temple.', 'Have you found the Ebony Mail, ?', ""So you found it? Where is it? I don't see it..."", 'Perhaps you are not devoted enough to be the Patriarch of the Temple.', 'Are you here to request an audience, Master?', 'You are the Archcanon now, . I wil lretire from the politics of the Temple and devote the rest of my life to writing.']",NPC
Elder Scrolls Morrowind,2002,US,Tidros Indaram,Female,"['What do you want?', 'If Giras owes a debt, why are you asking me about it?', 'Alright, perhaps I can talk sense into my brother. Just tell him I said that paying the debts would be the honorable thing to do.', 'Talk to my brother, Giras. Tell him that I said its time he started showing some responsibility.', 'Well, perhaps you can settle this issue yourself.', 'What do you want?', 'If he challenged you to a duel, you should accept to uphold your own honor. Even if it is clear that my brother is the one at fault.']",NPC
Elder Scrolls Morrowind,2002,US,Tinos Drothan,Male,"[""If you know what's good for you, %PCRace, you'll leave me alone and be on your way."", 'Listen up, if you really care. My former guards just ran off and stole all my goods.', ""Yes, a whole shipment of raw glass. If you can return my goods, and kill those bastards who took them, I'd be willing to teach you a couple trader's secrets that could save you plenty of money in the future. My guards, Alvur Hleran and Dondir, probably haven't gone far. Stupid fetchers are probably holed up somewhere near here, counting my loot! Check to the southeast. That's the direction they headed."", 'Lord, Mother, and Wizard! What are you still doing here? Go away!', 'Well, get moving, then. Go on! Go!', ""Come back when you've got all my glass."", ""You've gotten my glass back. Excellent. Damn shame you didn't kill those traitorous sons of bitches, but I'll take what I can get. Well, a deal's a deal, so let me tell you a little about the merchant trade...."", ""You've gotten my glass back. Excellent. Too bad you didn't kill them both, but one is better than none. Well, a deal's a deal, so let me tell you a little about the merchant trade...."", ""My glass, and those fetchers left to rot...excellent! Teach criminals like that to meddle with an honest trader. Now, let me tell you about a few tricks of the trade. I think they'll come in handy for you...."", ""I've got my glass, and you've gained some knowledge. Not a bad bargain. Off with you now.""]",NPC
Elder Scrolls Morrowind,2002,US,Tiram Gadar,Male,"['Telvanni spy? Not that I know of. I am a special advisor to Arch-Mage Trebonius on Dunmer Issues. You can check my credentials with Trebonius himself.', 'Yes, speak with Trebonius. He will clear me of any suspicion.', 'Yes, these are my credentials. What about them?', ""If you don't stop making baseless accusations, I will be forced to make a complaint to Trebonius."", ""Well, I hope you're satisfied."", 'We get along rather well. He is always willing to listen to my advice.']",NPC
Elder Scrolls Morrowind,2002,US,Tivam Sadri,Male,"['Welcome, . Mehra Milo has told us of your coming. You can find her in the library with Master Barelo.', 'Mehra Milo has run terrible risks remaining at the Hall of Wisdom and Truth, and we are gratefull that you have rescued her from the Ministry of Truth.', 'Master Gilvas Barelo is the abbott of our monastery, and the head of our secret order.', ""We have adopted the name Dissident Priests. We are not ashamed of our disputes with the Temple's hierarchy."", ""We are fiercely loyal to the Temple's ancient traditions. But we are troubled that the ultimate source of the Tribunal's divinity might be the same as the source of Dagoth Ur's evil power. Dagoth Ur's power seems to wax as the Tribunal's power wanes. Read 'The Progress of Truth' and other documents of the Apographa in our library, and you'll see why we are uneasy."", 'Yes? Mehra Milo and Master Barelo should be in the library. Did you have questions about our services and hospitality? Or did you want to return to Vivec?', ""You're welcome to rest in our beds. Speak with the others here, and you may find they can be of service in various ways."", ""Vevrana Aryon, a monk at the docks outside, can arrange for travel back to Vivec. You can only enter or leave Holamayan at dusk and dawn; the entrance is sealed at all other hours. But please make yourself comfortable here. Rest in our beds, and make good use of our services. You may read our books, but don't take them. Do not abuse our hospitality. Do not take personal items or alchemical apparatus or ingredients or other private property.""]",NPC
Elder Scrolls Morrowind,2002,US,Tralas Rendas,Male,"[""Welcome to Maar Gan, . I'm Tralas Rendas. Maar Gan is the site of the holy Tower shrine, favorite place of pilgrimage for the Temple faithful. Can I help you find someone in particular."", ""Well, maybe. An Ashlander came here the other day demanding tribute for the esteemed noble Beden Giladren or somesuch. I didn't know of any Redoran noble by that name, so I just passed the report on. The Ashlander said to go west out of Maar Gan along the road towards the mountains and then head south along the mountains to get to his camp."", 'I heard you rescued the pilgrim. I guess the Ashlander that came here demanding ransom for a famous noble was confused.', 'If you are on the pilgrimage here, I may assist you. Do you want the blessings of the Temple?', 'Do you want the blessings of the Tribunal?', 'Very well. Stand still.', 'If you need assistance, speak with me.', 'You have completed the Pilgrimage to the Shrine of Maar Gan.']",NPC
Elder Scrolls Morrowind,2002,US,Trebonius Artorius,Male,"['Greetings, . I am Arch-Mage Trobnius, Guildmaster of Vivec.', ""This book is from Tarer? Well, it's about time he learned some humility. I'm touched by the gesture nonetheless. Here's something for that rash of his, and a little something for you."", 'Greetings, . I am Arch-Mage Trobnius, Guildmaster of Vivec.', ""Hmm... Yes, you look like the sort we could use in the Mages Guild. Will you take the Mage's Oath and join the Guild?"", 'You are now a member of the Mages Guild. Welcome, Associate. When you are ready, you can ask for duties to perform, and once you are ready, you can ask me about advancement in the guild.', 'Perform any duties assigned to you by the masters of the Guild. Learn from them and grow strong. Always share your knowledge freely with other Guild members. Never strike or steal from another guild member. Does this appeal to you?', 'Well, you certainly qualify for membership. If you ever change your mind...', 'What can I do for you, Warlock ?', ""Why, no, . There are no Telvanni spies here. And I would know if there were. I'm the Archmage after all. Tiram Gadar, my Dunmer advisor, keeps an eye out for spies and that sort of thing."", ""He's been of immense assistance, . He helps me see the Dunmer side of every decision I make, and he came with the highest credentials."", ""I'm sure I have them somewhere around here. Ah, yes, here you go, . A letter from Ocato himself."", ""I have already given you Tiram Gadar's credentials. They should assure you that he is a Dunmer of the highest character."", 'Why, no, . There are no Telvanni spies here. And I would know if there were.', ""What? Frankly, I don't believe you. Tiram Gadar is my most trusted advisor. And I've given you his impeccable credentials. Ranis Athrys might believe suchs accusations, but I am far more sophisticated."", 'What? I thought she hated the Telvanni after what they did with her parents... But I have heard she was trying to intimidate rogue Telvanni to join the Guild. Tiram Gadar mentioned that the Dunmer are quite upset over some of her actions. I will have her repelled immediately.', 'It seems you found the spy, Warlock .', ""Hmm... Duties, you say? Yes, there are several things the Mages Guild needs done. Let's see. Hmm... Find out about the disappearance of the Dwarves. Yes, that's an excellent task for you, Master Wizard ."", ""What was it I asked you to do? Oh, yes, find out about the disappearance of the Dwarves. Why nto talk to Edwinna in our Ald'ruhn branch? The two of you should get along famously."", ""It's a simple task, surely. Just go to some ruins and... erm... and find out what happened to them. Maybe some people here in the Mages Guild can gibe you some clues."", 'Oh? Let me see these books, Master Wizard . Oh, yes, of course. This Egg of Time is quite obvious... in its... um... descriptions... of the things... that happened. Yes, of course. It is all quite clear to me. I would prefer that you wrote a report that... um... simplified your findings, but I trust that you have indeed solved the mystery.', ""Well, I'm glad that the mystery is solved at last. Next time the Arch-Mage of Almalexia visits, I'll really have something to brag about."", 'Yes, since you found out about the Dwarves, perhaps you could help with our little problem: House Telvanni.', 'Yes, House Telvanni does not get along well with the Mages Guild. I do not think that we can resolve this conflict peacefully. Therefore, I request that you kill the Councilors of House Telvanni: Master Aryon, Mistress Dratha, Master Gothren, Master Neloth, and Mistress Therana.', ""Ah, so all the Telvanni Councilors are dead? That is good news indeed, Master Wizard . I've feared for my life working here on this island with all those Telvanni around. Now that they're gone, I don't need this amulet or this staff. They're yours now, Master Wizard ."", ""Thanks to you, things will be much more peaceful for the Mages Guild ehre on Vvardenfell. Perhaps there's hope for the Empire after all."", 'Are you here to challenge my position in the Guild? Do you think you have what it takes to be the Arch-Mage?', 'I have seen how you lust after the power and prestige that only I have as the Guildmaster here in Vvardenfell. If you truly think that you can take my place, meet me in the Arena for a duel to the death.', 'Very well. Meet me in the Arena here in Vivec. We will settle this once and for all.', 'Then you will always be known as the Master Wizard.', 'What? You have a letter for me? Well, hand it over.', 'Interesting. This letter says that I am to make you the Arch-Mage and retire. I do not know why Ocato would lose his faith in me, but I will do as he asks. But I will watch over you, , and make sure you do not betray the high principles of the Mages Guild.', 'We now both have the title of Arch-Mage.', 'Oh? Well, what do you want, then?']",NPC
Elder Scrolls Morrowind,2002,US,Tsrazami,Female,"['What does the Dunmer want with the Dark Brotherhood?', 'Do you? You think you just talk with the first Khajiit you see? If you do not know how to hire the Dark Brotherhood, you do not deserve our services.', 'No more games, . You are Morag Tong. Tsrazami knows of you. Tsrazami will not betray the Dark Brotherhood for empty threats or a little gold.', 'Tell your Grandmaster that Tsrazami will speak with him.', 'Tsrazami will meet with Eno Hlaalu. But Tsrazami promises nothing.', 'Fine with Tsrazami.']",NPC
Elder Scrolls Morrowind,2002,US,Tuls Valen,Male,"['Welcome, my child. Do you seek to join the Temple?', 'You have a promising look. Perhaps we could use you. Do you wish to join? Or shall you hear our doctrine first?', 'Your fourfold duties are to: Faith, Family, Masters, and all that is good. Perform holy quests and bring luster to the Temple. Never transgress against your brothers or sisters -- in thought or deed -- as we are all one body. If you somehow fail to uphold these ideals, you must speak with a Master or the Patriarch to be cleansed of your wrongdoings. Still want to join?', 'You are now a Layman in the Temple. Welcome, brother . I am one of several Masters you can go to get your duties and if you perform well, advancement in the Temple is not out of question.', 'Hmmm. The choice is, of course, your to make .', 'What brings you to the Temple, Layman? Have you been lax in your duties?', 'Before I give you any other duties, you should prove your faith by making the Pilgrimage of the Seven Graces.', ""Take this book, The Pilgrim's Path. It describes where the pilgrimage sites are. After you have completed these pilgrimages, speak with me again. I should warn you that while most of these are easy, the pilgrimages of Ghostgate and the Ruddy Man are more difficult. You may wish to do those last."", ""You have been given a copy of The Pilgrim's Path. Simply follow the directions in that book to each shrine. When you have visited all these shrines, speak with me again."", 'What brings you to the Temple, Layman? Have you been lax in your duties?', 'Before I give you any other duties, you should prove your faith by making the Pilgrimage of the Seven Graces.', 'Yes, you have finished the Pilgrimage of the Seven Graces. I commend you for this. You are now ready for more challenging duties.', 'You have completed the Pilgrimage of the Seven Graces.', 'What brings you to the Temple, Acolye ? Have you been lax in your duties?', 'To belong to the Temple is to practice compassion.', ""Vivec often showed compassion to his enemies. You must show compassion by curing Bulfim gra-Shugarz, a Sheogorath worshipper in Maelkashishi. Take this potion of cure blight. You can cure Bulfim by giving her the potion... But it is expensive. I would prefer you learned a spell such as Rilm's Gift and returned the potion to me."", ""Travel to Ald Velothi and head east past the Daedric ruins of Ashalmawia. Continue due east until you reach the mountains. Then follow the trails south until you see another Daedric ruin. Be careful in Maelkashishi, . The followers of Sheogorath are unpredictable. Don't go further into the ruins than you must."", 'Have you shown compassion to Bulfim gra-Shugarz?', 'You cured Bulfim gra-Shugarz and have proven your compassion. You might be interested in this book, which has an important lesson on the rewards of compassion. Were you able to preserve the potion?', 'You have performed beyond my expectations, . You are indeed resourceful as well as compassionate. Are you ready for further duties?', 'Where is it? Oh, I see. You are joking.', 'Unfortunate. But its use promoted a virtuous act. Well done, . Are you ready for further duties?', 'You have already proven your compassion.', 'What brings you to the Temple, Adept ? Have you been lax in your duties?', 'A man in Suran named Elvil Vidron is a False Incarnate.', 'It is on the north shore of Lake Masobi, in the northwest corner of the Ascadian Isles. You can get there by going east from Pelagiad and around the north side of the Dren Plantation, following the roads east until you reach Suran, or you can take a Silt Strider from Molag Mar or Vivec.', 'Elvil Vidron in Suran claims to be the Nerevarine and makes prophecies of doom. Clearly he is a heretic. Convince him that he is mistaken or, if all else fails, prove it by killing him. If he is the true Nerevarine, he is protected by prophecy and cannot die.', 'Have you chastised the False Incarnate?', 'Elvil Vidron will do penance for his errors, but I am glad you did not kill him. Please accept these potions of healing in reward for your wisdom in this matter. Are you ready for additional duties?', 'What brings you to the Temple, Adept ? Have you been lax in your duties?', 'To demonstrate your faith, you must make the Pilgrimage to Maar Gan.', ""Go to the shrine in Maar Gan. Read the inscription on the rock and imitate Vivec's actions. If you have trouble, speak with the priest. He will assist you."", 'Have you completed the Pilgrimage to Maar Gan?', ""You made the Pilgrimage to Maar Gan? It sounds like you handled Anhaedra well. Since you have learned another of Vivec's lessons, please take this book as a gift."", 'What brings you to the Temple, Disciple ? Have you been lax in your duties?', 'A dark cult is practicing the foulest of arts only a few hours from here in the cavern of Hassour.', ""There is a dark cult dwelling in Hassour. Go to Hassour and bring the Tribunal's justice to the leader of this cult, Dagoth Fovon. To get to Hassour, go to Balmora, then head east towards Moonmoth Legion Forth. When you enter the Foyada Mamaea, follow it all the way south."", 'Have you cleansed Hassour of the cultists?', 'You have slain Dagoth Fovon and cleansed the dark cult from Hassour. As these cultists sometimes spread Blight disease, perhaps you can make use of these scrolls and potions.', 'You cleansed the dark cult from Hassour.', 'I have no more duties for you. Speak with Uvoo Llaren in Ghostgate or Endryn Llethan in Vivec. Thank you for all you have done.']",NPC
Elder Scrolls Morrowind,2002,US,Turedus Talanian,Male,"[""I'm Turedus Talanian, chief of Master Aryon's mercenary guard. Providing for the prosperity of Tel Vos and the village of Vos is my trade. And, from the looks of you, adventuring is your trade. If you are an adventurer, would you be interested in a little work?"", ""We've been trying to establish trade links with the Zainab. Master Aryon thinks that shared self-interest will make the Zainab more careful about offending Tel Vos. But dealing with the Zainab is tricky, requiring knowledge of the Ashlanders, a silver tongue, and sharp wits. I'll pay you 100 drakes to visit the Zainab camp and find out what goods the tribe would be interested in trading for. Will you take the job?"", ""I'm sorry. Perhaps you'll reconsider. The offer stands."", ""Good. When you've determined the trade goods wanted by the Zainab, report back to me."", 'When we know the trade goods wanted by the Zainab, we hope to engage them in trade as a step towards establishing better relations with them.', ""Thank you for your report. So you think Cure Common Disease and Cure Blight Disease potions would be valuable trade goods. That makes sense. Master Aryon will be pleased. He can produce such potions very easily. Well done, Indoril]. Here's your 100 drakes, with my thanks. I'll tell Master Aryon how you've handled this. I think he'll be pleased. And here. You'll find this amulet handy when visiting Telvanni wizards."", ""Thank you for your report. So you think Cure Common Disease and Cure Blight Disease potions would be valuable trade goods. That makes sense. Master Aryon will be pleased. He can produce such potions very easily. Well done, %PCName. Here's your 100 drakes, with my thanks. I'll tell Master Aryon how you've handled this. I think he'll be pleased. If you're interested, and Master Aryon has work for you, you'll have my recommendation. And here. You'll find this amulet handy when visiting Telvanni wizards."", 'Indoril. Thank you again for your help. Did you have a question for me?', ""Yes, I'm pleased, and I think Master Aryon will be pleased."", ""Zainab camp is southwest of the village of Vos, near the foothills of Red Mountain. Here. Let me mark it on your map. Head southwest across the Grazelands until you strike the foothills, then head south, keeping the foothills on your right. When you pass the Dwemer ruins of Nchuleft on the western edge of the Grazelands, you'll cross an east-west road; Zainab Camp is eight or ten yurts east of the hills and south of that road."", ""I'm a warrior by trade, and an officer by training. I served in the Legions, and I know how to run a garrison. I know how to fight, and I know how to lead men. Master Aryon is a very original thinker, and I help him keep his feet on the ground."", 'Indoril. Thank you again for your help. Did you have a question for me?']",NPC
Elder Scrolls Morrowind,2002,US,Tusamircil,Male,"['So do you have a recipe for a potion of dispel magic?', 'Yes, this recipe will do nicely. Now leave me to my studies.', 'Well, then what are you doing talking to me about it? Find a recipe for a potion of dispel magic and bring it to me.']",NPC
Elder Scrolls Morrowind,2002,US,Tussurradad,Male,"['You come to talk? Then talk, outlander.', 'You want to speak to Sul-Matuul. You want to speak to Nibani Maesa. Have they sent for you?', 'I have not heard of this. So go, and find some other who has.', 'If they have not sent for you, then you will not speak to them. You are an outlander, and Sul-Matuul is our chief, and Nibani Maesa is our wise woman. They will not speak to you.', 'I will hear your talk, outlander.', 'You are an outlander. And you wish to talk of the Nerevarine prophecies? You are polite and well-mannered, for an outlander, and I do not think you mean to give offense. But why should you care about the Nerevarine prophecies?', 'What does an outlander have to say to an Urshilaku of the Nerevarine prophecy?', ""I do not believe what I am hearing. You think you are the Nerevarine, and you wish to speak to Sul-Matuul and Nibani Maesa. You do not look like the Nerevarine. But you do not speak like a fool, or a madman. This is a puzzle. I tell you... go speak with Zabamund in his yurt. He is a gulakhan, Sul-Matuul's champion, and he will decide what is right. If Zabamund gives you permission, then you may enter the Ashkhan's Yurt and speak with Sul-Matuul."", 'I am not surprised you are ignorant, outlander. And it is not my job to teach you.', 'We Ashlanders have a prophecy that one day a reincarnation of the legendary hero Nerevar will unite the Dunmer against the outlander invaders, driving them from our land, and restoring the ancient faith and honor of the Dark Elven peoples as taught us by the Prophet Veloth. You are an outlander, so it is not proper that we should speak with you about this.', ""In ancient days, the Deep Elves and a great host of outlanders from the West came stealing the land of the Dunmer. In that time, Nerevar was the great khan and warleader of the House People, but he honored the Ancient Spirits and the Tribal law, and became as one of us. So, when Nerevar pledged upon his great Ring of the Ancestors, One-Clan-Under-Moon-and-Star, to honor the ways of the Spirits and rights of the Land, all the Tribes joined the House People fighting a great battle at Red Mountain. Though many Dunmer, Tribesman and Houseman, died at Red Mountain, the Dwemer were defeated and their evil magicks destroyed, and the outlanders driven from the land. But after this great victory, the power-hungry khans of the Great Houses slew Nerevar in secret, set themselves up as gods, and forgot Nerevar's promises to the Tribes. But Nerevar will come again and cast down the false gods, and by the power of his ring will make good his promises, honor the Spirits, and drive the outsiders from the land.""]",NPC
Elder Scrolls Morrowind,2002,US,Tuveso Beleth,Female,"['I am Tuveso Beleth, and this is my son, Deval. I am a smith of House Redoran.', 'My son, Deval Beleth, wants to make the Ruddy Man Pilgrimage. I want to let him go, but he is young and needs someone to escort him to the Koal Cave.', 'Talk to my son, Deval Beleth, and escort him to the Koal Cave, a famous pilgrimage site south of Gnisis.', 'Did my son arrive safely at the Koal Cave?', 'Thank you for keeping my son safe on his pilgrimage. Please take this sword with my gratitude.', 'Thank you for keeping my son safe on his pilgrimage.', 'Hello again, . What can I do for you.', ""Giras Indaram owes me for several repairs to his armor. I have asked him to pay the debt, but he refuses. I cannot seek redress from a Councilman, since Giras' brothers are among the most respected Buoyant Armigers. I need someome to make Giras Indaran pay his armor repair debts."", ""Go speak with Giras Indaram at the Buoyant Armiger's stronghold in Molag Mar. He owes me 2000 drakes for repais to his armor."", ""Were you able to get Giras Indaram's armor repair debts?"", 'Do you have the devt money from Giras Indaram?', ""You do? Well, I must say I'm very impressed, . Here, why not take this glass sword I've been working on."", 'You were able to get Giras Indaram to pay his debts where others have failed.', 'You have done everything I would ask and more.', 'Well, I must say I did not truly expect that you could get the debt money.']",NPC
Elder Scrolls Morrowind,2002,US,Ughash gro-Batul,Male,"[""I'm an officer of the Imperial Legion. Move along."", ""We have garrisons at Fort Pelagiad in Pelagiad, Hawkmoth Fort in Ebonheart, Fort Moonmoth in Balmora, Fort Buckmoth in Ald'ruhn, and Fort Darius in Gnisis. Were you looking to join the Imperial Legion?"", ""Gnisis is a small agricultural village on the Ouada Samsi, with a prosperous little eggmine. We sit on the caravan route to Ald'ruhn, with silt strider service, and traders come through here often. Like any small outland caravan village, it has a market, the Gnisis Temple, and a tradehose -- the Madach Tradehouse. Unlike most outland villages, there's a Deathshead Legion garrison in Gnisis, and pilgrims come to see the Mask of Vivec at the Gnisis Temple."", ""It's up on the hill, on the east side of town. Careful in there, the kwama queen has been blighted. They're only letting miners in."", 'Gnisis Temple is the only shrine in Gnisis. Pilgrims visit the Temple to pray before the Mask of Vivec, a holy relic. The Temple maintains a hostel for pilgrims and travelers, and provides the other services common at any small shrine.', ""Vivec's Ash Mask is a holy relic displayed within the shrine of the Gnisis Temple. Pilgrims travel from all over Morrowind to view this sacred relic."", ""The Empire built a fort near Gnisis village with the help of House Redoran. They named this fort after the garrison's commandant, General Darius."", ""They are the true warriors of the ancient Dunmer. Although House Hlaalu has adopted more of the Empire's ways, I have more respect for the warriors of House Redoran."", 'We could use a few recruits here in the Deatshead Legion garrison. See General Darius.', 'Darius is our Imperial Legion Commander here in the Deathshead Legion Garrison. You can find him downstairs at the Madach Tradehouse.']",NPC
Elder Scrolls Morrowind,2002,US,Ulath-Pal,Male,"['You are the outlander who claims to fulfill the Nerevarine prophecies. What do you want?', 'I have nothing to say to you. I despise you and your kind. Go away.', ""We know about the prophecies. We think they are foolish superstition. Don't bother us with this nonsense."", ""You want me to name you Erabenimsun Nerevarine? I would rather name you ' Guar-Dung.' You are a hound. I despise you for a foreign fool, as do all my loyal gulakhans. The only honor I will show you is to kill you with my own hand if you ever trouble me again. Leave my sight, now, while you can."", 'Very well. This problem has an easy solution.', 'I am the ashkhan of the Erabenimsun. You are a fool if you do not know that.']",NPC
Elder Scrolls Morrowind,2002,US,Umbra,Male,"['Have you come seeking me? My name is unimportant, and my accomplishments are few.', 'What is the use of knowing my name? If it will make you more comfortable, you may call me Umbra. It is the name of my blade, though it may as well be mine.', ""What are any of my accomplishments in the whole of this world? I have traveled from one end of the land to the other. I have killed creatures that can stop a man's heart with but a look. I have the blood of man and mer uncountable on my hands. I have seen the atrocities of war and the hideous excess of peace. There is nothing left for me in this world."", 'I have seen the wholesale slaughter of men, women, entire races of people. Villages have burned before my eyes—my hand has held the torch, and my hand has thrown water on the flames. I have been ankle deep in blood, swinging Umbra in a wide arc, all for the glory of the battle, and here I still stand.', 'I have no more to do in this life. I have saved whole towns from packs of Daedra, and I have slaughtered men for the glory of countless nobles. All that is left for me is my own death, and the gods have cheated me of that. All I ask is to die like a warrior, but how can that be?', ""I don't believe it is too much to ask to die as a warrior should—in battle. It is my curse, though, that I have found no one that can best me in combat. Are you the one that can? Can you come and lift me from these shackles of life? Come then, be the new wielder of Umbra!"", ""Excellent! Perhaps now I will be granted a warrior's death. And if I am not, know that you will be."", 'You disappoint me. Perhaps one day you will come relieve me of my burden. Until then, I will search for the one who will.']",NPC
Elder Scrolls Morrowind,2002,US,Urshamusa Rapli,Female,"['Stranger, I believe you are the one I have seen in my dreams and visions.', 'The past seven nights, I have had dreams of a White Guar. I know this to be an animal sent by the gods to help my tribe. We have been suffering greatly from disease, and none of my magic will cure the ailment. Find this White Guar for us, stranger. Let it lead you to a new hope for my people.', 'No? Never fight against fate, child. But, we each must choose our own path.', 'I knew you were the one. Go now. I am certain this animal will appear for you. In my vision, I saw it where the path was forked, where the rocks grow from the earth like fingers on a hand.', 'The white guar must be found.', 'I saw the white guar in my visions. It must be found.', 'Tell me what you have found, you who have seen in my visions. Have you found the white guar?', 'You have seen it? Did you not follow it? You must follow the white guar.', 'Tell me what you have found, you who have seen in my visions. Have you found the white guar?', 'I have seen your journey in a vision. Although you did not follow the white guar, it seems the gods have led you to where you were needed. In my vision, I saw you were led to the corpse of Ashamanu. She was a healer many, many years ago. She gave her own life to save the lives of others. It is said that she will give her life again and again, so that our people may live through her sacrifice. You have witnessed a miracle, my child; you now hold the Amulet of Ashamanu.', 'Thank you, child. This amulet will be the salvation of my people. Take this in return. It is a shield of legends among my people, the Shield of the Undaunted. Use it, and you will feel the strength return to weary limbs. Travel well, friend.', 'Thank you again. I will use it to cure my people.', 'My visions have left me, . I dream now only of the time when my tribe will be healthy.', 'Tell me what you have found, you who have seen in my visions. Have you found the white guar?', 'I have seen your journey in a vision. I know what the white guar led you to, and I know who she was. In my vision, I saw you were led to the corpse of Ashamanu. She was a healer many, many years ago. She gave her own life to save the lives of others. It is said that she will give her life again and again, so that others may live through her sacrifice. You have witnessed a miracle, my child; you now hold the Amulet of Ashamanu.', 'Thank you, child. This amulet will be the salvation of my people. Take this in return. It is a shield of legends among my people, the Shield of the Undaunted. Use it, and you will feel the strength return to weary limbs. Travel well, friend.', 'Thank you again. I will use it to cure my people.', 'My visions have left me, . I dream now only of the time when my tribe will be healthy.']",NPC
Elder Scrolls Morrowind,2002,US,Urven Davor,Male,"[""I don't care, n'wah. Just leave me alone."", ""Get out of our way, n'wah. We got issues with this filthy lizard here."", ""Fine. It's just a filthy lizard, anyway, nothing to get upset about. We'll leave him alone. Go on. Get out, before we change our minds."", ""Whatever you say, pilgrim. Just let it ride. We'll leave him alone."", ""Just leave me alone, n'wah."", ""His kind aren't welcome here. He belongs in the swamp with the rest of them."", ""Okay, okay. He's just a filthy lizard. He can't help it. I'll leave him alone."", ""I don't care. They leave me alone, I leave them alone.""]",NPC
Elder Scrolls Morrowind,2002,US,Uryne Nirith,Male,"[""It's just terrible what happened. Ralen Hlaalo employed me for years. What will I do now?"", ""Yes, I was one of Ralen Hlaalo's servants. I saw the Dunmer who killed him with my own eyes. I can give you the murderer's description."", 'The Dunmer who murdered Ralen Hlaalo was young with red hair in a tall row over his head as is fashionable these days. He wore bonemold armor and wielded a Dwemer War Axe. I do not know more than that. I am sorry. I wish you luck.', ""You found Ralen Hlaalo's murderer. I'm staying here until all his accounts are settled."", 'You brought justice to his murderer. I am grateful. You should speak with Nileno Dorvayn at the Hlaalu Council Hall. I believe she is offering a reward.', 'You killed Nine-Toes. He was not the murderer.', ""You found Ralen Hlaalo's murderer. I am sure you killed the right one.""]",NPC
Elder Scrolls Morrowind,2002,US,Uupse Fyr,Female,"[""You're new here, aren't you? My name is Uupse. Uupse Fyr. I take care of the corprus victims in the Corprusarium."", ""The Corprusarium is just one of Divayth Fyr's many projects. Our mission here is partly humanitarian, partly research. He has been searching for a cure to corprus disease for a long time. A very long time. But in the meantime, we care for the corprus victims as best we can. The world outside is very cruel to corprus sufferers. They are much better off here with us."", ""As you know, he's probably the oldest and most powerful wizard alive. Not counting liches, or divine sorcerers like Vivec, of course. And there may be some older in the West, on Summerset Isles, perhaps. And I don't think there's a kinder, more generous wizard alive. Not that there's much competition in the kind-and-generous-wizard department, I'll grant you."", ""The disease takes many forms. For some, the progress is rapid and terrible. For others, the effects on the mind and body are very slow. It's a remarkable affliction, in that once having contracted Corprus, one is completely unaffected by any other diseases. We've always hoped that our research would permit us to isolate the beneficial aspects of corprus, but, alas, we've not been successful."", ""Be careful if you're going to prowl around down here. We will be VERY angry if you hurt any of our patients. And our patients can be quite a handful, I'll tell you. Strong as ogrim and twice as mean."", ""Be careful if you're going to prowl around down here. We will be VERY angry if you hurt any of our patients. And our patients can be quite a handful, I'll tell you. Strong as ogrim and twice as mean. But they seem to like it when I play the drum. Quiets them down. There's a drum around here someplace. They wander off with it sometimes. But find that drum and bring it to me, and I think I can calm them down for a while."", ""I can calm the corprus victims with soothing drum rhythms if you'll bring me their guarskin drum. It must be somewhere here in the Corprusarium."", ""Yes. Look around. There's a guarskin drum somewhere. If you'll find it and bring it to me, I'll sooth the corprus victims with a little music."", 'I see you found a guarskin drum.', ""Yes. That guarskin drum will do perfectly. I'll take it and play a little soothing rhythm, and I think that will pacify the poor corprus victims so they won't be so savage and aggressive."", ""They do seem to find the drumming comforting, poor things. I think they'll be a lot more peaceful now.""]",NPC
Elder Scrolls Morrowind,2002,US,Uvoo Llaren,Female,"['What brings you to the Temple, Disciple ? Have you been lax in your duties?', 'The outcast Ashlander Assantus Hansar has fallen ill.', 'The Temple does not proselytize, but we do good works. Assantus Hansar is an ill Ashlander in the outcast Ashlander camp of Ahinanapal which is just south of Ghostgate. Find and cure him. You may need a way to calm him, for outcast Ashlanders are often aggressive towards strangers.', 'Were you able to cure Assantus Hansar?', 'So Assantus Hansar has been cured? Good work, . Take these potions in case you were infected as well.', 'What brings you to the Temple, Disciple ? Have you been lax in your duties?', 'I need someone to bring the hermit Sendas Sathis food and drink.', ""Take this food and drink to Sendas Sathis. He's a hermit who lives on Shuran Island between Sheogorad and Vvardenfell. Take a boat to Dagon Fel and then go towards Rotheran. Shuran Island is just west of Rotheran. I will mark this stronghold on your map."", 'I gave you the food and drink. Four kwama eggs and four bottles of Mazte. Take them to Sendas Sathis.', 'Did you find the hermit Sendas Sathis and deliver his food and drink?', 'You delivered the food and drink? Good.', 'Sendas Sathis should have enough supplies at the moment.', 'What brings you to the Temple, Disciple ? Have you been lax in your duties?', 'Many sacred relics of the Temple have been lost to the Sixth House. I want you to recover a relic that I believe is in Lost Kogoruhn.', 'I do not know where Lost Kogoruhn is. One of our valiant Ordinators, Feril Salmyn, wore the Hair Shirt of St. Aralor. He was searching for Lost Kogoruhn, but is now lost himself. He is presumed dead, but if you can find him alive or recover the Hair Shirt of St. Aralor, the Temple would be grateful.', 'Have you found the Hair Shirt in Lost Kogoruhn?', 'Yes, that is the Hair Shirt of St. Aralor. Will you hand it over to the Temple?', 'Good. I suppose this means that Feril Samyn is dead? It is unfortunate, but at least the relic has been returned.', ""That is a priceless relic. It should be in the Temple's care."", 'What brings you to the Temple, Disciple ? Have you been lax in your duties?', 'Another sacred relic which has been lost to the Temple is the Cleaver of St. Felms.', 'Mendel Eves carried the Cleaver of St. Felms the Bold. He was a brave and honorable Buoyant Armiger, but he fell fighting on the northeast slopes of Red Mountain in an Ash Vampire lair known as Tureynulal. Recover the Cleaver from the hands of our enemies and return it to the Temple.', 'Did you find the Cleaver of St. Felms the Bold?', 'Is that truly the Cleaver of St. Felms the Bold? Will you return it to the care of the Temple?', 'Good. I assure you I will be most careful with it.', 'You have already returned the Cleaver of St. Felms.', 'I am disappointed by your loyalty. And by your lack of faith.', 'What brings you to the Temple, Disciple ? Have you been lax in your duties?', 'You have found all the Temple relics I know of save one: Bring me the Crosier of St. Llothis.', 'The former captain of the Buoyant Armigers, Voruse Bethrimo, fought against the terrible creatures of Dagoth Ur, but was slain while protecting those under his command as they retreated. He carried the Crosier of St. Llothis, a holy artifact which is now in the hands of our enemies. You may wait until you are stronger to take this last quest, but I ask you to go to the depths of Red Mountain and retrieve the sacred Crosier of St. Llothis.', 'Have you retrieved the Crosier of St. Llothis?', 'I am sorry, but I do not believe you. Bring me the Crosier.', 'I am disappointed, but if you do no believe that you can retrieve it, I will not force you to try.', 'Have you found the Crosier of St. Llothis?', 'Have you retrieved the Crosier of St. Llothis?', 'Yes, this is the Crosier of St. Llothis. I can feel his undefeated spirit within. You have brought great honor to the Temple, .', 'You have miraculously returned the Crosier of St. Llothis.', 'I have no more duties for you. Speak with Endryn Llethan in Vivec or Tharer Rotheloth in Molag Mar.']",NPC
Elder Scrolls Morrowind,2002,US,Vala Catraso,Female,"['Have you brought me books for my students?', 'These will be of more help than you know, . I am grateful.', 'Thank you for bringing me the books, .', 'Obviously you do not really care about my school or the literacy of the Dunmer. How can Morrowind truly be a part of the Empire when most Dunmer cannot read and know little of our common culture?', 'You have a complete set of A Brief History of the Empire to donate to the school?', ""These are exquisite! I've never seen their equal, . Where did you get them?"", ""I'll just pretend I didn't hear that last thing you said, whatever it was. Thank you for the books, ."", ""The Bal Molagmer? I have heard rumors of their return, and now this. Those gloves are priceless, I hope you know. I don't know what to say. Thank you for the books, these should last at least a few months."", ""If you change your mind, I'll be here.""]",NPC
Elder Scrolls Morrowind,2002,US,Vanjirra,Female,"[""What's that? Oh, no! I can't believe he's gone! It is good of you to come all this way to tell me of his passing, though."", ""Yes, I'll miss him terribly. He was a good partner and a good friend."", 'Well, I suppose I could give you something for your troubles. Please take this as a token of my appreciation.', 'Yes, I have a business partner named Paur Maston. He was supposed to meet me a while back and travel here with me, but I suppose he was detained.', ""Oh, hello! I see you've found Paur! Please, allow me to give you some reward for your efforts."", 'Paur Maston and I are business partners and have been for years.', ""Certainly! Thank you for helping Paur to get here safely. I hope you'll find this adequate compensation."", ""I've already given you your reward. Thank you again."", 'I am Vanjirra.']",NPC
Elder Scrolls Morrowind,2002,US,Varona Nelas (Morrowind),Female,"[""I don't know you. What do you want?"", ""Ah yes. I have it, and can tell of its owner. But I don't like you enough to just hand it over."", ""I like you. Here take it. Ilmeni Dren of Vivec gave this to a Buoyant Armiger, and she'd hate for that secret to get out. Do what you will with it, I have more important things to deal with then this sad love affair."", 'You can find her in Vivec. I care not for her.']",NPC
Elder Scrolls Morrowind,2002,US,Varus Vantinius,Male,"['Word of your accomplishments has spread fast. You are ready for advancement.', 'If you follow all my orders, I will give you the rank you deserve.', ""If you wish to become a Knight of the Garland of the Order of Ebonheart, I will need you to return two of the Order's possessions that have been stolen. The first is the Lord's Mail. Find it, and return it to me."", ""The Lord's Mail is a cuirass, sometimes called the Armor of Morihaus. It has been kept in a Shrine on the lower level of the Imperial Commission here, but was recently stolen. Take this key. It will allow you entrance to the Shrine."", 'That cuirass is important to us, Knight Protector. Find it quickly.', ""You have found the Lord's Mail! Well done, Knight Protector. Give it to me and I will make sure it is well cared for."", ""Yes, this is the legendary Lord's Mail, Knight Protector. As reward, you are welcome in our Order here. Take this armor reserved for the Order of Ebonheart. I have another task for you. I want you to find Chrysamere."", ""You have returned the Lord's Mail. Now you must find Chrysamere."", ""What? You are dangerously close to treason, . I will ask you once more: Will you give me the Lord's Mail?"", ""Yes, this is the legendary Lord's Mail, Knight Protector. As reward, you are welcome in our Order here. Take this armor reserved for the Order of Ebonheart. I have another task for you. I want you to find Chrysamere."", ""You have returned the Lord's Mail. Now you must find Chrysamere."", ""Then it is my duty to take the Lord's Mail from you!"", ""Chrysamere, sometimes called the Paladin's Blade, is a sword of legend. It was in the possession of the Legion for many years, but was stolen by a treacherous Knight. Our spies have heard rumors that it is now in the possession of Draramu Hloran, a powerful sorceress near Sadrith Mora, and no friend of the Legion. Kill her and return Chrysamere to me."", 'Have you not found it yet? It must be returned!', 'Our spies say she is near Sadrith Mora.', 'So you have found Chrysamere, and a fine blade it is! Return it to me and I will make you a Knight of the Garland.', 'Well done, . I applaud you. For what you have done accompished, I will make you a Knight of the Garland.', 'Thank you for returning it.', 'It is my duty to take Chrysamere to the Legions!', 'You still want advancement? There can only be one Knight of the Imperial Dragon on Vvardenfell. To take my place, you must defeat me in an honorable duel in the Arena.', 'I have no more orders for you. If you still wish for further advancement, you must defeat me in an honorable duel to become the Knight of the Imperial Dragon.', ""I'd rather die than lose my position as a Knight of the Imperial Dragon. Meet me in the Arena in Vivec for a duel to the death."", ""I'll be there. Will you?""]",NPC
Elder Scrolls Morrowind,2002,US,Varvur Sarethi,Male,"['Did my father send you? Are you here to rescue me? Should we travel together back to Sarethi Manor?', ""He is the one who had me secretly arrested. I think he was going to use me against my father. I'd stay away from him if I were you."", ""I'm Varvur. Did my father send you? Can we get out of here and travel together to Sarethi Manor?"", 'You are in the Venim Manor, outlander.', 'Shall we travel back to my father, Athyn Sarethi?', 'Take me to my father in Sarethi Manor.', ""I'll wait right here."", 'Yes, we travel together back to Sarethi Manor.', 'Take me back to my father, Athyn Sarethi.', ""You'll find the entrance at the southest corner. Move along."", 'Shall we travel back to my father, Athyn Sarethi?', 'Take me to my father in Sarethi Manor.', ""I'll wait right here."", 'Talk to my father, Athyn Sarethi.', 'Sorry, but I must stay here in Sarethi Manor until I am feeling better.', ""I'm Varvur, what do you need?"", 'I am sorry. I am not feeling well. What can I do for you?', ""I didn't kill him. He was my closest friend. The guards found me near his body, but I don't remember anything that happened that night. Sometimes, though, sometimes I have... bad dreams."", ""Sometimes I kill Bralen Carvaren in my dreams. It's... horrible. But that doesn't mean I killed him, does it? I was having bad dreams before Bralen Carvaren died. About the time I got that ash statue. It's right over there. Maybe if you take it away the bad dreams will stop."", 'I was having bad dreams even before Bralen Carvaren died... It seems like they started when I got that ash statue. Maybe if you take the statue away, the dreams will stop. Maybe I should talk to one of the priests at the Temple.', 'I am feeling much better now that the ash statue is gone.', ""I couldn't remember before, but now I know where I got the statue. I got it from Galtis Guvron at The Rat in the Pot."", ""I'm glad it's all over."", ""I haven't had any bad dreams since I spoke with Lloros Sarano."", ""I feel as if this was all my fault, but at least the ash statue is gone. I know I won't do anything like that again. Oh, I think I remember where I got that ash statue...""]",NPC
Elder Scrolls Morrowind,2002,US,Vatollia Apo,Male,"[""I'm an officer of the Imperial Legion. Move along."", ""Since you're in the Legion, here's the key. Be careful."", 'I already gave you the key, now get lost before they see us talking.']",NPC
Elder Scrolls Morrowind,2002,US,Vedelea Othril,Female,"['The fight here went badly for us. Take me back to me sister, Ramasa Othril, if you can.', 'Shall we travel together to Ramasa Othril? She must still be here in Odirniran.', 'Take me to my sister, Ramasa Othril.', ""Whatever you say. I will stay here until it's safe."", 'Yes, thank you . I think we can hold Odirniran from the Telvanni now.', 'No, but thank you. I must stay here to help secure Odirniran.']",NPC
Elder Scrolls Morrowind,2002,US,Velanda Omani,Female,"['What are you doing here?', ""That's a title given to a war leader among the Great Houses. Why are you interested?"", ""A Hortator is a champion chosen in times of war. A Hortator's duty is to lead and inspire the Great Houses against its foes. Only a Great House's councilors can vote for a Hortator, and the vote must be unamimous."", ""That is a very interesting story you tell. And your Moon-and-Star is an impressive ring. Unfortunately I'm very busy at present. I will need to consult with my colleagues, but I'll give the matter every consideration."", 'Yes, of course , whatever you want.', 'Yes. Of course. You wished to be named Hortator of House Hlaalu? No sooner said than done. You will, of course, need to receive confirmation from the other Hlaalu Councilors. But I have every confidence in your ability to persuade them. Once all the councilors agree, speak with Crassius Curo again. He will give you the Belt of the Hortator.', 'The members of the Hlaalu Council agree. You are Hortator of House Hlaalu. You need only speak with Crassius Curo again to confirm your new title.', 'Vassir-Didanat? It used t obe a famous ebony mine, but its location has been lost. It is on record that I will pay anyone 2000 drakes for information about Vassir-Didanat.', ""So you've been there? And there is still ebony there? I will have someone investigate right away to confirm your story, but I trust you. Take these 2000 drakes with my gratitude."", ""Yes, you've made me quite happy telling me about Vassir-Didanat. It used to be one of the most productive mines in Vvardenfell, and it is much easier to reach than the mines nearer to Red Mountain."", 'Of course.', ""Yes I heard. I only wish you allowed me to make a similar offer before you told Nevena Ules. She can't be trusted."", 'Yes, I heard. I only wish you allowed me to make a similar offer before you told Dram Bero.']",NPC
Elder Scrolls Morrowind,2002,US,Vevrana Aryon,Female,"[""I'm Vevrana Acyon, a monk of Holamayan. The monastery is here, on this island. Take the stone pathway north from the docks and the path uphill. The entrance is hidden by a magical shield. Wait or rest at the head of the path, and the portal will open at dusk and dawn only, the magical twilight hours sacred to Azura. Mehra Milo has told us of your coming. You can find her in the library with Master Barelo. Later, I can arrange for your return to Vivec whenever you are ready."", ""You'll return to Vivec by boat, arriving at the West Docks in Ebonheart. Are you ready?"", ""Then I'm ready to take you to Ebonheart whenever you're ready to travel."", ""When you're ready, I'll be here, waiting.""]",NPC
Elder Scrolls Morrowind,2002,US,Vistha-Kai,Male,"['I am Vistha-Kai, Warden of the Corprusarium. I am here to warn you: do not harm the inmates. If you come to plunder the dungeon, you must endure their attacks, and take your chances with me, their Warden and Protector.', ""I am the guardian and peacekeeper of the Corprusarium. I have spent long years in service to Lord Fyr, first as a slave, then as a free hireling, and now as a friend and partner. He has been kind and generous to me, and I take his interests, and the interests of those he shelters, to heart. The treasures of his dungeon are open to sport, according to Lord Fyr's whim, and you're welcome to try to steal them. But I, too, find great sport in hunting thieves."", ""Lord Fyr shelters and maintains the victims of corprus disease here in the Corprusarium. He does them a great service, because no other could or would help them. He also does the world a great service by keeping them here where they can do no harm to others. The inmates are sad, distorted monsters, angry and cruel, and their sufferings are great, but they still live and feel, and I honor Lord Fyr's care and compassion for them."", 'leave.', 'Do not harm the inmates. I will not tolerate you adding to their suffering. Indeed, they are brutal and ferocious, and they will kill you if they can. But you are their guests, and you may not harm them, or you will answer to me.', 'I am Vistha-Kai, Knight.', ""Yagrum Bagarn is in the bowels of the Corprusarium. Pass through the gate and go straight across to the next door. He rides in a four-legged cart. He's not as dangerous as the other corprus victims. I doubt he'll give you any trouble.""]",NPC
Elder Scrolls Morrowind,2002,US,Vivec,Male,"['You have come uninvited. I have nothing to say to you.', 'I expected you. We have business, you and I.', ""When I was young like you, I was very impatient. So I will keep our business short. Then, later, there may be time for other things. First, I propose to remove my curse upon the Nerevarine, and end the persecution of the Dissident Priests, and proclaim all of Morrowind that is the Incarnate and Nerevarine, the prophesied savior of Morrowind, and the last hope to withstand the menace of Dagoth Ur and the Sixth House. These things I will do, whether you wish or not. Next, I propose to surrender to you the power and responsibility of defeating Dagoth Ur. You may choose to refuse; I will not compel you. You will receive the power as a gift, in the form of an artifact called 'Wraithguard. You may accept this gift, in then do with it as you will. You will receive the responsibility as an oath. You may give your oath, then keep it or break it as you like. First, will you accept Wraithguard as a gift?"", 'Good. Sensible of you. And nnow, will you give your oath, before all gods and men, before all spirits visible and invisible, before my honor and your honor, to dedicate yourself and Wraithguard to the defeat and destruction of Dagoth Ur, and the preservation of Morrowind and its people?', ""Not very sensible. But very good. I was hoping for someone who would have no hesitation about making such an oath. You will now have a brief, momentary sensation of timem passing. Don't be alarmed. You are being taken out of time in order to avoid the unpleasant experience of learning how to use Wraithguard. It will be over before... (There is a brief sensation of motion in total darkness, floating, but without a sense of weight or direction.) ...you know it. Now. I will notify the Temple that you are our champion. There shall be no more persecution of the Dissident Priests, and I hope both sides shall swiftly be reconciled. We have time for questions, if you like. Or you may leave, as you wish. But I think there are at least two things you ought to know before you leve: how to use Wraithguard, and how to defeat Dagoth Ur."", ""I'm sorry. I'm afraid, then, that you will not find Wraithguard of much use to you, for without your oath, I shall not teach you how to use it. So that concludes our interview. I hope it has not been an inconvenience. And if you change your mind, come back."", ""A sensible response. Alas, I am not looking for someone sensible. I'm sorry, I'm afraid that you will not find Wraithguard of much use to you, for without your oath, I shall not teach you how to use it. So that concludes our interview. I hope it has not been an inconvenience. And if you change your mind, come back."", 'Then that concludes our interview, I hope it has not been an inconvenience. And if you change your mind, come back.', ""I'll take your 'maybe' as a 'no.' Then that concludes our interview, I hope it has not been an inconvenience. And if you change your mind, come back."", ""Let's try again, shall we? I propose to give you an artifact called 'Wraithguard. You may accept the gift, then do with it as you will. I propose that you accept the responsibility of defeating Dagoth Ur, and swearing an oath to that effect. You may give your oath, then keep it or break it as you like. First, will you accept Wraithguard as a gift?"", 'Was there something else?', ""To defeat Dagoth Ur, go to Red Mountain to recover the artifact hammer Sunder from Gate Citadel Vemynal, then recover the artifact blade Keening from Gate Citadel Odrosal. Then proceed with Wraithguard, Sunder, and Keening to the citadel of Dagoth Ur. Within the Citadel, find the Heart of Lorkhan. Use the three artifacts to sever Dagoth Ur's connection to the Heart, and he will be destroyed, and the Blight ended on Morrowind. To destroy Dagoth Ur, you must sever his connection with the Heart of Lorkhan. To do this, strike the Heart with the artifact hammer Sunder once, then strike the Heart more than once with the artifact blade Keening. You must wear Wraithguard, because you cannot handle either Sunder or Keening unless you are wearing Wraithguard. That is the short, simple explanation. Here is the long, detailed explanation, written down for your convenience. Read it, study it, commit it to memory."", 'I have given you a copy of my proposed plan. Read it, study it, commit it to memory.', ""In my library, I have made available two conflicting accounts of the events of Red Mountain, my own true account, and another false account common among the Ashlanders and preserved in the Apographa. I don't care whether you believe my account or not. I leave it up to you to judge which is true."", ""I want your trust. And willing cooperation. So I've had the priests make copies of a number of documents. They're here for you to read or take with you. Take a look at them. Help yourself."", ""Dagoth Ur is the former Lord High Councilor of House Dagoth. He was of Lord Nerevar's generation, older than we, and a mighty sorcerer and enchanted in life. In his sustained shadow immortality, he appears to be a highly intelligent, severely deluded immortal monster with unparalleled supernatural abilities. He appears, by turns, lucid and deranged, compassionate and beastial, profoundly wise and profoundly disordered. In short, he is a mad god."", ""Actually, I believe we've finished our business. I will notify the Temple that you are our champion. There shall be no more persecution of the Dissident Priests, and I hope both sides shall swiftly be reconciled. Now you are my guest, I am your host, and we have time for explanations. Or counsel. Or questions. Or bitter recriminations, if you like. Or you may leave, if you wish. As you wish. But I think before you leave you should hear how to defeat Dagoth Ur, and how you must use the artifact Wraithguard."", ""You want to know... why did I wage war on the Nerevarine? why did I try to suppress the Apographa? why did I persecute the Dissident Priests? why is Dagoth Ur winning the war? how does the Tribunal fight Dagoth Ur? What are Wraithguard's powers?"", 'Why did I try to kill you? Because you threatened the faith of my followers, and I needed their faith to hold back the darkness. And I thought you were my enemy -- a pawn of the subtle Daedra Lord Azura, or a pawn of Uriel Septim, or a simple fraud -- perhaps a Hero -- but not much of one if my faithful could destroy you. Now circumstances are altered. I need you, and you need me.', ""Why did I suppress the Apographa? Because it was such an unfortunate mixture of truth, falsehood, and speculation that I couldn't afford to manage the confused reaction of our faithful. Any doubt whatsoever weakened their faith, and we needed their faith to give us the power to maintain the Ghostfence. In retrospect, perhaps we lost the faith of those we most needed while preserving the faith of the meek and indifferent. Perhaps a mistake was made. Who can say?"", 'Suppression and persecution of dissident is just one of the standard tools of statecraft. I believe we erred in trusting the judgement of Berel Sala. He and his Ordinators served valiantly in the war against Dagoth Ur. We mistook his misplaced zeal for energy and dedication. Mistakes were made. But no more. There shall be nu more persecution of the Dissident Priests, and I hope both sides shall swiftly be reconciled.', ""Dagoth Ur is winning because he is close to the source of power, Lorkhan's Heart. And because he retains the passion of madness, while we have settled into the lonely and unrewarding posture of dogged dutifulness and perseverance. And, finally, perhaps because he is stronger and smarter than we are, and his followers are more fervent and fanatical. I believe we were careless and compliant, and out-witted. And, in the matter of denying the Nerevarine, we were foolish."", ""In the past, the Tribunal made seasonal campaigns to Red Mountain. We slew Dagoth Ur and his kin, though the Heart always revived them in time. Later, when we realized we couldn't destroy them, we created the Ghostfence to contain the threat. These solutions were effective until Dagoth Ur ambushed us and captured Sunder and Keening. Since that time, our fortunes have waned as his increased."", ""Wraithguard's primary function is to protect the wearer from the fatal energies of the artifacts Sunder and Keening. It also has minor protective enchantments against physical and magical damage that you may find useful."", ""You need to know... where is Dagoth Ur? what are Dagoth Ur's plans? who are Dagoth Ur's servants? who is Dagoth Ur? what are Dagoth Ur's powers? what is known about Dagoth Ur's defenses? how can I prepare for battle against Dagoth Ur? who can help?"", 'Dagoth Ur has never ventured out of the Heart Chamber, the place under Red Mountain where the Heart of Lorkhan lies. It is there, or nearby, that he is constructing a new god, Akulakhan, also known as Second Numidium.', ""We know nothing for sure, but we have learned much from interrogating Sixth House cultists and victims of dream compulsions, and from our study of Dagoth Ur's actions. The Temple scholars and Inquisitors have prepared a document, 'Dagoth Ur's Plans,' that summarizes what we know or suspect. Take this copy. It's also available in my library."", ""'Dagoth Ur's Plans' summarizes what we know or suspect. You have a copy. It's also available in my library."", 'Chief among his servants are his seven brothers, the ash vampires, powerful heartwights and cunning sorcerers of old. These creatures appear to die, but always are revived at the Heart. Somehow Dagoth Ur has conferred some portion of his immortality upon them. Or perhaps they sustain themselves through more conventional sorcery.', 'He is able to send his mind into the dreams of susceptible victims across vast distances. The vitims are either swayed by his compulsions or driven mad. He also seems nearly invulnerable to physical and magical harm. His flesh, and the flesh of his followers, evolvs towards a mutable, magical form. Dagoth Ur and the highest ranks can control the distorted manifestations of their flesh; lower ranks lose control of their bodies, and become mindless corprus monsters.', 'Confer with the Ordinators and Buoyan Armigers garrisonning Ghostgate for the latest information about the defenses of the citadel of Dagoth Ur and his heartwright kin.', 'Prepare for war. Beyond the Ghostfence, there are no safe places, no allies. Stockpile resources. Plan for retreat and replenishment. Quest for artifacts of power.', 'Ordinators and Buoyant Armigers stationed at Ghostgate have the most practical knowledge of the nightmare world inside the Ghostfence. Seek them in my name for counsel and aid.', ""You are curious... what really happened at Red Mountain? what really happened to the Dwemer? what was the Dwemer's sin? what is it like to be a god? do I remember being mortal? how do I feel about the people of Morrowind?"", 'I have no idea what happened to the Dwemer. I have no sense of them in the timeless divine world outside of mortal time. And, in fact, if I did believe they existed, I would be in no hurry to make contact with them. They may, with some justice, hold the Dunmer race responsible for their fate. My intuition is that they are gone forever -- and that is perfectly fine with me.', ""The sin of the Dwemer was the creation of a new god from the substance of a dead god, Lorkhan. That is also the sin for which we would destroy Dagoth Ur. I hesitate to call it 'sin'. More properly, call it 'destructive evil'. The sin of the Tribunal, however, is in the breaking of an oath to Azura to forebear from tapping the Heart with Kagrenac's tools, and in the folly of seeking to become gods. Breaking the oath was evil. Becoming gods was folly. If we sinned, we have paid the price."", ""It is like being a juggler. Things are always moving, and you learn to know where they are without even thinking about it. Only there are many, many things moing. And sometimes, like any juggler, you drop something. I'm afraid it has become a lot more a matter of dropping things lately. There's too much to do, and not enough time, and I'm losing my touch. Perhaps I'm growing old. It is a bit like being at once awake and asleep. Awake, I am here with you, thinking and talking. Asleep, I am very, very busy. Perhaps for other gods, the completely immortal ones, it is only like that being asleep. Out of time. Me, I exist at once inside of time and outside of it. It's nice never being dead, too. When I die in the world of time, then I'm completely asleep. I'm very much aware that all I have to do is choose to wake. And I'm alive again. Many times I have very deliberately tried to wait patiently, a very long, long time before choosing to wake up. And no matter how long it feels like I wait, it always appears, when I wake up, that no time has passed at all. That is the god place. The place out of time, where everything is always happening, all at once."", ""I remember. I do not feel it. I can, if I choose, remember the feeling. But I do not choose. It is very, very sad being mortal. There is happiness, yes. But mostly sadness. As I hace said, Count only the happy hours. For mortals, they are all too few. But for gods -- for me -- there is no more feeling. Only knowing. (Pause) Not quite no more feeling. I still want to win. I want to defeat Dagoth Ur. Perhaps I have lost the feeling for the people, for their suffering. I don't want that feeling. It is no use to me. That is no longer what matters to me. I only want not to lose. To lose would be very, very bitter."", 'I love the people of Morrowind. I became a god to make their lives more comfortable and secure. I am most close to my faithful followers; I am literally in their hearts and minds. I feel the most sympathy with House Redoran; they are Dunmer driven by creeds and deeds, like I am. House Indoril is closer to the compassion and sympathy of Almalexia, a comfortable and secure serenity. House Telvanni matches the disposition of my brother Sotha Sil -- iconoclastic, profane, unconventional. House Hlaalu represents the future of the Dunmer, integrated into the sophisticated mainstream of traditions, racelss, godless culture of the Empire. House Dres represents the past of pre-Tribunal Great House culture, a persistent tradition of Daedra- and ancestor-worshipping civilized Dunmer clans. And I even love the Ashlanders for their preservation of the most ancient barbarian tribal traditions of the Dunmer who first settled Morrowind.', ""You want to chide me... why did I murder Nerevar? why did I break my oath to Azura not to use Kagrenac's tools? why did I cause others to suffer?"", ""We did not murder Nerevar. The legend that we murdered Nerevar comes from a story told by a shield-companion to Nerevar, Alandro Sul, who lived among the Ashlanders. The Ashlanders have retained Alandro Sul's account as part of their oral histories. The account is persuasive in some details, implausible in others, and is in any case false. I have two accounts of Nerevar's death here in my library. Read them, and judge for yourself."", ""Along with Lord Nerevar, and at his insistence, Almalexia, Sotha Sil, and I swore before our god of oaths at the time, the Daedra Lord Azura, never to employ the tools of Kagrenac for any purpose. We broke our oaths. We turned our backs on the old gods. I still see no compelling reason to worship any of the Aedra or Daedra. But, for the respect I held for Nerevar, and the respect I held for myself, I should never have betrayed my oath. Of all my life's actions, I most regret that failure."", 'Why did I cause others to suffer? I respect that question, and you for it. The most I can say is: I did the best I could, as I saw things. Can you, mortal, presume to judge the actions and motives of a god? But, because I need you, and you need me, I will make an accounting for my sins, to you. But not now. Destroy Dagoth Ur, and then we will discuss my sins. Then, perhaps, you will have earned the right to judge me.', 'The blight is gone, and we have survived. Now we must dedicate ourselves to rebuilding the Temple. And you must dedicate yourself to your responsibilities as Protector of Morrowind.', ""We have lost our divine powers, but not altogether. Some token of the people's faith remains, and we shall dedicate it to rebuilding the Temple. Now that Dagoth Ur is gone, we can turn our energies to the more humble needs of the people. It is good, honest work, and I believe there is redemption in it."", 'Almalexia, Sotha Sil, and I gained our divine powers from the Heart of Lorkhan. And now we no longer have access to the Heart, so we must lose our divinity. I have always worn my divinity lightly -- fundamentally, I am not at all a serious person -- and I will not miss it. I have tried to do what was necessary, I am afraid I have done some harm. I assure you -- I will be quite content to be a mere mortal again, dedicated to my own amusements.', ""We don't communicate. Without the Heart, our divine powers must dimish. She takes her divinity very seriously, and the loss weighs heavily on her. She tends to brood, and I fear she will do herself and others harm."", 'I do not hear from him since our defeat at Red Mountain. Truly, I scarcely ever heard from him. He is completely self-absorbed. Like myself, without the Heart, his divine powers will dimish, but I doubt he will notice the loss. He is fascinated by the hidden world and its mysteries, and I doubt he even notices us most of the time.', 'He was a god, and now he is dead. IF one can truly kill a god.', 'There are still issues to be resolved between the Temple and the Dissident Priests. And now that our greater enemy is gone, we must reorganize the Temple to meet the needs of the people. We have less need of Ordinators, for example, and greater need of priests and healers and teachers. And we must find time to mourn and honor the dead.', 'Without the power of the Heart, our divine powers diminish. Our days as gods are numbered. I have told my priests that I shall withdraw from the world, and that the Temple should be prepared for a change. We may be honored no longer as gods, but as saints and heroes, and the Temple will return to the faith of our forefathers -- the worship of our ancestors and the three good daedra, Azura, Mephala, and Boethiah. The missions and traditions of the Temple must continue... but without its Living Gods.', ""There is much to do. You still have Kagrenac's Tools, potent weapons, and the wit and experience of a proven hero. The Tribunal and the Temple are happy to yield to you the duties of fighting the enemies of Morrowind."", ""There are many blighted beasts and horrors that have survived, and must be hunted down and destroyed. There are lesser monsters and villains of all kinds who prey upon the people. There are unsolved mysteries, and legendary treasures undiscovered. I'm sure you will find muvh to occupy you."", ""We don't communicate. Without the Heart, our divine powers must dimish. She takes her divinity very seriously, and the loss weighs heavily on her. She tends to brood, and I fear she will do herself and others harm."", ""That is very sad. I presume she killed Sotha Sil. I thought she might harm me. And I presume she tried to kill you, Nerevarine. It is all very sad. But death comes to all mortals -- and we are all mortal now. In time, death will come to me, Nerevarine -- perhaps even at your hands. It is futile to deny one's fate. But, nonetheless, I'm afraid I find it all very, very sad that it should end this way, something that began in such glory and noble promise."", ""(Studies you carefully.) I see you know something that you choose not to say. That's your right. And perhaps I do not have to be a prophet to imagine what it is that you do not say, Nerevarine."", 'I do not hear from him since our defeat at Red Mountain. Truly, I scarcely ever heard from him. He is completely self-absorbed. Like myself, without the Heart, his divine powers will dimish, but I doubt he will notice the loss. He is fascinated by the hidden world and its mysteries, and I doubt he even notices us most of the time.', ""That is very sad. I presume Almalexia killed Sotha Sil. I thought she might harm me. And I presume she tried to kill you, Nerevarine. It is all very sad. But death comes to all mortals -- and we are all mortal now. In time, death will come to me, Nerevarine -- perhaps even at your hands. It is futile to deny one's fate. But, nonetheless, I'm afraid I find it all very, very sad that it should end this way, something that began in such glory and noble promise."", ""(Studies you carefully.) I see you know something that you choose not to say. That's your right. And perhaps I do not have to be a prophet to imagine what it is that you do not say, Nerevarine.""]",NPC
Elder Scrolls Morrowind,2002,US,Vobend Dulfass,Male,"[""No. I didn't do it. I didn't do nuthin'. I was framed. I wasn't nowhere near the place. And what would I be doin', working on them silly pilgrims? Ain't worth the sweat, the right little prigs."", ""You know. God-grubbers, rubbin' themselves where the saints have trod and all that. Got jack-all. Give it all to the Temple, the fools. Dressed in bags and sacks. Sour, pinch-coin altar-lickers. Make me puke."", ""You'll need the key to free me of my bonds.""]",NPC
Elder Scrolls Morrowind,2002,US,Vodunius Nuccius,Male,"[""Yes? What do you want? If you're looking to get out of Seyda Neen, I'll be happy to give you a little advice."", 'New here? Take the silt strider to Vivec or Balmora. Fast and cheap. No trouble with wild animals. And smugglers. And bandits. And outlaws. Go see Darvame Hleran over at the strider port, over the bridge and east along the water. And tell her Vodunius Nuccius sent you.', ""Right. That's me. If you decide to take the silt strider, tell Darvame Hleran I sent you.""]",NPC
Elder Scrolls Morrowind,2002,US,Volmyni Dral,Female,"['Yes. He is a High Elf, and he lives here with me. We are... very close friends.']",NPC
Elder Scrolls Morrowind,2002,US,Widow Vabdas,Female,"[""It's up on the hill, on the east side of town. Careful in there, the kwama queen has been blighted. They're only letting miners in."", ""The kwama queen is the huge, bloated kwama that produces the nest's eggs. They are too large and fat to move, and all their are attended by worker kwama."", 'Kwama colonies, also known as eggmines, are inhabited by the following varieties of kwama: kwama queen, kwama warrior, kwama worker, kwama forager, and scrib.', ""The kwama warrior defends the kwama colony's tunnels and chambers. Warriors are aggresive and dangerous."", ""The kwama worker digs the colony's tunnels and chambers and tends the queen and the eggs. Workers are unagressive, but not completely helpless."", 'The kwama forager scouts the surface of the land and natural underground passages, searching for suitable locations for new colonies, and hunting for prey. Foragers are aggressive but not very dangerous.', 'The scrib is a late larval form of the kwama. Crushed scribs produce a nutritious but sour-tasting gelatin with modest magical properties that the natives eat with gusto.', ""Darius is one who wants my husband's land."", 'My husband was murdered by a legionnaire and now you come asking for his land. You will never get his land. I will fight you and all of Gnisis will fight you until you foreigners leave us in peace. Now get out of my house.', ""You will not steal my husband's land."", 'My husband went to the Eggmine and never came home. He knew the mine was closed by you foreigners and guarded by the Legions, but we had no fresh kwama eggs. If you want to help me, go the mines and find out the truth.', 'If you have proof that my husband was murdered, take the proof to Darius over at the Madach Tradehouse.', ""It's the least they can do after Lugrub killed my husband."", 'So now you know the truth.', 'You surprise me, foreigner. Perhaps you are not the thief I thought you were.', 'What do you care, foreigner? You stole my land and it is as if you murdered him yourself. Get out of my house.', 'You mock me in my grief, foreigner. You stole the land, and I will make sure everyone knows about it.']",NPC
Elder Scrolls Morrowind,2002,US,Wulf,Male,"['Hello. They call me Wulf. What brings you to Ghostgate?', ""Wulf. That's me."", 'This is a helluva place. Why are you here?', ""Suit yourself. I don't know why you'd bother to keep anything a secret here. I was just wondering if you might be headed inside the Ghostfence to Dagoth Ur."", ""What a piece of luck! Look. I'm an old Legion veteran, as old as the poor old Emperor, bless his soul. I'm too old for campaigning. I came this far to look at hell. But I can't go any farther than this. I'd take it kindly if you'd carry this old lucky coin with you when you go to Dagoth Ur. Sort of a token of the tough young hero I used to be. Would you do that for an old man?"", ""You're a suspicious sort. But maybe I can't blame you. Worried about a request from a strange old man in a strange place like this. Well, I won't press you. But I would sure be grateful for the favor, if you could see your way to changing your mind."", ""That's very kind of you. Here's the coin. I've had it with me a long time, and it's always brought me luck. But I have no more use for it, and I'd like to pass it on to somebody younger. Somebody going places I can't go anymore. Your generation's shaper of history... an engine of destiny. That coin will bring you luck on the mountain. I promise. 'For Emperor and Empire,' as we say in the legions. Go with Kynareth."", ""The Emperor is getting old. Don't know how much longer he'll hang on. So is the whole Empire, for that matter. Getting old, that is. The Emperor and the legions have held the Empire together for hundreds of years. It's been a good thing, by and large. But maybe it's time for a change. Time for something young and new. What? No idea. Because I'm old. Old dog doesn't get new ideas. But maybe young folks like you should try some new ideas. I don't know. Could be messy. But change is never pretty."", ""Right. I'm Wulf, like I said. I was wondering what you were doing here in Ghostgate."", ""Good luck on the mountain. Go with Kynareth. And don't forget my old lucky coin.""]",NPC
Elder Scrolls Morrowind,2002,US,Yagrum Bagarn,Male,"[""You're here for the Dwemer boots. Tell my gracious Keeper that I have done what I could. Only a Dwemer magecrafter could have done so much. But only idiots could have created these boots. It shames my race that we must be judged by the works of such lack-wit blunderers."", 'Lord Fyr obtained these enchanted Dwemer boots from an unfortunate thief. And, given the quality of their craftsmanship, little wonder the fellow came to a bad end. But I can do nothing for them. The fundamental enchantment is flawed. Might as well start over again... if such a pair of boots could still be fashioned in these benighted latter days. But I have done my best. Take them to Lord Fyr, with my sincere apologies.', ""I gave you the boots. Didn't I?"", 'I owe my life to Lord Fyr. He took me in when I was a mad monster, out of my mind. In time, I emerged from my dementia, and now I am quite lucid most of the time, though my body is still a grotesque and useless prison. And I still have some feeble hope of cure. Lord Fyr has tried many spells and potions. None have helped me, but neither have they harmed me. If anyone can cure this disease, Lord Fyr can.', 'Once I was a Master Crafter in the service of Lord Kagrenac, chief architect of the great Second Empire freeholds, and the greatest enchanter of his time. I could not match the genius of Lord Kagrenac, but what he could envision, I and my colleagues could build. All of that is gone forever. I still retain my cunning, but my hands and eyes fail me, and my memories have long faded. My only consolation is each day to mock the gods who destroyed my race, and condemned me to this bleak existence.', 'Since the disappearance of the Dwarves, I have been alone in this world, trapped in this grim prison. I can scarcely move. And my fellow inmates are scarcely good company. The risk of corprus disease deters most visitors. But if you meet with cultivated minds undaunted by the terrors of the Corprusarium, you might mention your recent interview with the Last Living Dwarf.', 'Hmm... I cannot say what happened. I was not there to observe. I was in an Outer Realm at the time, and when I came back, my people were gone. I left Red Mountain, wandering Tamriel for years, searching our deserted colonies, looking for a survivor or an explanation. Then, a long, long time ago, I returned to Red Mountain, still looking for answers. Instead, I found corprus disease, and I have been here ever since. I have theories, if you are interested.', 'Lord Kagrenac, the foremost arcane philosopher and magecrafter of my era, devised tools to shape mythopoeic forces, intending to transcend the limits of Dwemer mortality. However, in reviewing his formulae, some logicians argued that side effects were unpredictable, and errors might be catastrophic. I think Kagrenac might have succeeded in granting our race eternal life, with unforeseen consequences -- such as wholesale displacement to an Outer Realm. Or he may have erred, and utterly destroyed our race.', 'This is how I style myself. I do not know for a fact that I am the last. But in my travels thousands of years ago. I never encountered another. And since I have been here, I often ask Lord Fyr, but he says he has never heard a credible rumor of another Dwemer, on Tamriel, or in any Outer Realm.', ""A remarkable story. A pity to have to destroy Kagrenac's enchantments on the Heart. It would have been interesting to study them."", ""So. It's you again. What brings you to visit Yagrum Bagarn, Master Crafter, and Last Living Dwarf?"", ""This book is just an explanation of some of Kagrenac's theories. I could spend hours explaining them to you, but Kagrenac is dead, and I believe his theories must die with him."", 'I had not seen this book before, but it reinforces some my own theories. If you were to find more books like this, bring them to me and perhaps I could tell you more.', ""Yes, this book is written in both Aldmeris and in Dwemer. Many books were written in both languages in the days of Resdayn when Dunmer and Dwemer ruled together peacefully. I'd offer to translate, but this is really just a boring travel guide. If you find any other books in Dwemer, I could translate them for you."", ""Kagrenac recorded every step in his manufacture and testing of enchanted items. His journals will record any modifications or enhancements made to his original designs. I don't know where his journals might be. I am fairly sure they haven't been discovered, or Divayth Fyr would have heard, and would have told me. That suggests they remain to be discovered in some Dwemer ruin here on Vvardenfell."", ""Kagrenac carefully planned all his projects in advance. His planbook will have all his original designs. I don't know where the planbook might be. I am fairly sure it hasn't been discovered, or Divayth Fyr would have heard, and would have told me. That suggests it remains to be discovered in some Dwemer ruin here on Vvardenfell.""]",NPC
Elder Scrolls Morrowind,2002,US,Yantus,Male,"[""You are the outlander who claims to be the Nerevarine? You'll find no welcome here, I'm afraid."", 'We know about the prophecies. Our ashkhan and gulakhans say they are foolish superstition. There will be trouble if you speak with them. Perhaps you should speak to our wise woman, Manirai.']",NPC
Elder Scrolls Morrowind,2002,US,Yenammu,Male,"['If you have come to steal, we have nothing, outlander. If you have come to fight, then kill us, and be done with it.', 'If you have come to steal, we have nothing, outlander. If you have come to fight, then kill us, and be done with it. But if you are the Nerevarine, please, find a safe place for the Ahemmusa.', 'We are the Ahemmusa. And we will be the last of the Ahemmusa, if we do not find a safe place. The blight kills our game, our herds, our hunters and herders. We cannot protect ourselves from the blight-sick animals or blight monsters. If you can help us, please speak to our wise woman, Sinnammu Mirpal.', 'Speak to the wise woman, Sinnammu Mirpal. She is our leader.', 'Please. Do not speak to me about prophecies. We need help right now.', 'We need a place to go where our herds and people can be safe from the blight and blight monsters. For us, it is a matter of life and death. We hope some happy day the Nerevarine of prophecy will defeat Dagoth Ur, and cast down the false gods, and the blight will be gone, and there will be no more sick animals or monsters, and we can live here in peace. But if we do not find a safe place now, we will not survive to see that happy day.', 'Some say you are the Nerevarine. I hope that is true, and that you can find us a safe place.', 'Thank you, Indoril. You have made a safe place for the Ahemmusa. You have our gratitude, and our support.', 'You have made Ald Daedroth a safe refuge for the Ahemmusa. Thank you, Indoril.', ""Mamaea is our healer. You'll find her in her tent."", ""Our trader, Lanabi, has her yurt with the ashkhan's and the gulakhan's yurts.""]",NPC
Elder Scrolls Morrowind,2002,US,Yngling Half-Troll,Male,"['Yes, I raise game rats for the Arena. I train them myself. Leave my rats alone, Indoril.', 'Yes, I raise game rats for the Arena. I train them myself. The rat breeding pen is in my basement. Edryno should have given you a key. Be careful with my rats, Indoril.', ""You killed my game rats, Indoril. How can I beat Dram Bero in the Arena if I don't have any game rats?"", ""I'm glad you spared my game rats. Go talk to Edryno Arethi. I told her to give you a bonus if you did your job well."", 'This is the sacred city of Vivec. Count your blessings. Can I help you find someone in particular? Or are you just looking around?', 'A Hortator is a war leader for a Great House. Why?', 'I think the Hlaalu councilors have to vote for him. And all the councilors must vote for the Hortator.', ""That's a touching story, but if you don't have 2000 drakes, you won't get my vote."", ""A pleasure doing business with you, . And I'm a man of my word. You got my vote for the office of Hortator of House Hlaalu. Once you get everyone's vote, talk to Crassius Curio."", ""I said you had my vote, and I'm a man of my word, but you have to get the other Hlaalu Councilors to agree."", ""Go ahead. Take your time. I'm ready when you're ready."", 'You? Accuse me of corruption? Just who do you think you are?', ""Give me my ledger, thief, or you'll regret it."", ""You'll pay for that, thief!"", ""Good. I'll just tear this ledger up. We are done speaking. Leave before I really get angry."", 'I think I told you that our conversation about this was over. You try my patience.']",NPC
Elder Scrolls Morrowind,2002,US,Zabamund,Male,"['Talk, outlander. Speak with respect, and I will listen.', 'Sul-Matuul will not talk to you. Nibani Maesa will not talk to you. You have no standing among us, outlander.', ""You have no standing among us, outlander. But you speak well, and with respect. So I will explain. It is against our customs that an outlander should speak to an ashkhan or wise woman. I'll tell you, also, that Sul-Matuul has no love for outlanders."", 'The Nerevarine Prophecies are not for outlanders. Why should Sul-Matuul and Nibani Maesa speak to you about these things? Who are you, that we should trust you?', ""You are not an unworthy opponent. I hear honor in your words, and courage in your heart. I would regret killing you. But regret even more should you kill me. Very well. Perhaps Sul-Matuul will be angry with me. But I think I can bear that. Go to the Ashkhan's Yurt and speak with Sul-Matuul. Ask him your questions, and tell him I have sent you."", 'You think well of yourself. But I do not share your opinion. You shall not speak to Sul-Matuul or Nibani Maesa.', ""All of that may be true, and I'm sure you think it is very important, but it has nothing to do with us -- at least, not the way you tell it. I'm sorry, but I will not let you bother Sul-Matuul or Nibani Maesa with all this."", ""Yes, a gift of 200 gold coins. That is an earnest proof of your respect. Yes, I believe you should speak to our ashkhan. Perhaps he will be angry with me. But I think I can bear that. Go to the Ashkhan's Yurt and speak with Sul-Matuul. Ask him your questions, and tell him I have sent you."", ""Go to Sul-Matuul's yurt. Tell him that Zabamund has sent you to speak to him.""]",NPC
Elder Scrolls Morrowind,2002,US,Zennammu,Female,"[""I don't know you. What do you want?"", 'You want to take Jocien from us? But how can we work our magic without a man? I will let Jocien go if you can bring us a better man. The brave hunter Assaba-Bentus of the Erabenimsun is strong, and handsome. If you bring him here, we will let Jocien go.', 'Unless he is out hunting, he is in the Erabenimsun camp.', 'Good to see you, . Got a problem?', 'Yes, you have brought us a better man. We will let Jocien go.']",NPC
