Title,Year,Country,Characters,Gender,Dialogues,Playability
Final Fantasy XII,2006,Japan,Ada,Female,"['The Nebra is one of the greatest rivers in Dalmasca. She carries strange gifts, for those with eyes to look. Discarded trinkets, lost coin purses ... even messages in bottles have I found on my daily walks of her banks.', 'I was walking along the riverbank when I saw it - a boat set adrift from the north bank. Of course I told everyone as soon as I could. No good can come of this ...', ""I can't believe the cactoids would attack the village. I've never seen anything like it.""]",NPC
Final Fantasy XII,2006,Japan,Adair,Female,"[""You're a spirited one to walk these mountain roads, boy. Misplaced your airship, perhaps? Ha ha ha! About the only ones traveling on foot these days are those without two coins to rub together, dyed-in-the-wool travelers, or else ... But I don't mean to pry, and I won't. Going to Archadia? You'll want to cross the mountains to the north, then go east through the forest."", ""I'll admit, when the water started flowing from the shrine, I was quite surprised. Take a look, boy, it's quite beautiful. That one over there, he's come all the way from Archades to visit this shrine and learn its secrets.""]",NPC
Final Fantasy XII,2006,Japan,Aekom,Female,"['Today all work in the mines had stopped, bhadra. An inspection party has come from Archadia, yes. They have brought many guards. There is no need for our guild of bodyguards, the parivir.', 'The one with the shiny armor, he was a Judge of Archadia, yes? Haa ... More impressive than ever I imagined, he was! The Marquis must do as they say.', 'They say that those who lost their jobs when the mines closed are to receive a pension. What about we parivir? Do those who guard the workers not deserve the same treatment?']",NPC
Final Fantasy XII,2006,Japan,Agytha,Female,"[""Oi! That ain't no way to be lookin' at a bird! Betta stay away if ya don't fancy a peckin'! I need me grub if I'm gonna make summink o' meself. An' I betta start makin' summink o' meself soon, while I still got me feathers, innit. Yeah, you 'eard me. Cockatrices can make summink o' theirselves, and I'll prove it. I'll be one o' them belly-wethers, you see if I won't. Dunno 'ow though ... 'Ang about! Wot if I was to find a proper classy fella an' get 'itched? Yeah! That oughta do it! That'd do it, no trouble! Now then ... 'ow'd I find a classy mate?"", 'Oh really!?', ""In Ol'town, yer say!? Well, 'e does sound classy. I bet 'e's a right toff, wiv blue blood an' ev'ryfink! Prob'ly down in Ol' Archades 'elpin' the poor or summink. Ta very much, darlin'! Well, I'd betta get off an' meet this 'an'some 'unk then, 'adn't I!? Ta-ra!"", ""'Ave this fer ya trouble, will ya? Go on! Don't be shy! Take it! Take it 'fore I change me mind!"", ""Right, then! If yer come back when I've made summink o' meself, I'll sort ya out, awright? Make yer a senator or summink! Naahahahaha!"", ""Good luck!? Wiv feathers like these, I don't need luck, darlin'. All I need's a posh cock wiv a workin' pair of eyes!"", ""Cor blimey! You're that bloke from Archades, intcha!? Well, don't go nowhere, will ya!? I've got a tragic tale wot needs tellin'. Yer ain't gonna believe this, but that cock wot you set me up wiv in Old Archades ... was only me very own dad! 'E'd vanished when I was scarcely an 'atchlin', see ... I never dreamt 'e'd got taken off to the likes o' that place. 'Is ol' legs was givin' out, but I wanted 'im to see the 'omestead jus' once more. But 'e ... 'e di'nt make it ... (sniff) I-I can't 'old it in no longer! It's gotta come out! Dad!!! Me poor ol' dad! Waaaaaah! Waaaaaaaaaaaaaaaaaaaaaaaaaaahhhhhhhhhhhh!! It's ... it's ... Me poor ol' dad! I don't know 'ow I'm ever gonna get over this, I really don't ... But ... wotever 'appens ... I ain't gonna let nuffink stand in me way ... 'cos one day ... I'm gonna make summink o' meself!""]",NPC
Final Fantasy XII,2006,Japan,Al-Cid Margrace,Male,"['I do not suppose this is something you might... reconsider?', 'My little emperor-in-waiting. You called and I have come.', ""I am but one of very, very many. Try as I might, I could not stop this war alone ... thus I came seeking Larsa's assistance."", 'Al-Cid Margrace, at your service. To think I stand before the Lady Ashe. It is truly an honor.', ""I see it is true after all. Ah, stunning is Dalmasca's desert bloom."", 'Hah, Gran Kiltias! You speak much of dreams. But in the real world, war is upon us.', ""A word from you and the Resistance would stop cold ... and Rozarria's pretext for joining the war ... scattered, off to the four winds. This was what we had hoped. Alas, circumstances change. A full two years have passed since your reported death. Were it to become known you were still alive ... I fear it could only worsen our current situation."", 'Nay, in fact it has little to do with you.', 'The Emperor Gramis is no more. His life was taken.', 'Let us suppose you approach the Empire with a peaceful resolution. The Late Emperor Gramis would have lent you his ear, that much is certain. But we are dealing with Vayne Solidor. Should the Princess return, he would claim her an imposter. All to tempt the Resistance into battle. Vayne wants this war, that much is certain. As our ill luck would have it, the man is a military genius.', ""Archadia's banners fly high. They are making ready for the coming war. According to our latest reports ..."", ""The Western Armada prepares for war, under Vayne's command no less. The newly formed 12th Fleet has already been deployed. The Imperial 1st Fleet stands ready. They'll be under way as soon as the Odin's refit is complete. And there is more: the 2nd Kerwon Expeditionary Force is being called in ... to replace the missing 8th, so there will be no gaps."", 'The largest force ever seen!', ""Larsa has gone to the inner sanctum with the Gran Kiltias. I believe the news of the Emperor's assassination came as something of a shock. Was I overly direct, perhaps? No matter, he is in good hands now."", 'Gone. Spirited away by Judge Gabranth.', 'Ah, as for our young lordling, he went along - to avoid trouble, you see. But Judge Bergan had other ideas. He flew into a rage, and I was left to fend for myself.', 'Please, Princess, you must permit me to take you back with me to Rozarria.', 'I would lay down my life at a single word to be sure ... but I harbor no maundering delusions of valiant grandeur. Vayne has our War Pavilion jumping at shadows. They favor a pre-emptive strike. But you - you will convince them otherwise. You will see that they do not start this war.', 'Ah, this Stone. Do you even know where it is?', 'My leave I take.']",NPC
Final Fantasy XII,2006,Japan,Alja,Female,"['It is Mjrn you seek? She is usually just beyond this bridge, but I tell you now, you search in vain. I should not think she would even know who you are.', 'Golmore Jungle has blessed us with a new herb, and we must decide how best it might be used to enrich our medicines. It is a matter beyond your understanding. I would thank you to interrupt us no further.', 'We discuss the effect different methods of storage have on herbal potency. Do matters so beyond your grasp nonetheless hold interest for you?', 'Would you know more of the Wood? The life that burgeons in Her must be shown the proper respect. Beauty seldom comes without danger. To one who walks in ignorance, the Wood can seem dark, Her life promising naught but death.']",NPC
Final Fantasy XII,2006,Japan,Anastasis,Male,"['No, my child. I do not sleep. I dream. For reality and illusion are a duality, two parts of a whole. Only the mirror of dreams reflects what is true.', 'Lay down your words. Ashelia, daughter of Raminas, I have dreamt your dream. Who better to carry on the Dalmascan line than she who bears the Dawn Shard? Your dream of a kingdom restored is known to me.', 'In Archadia, Larsa. In Rozarria, Al-Cid. They dream not of war. Should empire join with empire, the way will open for a new Ivalice in our time.', ""The dreams have told me thus. To reveal yourself would imperil us all. I see war, and Vayne's name writ bold on history's page."", 'It is the nethicite of which you dream?', 'To wield power against power. Truly the words of a hume-child.', 'Indeed. Then you have but one choice. Seek you the other power Raithwall left.', 'Journey across the Paramina Rift to the Stilshrine of Miriam. There rests the gift he entrusted to the Gran Kiltias of his time. Seek it out. The Sword of Kings can cut through nethicite.', ""Why he would entrust the power to destroy nethicite, the instrument of his greatness ... to another and not to his own progeny, I cannot say. Awaken Ashelia B'Nargin and take up your sword, or your dream will remain but a dream."", 'My dream too, fades into day.']",NPC
Final Fantasy XII,2006,Japan,Ann,Female,"[""Rande! He's a passenger! Mind your tongue! I apologize for my ... companion's behavior. We have cabins available, if you would like to rest until we make port. Would you like me to show you to a cabin?"", 'No one. Truly. Just a gentleman – and I use the term loosely – who does not know when enough is enough.', 'Forget my own mother? The mother who raised my sisters single-handedly after my father died in the war? I would never marry a person like you. How many times must I tell you?', ""You and your brothers are among the most vulgar men I've ever met. And I've known many vulgars! Using your father to find out where we work! Speaking of work, I'd better get back to it. If you would kindly take your leave, I've a proper passenger to attend to."", 'What manner of game?', 'What of it?', 'Absurd! You expect a perfect stranger to willingly go from airship to airship delivering this message of yours!?', ""I'm sorry you've gotten involved in this, sir ... If you do see my sisters on the other airships, perhaps you could show them a letter for me? They're chief stewards, like myself."", ""Don't worry about me, sir. My sisters and I are up to the challenge presented by the notorious brothers of House Lirschell. Well, he's distracted me from my duties long enough, I should say. Where were we ... ? Ah, yes! Would you like me to show you to a cabin?"", "". I hope you've enjoyed your journey.""]",NPC
Final Fantasy XII,2006,Japan,Arjie,Female,"['Well, hello! The wary traveler never passes the chance to restock his supplies.', 'The children still work, even in this heat. I guess I should try to follow their example.', 'Well, hello! The wary traveler never passes the chance to restock his supplies.', ""We will leave before the Rains come. If there's anything you want to buy, now's the time."", 'Well, hello! The wary traveler never passes the chance to restock his supplies.', ""I used to live in Rabanastre, before I met my husband. Then I moved here. I only get to see him during the Rains, but I'm happy all the same."", 'Well, hello! The wary traveler never passes the chance to restock his supplies.', ""The skies are clear, the food and drink fresh and delicious. The people are good, hard working folk. I've never regretted coming to Giza.""]",NPC
Final Fantasy XII,2006,Japan,Arryl,Male,"[""You stuck here too? I came from the village up ahead, and now I can't get back. Him? Don't worry about him. He won't bite or nothin'. He's practically family! Cute, huh?"", ""I better get back to the village before they start worrying. Long as we stick together, we'll be okay. Him? Don't worry about him. He won't bite or nothin'. He's practically family!""]",NPC
Final Fantasy XII,2006,Japan,Asdalu,Male,"['The Golmore Jungle to the east of Ozmone Plain is an ancient place that suffers no entry by Man. The wood has a mind of its own. It thinks. Often did the Great-chief tell me to avoid its boughs and winding paths when I was young.', 'You have been to Mt. Bur-Omisace? Where do you go now? I admit, I envy you. I have never been further than the plains in all my years. I, too, wish to see such wonders as the skycities someday ...', 'You have been to Mt. Bur-Omisace? Where do you go now? I admit, I envy you. I have never been further than the Plains in all my years. I, too, wish to see such wonders as the skycities someday ...', 'I have heard that the nomads of Giza herd cockatrices much as we herd nannas. I wonder ... do they eat them? I wonder ... do they taste like chicken?', 'There is to be a war among the humes? At our gathering, so did the Great-Chief and the High-chief say. I fear that it may be true ...', 'I have heard that the nomads of Giza herd cockatrices much as we herd nannas. I wonder ... do they eat them? I wonder ... do they taste like chicken?', 'I have heard that the cockatrice belongs to the nomads of Giza. It is a good thing we did not ea— We did not do anything odd.']",NPC
Final Fantasy XII,2006,Japan,Ashelia B'nargin Dalmasca,Female,"[""After what you've done! How dare you! You're supposed to be dead!"", 'The Resistance.', 'I will not play puppet to Vayne.', ""Wait. You took my father's life! Why spare mine now? You would have me live in shame!"", ""Don't interrupt!"", ""Don't give it to him!"", ""It's nothing. I'll be fine."", 'You.', 'I will not place my trust in the sword of a traitor!', 'Very well then.', 'You know nothing of my father!', 'They passed.', 'Perhaps you forgot all that Ondore has wrought.', 'You were only being cautious.', 'I know you would not speak so lightly. Very well.', ""When Vossler learned my father had been killed the night of the treaty-signing, he returned to Rabanastre to aid my escape. There was still time before Vayne's reach extended too far. We thought that you could protect me."", 'Halim, we are past all this. Bhujerba must stand with us. We can stop Vayne.', 'Then Bhujerba will aid me?', 'I cannot just wait!', ""I'm going to retrieve the Dawn Shard. It's the proof that I need. I know where it's hidden. I'll return his airship later."", ""This is something that I have to do! For myself and all those who have fallen. I will not be made to hide! I'll fight alone, if I must."", ""I'm trying to concentrate!"", ""You can't."", ""Suppose you kidnapped me instead? You're a sky pirate, aren't you? Then steal me. Is that so much to ask?"", ""The Dynast-King's treasure. The Dawn Shard is but one of the riches that lie waiting in King Raithwall's tomb."", 'This ""come in handy"" often?', ""Across the sandsea, to the Valley of the Dead. And to King Raithwall's tomb below."", 'Yes, but tell me, Vossler, what have you accomplished?', 'Vossler! Have you found the means to restore Dalmasca?', ""Long ago, the gods granted their favor to King Raithwall ... who would oversee the subjugation of a territory spanning from Ordalia to Valendia. Here he forged the Galtean Alliance. Though he is called the Dynast-King ... upon establishing the Alliance, he showed compassion for his people, and disdain for war. A philosophy passed on to his successors. One that would bring peace and prosperity for hundreds of years to follow. It was during this time of peace that the city-states of Archadia and Rozarria ... each members of Raithwall's Alliance, took root and flourished. Raithwall left three relics signifying descent from the Dynast-King. Of these, the Midlight Shard was given to what would become House Nabradia ... and the Dusk Shard to my ancestors, the founders of Dalmasca. The last of these relics was the Dawn Shard. It remained hidden here, known only to those of royal blood."", ""But you must consider the prize. The Dawn Shard lies within, and Raithwall's treasure."", 'Yet without help, you and I are as nothing. Is this not so?', 'He thinks ever and always on his own profit. Assure him of it, and he shall remain true to our cause.', 'We will continue this later. Now we should concern ourselves with finding the Dawn Shard.', 'It sleeps, in waiting. Somewhere deep within.', 'I can hear its call.', 'My family tells a story of the Dynast-King and an Esper. The story goes that in his youth, the Dynast-King defeated a mighty gigas ... for which the gods took heed of him. Thereafter, it was bound to him in thralldom.', ""Not so. The Esper is the Dynast-King's treasure."", 'In this Esper we now command rests a power whose worth is beyond any measure.', 'What?', 'Rasler ...', 'You will be avenged.', 'Such a heartfelt display of remorse. Now what is it you want?', 'Who are you, Vossler, to talk of trust?', ""I like Fran's idea. Let's get out of here!"", ""I think it's the Dawn Shard."", 'Nabudis.', 'That ridiculous war, the trap at the treaty-signing – all because Vayne wanted power. He must not be allowed to claim the nethicite. The Empire must never hold it.', ""Very well, then the path set before us is clear. We'll use the Dawn Shard to fight them! Dalmasca does not forget kindness nor ill deed done. With sword in hand she aids her allies. Sword in hand, she lays to rest her foes. This nethicite I hold must be my sword. I will avenge those who have died. And the Empire will know remorse."", 'Dangerous though it be, what we need now is power. Should we declare Dalmasca free without the means to defend our claim ... the Empire would crush us. You must take me to meet with the garif.', 'Compensation – is that what you want?', ""This? Isn't there something else?"", 'Regardless, we must go south, yes?', 'I made my resolve two years ago. I swore to overcome any hardship I may face.', 'I must learn more about the nethicite. I cannot turn back now. Please, tell your Great-chief that I am of the royal line of Dalmasca, a direct descendant of Dynast-King Raithwall. If the garif have passed down knowledge of the Stones, they must know of the nethicite that the Dynast-King once held.', 'I ... I do not.', ""It was not I who used it. Indeed I had hoped you could show me how. Thus I've come."", 'What?', ""Cannot wield it? So then, am I to understand you can't tell me how to use the Stone?"", 'To Bur-Omisace?', 'A war?', 'For peace? How dare you say that! The Empire attacked us, stole all we hold dear ... and you would have me save them from war?', 'Rasler.', 'So you did see him, too. But why?', 'Basch told me about him.', 'To protect something.', 'I wish I knew.', 'I will accompany you to Mt. Bur-Omisace.', 'My heart is not set. I still have questions. I hope to find answers along the way.', 'Who is that?', 'He does not mean ill by it.', 'And you can just accept this, can you?', 'My people hate the Empire. They will not accept this.', 'What have we done?', ""What's wrong with her?"", 'There is a place for all things, even danger such as this.', ""Gran Kiltias, I was told my coming here would prevent this war. I was to assume my father's throne and announce the restoration of Dalmasca ... treat with the Empire for peace, and persuade the Resistance to stay their hand. I have not come all this way to be asked to reconsider!"", 'Because I am powerless to help.', 'And then ... the nethicite is the coup de grace.', 'Gran Kiltias, Your Grace. I spoke to you of my succession. Let us put that aside. Should I become Queen of Dalmasca now, powerless as I am, I can protect nothing. With a greater power at my disposal, perhaps then.', 'I require something far greater.', 'I am descended from the Dynast-King himself.', 'Does such a thing exist?', 'What?', 'The Stone bleeds Mist.', 'This is the sword. The nethicite destroyer.', 'Vaan.', 'Tell me. Did you see him again?', 'What could it mean?', 'So that you can protect me?', 'This I cannot do. Forgive me, but my errand here is not yet done. I must wield the Sword of Kings, and with it bring an end to the Dusk Shard.', 'At once. As for matters in Rozarria ... I bid you luck.', 'How do you propose we reach Archades?', ""Archadia's borders will be well guarded for fear of Rozarrian invasion. We dare not approach by air."", 'The nethicite. I must destroy it.', 'Lusting for ever greater power, blinded by the nethicite.', 'Is that how you see me?', 'You were a ... a Judge!?', ""It's hard to leave the past behind. I know."", 'They do, do they?', 'I will play mine.', ""I pray you're right, Balthier."", ""We'll do what we can to blend into the crowd. Our names may be notorious, but our faces are not far-known."", 'I noticed.', 'Look at this ...', ""You're a babbling fool."", 'Your words mean nothing to me!', 'They choose to supply the Resistance, yet raise not a sword in aid. What city could do this?', 'The Marquis — he is set on war?', 'Giruvegan.', ""I desire its power. I want ... yet I also fear. I must protect Dalmasca. I can't afford to fear anything."", 'On the farthest shores of the river of time, shrouded deep in the roiling Mist.', 'Is that nethicite?', 'Where is everyone?', 'Such Power exists?', ""That's why I was given it — the Sword of Kings."", 'But Venat — Venat is an Occurian. A being like you.', 'Judgment?', 'Destroy them all? The Empire?', 'I will search out the Sun-Cryst.']",PC
Final Fantasy XII,2006,Japan,Atak,Male,"[""What's that, boy? This here's a club for hunters, not children. Run along, now."", ""Boy ... you did some huntin' in Sochen, I hear? Guess that game was easier pickin's than the rumors'd have it, eh? Bah. You did for it, so that's that, I suppose. The Huntmaster was sayin' we could start ... ah, but I'm gettin' ahead o' meself. You've business in the capital, no? You get that attended to, then you come back here, and we'll see what you're really made of, boy."", 'Ah, yer back. Talk to the Huntmaster.', ""So, yer on the hunt, boy? Do good. The Huntmaster don't carry no baggage."", ""So, you passed yer test. If the Huntmaster says yer good enough, then I suppose I might as well put you to work for me. Heh heh. Now listen, this is what I want you to do. There're rare game out there what have mutated. They're a sight meaner than the usual fare. Your usual marks, they get posted after damage has been done, but we want you to find these rare game before lives are lost, see? These rare game, they aren't going to make it easy for you. You have to find 'em and bring 'em down before you know they're rare for sure ... if they drop a trophy when they fall, congratulations, you've just felled yourself rare game. Now, you bring them trophies back here when you get 'em. We won't pay you direct, like with them usual marks, but you'll get yours. See, if you bring in enough trophies, we'll put things out at the Outfitters for you to buy. Give 'em to me, and I'll stock up weapons. ...You could give 'em to my brothers, too, but I don't see why you'd want to do that, really. So, how 'bout it? You want to join the hunt? Say yes, and I'll send you on your way ... and you can turn them trophies in to whom you please. 'Course, that's me, right? Well? You ready?"", ""Right, then have at it, boy, and bring yer trophies back to me! You get lost, or aren't sure what to do, you talk to the Huntmaster. He's been at this since I was still crawling. He'll learn you right."", 'Feh.', ""Hrrm? You don't got a trophy, do you? Try a little harder out there, boy."", 'Ah, yer back. Talk to the Huntmaster.', ""So, yer on the hunt, boy? Do good. The Huntmaster don't carry no baggage."", ""So, you passed yer test. If the Huntmaster says yer good enough, then I suppose I might as well put you to work for me. Heh heh. Now listen, this is what I want you to do. There're rare game out there what have mutated. They're a sight meaner than the usual fare. Your usual marks, they get posted after damage has been done, but we want you to find these rare game before lives are lost, see? These rare game, they aren't going to make it easy for you. You have to find 'em and bring 'em down before you know they're rare for sure ... if they drop a trophy when they fall, congratulations, you've just felled yourself rare game. Now, you bring them trophies back here when you get 'em. We won't pay you direct, like with them usual marks, but you'll get yours. See, if you bring in enough trophies, we'll put things out at the Outfitters for you to buy. Give 'em to me, and I'll stock up weapons. ...You could give 'em to my brothers, too, but I don't see why you'd want to do that, really. So, how 'bout it? You want to join the hunt? Say yes, and I'll send you on your way ... and you can turn them trophies in to whom you please. 'Course, that's me, right? Well? You ready?"", ""Right, then have at it, boy, and bring yer trophies back to me! You get lost, or aren't sure what to do, you talk to the Huntmaster. He's been at this since I was still crawling. He'll learn you right."", 'Feh.', ""Hrrm? You don't got a trophy, do you? Try a little harder out there, boy.""]",NPC
Final Fantasy XII,2006,Japan,Ba'Gamnan,Male,"[""What does that philanderer think he's doing? I was to kill Balthier, not those addle-pated Imperials!"", ""What, you couldn't hear? I merely said that the lot of you are incompetent fools. If you've the sky pirate in your hands, where is he?"", ""Eh? What's that you say now? Maybe I'll whet my blade on you ... before I kill Balthier."", ""He's in here somewhere! Find him!"", ""You've seen to her feeding, yes?"", ""See that she does. We need her alive. Balthier's bait must be fresh."", ""Barely know, was it? Yet at a trice, he goes boundin' off for you! Tell me, how could that be?"", 'Does that tongue never stop? What if we ... plucked it from your head? As for you, we need Balthier alive! His corpse fetches but half the bounty!', 'You kept us waiting, Balthier!', 'You slipped away in Nalbina. We missed you! First the Judge, and now this boy. The whole affair has the smell of money. I may have to wet my beak a little.', ""Balthier! Too long have I gone unpaid! I'll carve my bounty out of that boy!"", ""The girl? Why keep the bait when you've landed the fish? We cut her loose on the way here and then off she ran, crying like a babe!"", 'After them!']",NPC
Final Fantasy XII,2006,Japan,Balthier,Male,"['Quite a performance.', 'I play the leading man, who else?', 'Fran, the magicite.', 'And then when I take it from you, it will be mine.', 'Exit stage right.', 'I like it better that way.', ""The Ifrit, eh? Impeccable timing. If I didn't know any better, I'd say they were waiting all along."", 'Stop running!', 'End of the line! You have something that belongs to me.', ""Fran! Let's move!"", 'Off with you!', 'Keep this up and I will!', ""What's going on, Fran?"", ""I don't have time for this."", ""Bah, forget it. Even if we could fly ... the Ifrit's playing with fire, and I'd rather not get burned. We'll go the old-fashioned way."", '?', ""Well, Fran is special ... in that she'd deign to partner with a hume."", ""It's Balthier. Listen thief – Vaan. If you ever want to see your home again, you'll do exactly as I say. Myself, Fran, and you. We're working together now. Understood?"", 'The thought never crossed my mind.', ""Ah, Vaan. There's something I want to check before we set out."", ""As I thought. You don't know much about gambits yet, do you?"", ""Listen carefully – I don't care to repeat myself. For each gambit, you can combine one action with a target for that action. Example: you can arrange that Cure be cast on an ally whose HP falls below fifty percent. Useful, that. Of course, one error of judgment, and you could well find yourself throwing punches at that same ally. If you've a good head on your shoulders, it should come easily enough. Hmm ... I fear a more detailed explanation is in order."", ""This is the Gambit Screen. You can reach it from the Party Menu. To create a Gambit, you need only select an action and a target for that action. Here, let me show you. I'll start by changing the action of one of my gambits."", ""Now whenever an ally gets hurt, I'll toss a potion his way. Charming, eh? Of course, that's a sure way to go through our stock of potions. So let's adjust the target to make sure things don't get out of hand."", ""Now I'll only ever use potions when an ally's HP drops below seventy percent. That should be a little more bearable. Nothing to it, really. You can set a gambit's action to more or less any ability you have at your disposal."", ""Targets aren't so simple. You'll have to pick up new ones from gambit shops."", ""But that isn't all. You can also prioritize your gambits. Allow me."", ""The gambit in the first slot always takes priority. As it stands now, even if an ally's HP starts to fall, should there be foes near, I'll only attack. For which I could rightly be criticized. In general, it's better to prioritize healing before attacking. Vitality before violence, if you like."", ""Oh, another thing – you can turn gambits off and on here, from the Gambit Screen, as well as from the Battle Menu. Of course, gambits won't do you much good if they're turned off. Still, discretion is the better part of valor. If you need to beat a hasty retreat, try turning gambits off first. It's hard to fall back when your allies insist on picking a fight."", ""Well, that's the long and short of it. I'll set my gambits as they were before we started. Feel free to change them later if you like."", ""We're like to come across new actions and targets, so don't be afraid to experiment with new gambit combinations. But don't put all of your faith in any one combination. With each passing day, the world finds new and exciting ways to kill a man."", 'Be flexible! If you find yourself up against beasts that don\'t take well to fire, create a gambit to cast Fire on nearby foes. Likewise, should we face a creature that used Poison, a gambit to cast Poisona on poisoned allies just might come in handy. A bit much to take in? Don\'t let it worry you – you\'re in good company. Yes, these sewers are thick with the bones of others who had similar ""difficulties"".', ""Let's be off then, shall we?"", ""Insurgents. Most like they thought to take advantage of a lax watch while the fete's on. ... to feed the good consul a length of steel for his supper. I should think Vayne used to such hospitality. Clever. He used himself as the bait to draw them near, and then sent in the air brigade. A fine, bloody banquet. Hmph. I daresay I've soiled my cuffs. If a dungeon's waiting for us at the end of the night, it had best have a change of wardrobe."", 'And our troubles with them.', ""Oh, now, isn't that impressive."", ""I'm afraid the jury's still out on that one."", ""If they aren't already."", 'You have a lot to learn before we even get started on your thievery.', 'Let\'s think of her as a ""guest"", then. Unlike Fran or myself, our ""guest"" won\'t be taking orders from anyone anytime soon. And she\'ll leave when she pleases. So, we keep to our affairs, and she to hers. I doubt we\'ll find her wanting in valor ... being such an upstanding member of the insurgence.', 'Now is not the time.', 'Better than a common assassin.', 'Hold onto this for me, would you? Just until I bring Vaan back.', ""All right, all right. Edgy, aren't we?"", ""You're awake."", ""Prison, where else? More a dungeon, but it's really all the same."", ""It's just a corpse. Jump at every little thing down here and you'll wear yourself out."", ""It's not even a proper dungeon. They just sealed off the bottom level of the fortress. Take a look around. We're not the first they've thrown down here."", ""She's off trying to find us a way out."", ""Remember what curiosity killed. Just a friendly word of advice. This is all the water we've got. I'd save your strength if I were you."", ""Looks as though our belongings were carted off by the Imperials. Ah, perhaps they've brought our things up to our rooms. How kind. No sense strutting about at a time like this. Save your strength, and stay out of trouble."", ""Something stinks in here all right. I've changed my mind. This is no dungeon, it's a sty."", ""I said you're the one that stinks, hamshanks. Hear me now?"", 'You all right, Vaan?', ""Great. They just don't give up, do they?"", 'Now is looking like a good time for us to leave.', 'Only you sense the Mist.', ""Then we'll need magicks."", ""Hmph. The self-proclaimed guardians of law and order in Archadia. They're the elite guard of House Solidor. Which effectively makes them the commanders of the Imperial army. If you ask me, they're more executioners than judges. Not a friendly lot, at any rate. What are they doing here?"", 'Time for the hare to follow the fox.', ""That's why we'll get them to open it for us."", ""What's wrong? You don't trust her? Viera's noses are sharp. If she says there's a way out, there's a way out."", 'Ah! The prison repository of wrested relics and raiments.', ""That's what I said."", ""There are more turnkeys than cutpurses down here. I've had my fill of chains. Let's tread lightly, shall we?"", 'This the place?', ""It's against my policy to speak with the dead. Especially when they happen to be kingslayers."", 'Is that so? Glad to hear it.', 'Quiet! The guards will hear.', 'Pirates without a sky.', 'Spare us your quiddities.', 'A traitor. I know. Stay here and fight, if you want.', ""If you can walk, let's go."", 'We could use another sword arm.', ""Let's have a look. Hm ... the fuse is blown. That would explain why there's no power reaching the switch. If the wiring is any indication, I'd say this is a central power relay of some sort. As it stands, I doubt we'll find much still running down here."", ""I've heard of these: mimics. They disguise themselves as all manner of things, then strike when you're least weary. Some of them have a fondness for energy, I'm told. They gorge themselves on the stuff until there's naught left."", ""Lights out. And it's worse in the dark. Much worse. So, let them get too close one of those conduits and they'll suck it dry. But don't worry: it'll give it back, if you ask it nicely. Sticking it with a sword helps, too. Clock's ticking!"", ""It reeks. Something's close."", 'Nice moves there, Captain.', ""So they say. But I didn't see him kill anyone."", ""A twin brother? Fancy that. But still, the pieces fit. I'll give you that much. And he did look like you."", ""Believe what you want to. Whatever it takes to make you happy. What's done is done."", ""The Estersand, by the look of it. Let's back to Rabanastre before we shrivel up. By your leave, Captain."", ""I'd avoid crowds, if I were you. In this town you're still a traitor you know."", ""You're a fugitive now, too. Stay low for a while."", ""Do as you like. That stone's ill-favored."", 'You offering it?', 'Then why do you ask? Our regards to your girl.', ""I believe our business is finished, yes? Hadn't you better say hello to all your little friends?"", ""That's right. I'd prefer to get that back with as few tear stains as possible. Better hurry."", 'As I said, a misunderstanding.', ""I don't respond well to orders. You do know that the Imperial fleet is massing at Bhujerba?"", 'An audience with the Marquis, by chance?', 'Make yourselves ready. We leave soon.', ""Ba'Gamnan's note can only be referring to the Lhusu Mines in Bhujerba. We'll leave at once. When you're ready, meet me in the aerodrome. I should imagine it's still by the west gate ... We weren't in Nalbina all that long. Do be quick. I'd like to save your girl and be rid of this headache as soon as possible."", ""Bhujerba's on the sky continent of Dorstonis, and the magicite mine we're looking for is in Bhujerba. If we're going to save the girl, we start there. You ready to leave?"", ""You do realize that once we've left, you may not see Rabanastre for a while. Once we leave, there'll be no looking back."", ""We make for the Lhusu Mines in Bhujerba. Seems I took on more baggage in Rabanastre than I'd planned ... Well, let's save your girl and be done with it. Come on."", ""Don't take too long. We leave soon."", ""Don't take too long. We leave soon."", ""Don't get out of Dalmasca much, do you ... Bhujerba is a small city-state that thrives on the export of particularly fine magicite. It's ruled by Marquis Ondore, who, by staying in the Empire's good graces, has managed to stave off Imperial invasion."", 'This is the Strahl.', 'She airship enough for you?', 'Well, the headhunters seem to think so.', ""What's the good word? Is she ready?"", ""I suppose I could tell you, but wouldn't you rather see for yourself?"", 'Fran, our course.', ""Oh, she's free as can be – for now. The Empire took notice when they announced the Princess's unfortunate suicide and your untimely execution."", 'I try to steer clear of such things.', ""Right, it's time to fly. And no wagging tongues, or you're like to bite them off."", 'Easy.', ""You're a dead man. Don't forget it. And no names."", ""The Lhusu Mines are just up ahead. Though, I do hear there's not much left there these days."", 'Right, come on then.', 'Do me a favor and stay where I can keep my eye on you. Should be less trouble that way.', 'The Lhusu Mines: one of the richest veins in Ivalice.', ""They say he's been helping the Resistance."", ""You're certainly well informed. Who did you say you were again?"", 'Errand all attended to, then?', 'No, you\'ll repay us now. We have too much on our hands to go on holding yours. So where did you hear this fairy tale about ""nethicite""? And where did you get that sample you carry? What do you know about the Draklor Laboratories? Tell me: who are you?', ""Keep your snout in the trough where it belongs. This thinking ill befits you, Ba'Gamnan."", ""We'll not be able to take them all! Fight who we must, leave the rest."", ""Much more running about with bangaa at my heels ... and I'm apt to give up sky pirating altogether."", 'That\'s no ""Lamont."" Larsa Ferrinas Solidor. Fourth son to Emperor Gramis ... and brother to Vayne.', 'Nobody knows men like Fran does.', ""The Marquis is channeling money to organizations opposing the Empire. We'll start there."", ""The men he's been funding bear little love for the Empire. They won't be thrilled to discover that rumors of your death were, in fact, greatly exaggerated. If we were to raise a clamor to that effect, we might just get their attention."", ""That certainly qualifies as a clamor. All right, Vaan, get to it. For the girl's sake, eh? Oh, and the more people around to witness your little performance, the better. If we're going to reach the Marquis, it's up to you. We'll be waiting here, if you need us."", ""His Excellency Marquis Ondore announced after the war that Captain Basch fon Ronsenburg had been executed ... for slaying his own king. Now, as we all know, Basch lives. Should this become known, why, the Marquis's lie would be revealed, and his Resistance jeopardized."", 'A shame if they learnt the Marquis trafficked with the likes of you. Agents masquerading as guides. A hideout at the back of a tavern. Not exactly earning high marks for originality, are we?', 'For you to calm down.', 'Wait!', 'Vaan. That stone.', 'Tell these Fates of yours to leave me out.', ""Oh, I understand. Honor, duty, and all that. I still can't believe that was the Princess."", ""We should hurry. They won't be long."", 'The nethicite.', 'An Atomos? All skiff, no ship. Hardly fitting for a leading man.', 'I shall wear it close to my heart.', 'Incidentally, what is the going rate for rescuing princesses these days? Food would be a good start – the good stuff, mind you.', 'Time enough for a bath, I hope. Dirty business, you know. Ah, best bring a change of clothes too.', ""That's quite enough, Your Majesty."", 'What do you think? A bit over the top? In my line of work, you never know when something like this might come in handy.', ""I'm trying to concentrate!"", ""I'm leaving you with the Marquis."", ""Trust me, you're better off staying here."", 'What do you have that I would want?', 'King Raithwall, you say?', 'How much is the price on your head these days, I wonder?', ""It's tough being popular. Wouldn't want admirers dropping in while we're away."", ""Well then, that's as far as she goes. We'll be in jagd from here onwards."", 'At least we thought to bring entertainment.', 'Let me guess: sandstorm?', 'We leave at once! This is Urutan-Yensa territory ... and they are unfond of visitors.', ""Looks like we've attracted the wrong sort of attention. Let's quit this place while we still can. Move!"", ""There's no guarantee we'll make it out alive. Vicious beasts. Fiendish traps. Something like that?"", 'And there I was thinking this was going to be hard!', ""A contraption you'd find in all but the most rudimentary ancient ruin. One touch, and off you're whisked to you know not where. The finer points of their operation elude me, but they're handy all the same. What more need a sky pirate know?"", 'Fight or run, we better decide fast!', ""So all this time it's been here guarding the Dynast-King's treasure."", ""That's your treasure?"", 'Is that so? Call me old-fashioned, but I was hoping for a treasure whose worth we could measure.', 'And when all is said and done, your master will have another pet.', 'Well, at least your sword is to the point.', 'What did you say?', ""I always knew Fran didn't take well to being tied up. I just never knew how much."", 'How about you?', 'This might get a little dicey.', 'Fran. The Mist. It manifests now.', 'Then what are we waiting for?', 'You know your stuff.', 'More nethicite. Well, no wonder they invaded.', ""Oh? They already do. The Dusk Shard, most likely the Midlight Shard, too. Besides, can't they manufact nethicite now?"", 'Not exactly close.', ""Straight to the point, aren't we. I like that. Compensation?"", 'How about the ring.', ""No one's forcing you."", ""I'll give it back to you. As soon as I find something more valuable."", ""Hard to say. I'll know when I find it. What is it you want, Vaan? What are you looking for?"", ""So they do. We'll need to head south, past the Giza Plains."", 'But those same waters may also lay open new routes to us.', ""First things first. You're eager to be on your way, I know ... but we should see that we're prepared before setting out."", 'Man cannot live by resolve alone, princess.', ""Don't get your hopes up. You remember the Leviathan sailed straight over the Jagd Yensa, right up to Raithwall's tomb. Skystone that works even in jagd. You know nethicite's behind it. Little wonder they're so keen on the stuff."", ""Worried I'm out to steal the nethicite, eh? Can't say I'm unaccustomed to people doubting my intentions. Nothing could be further from my mind. Shall I swear by your sword or some such?"", ""I'm only here to see how the story unfolds. Any self-respecting leading man would do the same."", 'Making an appearance?', ""I thought you'd left for good."", 'And you forsake them in turn?', ""Not bad, Vaan. Didn't think we'd get any information out of that one. So then, what was she saying about men in a warren?"", ""Is that a problem? Let's move."", 'Nice, Vaan.', 'Research.', ""So you came here hoping to find something out, and got yourself caught. You're as foolhardy as your sister."", 'Empires parade down city streets, while refugees walk barefoot through the snow.', 'Will he now? You sound sure of yourself. You can never know another, even your father.', ""He just may be on to something. The Dawn Shard's no use to us, after all."", 'Should it find its mark.', ""Fran, I don't like the look of that."", 'He set his very bones about with manufacted nethicite. The Gran Kiltias?', ""I can venture a guess. The Draklor Laboratory. In Archades. The Empire's weapons research begins and ends there. How soon do we leave?"", ""And their navy will see that the coast is watched as well.. No, we go afoot. We'll cross into Archadia in the Salikawood. We can reach the Wood any number of ways, but the easiest is to head north from Nalbina."", ""Getting that far should be half the fun. Let's be sure we go prepared."", ""It would seem we made the right choice. If we'd taken the easy way and come by airship ... one of those patrols would no doubt have been quick to roll out the red carpet. We're on the Empire's doorstep now, so we shouldn't have to worry quite so much ... but that's no excuse to get sloppy. It is still a long road to the capital."", 'Why the capital?', ""Are you sure? You don't want it for yourself? Use its power to restore Dalmasca — something like that? The best intentions invite the worst kind of trouble."", 'That does sound like someone I know.', ""He was obsessed with nethicite. It was all he cared about. He'd babble nonsense, blind to aught but the Stone's power. He'd talk about some 'Eynah,' or was it 'Venat'? No matter. Everything he did, he did to get closer to the nethicite, to understand it. He made airships, weapons ... He even made me a Judge."", ""Part of a past I'd rather forget. It didn't last long. I ran. I left the Judges ... and him."", ""Cidolfus Demen Bunansa. Draklor Laboratory's very own Dr. Cid. That's when he lost his heart to nethicite, lost himself. And I suppose that's when I lost my father."", ""Don't follow in his footsteps."", ""I ran away. I couldn't stand seeing him like that, a slave to the Stone. So I ran. Free at last. Funny I went for the Dusk Shard. How could I have known that it was nethicite? And then, of course, I met you. All that running, and I got nowhere. It's time to end this — cut my ties to the past."", ""The choice is yours to make. But don't give your heart to a stone. You're too strong for that, Princess."", ""Better a hare unseen than a rat in a trap. Then again, if you'd prefer to go knocking on the front gates of the city, be my guest."", 'Even empires have need of sewers. The runoff from Archades proper pools here; those who lack papers to live in the city itself. The mighty who have fallen, and the fallen who would be mighty. Their eyes never leave Archades.', ""Oh, to be sure. Archades reeks of a different filth. Let's be off! We can follow our noses to Draklor."", 'Oh wonderful. Enter the streetear.', ""An old ... friend. He's a streetear — a peddler of rumor and hearsay, by the name of Jules. He'd bite a gil given him by his own mother, and shave it by half to pay for her funeral."", ""Never thought you'd go for such a meager price."", 'Bah.', ""We go our separate ways here, Vaan. I've some business to attend to. We'll meet again later."", ""Ah, so pleased you could join me. Jules had a morsel for us: a light airship used by Draklor researchers is just up ahead. We'll take that and go on through the service entrance. Let's make haste, shall we?"", ""Certainly took your time getting here, didn't you. Off seeing the sights, perhaps?"", ""What's that? But I gave Jules some chops ..."", 'Your doing, no doubt. You knew how the Ministry of Law would move, so you had Vaan out collecting chops until the Judges could reinforce Draklor. Of course ... Tell me, how much did the Ministry pay for word of the prodigal son?', ""People like ... Rozarrian sympathizers worried about the Empire's weapons programs, and anyone else who might be opposed to House Solidor hegemony. So, we create a disturbance, and you get your windfall of dirt on Draklor."", ""Ah, a deal, brokered in true Archades fashion. Why, it's just like old times, Jules. Brings a tear to my eye."", 'Close enough for fisticuffs ... Driver! Faster, if you please. I would be loath to expend any of the violence of my present mood on my companions.', 'This way!', 'Passing strange. There are supposed to be guards here.', ""Maybe you're just optimistic."", ""No time for caution. Step to it! Cid's chambers are on the top level."", 'The Jagd Difohr, was it? Six years, and ever since you got back, this ... What madness found you there?', ""No. We'll use their confusion. We need to find Cid. Now."", ""Consider your bones, old man. You're outmatched."", ""Treasure. What else would a pirate want? We'll take the Dusk Shard."", 'How could you do this? How could you fall this far?', 'Always hiding behind your toys. Pity if anything were to happen to them.', 'This creature ... So this is your Venat?', 'I hate it when he does that.', ""I think not. Cid has the Stone. We grab it, and smash it to pieces with the Sword of Kings. Vayne will be left holding nary a thing. Time is short. We follow Cid. He's heading towards Giruvegan."", 'Not coming, Reddas? Forget your precious nethicite already?', ""Ah, another lead, then, is it? You're well informed."", ""I don't have an apprentice."", 'Venat.', ""It appears Cid has yet to arrive. We'll lie in wait for him here."", 'Not unless you want to end up twisted. Like the old man.', 'Something there?', ""And I should've realized by now."", ""He's not coming. He laid out the bait, and we bit. Remember what he said? He wanted Ashe to get the Stone. He wanted that all along. That's why he flaunted his nethicite, and reeled us in with his stories about Giruvegan. All to bring Ashe to the Occuria."", ""Maybe he wants to see what happens when foes with nethicite collide? That'd be just like Doctor Cid."", '""History is built by our hands."" That\'s his favorite line. He\'d never stand by and watch the Occuria\'s Stones shape things. So ... he was talking to Venat all along. He wasn\'t mad at all then, was he.', ""I'd rather stay out of that sky pirate's debt, thank you."", ""You're an expert on pirating now, are you?""]",PC
Final Fantasy XII,2006,Japan,Balzac,Male,"['...', ""Look, uh, now isn't the best time, okay? Things are a little ... tense. If you need something, come back in a little while, once things have settled down."", 'And who was it told you that?', 'Does nothing get past that Dalan? He has ears in every wall. All right, get inside. But not a word of what you see or hear in there, you got that?', 'I overheard you and Bas - your friend - talking. Trying to find some transportation, eh? Well, with money or the right connections that would be easy enough. You might try looking up in the city for someone headed the same way as you.', ""Sorry, but I can't let you back inside. Outsiders such as yourselves would only be in the way. You and Captain Ronsenburg would do well to keep from drawing any unwanted attention. Avoid using your real names and you should be safe enough. Few people are like to recognize you by your face alone.""]",NPC
Final Fantasy XII,2006,Japan,Bansat,Male,"[""New member, are you? M' name's Bansat. I'm a hunter here in Clan Centurio. Pleased to meet ya."", 'Getting the feel for battle? You can never have too much practice.']",NPC
Final Fantasy XII,2006,Japan,Basch fon Ronsenburg,Male,"['Nabudis has fallen.', 'I know not. I am sorry.', 'I will go.', 'The fortress is lost! We must withdraw!', ""Then it's over!"", 'Lord Rasler!', 'You, there. Can you hear me?', 'Do not say that. Not all of us are here for love of battle. He fights to defend his homeland. Your name?', 'Good. Reks. You bore a few cuts, but you are still whole. Well, can you stand?', 'Think you can fight?', 'How old are you, Reks?', 'Young. Family?', ""So young. You're barely old enough to be a man. You shouldn't be forced to wield a sword."", ""I'm aware of the situation."", 'Vossler, go ahead! I will handle this rabble.', ""Steady, Reks. Keep your wits about you and you'll make it."", 'We move!', ""You must always be mindful of your surroundings. Use the right analog stick to look around. It's a useful way to spot Imperials. Go on, give it a try."", 'Use the left analog stick to move, Reks. Tilt it slightly to walk, and further to run. You can walk, yes? Come, stand before me.', ""Do you see the marker above my head? That's a Talk Icon. You can talk to any character showing one of these. To talk to someone, approach them and press X. Try talking to your friend by the gate."", ""We'll enter the fortress through this gate. We must go."", ""We'll enter the fortress through this gate. We must go."", ""See the marker above your head? That's called an Action Icon. One of these will appear when you approach a door, a switch, an item, or the like. To learn more about what you've found, walk closer and the icon will change. Then press X. Now, try opening the gate."", ""It is time. We will drive back any Imperials standing between us and the King. Dalmasca's future hangs in the balance. Stay focused on the foes before you, Reks. I will watch rearward."", 'You can open the Party Menu by pressing triangle. From the Party Menu you can examine your equipment and inventory.', ""That red line is a hostile target line. Take heed – you're being targeted. When a foe targets you, the line is red. When you target a foe, the line is blue. If you see a red line, look for foes at once. If they are not readily apparent, use the right analog stick to look around. When you've found them, press X to open the Battle Menu. Once you've selected Attack and targeted a foe, close distance using the left analog stick. You'll automatically attack until your foe is defeated. You can change targets or actions at any time. If your HP falls, press x and select Items from the Battle Menu, then use a potion. After using an item, you will automatically resume your previous action. There is no need to input your commands again. You can do it, Reks. Show me!"", 'There is no simple way through the fortress – the Minimap at the top right of your screen may not be enough to gain your bearings. Should you lose your way, consult your Location Map by pressing Select. This will bring up the map of the fortress we gave you before we set out.', 'There is no simple way through the fortress – the Minimap at the top right of your screen may not be enough to gain your bearings. Should you lose your way, consult your Location Map by pressing the touch pad button. If you still find yourself at a loss, pressing the L3 button will allow you to view the Location Map as you move. Navigate your way through as you see fit.', 'Vossler. Where are you?', ""Don't talk such nonsense! Vossler's laughed in the face of Death far too many times to stop now! Men like him don't die in places like this. We must make haste to reach the King. We will take him to safety."", ""He'll agree to an unconditional surrender. They wouldn't dare touch him until the wax on his seal is dry."", 'Wait.', 'Quickly, Reks!', 'Ahead we will face many Imperials, but we need not fight them all. Oftimes retreat is the wiser course. Should the need arise, press and hold R2 to run from your foes. There is no shame in fleeing from a battle that serves no purpose.', ""This is a save crystal, Reks. You can save your progress by approaching a save crystal and pressing X. Touching one of these crystals will also fully restore your HP and MP. Though you will gradually recover MP as you move about, it can take time. Do not miss this opportunity to refresh yourself and your allies. There is more I would tell you, but we've no time. Heed the lessons of the battlefield and you will do well. Come – we must reach His Majesty before it's too late!"", 'Fight well.', 'To silence Ondore. How many times must I say it?', 'Why not ask Vayne himself? Is he not one of your masters?', 'Better than throwing it away.', ""Who's there?"", 'I did not kill him.', 'Please, get me out. For the sake of Dalmasca.', 'And you have it.', ""I'm sorry."", 'I give you my word: that was not the way of it.', 'Of course not. It was my fault that Reks was there. I am sorry.', 'Not me then. Believe in your brother. He was a fine soldier. He fought to the last to protect his homeland. No. Surely he fought to protect his brother.', 'To think Dalmascan air could taste so sweet.', 'Yes, the hour of my return is already over late. The people may hate me, but that does not free me of my charge.', 'I thank you.', 'The Resistance will surely find me soon. Fates will we meet again. I would pay my respects to your brother.', 'Then will you fight again at my side?', ""Just the opposite. Reks was the witness they needed. They had to make it appear as if I'd killed the King – Reks bears no blame. The Fates have willed it."", 'Do you not think Amalia worth saving?', 'Then what will you do? Hold me here in chains?', 'Some things never change. Do they.', 'Let them watch. I know something of cages.', 'Then you know her.', ""Our paths keep crossing, yours and mine. It's more than coincidence."", ""I'm sorry. Allow me one last annoyance: a favor to ask. I want you to take me to Balthier. Even caged birds need wings."", 'Even?', ""I'm sorry. I didn't know."", 'I am sorry.', ""I'll join you. I have some business there as well."", 'How flies Bhujerba?', 'If it becomes known that I am alive, the Marquis will lose their favor.', 'Of course.', 'What manner of errand?', 'Under Imperial guard, no doubt.', 'Our purposes lead the same way: to Ondore. We must find means to approach him.', 'Marquis Ondore announced my execution 2 years ago. If news of my survival were to spread, the Marquis may find his position compromised.', ""Spread the rumor that I still live, and the Resistance here in Bhujerba will come out of their hiding places to ascertain the truth. If we can contact their organization, we can use them to get to the Marquis. We'll rescue Penelo from his estate, and see where he stands."", 'I should like nothing more. I would meet him, and see for myself.', 'And that is the only reason I draw breath.', 'A leader of the Resistance has fallen into Imperial hands. A woman by the name of Amalia. I would rescue her, but I need your help.', ""Sorry. Can't be helped."", 'King Raminas entrusted me with a task. Should the time come, he bade me give you something of great importance. It is your birthright: the Dusk Shard. It will warrant the quality of her blood. Only I know where to find it.', 'If that is your duty: yes.', 'So you were carrying it all along. The Fates jest.', 'There was nothing else that I could do. You know that.', 'The Marquis has been busy.', 'You did your duty. And mine for me.', 'Of course.', 'Majesty. We will cut you a path.', 'Her Majesty cannot abide weakness, least of all in herself.', 'I do not forget, Majesty. It was by his counsel, dangerous though it may have been, that we were able to free you. You must meet with him, Your Highness, and give ear to his words. He may act in league with the Empire, but his heart is not.', ""Kidnapping royalty is a serious offense. It won't do much to lower the bounty on your head."", ""Allow me to escort you in Vossler's place."", 'Far to the west. We must first cross the Ogir Yensa Sandsea. We must pace ourselves. If you grow tired, we stop and take rest.', 'You are at that.', 'A construct to draw oil from the ground. Abandoned many years now, it seems.', 'No. The Rozarrians. Their empire lies far to the west, ever at war with Archadia. Heedless of the kingdoms caught in their midst. Dalmasca. Nabradia. Landis.', 'Vossler! Why are you here?', ""Balthier is a man worthy of our trust, and it was the Lady Ashe's decision. I am content to lend my arm. As I could not when Rasler died, when her throne was taken. Never again. I will defend her this time."", ""What's wrong?"", 'Are you mad, Vossler?', 'I do know. All too well.', ""I know you do. I would ne'er gainsay your loyalty."", 'An alliance between Dalmasca and the Empire?', 'A shame perhaps for me and for you. But for Dalmasca it is hope!', ""After Vayne's ruse, I had abandoned hope for honor ... yet never did I forget my knightly vows. If I could protect but one person from war's horror ... then I would bear any shame. I would bear it proudly. I could not defend my home. What is shame to me?"", 'There is hope.', 'Hope for a future where we can join hands as brothers.', 'So he was here.', 'This is all that remains of Nabudis. Two years ago it was destroyed utterly by a mysterious force. The work of the Midlight Shard.', ""As the Dawn Shard brought down the Leviathan and her fleet, a fell Mist spilled forth. It is like the same thing happened here. The nethicite's Mist has corrupted the life of this place. It is a necrohol overrun with beasts. We tread here on a fool's errand. We had best turn back."", ""Good, Vaan. You've come to understand the difficulties of serving royalty."", ""Right. Let's get moving."", 'Right.', 'It would seem not, though this will make our task more difficult still.', ""It's too quiet."", 'Something may be afoot. We proceed with caution.', 'And you are ... our earlier visitor.', ""It's just what Vayne wants. He lures the Rozarrians and the Resistance to the field, then crushes both with the nethicite!"", 'You are not troubled by the unknown? Who can say what lies ahead? We may encounter the very creators of nethicite.', ""You're sounding more the sky pirate every day."", 'We could not see them, but we heard the Occuria speak. They may be gods, but we are the arbiters of our destiny. Your Highness, I am against this. The Empire must pay, but destruction?', ""He should've arrived by now."", 'In tower on distant shore dreams the Sun-cryst.', 'Do these words mean aught to you?']",PC
Final Fantasy XII,2006,Japan,Beasley,Male,"[""Don't think ye can look down on me. I'm savin' me gil to get out of here and up there. Why, I've got a bag full o' coin put aside already ... That is, I had a bag full o' coin, till someone came along and stole it! Grr ... I was sure it'd be safe as houses in that barrel, too ..."", ""Whaaat!? Yer tellin' me that ye know the bloke what's taken me coin!? Oh, it was him, was it?"", ""Hey, er, thanks mate. Got me bag o' coins back. I'm just preparin' meself for the journey up to the City, now. How about you? Are you prepared? Deep down? Really? Oh. All right, well, best o' luck then.""]",NPC
Final Fantasy XII,2006,Japan,Beruny,Male,"[""Can't pirate without good arms! We might not have much, but what we've got is a steal!""]",NPC
Final Fantasy XII,2006,Japan,Blok,Male,"[""What's your business here, boy? You don't look much like a hunter. Pah. This ain't no pleasure dome, boy. Keep faring, wayfarer."", ""I hear you did a piece of hunting off in Sochen? The Huntmaster said you were ready for testing ... Eh? What kind of testing? Now that's for me to know, and for you to find out after you've taken care of your business in Archades. Later, boy."", 'Done what you needed to do in the capital, boy? The Huntmaster was saying he had some words for you.', 'Ah, being tested, are you? I did that some time ago, myself ... Ach, those were the days!', ""So, you passed your test, boy. Suppose it falls to me to tell you what to do next! Now listen, this is what I want you to do. There're rare game out there that've mutated. They're a meaner bunch than the usual fare out there. Your usual marks, they get posted after damage has been done, but we want you to find these rare game before lives are lost, see? These rare game, they aren't going to make it easy for you. You have to find 'em and bring 'em down before you'll know they're rare for sure ... if they drop a trophy when they fall, congratulations, you've just found yourself rare game. Now, you bring them trophies back here when you get 'em. We won't pay you directly, as with usual marks, but there is a reward. See, if you bring in enough trophies, we'll put things out at the Outfitters for you to buy. Give them to me, and I'll stock up on protectives. ...You could give 'em to my brothers, too, but I don't see why you'd care to do that. So, what say you? Will you join the hunt? Say yes, and I'll send you on your way ... and you can turn the trophies in to whom you please. Of course, it pleases you to give them to me, right? Well? Are you ready?"", ""Right, then have at it, boy, and bring yer trophies back to me! You get lost, or aren't sure what to do, you talk to the Huntmaster. He's been at this since I was still crawling. He'll learn you right."", ""That so? Suppose there's naught to be done about it then."", ""Eh? If you have any questions, you talk to the Huntmaster. I'm just here for the trophies, see?"", 'Done what you needed to do in the capital, boy? The Huntmaster was saying he had some words for you.', 'Ah, being tested, are you? I did that some time ago, myself ... Ach, those were the days!', ""So, you passed your test, boy. Suppose it falls to me to tell you what to do next! Now listen, this is what I want you to do. There're rare game out there that've mutated. They're a meaner bunch than the usual fare out there. Your usual marks, they get posted after damage has been done, but we want you to find these rare game before lives are lost, see? These rare game, they aren't going to make it easy for you. You have to find 'em and bring 'em down before you'll know they're rare for sure ... if they drop a trophy when they fall, congratulations, you've just found yourself rare game. Now, you bring them trophies back here when you get 'em. We won't pay you directly, as with usual marks, but there is a reward. See, if you bring in enough trophies, we'll put things out at the Outfitters for you to buy. Give them to me, and I'll stock up on protectives. ...You could give 'em to my brothers, too, but I don't see why you'd care to do that. So, what say you? Will you join the hunt? Say yes, and I'll send you on your way ... and you can turn the trophies in to whom you please. Of course, it pleases you to give them to me, right? Well? Are you ready?"", ""Right, then have at it, boy, and bring yer trophies back to me! You get lost, or aren't sure what to do, you talk to the Huntmaster. He's been at this since I was still crawling. He'll learn you right."", ""That so? Suppose there's naught to be done about it then."", ""Eh? If you have any questions, you talk to the Huntmaster. I'm just here for the trophies, see?""]",NPC
Final Fantasy XII,2006,Japan,Brunoa,Female,"[""It can get quite hot here in Giza, but it's not all that bad if you can find a nice spot in the shade. Take care before heading out to the plains. Our children don't leave without making the proper preparations. Neither should you."", ""Don't go out to the plains unprepared. Speak with Arjie before you go if there's anything you need."", ""You've a troubled look, child. What's the matter? Ah, come from Rabanastre seeking a sunstone, have you? As you might have guessed from the name, sunstones contain the power of the sun. You'll often find them used as a source of heat or light. Here we leave all things sunstone to Masyua. You should be able to find her near the dark crystal. Do you see the large black stone behind my tent? That is a dark crystal. You'll not be able to find them outside Giza Plains. The dark surfaces of the crystal drink in the light of the sun."", 'You need a sunstone, yes? Best speak with Masyua about that. She should be just behind my tent.', ""I'm glad to see you were able to find a sunstone for yourself. Heading back to Rabanastre soon, then? Come visit us whenever you like. We will be here until the coming of the Rains."", ""Giza Plains has two seasons, the Dry and the Rains. I don't smell rain on the air ... I'd say the Dry ought last a while longer. You look like you're getting swept up in something big, boy. See it doesn't sweep you away, eh?"", ""They tell me the fallen tree blocking the road to Kerwon was washed away by the Rains. The way south through Starfall Field is open. If you're heading that way, see you're well provisioned before setting out. Changes in the land mean changes in the beasts that walk them."", 'I was walking through the plains several days past when I was overcome by the feeling some great power had been lost. I pray it is no ill omen.', 'Whatever comes to the world beyond the plains, Giza will always be Giza. The sun, the earth, the winds ... if we have these, we have our home.']",NPC
Final Fantasy XII,2006,Japan,Bucco,Male,"[""Everyone sure seems busy today. You, Kytes, Penelo ... Me? Don't worry, I've got my own work to keep me busy. Heh heh. I'm gonna be so rich that – I know! I'll be rich enough to buy an airship! You can ride it anytime you want, Vaan!"", 'Hey, Vaan. I saw you and Penelo together during the parade. You sly dog ...', ""Hey, Vaan. Where've you been? Feel like it's been forever since I saw you last. Hmm, haven't seen Penelo today, now that you mention it. She wasn't in Migelo's, either."", ""Hey, Vaan? I heard ... I heard Penelo was kidnapped. It's not true ... is it?"", ""What's that? Penelo's with you? Phew! I guess all that talk about her bein' kidnapped was just talk. I was worried for nothin'."", ""Hey, Vaan. I haven't seen you around town much lately. And now that I think of it, I haven't seen Penelo around, either ... So ... just what have you two been up to, huh? Heh heh heh."", ""Hey, Vaan. You and Penelo off traveling on your honeymoon? Heh, I'm just teasin' ya. It's just I don't see you two much anymore is all. I know you've got stuff to do that's over my head, and that's okay. Just make sure you come back safe, all right? My mom and dad said they'd come back, but they never did ... I don't want that to happen again, okay?""]",NPC
Final Fantasy XII,2006,Japan,Burrogh,Male,"[""Don' get many visitors down here. Come scavengin' fer odds and ends, have you? I don't reckon you saw whatever caused that terrible racket just now, eh? Hrm. Come crashin' down straight on the stairs? That was the only way out! Guess it's time to start lookin' fer a back door outta this place. What about you? You plan on pokin' 'round these tunnels, best go prepared. I piece together what scraps of this, that, and the other I find into all manner of things. It may be I have somethin' you need."", ""Normally I get supplies I need off'n the caravans come through Nalbina. But Barheim Passage is known to have certain items not easily come by. I knew it weren't safe, but ... well, here I am."", ""You wanna make it outta here alive, best go prepared. It may be I have somethin' you'd want to, uh, purchase, eh?"", ""Normally I get supplies I need off'n the caravans come through Nalbina. But Barheim Passage is known to have certain items not easily come by. I knew it weren't safe, but ... well, here I am."", ""To smithereens, you say!? Then there's nothin' left but to find some other way out through these tunnels. You'll need to get the power workin' again, 'fore that gate'll budge, though. The fuse in that contraption up the stairs is blown ... but this oughta fix it up."", ""Made that tube fuse from parts I found down in these very tunnels. It's good as any you'll find, and better 'an most, mark my words."", ""Don' get many visitors down here. You come scavengin' fer odds and ends, have you? Oh, the way out? It's just back up those stairs -- To smithereens, you say!? Then there's nothin' left but to find some other way out through these tunnels. You'll need to get the power workin' again, 'fore that gate'll budge, though. The fuse in that contraption up the stairs is blown ... but this oughta fix it up."", ""Made that tube fuse from parts I found down in these very tunnels. It's good as any you'll find, and better 'an most, mark my words."", ""What's that? No power in the Passage, eh? Can't say I'm surprised, tunnels as old as these. This gate ain't workin' one, either. Here we go ... try putting this in that contraption up the stairs."", ""Made that tube fuse from parts I found down in these very tunnels. It's good as any you'll find, and better 'an most, mark my words."", ""Looks like that fuse did the trick, but that don't change the fact it's dangerous down here. There's anything you want to be buying, be about it."", ""Normally I get supplies I need off'n the caravans come through Nalbina. But Barheim Passage is known to have certain items not easily come by. I knew it weren't safe, but ... well, here I am."", ""I see you got the gate open. Oughta be able to look fer all manner of ways out, now. While the lights are on, the Passage ain't so bad. But let the charge drop, and some fierce beasts start comin' out in the dark. Openin' this gate probably took the charge down some. That gauge oughta show you how much charge is left. Hrm, 'bout thirty percent to operate somethin' the size of these gates, I'd say. Who knows how many more of these gates they got down here. You look fer these switchboards, you oughta be able to make yer way."", ""Ain't life funny? When I ran into you down in the Barheim Passage, I'd never seen you before, and reckoned I'd never see you again.."", ""Now here we are! Well, you keep up yer scavengin' and I'll keep up mine, heh heh.""]",NPC
Final Fantasy XII,2006,Japan,Bwagi,Male,"['– I was going this way!', ""My brother! A message come from Rabanastre! The Strahl, she's set sail! She leaves straight for the Skycity of Bhujerba!"", ""A tender beatin' ... My specialty!""]",NPC
Final Fantasy XII,2006,Japan,Cabbie,Male,"['S-Sir? Yes, sir!']",NPC
Final Fantasy XII,2006,Japan,Camina,Female,"[""I'm in charge of seeing all the herbs and roots we gather in the plain are properly dried and stored. We use charms made from the herbs to keep the monsters away while we're out. Used a whole lot during the Rains, so we need t' pick more!"", ""Those two must've gotten into a fight again, no doubt about it. That Jinn ... always getting into trouble!"", 'Hmm ...', ""Something's up, but Roaklo and Tott aren't talking. They don't have to, though. It's written all over their faces."", 'Hee hee!', ""Guess what! I saw Jinn off in the south part of the plains – in the Crystal Glade. He was right by a small crystal. I asked if he wanted to come back to camp with me, but he said he still had some work to finish up. The Crystal Glade is to the south of our village. Just head out into Giza Plains and wind your way south. We take breaks in the glade, since monsters seem to stay away from it. I was a little worried because Jinn looked like he might have been hurt, but I was afraid to push him too hard to come back. Now I'm wondering if I did the right thing."", 'I saw Jinn in the Crystal Glade. We take breaks in the glade sometimes, since monsters seem to stay away from it. The Crystal Glade is to the south of our village. Just head out into Giza Plains and wind your way south.', ""Can you believe it? Tott and Roaklo left Jinn to fend off that werewolf by himself! Those little – they're such ... cowards!"", ""Normally you can go down to Kerwon through Giza, but the Rains washed up a tree what's blockin' the path. Maybe the next Rains what come'll wash it away?"", ""The tree what was blockin' the path to Kerwon's finally gone. And it's a good thing, too. Lots of herbs we can't find no other place. Are you goin' to Ozmone Plain? I haven't been too far that way, but the monsters sure look tough."", ""The charms we use to ward off monsters need carynath root, but I can't find any. I can't remember where I put anything these days. I thought I had everything in order, but if I don't find it soon, I'm gonna have to go out and collect some more.""]",NPC
Final Fantasy XII,2006,Japan,Chezelle,Female,"['Ladies and gentleman, allow me to welcome you aboard on behalf of the East Ivalice Company. Your captain for our voyage is Mr. Ranton, with Mr. Nicol his first officer. I am Chief Steward Chezelle. We have cabins available, should you wish to retire for the remainder of our journey. And please, let me know if I may be of any service.', 'Ladies and gentlemen, allow me to welcome you aboard on behalf of the East Ivalice Company. Your captain for our voyage is Mr. Erbna, with Mr. Ardinne his first officer. I am Chief Steward Chezelle. We have cabins available, should you wish to retire for the remainder of our journey. And please, let me know if I may be of any service.', 'Ladies and gentlemen, allow me to welcome you aboard on behalf of the East Ivalice Company. Your captain for our voyage is Mr. Erbna, with Mr. Ardinne his first officer. I am Chief Steward Chezelle. We have cabins available, should you wish to retire for the remainder of our journey. And please, let me know if I may be of any service.']",NPC
Final Fantasy XII,2006,Japan,Chit,Male,"[""That viera bird won't stop starin'. She don't look very 'appy to me. Wonder wot's up wiv 'er? Nuffink serious, I 'ope. Mjrn, eh? Pretty name. Hmm ... I 'ate seein' a fellow bird so mis'rable. Maybe I can do summink to cheer 'er up a bit?"", ""Them sparkly pebbles ain't 'alf pretty, are they. Shame yer can't take 'em out the village. 'Ang about! 'Ow the 'eck do I know that? An' just 'ow many o' these blinkin' things do I need to fetch to cheer up Mjrn then, eh?"", ""Sparkle, sparkle ... I'm bloomin' sure I'm forgettin' summink ... now wot the 'eck was it? Ooh, I'd forget me bleedin' beak if it weren't screw'd on! I'm gonna go crackers tryin'a remember ..."", ""A sparkly pendant ... Now where've I 'eard that before ... ? ... Aw! I can't soddin' well remember! Mjrn ... love ... them sparkly pebbles ..."", ""As a matter o' fact, I 'ave! Ev'ryfink from start to finish! I was gath'rin' them sparkly pebbles, 'cos I thought as they'd make a nice pendant, see. Only trouble was, they'd vanish ev'ry time I tried to take em out the village. So I 'ad a bit of a think, an' I thought: wot if I got em out so fast, they wouldn't know they'd gone? An' that's when I made a break fer it ..."", ""An' now I'd betta be on me way. They'll be wond'rin' where I've got off to. Oh, an' that Terra girl's such a little darlin'... Wouldn't wanna worry 'er any more than I 'ave already. She can be a bit ... sensitive, see."", ""Now don't go talkin' like that, girl. Yer a grown woman! Yer've gotta keep yer 'ead 'eld 'igh! 'Ow's about I give ya all them sparkly pebbles I found, eh? 'Ow'd ya like that?"", ""Now then, I really should get goin'. It's back to good ol' Giza fer this bird! Ta fer all yer 'elp wiv them pebbles, darlin'. I'd've never remembered Terra wivout 'em! Cheerio!"", ""When I come back, little Terra was cryin' 'er eyes out, poor love. I di'nt realize we'd given 'er such a fright. Won't be lettin' that 'appen again.""]",NPC
Final Fantasy XII,2006,Japan,Cidolfus Demen Bunansa,Male,"[""We must see the real thing to be sure. Nabudis has taught us much! Yes, it's well hidden. They'll be off chasing after shadows, the fools. Ah, yes. The reins of History, back in the hands of Man."", 'Hah, Vayne! You seem to be enjoying your job as consul.', 'Hard at work as always, trying to find a dagger for your back.', ""And you've come here to stop me? I'd fain see you try."", 'Pirate scum of the skies. What brings you here?', ""You've come all this way for that trinket? I thought you above this."", ""Hm? What's that?"", 'The Princess of Dalmasca come to visit?', ""She's not entirely without merit. A test of sorts for our princess?"", ""A trial for Ashelia B'nargin Dalmasca!"", ""You lust for the Stone's power, do you not?"", ""Venat, you shouldn't have."", ""Ashelia B'nargin Dalmasca! Just how far will you go for power? Does your lust for nethicite consume you? Am I right? I am, aren't I. A worthy daughter of the Dynast-King! You would do well to go to Giruvegan. Who knows? You may receive a new Stone for your trouble."", 'The reins of History back in the hands of man. I too make for Giruvegan. Give chase, if you dare it!', 'That so sweet a child could be your brother is hard to believe.', ""What's that, Venat? Ah, taken the bait already, have they? Splendid."", 'The Occuria have given the Princess her Treaty-Blade.', 'To hell with the Occuria and their stones!', 'What good a power that cannot be harnessed? Baubles best-suited for study, no more.', 'Oh, I am grateful for the sacrifice. Without it, manufactured nethicite would have eluded us — an unrivaled weapon, I warrant you.', 'Tell me, Venat. Have I not been an apt pupil?', 'Our lives are much too short. You undying might waste long centuries away, but we, I fear, cannot.', 'Your greatest work still lies before you. Not lightly will the Occuria allow you to wrest the reins of History from their grasp, back into the hands of Man.']",NPC
Final Fantasy XII,2006,Japan,Clio,Male,"[""Clio's Technicks ... How may I help you, kupo?"", ""The Captain, alive, kupo? Oh, I've heard some good ones in my day! That's not one of them, though. If it were true ... kupo ...""]",NPC
Final Fantasy XII,2006,Japan,Cotze,Male,"[""What are they doin' holdin' a parade? Nothing these Imperials do makes any sense to me ..."", ""The guards may be watchin' us, but I'm watchin' them. I don't trust 'em any further than I can throw 'em."", ""The Empire dispatched a natural philosopher here to look into something or the other. He tried askin' me some questions, but I won't have any part in it. He's probably still over at Westgate trying to figure out what to do next."", ""You want to know about the storm in the Westersand? Been talkin' to that philosopher from Archades, eh? Well, you seem all right ... Back when I was just a kid, I remember that storm growin' worse and worse. We had a way to make it inside, though. Now, if I could just remember ... You should go talk to my friend Northon, over by Storehouse 5 in Lowtown. We were always playing in those sandstorms when we were kids."", ""We'd hide away in that sandstorm for hours at a time, but I don't remember how we got through. You should go talk to my friend Northon, over by Storehouse 5 in Lowtown."", ""So, talk to Northon, did you? I guess you're serious about this. The windvane? Hmm ... You know, I think he may have hidden part of it in the dead end northwest of the Shimmering Horizons."", ""It kept growing, and growing — we were terrified. And now that I think about it that's just about the time the sandstorms started getting worse."", ""Hm? Is that ... is that a wind globe you've got there? That looks just like the one you used to have, Northon."", ""Well, that's about it. I can't think of anything we might have left out."", ""So, how did that whole storm business turn out? The windvane should get you through, no mistake. Who knows what it's like in there now ...""]",NPC
Final Fantasy XII,2006,Japan,Dania,Female,"[""Don't worry, they won't bite! These cockatrices are as tame as can be. Aren't they just the fluffiest, cutest things you've ever seen?"", ""Would you look at this ... All our cockatrices, gone! I'd always left the pen open, and they never tried to escape before. What do you think got into them? There's nothin' to do but head out lookin' for 'em, but I don't even know where to start. I can't blame Terra for this ... It's my fault. She wasn't ready for the responsibility."", ""Would you look at this ... All our cockatrices, gone! I'd always left the pen open, and they never tried to escape before. What do you think got into them? There's nothin' to do but head out lookin' for 'em, but I don't even know where to start. I can't blame Terra for this ... It's my fault. She wasn't ready for the responsibility."", ""I wasn't sure what we were going to do, but they're all back safe and sound now. In fact, they seem better than ever. Like they actually learned a thing or two on their travels. Of course, Terra's thrilled they're back, too.""]",NPC
Final Fantasy XII,2006,Japan,Dantro,Male,"[""Hi there. Name's Dantro. I'm on watch here. You come hoping to go to Nalbina? Sorry to tell ya, but the road's not open. Hey, don't blame me. You're not the only one put out by it, either. I've been waitin' forever for my replacement to come."", ""Now that the ceremony for the new consul's over, they've finally opened up the road to the Nebra. The village still hasn't sent out my replacement, though. How long do they expect me to stand watch here, anyway?"", ""Even a small outpost like ours can mean the difference between life or death in the desert. We see quite an assortment of travelers through here. Keeps things interesting, at least. Not interesting enough for me to want to be here all day, though. Why hasn't the village sent out my replacement?"", 'Running errands for my wife, eh? Nebralim? There should be some over by those crates. Help yourself.', ""Those moogle's just got here from Rabanastre. You shoulda seen the three of them riding that chocobo. Wonder where they're headed. And I wonder what's keeping my replacement ... Did the village forget I'm out here?"", ""These travelers from Archades are a real handful. They were complaining the washtub is too small ... They should be grateful we have a washtub. Ah, well ... I'm ready to get back to the village and rest, but my replacement still hasn't gotten here. What's taking him so long?""]",NPC
Final Fantasy XII,2006,Japan,Dantro's Wife,Female,"[""There's trouble on the north bank, I'm sure of it. I wish Dantro were here, but I know he can't leave the outpost unwatched."", ""Shh! Quiet. We've a sick traveler sleeping just inside - collapsed not far from the village. I worry it may already be too late ... Dantro bade you bring this cactus flower? This should help, yes. Thank you. Take this for your trouble."", 'Keep your voice low, please. Our guest is still sleeping inside. The cactus flower you brought should help with the fever, but not the pain. If I had some semclam shells I could make something to ease the pain ... Do you think I could ask you to bring me some? Semclams live in the shallows along the banks of the river. The more you can bring me, the better.', ""If I had some semclam shells I could make something to ease the traveler's pain. The more you can bring me, the better."", ""You've brought the semclam shells! Yes, yes, this should do nicely. Unfortunately our guest's wounds continue to bleed. Nebralim can stanch the wound, but we seem to be out. I think Dantro took some with him when he left for the outpost. Would you mind bringing some back to the village?"", ""We'll need some nebralim if we're to stop the bleeding. I think Dantro took some with him when he left for the outpost. Fetch it, would you?"", 'You have the nebralim! Wonderful! A little of this spread over the wound should stanch the bleeding. Now to do something about the poison ... Some valeblossom dew would quickly neutralize it ... I hate to ask for your help yet again, but do you think you could gather some for me? You should find some blooming along the cliffs in the Broken Sands.', 'Valeblossom dew contains a potent anti-toxin. You should find some blooming along the cliffs in the Broken Sands.', 'You found the Valeblossom dew? Wonderful! This should flush the poison from the body. Now we have only to wait, and hope.', ""Is that ... is that a great serpentskin by any chance? Boiled and distilled it makes a potent restorative drought. It may speed our guest's recovery. This great serpentskin... would you give it to me?"", ""Thank you. I shall prepare the drought at once. I'm sure it will be of help."", ""I see. A pity. But it is yours to do with as you will. I'm sure it will fetch a good price at market."", ""You've helped me more than I could have hoped. The traveler rests now, and I expect a full recovery before long."", ""Our guest is fully recovered now — should be just around back. Wanted to give you a word of thanks, if I'm not mistaken."", ""I'm glad our traveler's recovered. Said some terrible things in the throes of that fever. Things I'd sooner forget."", ""There's trouble on the north bank, I'm sure of it. I wish Dantro were here, but I know he can't leave the outpost unwatched."", 'What if he went with Tchigri?', 'He hunted the flowering cactoid for Dantro ... he must know how to defend himself.', ""I don't understand. Why would The cactoids invade the village? They're usually harmless enough. Their son, you say? Then we must find him. But the desert is huge ... where would we even begin? Wait! If this cactoid's been causing as much trouble as they say, someone might've posted a bill for him! Unless - The bill Dantro posted ... you hunted that cactoid, didn't you? You don't think - Of course ... The cactoid you hunted must have been their son! Hunted and made into medicine ... We'll never be able to return him now! What? The flower? Why, I boiled it, and threw it away behind the house ..."", ""The cactoid you hunted must have been this son they're looking for. Made into medicine ... We'll never be able to return him now! What? The flower? Why, I boiled it, and threw it away behind the house ..."", ""What? The flower had budded into ... another cactoid? They're a strange lot, aren't they? Supposing you take it over to the north bank ... do you think they'd accept it as their son?""]",NPC
Final Fantasy XII,2006,Japan,Deweg,Male,"[""Desert our post? The Empire doesn't look kindly upon deserters, Gibbs!"", 'You want to end up fighting on the front lines?', ""A proper soldier never leaves his post until he's relieved. If that means staying until your dying day, so be it. More like you'll be shipped off to battle long before that, though."", ""A soldier doesn't complain about his post, Gibbs. Granted it's hot ... the city reeks of sweat ... and I've sand in places sand has no right to be. And I'll never get the stink of chocobo out of my nose. That reminds me. The ones at Lord Vayne's appointment ceremony ... a gift of your family, weren't they?"", ""What's to be ashamed of? You ought to be proud. Your family raises some of the finest in the Empire."", ""You there! This way's off limits. You'll have to turn back. Hm? What's the trouble there, Gibbs?"", ""You're not afraid of the chocobo, are you, Gibbs? Your family's held Tchita Downs for generations ... Surely you're used to them by now."", 'Blimey! (he runs after him) Blast! A member of the Imperial army running from a chocobo ... To your post, Gibbs! To your post!']",NPC
Final Fantasy XII,2006,Japan,Dilah,Female,"['Still, people rarely visit the sandsea ... A bit of sand might make a nice souvenir?', 'Why have you come to such a place? You seem to be adventurers, yes ... Surely, you did not come to hunt treasure in the Valley of the Dead!', 'Well, adventurer, there may be more to you than I thought. With that, you may just be able to defeat the avion.', ""Lo there, adventurer! If you're truly set ongoing to the Valley of the Dead, I'll give you some advice. The avian there is said to be invincible, but it has a weakness. I'm sure the Urutan-Yensa know something ... this Sandsea is theirs, you see."", 'It looks like some sort of tomb. The wealth it would take to build such a thing ... Think of the treasures it must hold!', ""I'd have thought you lucky to 'scape that flying fiend's attentions with your life, but to best it!? That's more than luck!""]",NPC
Final Fantasy XII,2006,Japan,Docent,Female,"[""I'm terribly sorry, but there's been an emergency. No one is allowed to enter Central at this time. Please, come again."", ""I see you've a sandalwood chop. Would you care to go to Central now, sir?"", ""I'm happy to say that the cockatrice has seen fit to depart, and we're once again up and running. Would you like to use the lift?""]",NPC
Final Fantasy XII,2006,Japan,Dyce,Male,"[""Oh? Unusual to see people out here ... We're trying to catch us some sandfish, but they're not biting.Dilah: Why have you come to such a place? You seem to be adventurers, yes ... Surely, you did not come to hunt treasure in the Valley of the Dead!Dyce: The Valley of the Dead? Treasure hunter or no, you'd best avoid that place. 'Less you care to tangle with an avion most fell! Speaking of which, you have all the equipment you need? The Yensan Sandsea's a vast place! If you need something, might be I can help you."", ""Hail! You find your treasure? Heh ... no, there's little out there but shifting sand and hot sun ..."", ""What I want to know is, are you outfitted for the desert? I'm something of a merchant ... if there's anything you need, let me know!"", ""You still gallivanting about – Eh? You've claimed a treasure of the Urutan-Yensa!?Dilah: Well, adventurer, there may be more to you than I thought. With that, you may just be able to defeat the avion.Dyce: Say, if you do find some treasure in the Valley of the Dead, send some this way, eh? Ha ha ha! Now, care to buy anything?"", ""Oh? Unusual to see people out here ... We're trying to catch us some sandfish, but they're not biting."", ""The Valley of the Dead? Treasure hunter or no, you'd best avoid that place. 'Less you care to tangle with an avion most dire ... What I want to know is, are you outfitted for the desert? I'm something of a merchant ... if there's anything you need, let me know!"", ""You still gallivanting about – Eh? You've claimed a treasure of the Urutan-Yensa!?"", 'Say, if you do find some treasure in the Valley of the Dead, send some this way, eh? Ha ha ha! Now, care to buy anything?', ""You still wandering these reaches? Time to give up treasure hunting, I'd say. The shining bird'll peck at your bones, boy ..."", ""You can't just go giving people fool advice like that! What if they actually went out and tried to do it!? That'd be blood on your hands. That said, if anyone knows the way through the Valley of the Dead, it's the Urutan-Yensa. But how to ask ... ? They don't speak our tongue. By the by, you need anything? Take a look at my wares! You might just be surprised at what you find ..."", ""You ... you killed the avion? Amazing! And this – I've never seen such a magnificent structure!"", ""And a hoard of ravenous monsters, I don't doubt. Me, I value life over loot. I go no farther ... But, should you find something, I'm sure I could be persuaded to part with a few gil for it! And if you need aught, of course, I'm your man!"", ""Hello there! Well, did you find your kingly treasure? It's good to see you again!"", ""Ah hah! True, true! Guess there's more to you than meets the eye, boy! Ah, a friendly word of advice: if you're going to the Cerobi Steppe, heed the weather! On days when it rains, the elementals come out to play, and take my word for it, there's little fun to be had in their games. Of course, you'll want to go prepared. Care to buy anything?""]",NPC
Final Fantasy XII,2006,Japan,Elza,Female,"[""Rikken! Why must we aid these people? They seek only to further their own ends, and care little for our lord's wants, if at all!"", ""Measure!? You barely measure up to his waist, and that's counting the parrot."", 'Do as you please! But know that no good will come of this.']",NPC
Final Fantasy XII,2006,Japan,Emma,Female,"[""Greetin's, greetin's. More protectives for sale than you'd expect from a pirate shop.""]",NPC
Final Fantasy XII,2006,Japan,Fermon,Male,"[""Come to hear a tale, perhaps? There's a lot to be learned from the stories of the past ... a lot you youngsters seem to have forgotten. To your peril. You should show a little more respect ... for faerie tales."", ""I was just telling these youngsters a story about the ruins in the Tchita Uplands. How many years I've spent in their study. How many more to come ...""]",NPC
Final Fantasy XII,2006,Japan,Fidget,Male,"[""Filo's had us trainin' real hard. Bein' a sky pirate's a lot more work than I thought."", ""Kytes loves helpin' ya out, Vaan. It's like the closer you are to a sky pirate, the closer he feels to being one too ... or something."", ""Vaan, is that you? It's been so long I hardly reco'nized ya! Did something happen?""]",NPC
Final Fantasy XII,2006,Japan,Filo,Female,"[""Arr, Vaan! Did ya go see the parade? Me? Are you kidding? Won't ever become a sky pirate watchin' parades. Gotta keep trainin'!"", ""Today we're trainin' to hunt treasure! I'm gonna hide, and you have to find me. I'll be somewhere down in the South Sprawl. Hop to it, mateys! Last one to find me's a buckethead!"", ""Arr, Vaan! Here to see Old Dalan? I'm just waitin' for my friends – er, mates – to show up. What's takin' them so long?"", ""Arr, Vaan! Welcome to the Buccaneer's Brigade! Come to tell us more stories about bein' sky pirates? This scurvy bunch would rather hear about bein' sky pirates than train for it. Maybe they need some trainin' on walkin' the plank ..."", ""Arr, Vaan! That door what Kytes could never open? He finally figured it out! He come lookin' for ya to let ya know, but since he couldn't find ya, he went back up to the storehouse to wait for ya there."", ""Arr, Vaan! Haven't spied you 'round the city in a long time. Kytes and me were startin' to wonder what happened to ya! You seem the same as ever. You here to see Old Dalan? We're tryin' to solve a mystery. There was this suspicious guy – er, bloke – before. We wanna work out who it is.""]",NPC
Final Fantasy XII,2006,Japan,Fran,Female,"[""Well then, I'll be taking that."", 'The gods do not smile on us.', ""I don't know, it's not heeding me!"", ""What happened? Our hover didn't just drop – it disappeared."", 'Oh? Like a sky pirate that chooses to steal through the sewers?', 'Our ranks grow by the hour.', ""I'm sorry."", ""Have you finished? When the guards don't report in, they'll come looking for us."", 'A Judge.', 'The magicks binding the door to the oubliette are quite strong. Too strong even for my talents.', 'Look.', 'The Mist is flowing through this room. It must be going somewhere.', ""I'm dropping it."", 'The Mist seethes.', 'We feel regret. We sought that stone and found ourselves only worry.', 'We stay in Rabanastre a while.', ""She must worry for you. Balthier's handkerchief may dry her tears, but it cannot console her."", ""It's Ba'Gamnan. He was in Nalbina."", 'The gods are toying with us.', ""Balthier is waiting inside. If you've made ready, we can leave at once. He feels responsible for what has happened to your friend. Do not think he is in the habit of doing favors."", 'The shortest way is over Dorstonis.', ""It would not seem they follow. We've lost them."", 'Do not worry. I believe he will treat her well.', 'Walk the streets of Bhujerba and speak of Basch where people have gathered. We will await you here.', 'Are you mad?', 'Not yet.', ""Any faster and they'd have noticed."", 'Will you be joining us?', ""Then it's settled. We should leave before the Marquis realizes she's missing. Like proper kidnappers."", 'We should leave this place.', 'Something far worse.', 'The wall comes. We must be quick! Together we can bring it down.', 'Not fog – Mist.', 'Where it is thick enough, you may. The nether runs deep in this place.', 'Yes, but it is also an aid. A dense Mist allows the workings of powerful magicks.', ""In vainglory they arose, shouting challenges at the gods. But prevail they did not. Their doom it was to walk the Mist until Time's end. A legend of the nu mou."", ""Such heat. The Mist – it's burning!"", ""The garif may know. The garif people live by the old ways. Magicite lore is a part of their culture. They may hear it. The cry of the nethicite's power. Whispers of the Stone's menace."", 'They live beyond Ozmone Plain.', 'The jungle denies us our passage.', 'We? No. I.', 'I am.', 'Our choices are few. This is as much for you as it is me.', 'You are ill at ease. The nethicite troubles you?', ""You've let your eyes betray your heart."", 'Soon you will learn.', 'We go to seek aid of the viera who dwell ahead.', 'I am unwelcome. An unsought guest in their wood.', 'In the village ahead you will find her: Mjrn. Bring her to me. She will know why you call her.', ""We will need Mjrn's help if we are to pass through the barriers of the Wood. She will know that I have come. Bring her to me. I will wait here for your return."", ""I've heard the voice of the Wood. She says Mjrn is not in the village."", 'Jote. Where has she gone?', 'The viera may begin as part of the Wood, but it is not the only end we may choose.', 'Yes?', 'Your point?', 'I would avoid unnecessary ... confrontation. Do what you must, and let us be off. When you are ready, we should return to Ozmone Plain in the west. The Henne Mines are then only a short distance south.', 'Is it her? What is this Mist?', 'Mjrn!', 'We have seen this. On Leviathan, the Mist from the Dawn Shard drove me, too, into such a rage. She was taken not by the Dawn Shard.', 'Do not do this. You must remain away from the humes. Stay with the Wood. Live together with the Wood. This is your way.', 'I am no longer of you. I have discarded Wood and village. I won my freedom. Yet my past has been cut away forever. No longer can my ears hear the Green Word. This ... solitude, you want, Mjrn?', 'No, Mjrn. Only one sister remains to you now. You must forget my existence.', 'She goes against the laws of the Wood. I threw down these laws. It is better that I do this. Better I than one who must uphold these laws herself.', ""I have a request: Listen to the Wood's voice for me. I fear - I fear She hates."", 'A pleasant lie, that.', 'I am as them, now. Am I not? Good-bye, sister.', ""With Lente's Tear we can pass the barriers of Golmore Jungle. The Gran Kiltias on Bur-Omisace waits beyond. Our business here is done."", 'I would avoid unwanted confrontation. I shall wait for you here. My presence would only disquiet Mjrn. When I turned from the viera, I turned from my past. Too far is it now to turn back.', 'It has been roused. It fears the sword.', 'The stone is quiet.', 'There!', 'This Mist - he holds a Stone! It controls him as it did Mjrn!', ""There is a hunter's camp just beyond the Salikawood. The camp sits within Archadia's borders, so Imperial patrols there should be sparse."", ""He's had visitors. Ones lacking manners, by the looks of it."", 'His earlier visitors, more like. We should lie low for now.', 'Manufacted nethicite! Like Bergan.', 'The time given viera is long. Carefully must Mjrn consider her choice, for herself decide whether she will remain. She may choose the same path Jote walks, but it is her choice to make. Strength it takes to live by viera laws. Strength I may have lacked ...', 'The Mist runs thick here.', 'Do not worry. I will behave myself. The Mist here is cooled. I sense something like the shadow here.', 'I am fine. Thank you.', 'I wonder.', 'You could destroy all of Ivalice. If you wished it.', 'Will you take revenge, as they ask?']",PC
Final Fantasy XII,2006,Japan,Gatsly,Male,"[""Business has been slow these days. I've been looking for something new to sell – you know, try and turn things around. If I don't come up with something soon, I may have to close shop. I've no time to be worrying about parades and banquets."", ""I'm at my wit's end. If that shipment doesn't get through ... I don't know what I'll do. There has to be a hunter out there who'll do it ...""]",NPC
Final Fantasy XII,2006,Japan,Gibbs,Male,"[""Of-Of course not! But our commanders did go down with the others in jagd. If we don't receive new orders, we're like to stand watch here till our armor rusts! I thought we might find a way to transfer to a new division."", ""N-No sir! Only, it's so ... boring here."", ""Fair enough, sir, but why'd it have to be here? Here of all places?"", ""I'd hope to forget. The fewer what know about that, the better.""]",NPC
Final Fantasy XII,2006,Japan,Gijuk,Male,"[""It's Balthier, my brother."", '– Bwagi, that way!']",NPC
Final Fantasy XII,2006,Japan,Gramis Gana Solidor,Male,"['Doctor Cid does this at Draklor?', ""The long, cold years have clouded my eyes. I cannot see my own son's heart."", 'This illness will claim me. So then, who is to be my successor? The Senate fears the capable peregrine Vayne. They prefer a young, fledgling emperor.', 'Gabranth. Once in the past, I laid siege to your homeland.', 'Perhaps, but what of your brother? He did not accept us as you did. He fled to Dalmasca. Did you never think to follow him?', 'So you would kill even your own brother for the Empire. Be that as it may, Gabranth. Your ruthlessness is not without merit. But it must not become this way with Larsa. You must ensure that it does not.', 'Rather be his shield. Gabranth, keep your close watch on Vayne. His is the keenest blade of all.', 'Do this for me, Gabranth. I could not – I could not bear ... to see my sons war with each other again.', 'A convenient thing, justice. And so I must now make a choice ... between my throne, and my son.', 'Larsa so adores his brother, and he is yet young.', 'Ah, yes ... And who would set him at such tasks?', 'By your will. I shall bid Vayne return to Archades.', 'Necessity? Ah yes, necessity. Does that word free you, I wonder? You show no hesitation to solve matters with blood.', 'Is this your idea of vengeance?', 'So you would dirty your hands, to keep his clean?', 'So they are. And so House Solidor lives on.']",NPC
Final Fantasy XII,2006,Japan,Granch,Male,[],NPC
Final Fantasy XII,2006,Japan,Gurdy,Female,"[""I heard from the War-chief. You ride for free! The offer's only good once, though. Well, care for a ride?"", ""Er, actually, I've never seen that Chocobo before in my life, kupo ... But I'll take a gil for it!"", 'Welcome to the chocobo stables. Only ""n"" gil should you wish to hire one, kupo!', 'Perhaps another day, kupo. Should you ever need a chocobo, you know where to find one!', 'Well, hello there! You are no stranger to the yellow birds just behind me, I\'m sure. Yes, my friend, I speak of the chocobos, kupo! These noble birds make for excellent steeds. Fleet of foot and sturdy of limb, arduous journeys fly by atop a chocobo, kupo! Only ""n"" gil should you wish to hire one.', ""What's that? You've not ridden a chocobo? Not to worry! Just be mindful that you've a limited amount of time for your ride, kupo! Off you go now! Quite a treat, watching the world fly by from your perch in the saddle, kupo!"", 'Perhaps another day, kupo. Should you ever need a chocobo, you know where to find one!', ""This guy is a black bangaa constantly chatting with a seeq at the East End of Rabanastre, right outside Migelo's. He's almost always expressing disbelief at his friend the seeq's estimate of how many cobblestones are in the Southern Plaza -- until they start counting bards.""]",NPC
Final Fantasy XII,2006,Japan,Guromu,Male,"['Ah, you are the hume the War-chief has spoken of. You have crossed the plains to learn of the Stones, yes? I believe the elders can tell you much.', 'So the hume-child who came here was your companion. This is why he came to ask the same thing, I see now.', 'Our War-chief is a great warrior, though not so great as his older brother, who served as War-chief before him. Like a demon-god in battle he was.', 'our War-Chief is a great warrior, though not so great as his older brother, who served as War-Chief before him. Like a demon-god in battle he was.', 'Our War-chief speaks little and smiles less, but he is a kind person. He is stubborn, yes, but all in the village know of his prowess.Yet, to watch him now, it is sadness. He is in pain, unable to forget a past mistake.']",NPC
Final Fantasy XII,2006,Japan,Hala,Female,"[""We have heard the whisper of the Wood. It tells us to deny passage to the humes. So have we summoned the barriers in Golmore. Those to whom Jote gives her leave, who bear Lente's Tear, may pass - no other."", 'Mjrn went against the Green Word. The decision to welcome her back has met with much discord. These foreign winds bring much trouble for us. You may rest here if you like, but do not interfere with the doings of the village.', 'We choose this hidden place, secluded from the world beyond, to live as we have always lived. This is what it is to be viera. If you understand our ways even a little, you will not set foot again within our village.']",NPC
Final Fantasy XII,2006,Japan,Havharo,Male,"['He would sooner pass for the King.', ""If at trickery it ended, it would end well enough. But why this boy, and why Captain Ronsenburg? An explanation is due, and I will hear it. The Empire's hounds grow passing bold indeed."", 'Wait!', 'So Basch fon Ronsenburg does yet live.', ""I knew there must be more to it, but to find you at the end of this tale ... Ah, to see the Marquis's face when he learns of it."", 'How say you, my lord?']",NPC
Final Fantasy XII,2006,Japan,Horne,Male,"['Welcome to the Moogling, kupo.']",NPC
Final Fantasy XII,2006,Japan,Hsemu,Male,"['Beyond here lies the hill where sits the Great-chief. Those from the outside are not welcome here.', 'If the War-chief has given you his trust, so shall I. Go, meet with the Great-chief.', 'The Great-chief is across this bridge. Walk softly.', 'The Great-chief is across this bridge. Walk softly.']",NPC
Final Fantasy XII,2006,Japan,Hurdy,Male,"[""Welcome to the Moogling, kupo. This is your first time using the Moogling? Nothing to it! The Moogling lets you teleport to several select locations across Rabanastre. We had to close for the parade earlier, but we're up and running again, kupo! The service is free of charge. Why not give it a try? There's no time like the present, kupo!""]",NPC
Final Fantasy XII,2006,Japan,Hymms,Male,"['Many are the fiends that lurk in the crags of Paramina, but of them, the elementals, appearing during heavy snows, are the most dangerous.']",NPC
Final Fantasy XII,2006,Japan,Ieeha,Female,"[""Relj, do not say such things. If you find humes weak, then lend us your strength! Bereft of His Grace Anastasis's protection, Mt. Bur-Omisace is vulnerable. Even now, a terrible wyrm rages near. Many have fallen ...""]",NPC
Final Fantasy XII,2006,Japan,Ivaness,Male,"['With the passing of His Grace Anastasis, the future of the Kiltias is shrouded in darkness. I pray the Light will cut through these clouds ...']",NPC
Final Fantasy XII,2006,Japan,Jinn,Male,"[""Most of us out here work at makin' sunstones or raisin' cockatrices. We won't get much work done once the Rains come. Gotta make the best of the Dry now!"", ""Yeah, my name's Jinn ... What's it to ya? Masyua wants me to come back to the village, huh? Hmm, that could be a problem. Let's see ... maybe my leg's better now. Nope, no good – still hurts. I tripped running from some monsters ... guess I pulled something. I'm never gonna get any sunstones made like this. I just needed to make one more to be finished for today. I didn't want to head back short, so I thought I'd give my leg a rest and try again. Why are you out here looking for me, anyhow?"", ""So you need a sunstone, huh? Well, if Masyua doesn't mind, I'll give you a shadestone. But I'm still not sure I can walk yet – you'll have to turn it into a sunstone, okay? Don't worry, I'll tell you how. You do know that we use dark crystals and shadestones to make sunstones, right?"", ""There's your shadestone. As for the dark crystals, you'll find them all over Giza Plains. This stone right here beside me is one of the smaller ones. The bigger crystals have something inside that soaks up sunlight and shines really bright."", 'See that one over there? If you take that shadestone I just gave you and bring it near one of those shining dark crystals, it will absorb the energy from it.', ""There are four shining dark crystals in Giza right now. If you have trouble finding 'em, just stop and scan the horizon. There's no way to tell how much energy you can draw from any one crystal without trying. You shouldn't need to use all four, though."", ""This gauge will show you how much energy the shadestone's absorbed. When it's full, you'll have yourself a sunstone! Once you've made the sunstone, bring it to me. I'll make sure it's up to snuff. I'll go ahead and mark the dark crystals on your map, too. See you back here when you're done!"", ""If I go back without all my sunstones, everyone's going to make fun of me. But this leg won't be getting better in a hurry ..."", ""I know, I know. They want me to go back to the village. But I'm not heading back until I'm done here. And my leg still hurts, besides. How come you're so interested?"", ""So you need a sunstone, huh? Well, if Masyua doesn't mind, I'll give you a shadestone. But I'm still not sure I can walk yet – you'll have to turn it into a sunstone, okay? Don't worry, I'll tell you how. You do know that we use dark crystals and shadestones to make sunstones, right?"", ""There's your shadestone. As for the dark crystals, you'll find them all over Giza Plains. This stone right here beside me is one of the smaller ones. The bigger crystals having something inside that soaks up sunlight and shines really bright."", 'See that one over there? If you take that shadestone I just gave you and bring it near one of those shining dark crystals, it will absorb the energy from it.', ""There are four shining dark crystals in Giza right now. If you have trouble finding 'em, just stop and scan the horizon. There's no way to tell how much energy you can draw from any one crystal without trying. You shouldn't need to use all four, though."", ""This gauge will show you how much energy the shadestone's absorbed. When it's full, you'll have yourself a sunstone! Once you've made the sunstone, bring it to me. I'll make sure it's up to snuff. I'll go ahead and mark the dark crystals on your map, too. See you back here when you're done!"", ""If I go back without all my sunstones, everyone's going to make fun of me. But this leg won't be getting better in a hurry ..."", ""Be careful about wandering too far south. There are werewolves down there, and you don't wanna mess with them. That's how – Well, it's a long story. The important thing is that you remember how to make the sunstone. Take the shadestone I gave you and put it near the shining crystals. As soon as the energy gauge is full, the sunstone'll be ready! I already marked down all the dark crystals on your map. When you've made the sunstone, bring it here and I'll take a look at it."", ""As soon as the gauge is full, the sunstone'll be ready! I'll be waiting right here for ya. And watch out for those werewolves to the south!"", ""Hey, you've got a sunstone! Let's take a look. Hmm, seems okay to me. Not bad for city folk. So here's what happened. Masyua's always warning us to stay away from the werewolves, right? Well, a bunch of us decided we'd have a little contest – see who's the bravest. It started out as a lark, but Tott said that none of us kids living on the plains should be scared of monsters ... I guess I got carried away. Don't let any of the grown-ups know, though, okay?"", ""Anyway ... my leg's feeling better now. Let's head back to the village. I'll race ya – try and keep up!"", ""I expected Masyua to get a little upset, but it seems like I really worried her. She was even madder than I thought she'd be. She just stood there, all quiet. Really had me scared! Heh."", ""I like goin' out into the plains. That's why I never really think of makin' sunstones as work. Well, I like the plains in the Dry, anyways. The monsters that come out during the Rains are too scary."", ""Hey, been a long time, huh? It's me, Jinn, from Giza Plains. Remember? It's the Rains now, so we've all left the village. Not a soul left there. I thought I saw some people coming up from Ozmone Plain when we was leavin' ... I wonder if they know the village is empty?"", ""I saw 'em bringing a bunch of hurt Imperials to Rabanastre. I thought the war was supposed to be over? My family was killed in the war ... But Brunoa brought me to live here. I don't wanna see anyone else get hurt."", ""You ever been to Giza during the Rains? I hear huuuge frogs and turtles come out! I wanna be a natural philosopher when I grow up. I told Brunoa I wanted to go study in Archades, but she just laughed. Wonder what's so funny?""]",NPC
Final Fantasy XII,2006,Japan,Johm,Male,"['Oh, Vaan, how ya doin\'? Lots of people out today. Thought I may try out some of those ""tricks"" you showed me, heh heh.', ""This new, uh, consul ... He's one of the ones that attacked Dalmasca, isn't he? Why'd it have to be someone like him ... ?"", ""I was, uh, practicing what you showed me, but I kinda slipped up and bumped into this viera ... in a bad sorta way. She didn't get mad or anything, just kept walking like nothin' happened. The man she was with didn't seem too happy about it, though."", ""Ain't got nothin' to do. Ever since the parade, there aren't hardly any people visiting the city. A pickpocket's no good without pockets to pick!"", ""With you being gone so much lately, I think Kytes is really missin' you. You're like a big brother to him.""]",NPC
Final Fantasy XII,2006,Japan,Jote,Female,"['It is not allowed for humes to walk on these grounds.', 'If you can find her.', 'Why do you ask? The Wood tells us where she has gone. Or ... can you not hear Her?', 'You cannot. Your ears are dull from hearing their harsh speech, I think. Viera who have abandoned the Wood are viera no longer. Mjrn, too, has left Her embrace.', 'It is the will of the village. Viera must live always with the Wood. So is the Green Word, and so is our law.', 'Our sister has left the Wood and gone west. She wanders warrens among men who hide themselves in clothes of cold iron. Thus to me has the Wood spoken.', 'The same words I heard 50 years ago.', ""I heard the Wood's whispers. Take it."", ""Lente's Tear is a permission. Pass through the Wood and leave. To other places go."", 'Ivalice is for the humes. The Wood alone is for us.', 'I am sorry to make you do this.', 'The Wood longs for you. For the child gone from under Her boughs.', 'Be cautious. The Wood is jealous of the humes who have taken you.', 'Mjrn is yet in her spring. Trouble her no more. She would shake and scatter before the rough winds that blow beyond the Wood.', 'Seed is carried furthest on rough winds. Where it lands matter little, so long as it finds fertile soil in which to take root.']",NPC
Final Fantasy XII,2006,Japan,Jovy,Male,"[""I-I'm a new recruit here, so I gotta work hard, or, or else they won't (snort) feed me! Bu hweeeeeeee!"", ""(snort squeal sniff) M-my hero, he's g-gone ... Bu hweeeeeeeee!""]",NPC
Final Fantasy XII,2006,Japan,Judge Bergan,Male,"['The Senate may play at intrigue, but Lord Vayne will not be brought down easily. The entire military waits upon his orders, from the War Council to the rank and file. What better blade than he to strike down the enemies of the Empire?', 'I will not hear you malign Judge Zecht! He was a noble warrior. Or ... do you think his trust in Lord Vayne ill-placed?', 'Ruthless, you say? Would he were more so! He gives traitors no quarter, be they of his own blood! How fitting for one who would bear the burden of Empire.', 'A viper with many tails. Much of the Senate is culpable.', 'Vayne did not make himself autocrat. It was the very Ministry of Law which you serve. Do you see it now, Drace? When you bared your sword at His Excellency, you bared your sword at the law.', ""The Empire's debts grow legion."", 'Ah, our vagrant princess. Swift has your lust for revenge led you to the Sword of Kings.', 'You will surrender it to me. Too late, and to their sorrow do those who misplace their trust in gods learn their fate.', ""No. No, the power of manufacted nethicite is the power of Man! A weapon forged by his wisdom ... who would challenge the gods themselves! A fitting blade for a true Dynast-King. Raithwall did but pretend the title ... A cur begging nethicite scraps from his master's table."", ""Hark! Ivalice hails her true Dynast-King, Vayne Solidor! He shall defy the will of the gods, and see the reins of History back in the hands of Man! His time is nigh! The new Ivalice holds no place for the name Dalmasca. The stain of Raithwall's blood ... shall be washed clean from history's weave!""]",NPC
Final Fantasy XII,2006,Japan,Judge Drace,Female,"[""Your Honor reminds me of Zecht two years since. He, too, put his trust in Lord Vayne's strength, and what became of him? Gone without a trace since Nabudis!"", ""Vayne took two of his own brothers' lives. He is ruthless beyond contempt."", 'But could we bear him?', 'Zargabaath, what of you? Surely you do not believe his brothers were traitors.', 'Lord Larsa has left for Bur-Omisace. He hopes to enlist the aid of the Gran Kiltias in stopping the insurgents. I doubt this will be enough to deter Ondore ... but even a slight hindrance to his operations would be welcome. This will delay the Rozarrian invasion ... and we will have bought much-needed time to shore up our defenses.', ""No matter the result, I am pleased with the young Lord's progress. I can already see the stunned faces of those mud-witted senators. The fools think a child emperor's strings easy to pull from the shadows ... but they will find that Lord Larsa is no puppet."", ""You're right. I shall speak on this matter with His Excellency at once. Gabranth. It falls to us to protect Lord Larsa. Are we agreed?"", 'A viper amongst our Senators!?', 'Spare me your lies! I see the serpent coiled here before me!', ""Zargabaath! Do not tell me you join in this mummer's farce!"", 'Surely you would not go so far!', 'Vayne Solidor! As Judge Magister and upholder of the law, I hereby place you under arrest!', ""You wear the mummer's motley well, Bergan."", 'Such strength - inhuman!', 'Do it. I care not.', 'Live, Gabranth. Protect the young lord. Protect Larsa ...', 'Pray be quick.']",NPC
Final Fantasy XII,2006,Japan,Judge Gabranth,Male,"['The King intended all along to sell Dalmasca to the Empire. His Majesty was a traitor.', ""We'll never surrender to you! We are not cattle to be sold by a traitor-king!"", 'We will never bow to you!', ""That's enough, Ba'Gamnan."", 'The Emperor is willing to overlook race for his more talented servants. However, those that do not show respect will receive none in kind. You travel freely through our lands because the Emperor wills it. Am I correct?', 'Where is the Captain?', 'This does not concern you, bounty hunter.', 'You have grown very thin, Basch. Less than a shadow. Less than a man. Sentenced to death and yet you live. Why?', 'Is that all?', ""We've caught a leader of the insurgence. She is being brought from Rabanastre. The woman Amalia. Who could that be? Such a faithful hound to cling to a fallen kingdom."", 'Throwing it away? As you threw away our homeland?', 'The insurgents in Rabanastre operate alone at present. However, should they garner external support, the situation could worsen. We have found the counter-Imperial elements in Bhujerba to be conspicuously well-funded. No doubt Marquis Ondore is behind this. Ondore must be reined in.', 'He will die by my hand.', 'I have confirmed he receives funds from Lord Vayne. His agency in the fall of Nabudis is also certain ... yet, with Judge Zecht, who led the assault, missing ... the truth remains difficult to ascertain.', 'My Lord.', 'The Republic of Landis is long since gone. My allegiance lies wholly with the Empire.', 'I follow his every move. He is an enemy of the Empire. He will be cut down.', 'So then, you ask me to be his sword, to strike where he might not?', 'My Lord.', 'Your Honors, a summons! Lord Vayne has arrived at the palace.', 'Just as His Excellency had hoped.', ""Yes. The senators would be most pleased with a puppet for an emperor. Recall, Drace, how the Senate fears and despises Lord Vayne's ability? When they realize the truth, that Lord Larsa is no docile lamb to be shepherded ... they will bare their teeth and devour him."", 'Aye.', 'Your Excellency, Lord Larsa was placed under my charge.', 'Forgive me.', 'And should I espy war, I am to put her to the sword. Is that your wish, Excellency?', 'As you will.']",NPC
Final Fantasy XII,2006,Japan,Judge Ghis,Male,"['You wear your saddle well.', 'Then you prefer the whip? Stubbornness will see not only you broken, Excellency, but Bhujerba as well.', ""I see you've been out walking without the company of your cortege ... Lord Larsa."", 'We caught her wandering out of the mines. You must take care with such undesirables about.', 'Silence!', 'That was unexpected.', ""Come now, come now. Have you forgotten your manners? This is hardly the courtesy due ... the late Princess Ashelia B'nargin Dalmasca."", 'To be sure, she bears no proof of her former station. No different than any mean member of the insurgence.', 'The Consul asks the ministry of the disthroned royal family in restoring peace to Dalmasca. Those who foster instability and unrest, who claim royal blood without proof ... they shall meet their fate at the gallows. There are no exceptions.', ""Well, well. Splendid! You've brought the Stone with you! This spares us a great deal of trouble."", ""A Judge's duty is to the law. Take them away. Lady Ashe is to be quartered separately."", 'Vayne Solidor. What fascination does this hold for you?', 'Such a great shame. I must confess: I thought you the one who would help us restore peace to Dalmasca. No matter. We hold the proof of your royal lineage. A maid of passing resemblance will serve our purposes now. As for you, my dear ...', 'The Empire requires you no more.', 'Your Majesty does not disappoint! Ever quick to spurn an honorable surrender, as was your father.', 'Such a tremendous honor to again be graced with your presence, Majesty. You left us with such great dispatch upon our last encounter that I must confess ... I had begun to worry that we may have given some cause for offense.', 'I want you to give me the nethicite.', ""That is a base imitation! We seek Raithwall's legacy ... the ancient relics of the Dynast-King: deifacted nethicite."", 'Did you not tell them, Captain Azelas?', ""Captain Azelas has struck a wise bargain. In return for the Dawn Shard the Empire will permit Lady Ashe to reclaim her throne, and the Kingdom of Dalmasca will be restored. Think on it. An entire kingdom for a stone. You must admit, 'tis more than a fair exchange."", 'Lady Ashe, let us take him for the people of Dalmasca. Your Majesty wallows in indecision on peril of their heads!', 'And his shall be the first to fall.', 'To think the relics of the Dynast-King were deifacted nethicite. Doctor Cid will be beside himself.', 'Captain Azelas, take them to Shiva. They should have leave to return to Rabanastre soon.', 'I want you to assess its power.', 'I will not chance returning with a Stone that is yet unproven.', 'Methods do not interest me. Only results.', ""We've found it at last: true deifacted nethicite. The power of the Dynast-King in my hands. Blood alone does not an emperor make, Vayne."", 'What is it?', ""I want to know what's happened!"", 'Disengage it at once!']",NPC
Final Fantasy XII,2006,Japan,Judge Hausen,Male,"['Do not fear, I bear you no enmity. I am Judge Hausen, guard to Lord Larsa. I would accompany my lord to Mt. Bur-Omisace, yet I fear my presence upon the holy mountain would ... excite the followers of the Light. I entrust Lord Larsa to your care. Please, take this. It may help you along your way.', 'Normally I would accompany Lord Larsa to Mt. Bur-Omisace, yet I fear my presence would threaten the peace. I entrust Lord Larsa to your care. Please, be safe.']",NPC
Final Fantasy XII,2006,Japan,Jules,Male,"[""Might a boy be in the market for some ... information? Sorry, I've none worth selling. Such a boy would be wise to pass on anything he heard to me, though ... I'll pay a good price for word of goings-on in the Ministry of Law and the Senate. A boy could stand to make a profit ..."", ""Well, well, well ... there's a sight for sore eyes. Didn't think I'd be seeing you again. Not here."", ""A pirate would do well to smile. Wouldn't want to sour his reputation."", ""Sometimes an ear with tight purse strings's the order of the day. Like when a pirate decides he fancies going up in the world."", ""In Archades, knowledge is power. And power has a way of opening doors, boy. Now, a fool will buy a sack of feathers for his pillow, but a wise man ... He'll buy the whole stinking cockatrice and get his fill of meat into the bargain. So, wise man, how does 1500 gil sound?"", 'Bright boy. You learn fast. I call this meeting to order. Tell me, boy, heard any rumors in town?', ""Bags in barrels, eh ... ? A boy would do well to bring that morsel to a man named Beasley near here. Tell him what you've heard."", 'You would do well to learn the ways of the world, boy, lest the world have its way with you.', 'So, wise man, how does 1500 gil sound?', 'Bright boy. You learn fast. I call this meeting to order. Tell me, boy, heard any rumors in town?', ""Bags in barrels, eh ... ? A boy would do well to bring that morsel to a man named Beasley near here. Tell him what you've heard."", 'You would do well to learn the ways of the world, boy, lest the world have its way with you.', 'Boy. There\'s a man near here who goes by the name of ""Beasley."" Tell him what you just learned.', 'You told him just as I told you? Good boy!', ""Oh? Witness the power of knowledge, m'boy. See? It begins."", ""A pirate should know that words are worth gil uncountable. Here's some words for you: The prodigal Bunansa son's come back to the Imperial roost. See? Words of much value, these."", 'Having a spot of trouble, are we?', ""I've a message from Master Balthier. He's waiting in Central. He says to come quickly."", ""When a boy wants information ... that's right ... A boy pays. 2500 gil sounds about right."", ""Why, any upstanding citizen of the Empire carries a chop. It's a mark of status sometimes, a writ of transit others. If you were aiming to go to Central, where the gentry live, I'd think you'd need 3 chops."", ""Like I've said, the key is knowledge, boy. You do your part here on the street, talk to the right people, you'll earn your chops in no time."", ""Oh, people in Archades love doing good deeds. Why, if they're helping you out, it must mean they're superior. Understand, boy?"", ""A bit late in the game to be pinching gil, isn't it?"", ""Tsk, tsk. A squad of Judges has been sent to Draklor. You'll find the service entrance rather a difficult proposition, I'm afraid."", ""The Ministry? Oh, Judges make poor customers, my friend. Too many rules, too many laws. Perhaps you didn't know, Master Balthier, that Draklor is a toy box these days, filled with your lord father's conceits ... All developed without the Senate's knowledge, of course. Why, not even the Emperor knew the full extent of Dr. Cid's operations. Now, here's the catch: since Vayne had himself declared dictator, nary a peep has come out of that laboratory. I know people who would sell their own mum for the merest scrap of information about the goings-on inside Draklor."", 'And in exchange for your service, I\'ve spoken to a cabbie. When he asks where you want to go, tell him: ""You know where to go."" Simple, no?', 'Good to be back, eh? My regards to your lord father, Master Ffamran ... er, rather, Master ""Balthier."" Anon, anon.', ""With your help, I've made myself a pretty bit o' coin of late. Many thanks, boy. Hope to do business with you again soon. Heh heh.""]",NPC
Final Fantasy XII,2006,Japan,July,Female,"[""Finest what? Sorry to say I couldn't attend the appointment ceremony ... This place does stick, and no mistake. Better finish my work here and be off. Can't go back to Archades smelling like this."", ""I'm working, in case you hadn't noticed. And the sooner I finish, the sooner I can be out of this chocobo fetor and back home in Archades."", ""Tchita Downs, eh? Thanks to you, I've got what I need. And far sooner than I'd hoped! I'm an Archades streetear, see. That soldier's wife hired me to find out about his family. He'd always been very secretive about his past, and she was rightly concerned. Well, my work here is done. Back to Archades to collect my fee. It's a big city, but who can say ... perhaps I'll see you there someday. Farewell. And thank you!"", ""Shh! Don't talk to me!"", ""You ... I met you in Nalbina, did I not? Don't you remember me? I'm July, the streetear. Why, thanks to you, I've received a fine reward from the wife of an Imperial particularly unfond of chocobos. In fact, I owe you my gratitude. Here."", ""So long, then. Hmm? What am I doing now? I work for an inquiry agency, as a matter of fact. The coin is good, but it's wearisome work, really."", ""Once I've finished this posting, I'm off to make some inquiries in Rabanastre. A man here — an Imperial, actually — had his coin pouch stolen by a pickpocket in the market there, and he wants it back. Good luck, eh? So long!""]",NPC
Final Fantasy XII,2006,Japan,Kadalu,Male,"[""Ah, you are the humes our War-chief saw on the plains. Welcome to our village, protected by the clear flow of the Sogoht. I am Supinelu's brother, Kadalu. I worry ... for Supinelu often goes to the plains alone. Why, when the others surely wish to train with him? He is stubborn this way. Your pardon. I spoke of a personal matter. Please forget it. You have business with the elders, yes? On you go."", 'Kerwon, by its very nature, does not welcome Man. Your journey, I fear, will be fraught with difficulty. I pray for your good fortune.', 'I believe my brother — he is the War-chief — wears his responsibility too heavily. He thinks he must do all himself. Yet there is not one of us who is all-powerful. Thus we rely on our companions to make up for our shortcomings. If only he could see this ...', 'I believe my brother — he is the War-Chief — wears his responsibility too heavily. He thinks he must do it all himself. Yet there is not one of us who is all-powerful. Thus we rely on our companions to make up for our shortcomings. If only he could see this...']",NPC
Final Fantasy XII,2006,Japan,Kait,Female,"['I know where my brother has gone, bhadra ... But I cannot tell you. He would be very cross.']",NPC
Final Fantasy XII,2006,Japan,Kjrs,Female,"['The wood-warders gather about this cove. Mjrn is no wood-warder. You will not find her here. Do you come to visit misfortune upon us? You may expect no mercy if you do.', 'You come with traitors who abandon the Wood ... The blades of the wood-warders are sharp. Stay, if you would learn this for yourself.', 'Jote does not show favor to the sisters who share her blood. She is strict, yes. More so with her sisters, still more again with herself.', ""Yes? What is it? We discuss our sentinel of the Wood. I do not share Rael's tolerance for your interruptions. If your errand concerns not me, speak with me not.""]",NPC
Final Fantasy XII,2006,Japan,Koqmihn,Male,"[""We barely escaped with our lives. If we hadn't been away from the temple when they attacked ... The Empire will answer for this.""]",NPC
Final Fantasy XII,2006,Japan,Krjn,Female,"['Yes? What is it you need? I am Krjn, a hunter of Clan Centurio. To know my boundaries did I join the clan. It is a wellspring of information about powerful marks.', 'If you sense danger, be cautious. Flight, too, has its place in battle.']",NPC
Final Fantasy XII,2006,Japan,Ktjn,Female,"['H-Hello. I am called Ktjn. I left my home and came to Rabanastre only quite recently. I have yet to learn my way around. I had been hoping to find someone I might speak with. Should you like to talk again, it would please me greatly.', 'Is the city not wonderful? I still lose my way on occasion, but I have come to know some of her walks and alleyways. But the land, I cannot hear it ... Should this not trouble me as a viera?', 'I see. Then perhaps it was a mistake to leave the Wood ... Pay no mind to my mutterings. Pray, speak with me again soon.', ""I sometimes lose my way, but for the most part, I can find what I must. Not that I've any place to be, particularly ..."", 'It is good to see you again. I have had so little opportunity to speak with humes. My people keep to themselves. The number of visitors to our village could be counted out on a single hand. So did I long to come to a great city such as Rabanastre. That wish is now come true, but this is not how I had hoped it would be. I knew my choice would bring hardship, yet ...', 'Perhaps I should have. Strength of will alone could not make up for my ignorance of the wider world. I do not wish to admit it, but I know it now to be true ... Feel not sorrowful. It is no easy thing to speak unwelcome truths to another. Yet these are the most valuable truths to hear.', 'I left the Wood to learn the ways of the world beyond. But nothing here is as it seems ... Perhaps I will begin to understand in time.', 'Hello. Have you come for another visit? Little has changed for me. I have seen much of the city, though I still have made few friends, and am no closer to realizing my goal. I have not spoken of this to you before, but I came to Rabanastre to become ... more like my sister. She had grown tired of our life of isolation ... Long ago she left. Only later did I hear rumors she had come here. All this time my sister has been making her way through the world, while I lived in the sheltered peace of the Wood. I would be as she is. Do you think it possible?', ""... I see. So you think me too naïve to follow in my sister's footsteps. Though you may speak the truth, I am not yet beaten."", ""I followed my sister's example and left the Wood, but it has not been an easy path for me to walk. I have much to think on ...""]",NPC
Final Fantasy XII,2006,Japan,Kytes,Male,"[""Vaan! Hurry it up or they'll find us!"", ""Wow, Vaan. You got 'em all yourself? Guess I know who to call when something big comes along!"", ""Oops! Heh. Totally forgot. You should come, Vaan. He's busy today. Might have some work for you to do, too."", ""Look, Vaan, look! This is it! This is why Migelo's courier didn't get here on time!"", ""That's right! Vaan, you should give it a shot!"", 'Oh! Right, right.', ""What's wrong, Vaan? Aren't you going to go get that Rogue Tomato? You better hurry up before the ceremony starts. You won't be able to get back into the city!"", ""Ah, Vaan! I guess I'm not the only one who got locked out of the city! I told Penelo about the mark you were going after, and I guess I got her worrying. So the two of us headed out here to find you. As soon as I stepped out, the guards closed the gates and things got crazy. I haven't been able to find her since."", 'Hey, Vaan. You need inside again?', 'If you say so.', ""Hey, Vaan. You here for some more rat hunting? The door's open and ready to go. I still can't get that door on the left open, though. Old Dalan said it led someplace really important ... can't wait to see what's inside!"", ""Hey, Vaan! I finally worked out how to get the door on the left side open! I hope there's somethin' in there besides rats ... I wanted you to go in first, so I waited for you to come before openin' it. Well, that's one of the reasons I waited ... Thing is, I'm gonna need some special tools to open the door ... Gonna need you to go fetch 'em for me. I know, I know. Not the most exciting thing to do, is it? Heh, heh. I'm just messin' with ya. I've got everything I need ready to go! Hang on while I open it ..."", ""Hmm, let's see ... Yeah, that should do it ... Huh?"", 'Ungh. Urgh. Angh! Hrooph!', ""It's open! Now we've got a whole 'nother place to explore! Oh, and I almost forgot. Take these with ya before you go. No tellin' what's down there ... might come in handy."", ""Don't know what kind of monsters are down there, but nothin' you can't handle, I bet. Let me know what ya find!"", 'Vaan, is it really you? I heard you got took off to Nalbina!', 'You broke out of a dungeon? Whoa!', ""Nope, haven't seen her all day. Not like her to up and skip out on work like that. Migelo's not here either. He went running off somewhere a little while ago."", ""I got my hands full watching the shop ... and Old Dalan had something for me to do, but I can't get away."", 'Really?', ""Thanks for going to see Old Dalan for me. I'm so busy here, I'd never have had time to make it down to Lowtown. I sure hope Migelo shows up soon ..."", ""Migelo's finally back, but Penelo still hasn't shown up. I hope everything's okay."", ""Hey, Vaan. Haven't seen you around much lately. Workin' on somethin' big? Can't wait to hear more about it! You don't have to worry about me and the others. I'll watch after everybody.""]",NPC
Final Fantasy XII,2006,Japan,Larsa Ferrinas Solidor,Female,"[""You're on your way to the mines?"", ""Then please, allow me to accompany you. I've an errand to attend to there."", 'What errand? I might ask the same of you.', 'Excellent.', 'For us both.', ""Oh, I – I'm Lamont."", 'Actually, no. With but few exceptions, the Imperial army is not permitted in Bhujerba. Well, shall we proceed?', ""Halim Ondore IV, the Marquis of Bhujerba. The Marquis served as the mediator at the negotiations of Dalmasca's surrender. It would appear that he is somewhat less neutral now."", 'They say many things.', 'This is what I came here to see.', ""It's nethicite. Manufacted nethicite."", 'Unlike regular magicite, nethicite absorbs magickal energy. This is the fruit of research into the manufacture of nethicite. All at the hands of the Draklor Laboratory.', ""So this is where they're getting the magicite."", ""Thank you. I'll repay you shortly."", ""If it is a crime to wander on one's own ... then I, too, am guilty. Marquis. I trust that your estate can accommodate another guest?"", 'Judge Ghis, I shall heed your counsel. I will not travel unaccompanied any longer.', 'Thank you, Penelo.', ""You will join him soon. And until then I shall see that you're kept from harm."", 'I am troubled. The Rabanastre Imperial Guard appear to have overstepped their bounds. I intend to speak on this with the Consul.', 'Vayne Solidor, the Consul, is my brother.', 'The first duty of the Consul is to maintain order in Dalmasca. My brother – my brother is not one given to failure. Perhaps things arent going as well as they might be... but give him a little time and he will put things to rights. Be not troubled. My brother is a remarkable man.', 'Why?', 'So, you fear the Empire?', 'Listen to me. The men of my family, we are taught to place the needs of others before our own. I will see that you are kept from harm. It is my duty to House Solidor.', 'Because I give you my word. My brother would do no less.', ""Ghis knows you've escaped. You must hurry."", 'You are Captain Azelas. You will follow me. We must reach the airships before they do.', ""Lady Ashe. By all rights, you ought not even to exist. That you and Captain Ronsenburg were made to appear dead ... is like a hidden thread laid bare. Your actions hereafter will pull at that thread ... and we will see what it unravels. This is our chance. We must see this through, and get to the bottom of it. I believe 'tis for the good of Dalmasca, and the good of the Empire."", 'I must apologize.', 'Penelo, for you. May it bring you good fortune.', 'Let us go.', 'I say we ought leave tomorrow. I was going to wait for my escort, but meeting you presents a great opportunity. This terrible war can be stopped, but I will need your help to do so.', 'You know the Marquis Ondore leads a group of insurgents - your pardon, he leads a large resistance force against the Empire. Lady Ashe, neither of our countries can afford this now. The Rozarrian Empire would stir. They would aid the Resistance and use this aid as a pretext to declare war on Archadia ... and Archadia would have no choice but to answer. Lady Ashe, let us go to Bur-Omisace. With the blessing of his His Grace the Gran Kiltias Anastasis ... you may rightly wear your crown, and declare the restoration of the Kingdom of Dalmasca. As queen, you can call for peace between the Empire and Dalmasca ... and stop Marquis Ondore.', 'Dalmasca would be the battlefield! What if nethicite were used on Rabanastre? You know my brother would do this!', ""I had hoped you'd say yes. I am glad."", ""I had other reason to invite you. There is someone I'd like you to meet waiting on Bur-Omisace."", 'An enemy, and an ally also. You will just have to wait and see for yourself.', ""The Henne Magicite Mines - maybe that's what she meant. They lie in Bancour, south of the Ozmone Plain. The entire region is a colony of the Archadian Empire. There would be soldiers."", 'Surprisingly rude.', 'Researchers from the Draklor Laboratory. What were they doing here?', 'Look at the magicite. These mines much resemble the ones at Lhusu. Of course. Draklor must be searching for new sources of ore. Should the Resistance move, the magicite in Bhujerba will be forever beyond their grasp.', 'Manufacted nethicite.', 'Then that means - Penelo, the stone I gave you, do you still carry it with you?', 'This is more dangerous than I had imagined. I should never have given it to you. Forgive me. I did not know.', 'And so I sue for peace to stop short war and ease their suffering. My father will choose peace.', 'This is the man I wanted you to meet. Believe it or not, he is a member of the noble House Margrace, rulers of the Rozarrian Empire.', 'Father.', ""Restore Dalmasca's sovereignty, and make our amends with Lady Ashe. It is the only way to avert war!"", 'I fear you misread her intent. She would sooner shun war than embrace it.', 'And you presume beyond your ken!', 'It will not come to that, I am sure. I have faith in her — faith in you both. On you, Gabranth, shall I wager all our fortunes.']",NPC
Final Fantasy XII,2006,Japan,Lebleu's Daughter,Female,[],NPC
Final Fantasy XII,2006,Japan,Lesina,Female,"['The men are off on their business, while we women mind the village. Even the children do their part. They make their mistakes, of course, but they learn from them!', ""Have you heard? They're saying the Princess is alive! And I'd thought she committed suicide ... I'm not sure what to believe anymore. Those people in the city like nothing more than to gossip, don't they."", ""Have you been to the garif village? Our elder and their chieftain go way back, but they haven't seen each other in a cockatrice's age. I make trips to their village to trade sunstones for medicinal herbs, hides ... you name it. And the kids just love that nanna cheese they make."", ""Things in Rabanastre finally start to settle down, and now I hear a new storm's brewin'? You take care of yourself, okay? Remember, where there's life, there's hope.""]",NPC
Final Fantasy XII,2006,Japan,Liddy,Female,"[""From Ann? My sister Ann!? Well, uh, I'm Liddy. Pleased to make your acquaintance. Now ... you said you had a letter for me? Hmm. Flowers this year, eh? I suppose that would make Mother happy. But what manner of glamour has you out delivering letters for my sister? Well, no matter. Here, the letter back. You've still some sisters to go. Good luck.""]",NPC
Final Fantasy XII,2006,Japan,Lirschell,Male,"[""Ah, you must be the lad Rande mentioned the other day. This is ... what, your second airship? I doubt you've the funds to see this through. We're sure to win!""]",NPC
Final Fantasy XII,2006,Japan,Lohen,Male,"[""Don't let the desert sun get the best of you. If you're low on supplies, now's the time to stock up."", ""If you're westward bound, travel lightly, boy. Not all the races you'll meet in the Sandsea are the civilized variety. And mind the weather. Nice, clear days, the elementals come out in droves. Don't want my customers dying ... bad for business!"", ""Your errand taking you far abroad, friend? Maybe I have something that you'll be able to use along the way."", ""Bright, sunny days are the deadliest out on the sandsea. That's when the elementals come out. You watch yourself 'round those.""]",NPC
Final Fantasy XII,2006,Japan,Lord Vain,Male,"[""That viera may have left, but not before fallin' for yours truly! (snort) The feelin's mutual, I'm afraid ... She wooed me, and now woe is me!"", ""That sweet viera longed for me — pined, even! — and I let her slip through my hands ... (snort) I hear she found someone else ... Playin' hard to get, that was my mistake.""]",NPC
Final Fantasy XII,2006,Japan,Lulucce,Male,"[""Kupo! Not a word from you, kupo. I know why you've come! Oh, and thank you for opening the cell door, by the way. Most gracious of you! After this treatment, I think it's safe to say we won't be visiting any more Imperial warships in the near future. The road calls, kupo!"", ""Kupo! Where have I seen you before ... ? No matter ... I know why you've come! I've just the thing to help you get to the bottom of all those viera secrets ... Would you like to buy a map, kupo?"", 'So long, kupo!', ""There are barriers along the paths of Golmore Jungle, kupo. As though the jungle itself chooses who may pass, and who may not. I'm pure as the driven snow ... but I still couldn't get through. Maybe the jungle doesn't like snow...Perhaps I'll ask one of these viera about it."", ""Before we came here, we were locked away in a cramped little cell, the sound of machinery clinking and clanking, kupo. But here ... it's so quiet! I can finally hear myself think. Kupo-po-po ..."", 'There was a commotion not long ago. Something fell from one of the trees. I get dizzy just thinking about it, kupo. I saw the wood-warders helping what looked to me like a cockatrice. Yes, definitely a cockatrice, kupo.', ""A cockatrice just darted past at tremendous speed, kupo. If it's not careful, it's like to have another spill, kupo. Oh, bother.""]",NPC
Final Fantasy XII,2006,Japan,Ma'kenroh,Male,"[""A new clan member? Hrgm ... I am Ma'kenroh. A pleasure, I'm sure. Unlike our other members, I cannot participate in hunts. My specialty lies in the collection of information. If you have a question about one of your marks, ask. I will tell you what I know."", ""Hello. How does this day find you? Hunting the Rogue Tomato? Hrgm ... Find it in the Dalmasca Estersand. Leave by the east gate, head to the northeast. Now, go. Oh, about your clan rank ... When you've defeated 2 marks and accumulated 700 clan points, you will gain a rank. Now, go.""]",NPC
Final Fantasy XII,2006,Japan,Ma'kleou,Male,"[""You shouldn't sneak up on people like that. Bad for the circulation, you know. Behold the ruin nethicite has wrought on Nabudis. No shadow of its glory remains. It is a spawning pool for creatures that feed on Mist. If you hold life dear, you will turn back ... Me? I am Ma'kleou. I await the coming of a hero. One to destroy the creatures sealed in Nabudis. We foresaw the coming of a hero, and by way of preparation I base my disciples fetch the keys that will break the seals within Nabudis. Roh'kenmou and Roh'kenmu are loyal, but it cannot be said they are quick. You may yet see them returning from this task.""]",NPC
Final Fantasy XII,2006,Japan,Mait,Female,"[""Welcome to Mait's Magicks, newly opened! Remember: we are here to serve you!""]",NPC
Final Fantasy XII,2006,Japan,Malloud,Female,"['Honestly, these people! They come up from the country and they stare, and they stare. But do they buy? Never! Maybe they lack the necessary coin ... Oh, but I do grow weary of this...']",NPC
Final Fantasy XII,2006,Japan,Marquis Halim Ondore IV,Male,"['The Death of Ld. Rasler Heios Nabradia was but one of many Tragedies to befall the Kingdom of Dalmasca.', ""The Air of Hope that had surrounded H.R.H. Princess Ashe's Wedding was now quite lost; Dalmasca had been set adrift, at the Mercy of History's restless Tides."", 'At this Time, two Great Empires struggled for Dominion over Ivalice; Archadia in the East, Rozarria, the west.', ""The Invasion of the Kingdom of Nabradia was Archadia's first Step in its westward March."", ""With Lord Rasler's beloved Homeland consumed by the Hell-Fires of War, it seemed clear that Archadia would soon mete out a like Fate to Dalmasca."", ""The Fall of the Fortress at Nalbina tolled the Destruction of the greater part of Dalmasca's Forces."", 'A Counter-Attack was mounted by the Order of the Knights of Dalmasca, ever Brave and Faithful, but against the martial Might of the Archadian Armies, they stood little Chance of Victory.', 'Indeed, their Defeat was to be absolute.', ""Soon thereafter, Archadia came forward offering Terms of Peace. Or, as one might rather put it, Terms of Dalmasca's Surrender."", ""Lord Raminas, King of Dalmasca – and my Dear Friend – had no Choice but to accept these Terms. It was, thus, only with Reluctance that He set out for Nalbina Fortress – now under Archadian Occupation – to affix His Seal to the Emperor's Treaty of Peace."", 'The King had scarce departed His Royal City of Rabanastre when the Remnants of the Order made their Return. And not a Moment too soon, for a terrible Revelation awaited them.', 'The Treaty would be signed with Steel and Writ in royal Blood.', ""Pretenses of Peace left by the Wayside, the Archadian Forces resumed their Advance toward Rabanastre. Dalmasca's Doom had been decided."", '""Sons and Daughters of Dalmasca, I bid you lay down your Arms. Raise Songs of Prayer in their Stead. Prayer for His Majesty King Raminas, ever merciful. A Man devoted wholly to Peace.', '""Prayer, too, for the noble Princess Ashe, who, wrought with Grief at her Kingdom\'s defeat, has taken her own Life.', '""Know also that Capt. Basch fon Ronsenburg, for Incitement of Sedition and the Assassination of H.R.M. King Raminas, has been found Guilty of High Treason and put to his Death.', ""Dalmasca's Surrender without Terms was soon to follow."", 'I can assure you it reaches Lord Vayne most discreetly.', 'Be that as it may, I have no intention of being bridled, Your Honor.', 'Why not?', 'Sir Basch fon Ronsenburg. It was not so very long ago that I announced you had been executed.', ""So you are the sword he's strung above my head. Vayne has left not a thing to chance. And?"", 'This resistance leader – this Amalia. She must be very important.', ""You understand I've my position to consider."", ""I'm afraid you're too late. Lord Larsa's cortege has already rejoined the Imperial detachment. I am told they will depart for Rabanastre upon the arrival of the fleet this eventide."", ""Captain Ronsenburg. Surely the exigencies of position are not lost on you. Why, indeed, you should find the enemy's chains ... an easy burden to bear."", 'Summon the guard!', ""They're to be taken to Judge Ghis."", ""However, when I made the announcement that you had taken your own life ... I must have seemed a model citizen of the Empire. The announcement, you see, was Vayne's suggestion. At the time, I was reluctant, but I could not perceive his reasons. Now it is clear: he meant to drive a wedge between us."", ""I once knew a girl whose only wish ... was to be carried in her uncle's arms. Your Majesty is a woman grown now."", 'Suppose for a moment that you were to defeat Vayne ... What then? You cannot simply rebuild your kingdom with the only proof of your birthright stolen. The Gran-Kiltias on Bur-Omisace cannot recognize you as the rightful heir without it. You may yet be a princess, but without proof of your identity, you are powerless. You will remain with me. We will do nothing till the time is right.', 'Then what does Your Majesty propose we do?', 'This can be arranged, though it will take some time.', 'The Dreadnought Leviathan is sunk. The 8th Fleet of the Archadian Imperial Army, lost.', 'As Word of the Events in the Jagd sounded throughout the Empire, quit I Bhujerba, citing sudden Malady.', 'My true Motive: to bring the various counter-Imperial Forces scattered throughout Ivalice together in unified Resistance.', 'By this Time, Lady Ashe had made her Return to Rabanastre. She had not, however, made known her Presence. Rather, she was content with keeping both her Whereabouts, and those of the Dawn Shard, concealed.', 'Had she chosen to go before her People, my Error in announcing her Suicide would be known, to the great Detriment of my Efforts to assemble a Resistance.', ""In such Circumstance as the Lady Ashe then found herself, even were she to proclaim Dalmasca restored, it would serve only to invite the Empire's Wrath."", 'Though Archadia had lost her 8th Fleet, she remained, as ever, a Military Power with which to be reckoned.', 'It is good to know the lady still lives, but what of our bid for the Stone?', ""I pray 'tis sharp enough."", 'For the time being, we will continue to train the Resistance army. Enough power on our side ... and even Vayne may see the appeal of the treaty table.', 'All the more reason for me to support your infiltration of the capital. You said it yourself: the nethicite is a powerful weapon. I would have you acquire it for me.', 'If there is no Stone, I would have to look elsewhere for aid.', 'As I must. Failure is not an option.']",NPC
Final Fantasy XII,2006,Japan,Masyua,Female,"[""Have you come to see the dark crystals? Not everyone takes well to the heat of the Giza Plains. We don't have much to offer, but you're welcome to rest here, if you like. These dark crystals absorb the light of the sun, until they shine with a brilliant light. People are always surprised just how bright they are."", ""Have you come to see the dark crystals? Not everyone takes well to the heat of the Giza Plains. ... Ah, so it is a sunstone you seek! You've come to the right place. They can only be made here in Giza. They're quite valuable, though, so we can't go handing them out to just anyone who happens to wander through our camp. You see, we make and sell sunstones to earn the money we need to survive. Still, perhaps we can come to some arrangement ... Would you hear my offer?"", ""The making of sunstones is a chore we give to the children of our camp. They roam the plains, traveling from dark crystal to dark crystal, drawing the light from the crystals into shadestones. One of these children, Jinn, has not yet returned. He left carrying our supply of shadestones. If you'll find Jinn for me and tell him to come back to the camp, you may take one of the sunstones he's made in return. Some of the children said they might have seen him to the south of the camp. You may want to speak with them yourself before leaving. Please, find Jinn and tell him to return at once."", 'Of course. Our troubles need not concern you.', ""Seems you haven't given up on finding a sunstone just yet. But as I said, we do not part with the fruits of our labors lightly. If you are serious, then hear my offer."", ""The making of sunstones is a chore we give to the children of our camp. They roam the plains, traveling from dark crystal to dark crystal, drawing the light from the crystals into shadestones. One of these children, Jinn, has not yet returned. He left carrying our supply of shadestones. If you'll find Jinn for me and tell him to come back to the camp, you may take one of the sunstones he's made in return. Some of the children said they might have seen him to the south of the camp. You may want to speak with them yourself before leaving. Please, find Jinn and tell him to return at once."", 'Of course. Our troubles need not concern you.', 'Please, find Jinn and tell him to return to camp. One of the children, Camina, saw him. You should speak with her before leaving. And be careful – werewolves stalk the southern plains. If you see one approaching, run. It would make short work of you.', ""Jinn made it back home safe and sound. He is a good boy, but how his mind wanders! He never thinks of the worry it causes me! I'm sorry if he was any trouble. Please, take these with my thanks."", 'Jinn gave you a sunstone, yes? I hope it may be of some help to you.', ""Has the sunstone been of use? Jinn makes very high quality stones – they always fetch a good price. You're fortunate you came when you did: the crystals do not always shine. Many have come seeking sunstones only to leave empty-handed."", 'There is much work to be had on the plains. When light returns to the crystals, you might try your hand at making sunstones.', ""Don't often get visitors in this heat. What is it?"", ""Did you notice the dark crystals? They again shine with light. No small thanks to the fine weather we've enjoyed these past days. Are you interested in making some sunstones?"", ""There, now you've the shadestone you need. Fill it with the light of the dark crystals and return when you've made a sunstone. I pay well for stones of high grade!"", ""You've made one before, yes? So the process should be familiar to you. You'll take a shadestone to the shining crystals of the plains and fill it with their light. That's your sunstone. The energy gauge will show you how much light the shadestone has absorbed. When the gauge is full, your work is done. Once you begin, you should stick to the task. If you leave the plains before you finish, any energy the shadestone has stored will be lost. The dark crystals of the plains wax and wane with light — a measure of the sun's own fickle nature. Are you clear on how to make a sunstone?"", 'Well, you seem eager. Ready to make a sunstone?', 'I pay well for stones of high grade. I wish you luck!', ""You're always welcome, if you change your mind. We pay well for stones of a high grade, should you need a few extra gil."", ""You're always welcome, if you change your mind. We pay well for stones of a high grade, should you need a few extra gil."", 'Jinn and my son have been getting along just fine. A little friendly competition can be a healthy thing, really.', ""Don't often get visitors in this heat. What is it?"", 'Take the shadestone I gave you to the shining crystals on the plains. When the energy gauge is full, the sunstone is ready. If you have trouble finding the crystals, stop and take a look around. Remember, I pay well for stones of quality.', 'Jinn and my son have been getting along just fine. A little friendly competition can be a healthy thing, really.', ""Don't often get visitors in this heat. What is it?"", ""I see you've made a sunstone. Interested in parting with it?"", ""This is a sunstone of highest grade! You don't see many of these."", 'Should you change your mind, do let me know.', 'Jinn and my son have been getting along just fine. A little friendly competition can be a healthy thing, really.', ""Don't often get visitors in this heat. What is it?"", ""Did you notice the dark crystals? They again shine with light. No small thanks to the fine weather we've enjoyed these past days. Are you interested in making some sunstones?"", ""You're always welcome, if you change your mind. We pay well for stones of a high grade, should you need a few extra gil."", ""The garif live to the south, in northern Kerwon. They are an ancient race, who live by the ways of their ancestors. They wear masks from the day they're born until the day they die.""]",NPC
Final Fantasy XII,2006,Japan,Melisa,Female,"[""Welcome to the Cloudborne, traveler, where all Bhujerba comes to forget the worries of the day. I'm the taverner, Melisa, at your service. Sit down, rest your feet, boy ... Kah? A resistance? Crazy! All right, who gave this boy here a sip of the madhu?"", 'Haa. Hello there, boy. Quite the performance back there. Do not think for a moment that all of us accept you. And watch what you say outside.', ""Haa. Hello again. Havharo? He's not here. Why, I'd say he's off in the sky with the Marquis by now ..."", ""Haa ... We have lost much money this month. Men cannot drink if they are away at war. And should they win, we will shower them with fine Bhujerban Madhu ... and we'll lose even more money. As much as it pains me, that's money I hope to lose.""]",NPC
Final Fantasy XII,2006,Japan,Migelo,Male,"['Ah, Vaan, I was waiting.', ""Ah! Had me some packages supposed to be arriving by courier in the morning. Perhaps he ran into some trouble out in the desert. Now I've no foodstuffs to prepare for the banquet tonight!"", ""No problem? The desert teems with trouble. I'd be sending you to an early grave, m'boy. No, I've arranged for some replacement goods from Tomaj over at the Sandsea."", ""Actually, I asked Kytes to do that. Wouldn't you know he's gone missing on me, too. Bah. I can't leave my shop and I've Penelo on another chore at the moment, you see. I want you to run over to the Sandsea and fetch Kytes back! What do you say?"", ""It's easy work, and you'll thank me for it someday."", ""Well? Have you found Kytes yet? Bah! I don't know what I'm going to do with the lot of you ... Oh, I'm grateful for your help. You work hard – when you want to. But lately you don't seem to want to, do you? What was it that set me off complaining? Ah, yes. Kytes. Go find Kytes! He should be at the Sandsea. Hurry now! Time's a-wasting!"", ""Oh, Kytes is back – he's been on tenterhooks ever since he walked in the door. Well, so long as he's not up to any mischief ..."", ""Ho, ho! A fine, fine chocobo you have there. Yes! Tchita Downs stock, if I'm not mistaken. Change the soil, change the chocobo, am I right?"", ""Yes, yes. Different soil means different bouquet, too. Take a Dalmascan Barose wine, eh? It may lack the flavor and depth of some of your Archadian wines ... but it has a certain strength of character. It's not bad, really, once you get used to it. Care for some, sirs? There's more than enough for all to cool their throats, of course."", ""Don't give me a scare like that. You're lucky that ended where it did."", ""Ah, the ceremony'll be starting soon. I'd best be hurrying."", 'I am Migelo, Your Highness.', 'I meant no disrespect.', 'Eh, I could not. That would not be right.', 'Misunderstanding? What I am understanding is they took Penelo because of you!', ""Oh, Vaan! They've taken Penelo! And there was a note – a note for this Balthier! Come to the Bhujerba mines, it said."", ""If anything were to happen to that sweet child – why, I've her parents' memory to consider! You're going to go to her aid, and that's that! It's what you sky pirates do, isn't it?"", ""What a terrible thing to have happened! You've got to see that Penelo gets back home safely, Vaan!"", ""Ah, Penelo! You're all right! Those sky pirates got you tangled up in some nasty business. What!? Don't tell me you're off running about with those sky pirates, too! Vaan I can understand, but you, Penelo? ... Ah, I see. I suppose I have been a bit over protective of you. It's time you made your own decisions, your own mistakes. Do as you feel you must. Whatever trouble you might get yourselves into will only make you stronger, I'm sure. Yes, yes. When you want to come back, you've only – No, no, you go about your adventures until you decide for yourselves it's time. And until then, don't worry yourselves about the shop or any of your friends. Just leave all that to Migelo, you hear? Now that that's decided, we should get down to business. If you'll be traveling, you'll be needing sundries, yes? Well, sundries we have!"", ""Keeping busy, are you, Vaan? You needn't worry yourself about the store. I won't be closing just because you aren't around. No, there are plenty of other hard-working youths to pick up your slack. Off with you now! We'll be here when you get back."", ""Making trouble with the Imperials, sneaking into the sewers ... never know which way the wind blows with you, m'boy! Now you're traveling the world! I won't try to stop you, though. Just you be sure to look after Penelo while you're at it, eh?"", ""Old Dalan came by the shop for a friendly chat the other day. Why, I can't remember the last time he'd been in for a visit. He had a few things he wanted to get off his chest: Marquis Ondore's plotting and what not. You know I would never try to stop you from doing something you'd set your mind to, but do be careful, m'boy. You do what you think is right. Then, when it suits you, you come back home to Rabanastre. Rabanastre is your home.""]",NPC
Final Fantasy XII,2006,Japan,Milha,Female,"[""My husband died protecting me and my son during the war. I'm only glad that I survived. Not for myself, but for our child. No one should have to grow up alone in a world like this."", 'The poor little guy. What am I going to do?']",NPC
Final Fantasy XII,2006,Japan,Mjrn,Female,"['The stench of humes. The stench of power.', 'Stay away! Power-needy hume!', 'Is it you?', 'When the hume soldiers came to the Wood, the village took small heed of them. So long as the Wood Herself is safe, the viera give little care to goings on beyond. But in me an uneasiness stirred. I had to discover why they had come.', 'That cannot be all! I saw it when I left the village! Ivalice is changing! How can the viera stand and do nothing at all?', 'But that is wrong! How can we just hide here in the trees when all the world outside is on the move! I, too, wish to live freely - to leave this Wood!', 'But Fran - my sister!', 'An indescribable sensation overtook me within the mine. It reached out, closed about my heart ... then all was darkness. This loathsome shadow ... ageless and ancient beyond any viera or hume ... what was it?', 'Whence has this cockatrice come? These beasts, too, know loneliness ...', 'The will to quell my thoughts of the world outside the Wood ... the courage to live beyond Her ... Neither do I possess. Will I never share in the strength of my sisters?', 'Whence has this cockatrice come? These beasts, too, know loneliness ...', 'Whence has this cockatrice come? These beasts, too, know loneliness ... Is that a dewdrop pebble you have there? They are said to bring fortune to you on the day you find them. I remember gathering pebbles with my sister ...', 'Dewdrop pebbles are no common stones. They sometimes rain down with the afternoon showers or during thick morning fogs. They cannot be carried beyond the village, for they vanish. The pebbles can exist only here ... unlike the viera.', 'The dewdrop pebbles cannot survive outside the village. Should you leave, they will be lost.', 'It seems to show interest in dewdrop pebbles. Should you find some, will you bring them here?', 'This beast seems to show an interest in the pebbles. I thought I might show it more should I find any. Have you found any more?', 'The dewdrop pebbles fall in great number. It is not usual to find so many. And all of a common size. As though someone were ... gathering them.', 'The dewdrop pebbles cannot survive outside the village. Should you leave, they will be lost.', ""I believe it's memory is lost. Looking on dewdrop pebbles seems to be of some help, though. It is close now to remembering, I can feel it."", 'I believe its memory is lost. Looking on the pebbles seems to be of some help, though. It is close now to remembering, I can feel it. You have found more of the pebbles?', 'Thank you. I think this should be enough to help our visitor.', 'The dewdrop pebbles cannot survive outside the village. Should you leave, they will be lost.', 'You have gathered many dewdrop pebbles. Enough even to make a pendant, I would think.', 'Have you remembered?', 'The rest is ... memorable. You are lucky to have been caught on the tree. Lucky, too, that its limbs held fast. A fall from this height would have been fatal. When the Wood-warders reached you, you were quite unconscious.', 'A kindred spirit ...', 'So long was she here, I had begun to grow fond of her. I am sorry to see her go, but it is good she will be home again.']",NPC
Final Fantasy XII,2006,Japan,Monid,Male,"[""What are you lookin' at? This ain't no place for children! Him? He's an exception. His parents were both hunters. And they were friends of mine to boot. That is, until they set out on a hunt for this one most notorious mark ... But I'll avenge them, be sure of it! I've been keeping an ear to the ground, listening for any sign of that mark ever since. That's what this place is all about. A deadly serious business, this, not to be taken lightly, you hear?"", ""You've got much and more to learn, and you can start with this: stay out of my way! I'd as soon kill you as look at you, so don't be trying my patience.""]",NPC
Final Fantasy XII,2006,Japan,Montblanc,Male,"[""Kupo-po? Yours is a new face! Are you a hunter? Welcome to our clan hall! I'm Montblanc, founder of Clan Centurio. It's a pleasure to make your acquaintance, kupo! Our clan has a very strict entrance examination. We should begin yours at once ... And, you pass. Moogles are quick to make up their minds, kupo."", ""Here in the clan hall you'll hear about especially dangerous marks you won't find posted on any board, the moment they rear their ugly heads! Well, I'll get on with filing the necessary clan membership certificates. I'll be finished in no time flat, kupo! Kupo! I nearly forgot! Now that you're a member, you can make purchases from our clan shop in the Muthru Bazaar. Be sure to stop by, kupo! Happy hunting!"", ""How fares the hunt, kupo? All your membership papers are in order, kupo. Allow me to give you this to commemorate your joining the guild! I'll have a little something for you each time you attain a new clan rank, kupo."", 'Keep up the splendid work, kupo!', ""Kupo-po? I'm sorry, but I don't have any hunts to tell you about at the moment, kupo."", ""How fares the hunt, kupo? Kupo-po? I'm sorry, but I don't have any hunts to tell you about at the moment, kupo.""]",NPC
Final Fantasy XII,2006,Japan,Moomer,Male,"[""Blimey! Wot's yer game then, eh? I ain't goin' nowhere, mate! I'm 'appy 'ere, thanks fer askin'."", ""If I'd've known they'd be strappin' such 'eavy loads on me back, I'd've made out like I was a bloomin' cockatrice! Cor ... it ain't 'alf 'ard bein' a chocobo.""]",NPC
Final Fantasy XII,2006,Japan,Mummer,Male,"[""A travelin' mummer taught me this one. Used to live 'ere in the city, so 'e said.""]",NPC
Final Fantasy XII,2006,Japan,Nanau,Female,"[""You've come from the city? Our village may be small, but you are welcome here. Our village moves with the seasons. When the Rains come, Giza fills with water, so we cannot stay."", 'I sent my little brother to Rabanastre to buy a few things we needed, but he spent all the change before coming back. Can you believe it?', ""I thought my little brother had been working hard lately, but now i find out he's just been planning to sneak off to Kerwon. Can you believe it?"", ""Sometimes I fly off the handle when I'm talking to my little brother. But he's probably old enough not to be treated like a kid anymore. Then again, the way he's been acting, I can't rely on him for much of anything. Oh, what am I going to do with him?""]",NPC
Final Fantasy XII,2006,Japan,Nera,Female,"['Mjrn? Why do you ask after her? I am not she. What is it you seek?', 'To show interest in the world outside is forbidden by our laws, but a mind once open to the unknown will not be denied. Is this not what has brought you to us?', 'In truth I should not speak with you. But it is all right. The others do not concern themselves with my doings. Here I was born, and here I live. I do not think, though, that past and present need dictate the future.', 'The Green Word, the laws of our village, a future filled with ruin ... if we dwell on such weighty matters, we are like to collapse under the burden. There is no end that is not also a beginning. The sun will rise and fall as it always has ... this is enough for me.']",NPC
Final Fantasy XII,2006,Japan,Niray,Female,"[""Good day, bhadra. No ... no, it is not a good day, for my son has run away from home! Should you see him, please, tell him to come back. My son's name is Yrlon, you see. I'm afraid I was too harsh on him for breaking my prized bottle of Bhujerban Madhu ..."", 'Ronsen ... burg? Where have I heard this name before? Ah, yes! I remember ... No, no. I do not.', 'Basch? Who is that? Is he a nobleman? Is he a great man? ... Is he a bad man?']",NPC
Final Fantasy XII,2006,Japan,Nono,Male,"[""Don't you worry about the Strahl, kupo. I'll keep an eye on her. No, wait! Both eyes!"", ""Terrible news, kupo! When the Imperial fleet exploded over the Westersand, the Strahl was damaged! I'm gathering the parts I need to make repairs as quickly as I can, but it may take some time, kupo."", ""I've almost finished repairing the Strahl, kupo! I'm working morning, noon, and night ... shouldn't be much longer!""]",NPC
Final Fantasy XII,2006,Japan,Northon,Male,"[""I saw a real familiar lookin' man walk past just a while ago, and it's killin' me I can't remember who he is. Had an unkempt beard ... you know him?"", ""Watchin' Filo and her friends play at pirates reminds me of when I was a kid. We'd run around pretendin' we were real sky pirates – had a secret hideout and everything. Things were so much simpler back then."", ""Cotze sent ya? Wow, I'd almost forgotten about playing out in those storms ... but not completely. What ya need is a windvane to get through. Cotze and me had it split up into two pieces ... one each, get it? That way we could only go to our secret hideout together. But I buried my half. Head west in the Westersand and you'll come to a dead end with these giant dynast-cactuses. It's under one of them. Think you can find it? And remember, you're not lookin' for the windvane itself, just one of the two parts we split it into."", ""My half of the windvane is west in the Westersand, at a dead end under a dynast-cactus. They're big, round cactuses with yellow flowers on top. And remember, you're not lookin' for the windvane itself, just one of the two parts we split it into. Hope you find it!"", ""Well, we saw it with our own eyes. A strange sort of ... egg. And it wasn't long before it hatched."", ""That's because it is. Let me have a look ..."", ""There. This should let you make your way through the storm. Now you just need to decide whether that's really what you want to be doin'.""]",NPC
Final Fantasy XII,2006,Japan,Nutsy,Male,"[""I'm just a traveling moogle, trying to scrape by. I should be here while the Dry holds, kupo. But the monsters during the Rains are too scary! The Dry should last a while longer, but take care during the Rains, kupo. Those big lightning balls don't mess around. Would you like to buy a map, kupo?"", 'So long, kupo!', ""Be careful during the Rains, kupo, it draws out the lightning balls. I think they're elementals, but I'd avoid them, whatever they are."", 'An elemental was chasing me, kupo! The rain was pouring down, and I could feel my fur crickle-crackle when it came near. Horrifying! Would you like to buy a map, kupo?...', ""Have you ever seen an elemental, kupo? They come out during the Rains, all a-crackle. Whatever you do, don't touch one! Kupo!""]",NPC
Final Fantasy XII,2006,Japan,Old Dalan,Male,"[""Ahh, if it isn't Vaan Ratsbane. Come for a tip on how to skewer something bigger and in armor? By the east gate?"", 'Wise I may not be, but well-informed I am.', 'Do tell!', ""Not one to mince words, are you, boy. The Empire protects what's hers. That means the palace and all the treasures inside."", 'So our champion of the sewers aspires to noble action. Admirable. Perhaps I can help you. Ah, now that I think on it, there was a rumor, yes. A secret passageway into the palace vaults, a door, and a magicked stone to open the way.', ""Eh? Oh, I've had it for years. If I can remember where I've tucked it away ..."", 'Not much of a listener, are you ... The Crescent Stone has lost its magicks. Without the power of a sunstone, it will be of little use.', ""You seek Giza Plains. Speak with the nomads there. You will find your sunstone. Leave by Southgate and continue south. Their village is not far. There are like to be beasts on the plains, so be careful, m'boy."", 'I need that sunstone, Vaan. You should start by talking to the nomads on the Giza Plains. If you leave by Southgate, their village is not far.', ""Oh ho! So you've got a sunstone, have you? Hand it over, m'boy, and I'll use it to give the Crescent Stone back its magicks like I promised."", 'Now you\'ll be wanting to know how to sneak into the palace, eh? First you go to Storehouse 5. You know the one. Two doors she has. Now the right takes Vaan Ratsbane to his territorial hunting grounds in the sewerbottom ... But that\'s not the way you\'ll go. No, you\'ll take the left door, down into the Garamsythe Waterway. The waterway leads to a stair, the stair to the palace cellars. That\'s your way in. But don\'t go counting your gil just yet, m\'boy. Getting into the palace was the easy part. The way into the treasury is carefully hidden. That\'s where this Crescent Stone comes in. The magicks it bears can open the hidden door to the treasury, you see. Listen, Vaan, for the words I shall speak are most important, and not to be forgotten. Do you understand? ""The signet yearns for sunstone\'s strength, to light the clouded way."" Once in the palace, you\'ll find the signet tile. Very important. Give to it the sun\'s power, and it will light your path. Very well. Oh, a warning: be aware that if you\'re caught ... you\'ll spend the rest of your short life rotting in the Nalbina dungeons. So, look sharp, m\'boy. And don\'t go running off before you\'re ready. Plans freshly hatched have a habit of tumbling from the nest ... straight into the hunter\'s stewpot.', 'Need to hear the way in once more, do you?', 'First you go to Storehouse 5 – you know the one. Two doors she has. The right takes you to your territorial hunting grounds in the sewerbottom, but you\'ll take the left door, down into the Garamsythe Waterway. The waterway leads to a stair, the stair to the palace cellars. That\'s your way in. But don\'t go counting your gil just yet, m\'boy. Getting into the palace was the easy part. The way into the treasury is carefully hidden. That\'s where the Crescent Stone comes in. The magicks it bears can open the hidden door to the treasury, you see. Listen, Vaan, for the words I shall speak are most important: ""The signet yearns for sunstone\'s strength, to light the clouded way."" Once in the palace, you\'ll find the signet tile. Give to it the sun\'s power, and it will light your path.', ""Be careful, m'boy. Go getting yourself in trouble, and the ones who care about you also suffer. Think of that before you do anything rash."", 'Well, well. Look who we have here! Heard you were sent off to Nalbina?', ""My, my, my. Quite a treasure you've got there."", ""So, there is more to this gutter-churl than first meets the eye. Vaan, I've an errand: a simple favor to beg of you. I was going to ask that Kytes to go, but I should think that you ought to do. No – no I think you're just the one. There's a fellow by the name of Azelas, and I need you to bring this sword to him."", ""Speak my name when you arrive. That should be enough to get you in to see him. I've made a note on your map showing you where he can be found. Mind you, you are to deliver the sword to him personally."", 'You can just leave that to me.', 'And so it is done. But will it be enough to remind him of what the Order once meant?', ""Well, m'boy? The mark on your map not big enough for you? I should think you know the North Sprawl well enough, no?"", ""I was just about to look into this Penelo business, and – what? Kidnapped!? So you're off to the Lhusu Mines with this sky pirate then, are you? Why, that's in Bhujerba ... Can he even be trusted? No time to worry over that now ... Listen to me, Vaan. You must hurry to Penelo. And be careful. Careful for both your sakes."", ""The garif? Let me think ... Yes, I have seen the garif here in Rabanastre, though it was long ago. Hm. I can't remember when the last time was. They live in the southwest of Ozmone Plain, to the south of Giza."", ""Mt. Bur-Omisace? Let me think ... What could you possibly need to go there for, m'boy? Well, it's none of my business, I suppose. The Gran Kiltias Anastasis leads the Light from Bur-Omisace. He is a wise man, said to find hidden truths in his dreams."", 'I can tell there is something you want to ask me, but you hesitate. Not sure whether you can tell Old Dalan your troubles, eh? Listen to me, Vaan. If you trust in yourself, and do what you feel is right, you will not fail. There is no better advice I can give than that.', ""So, you go now to Archades, do you? And afoot, no less ... Let us see ... that would take you first north, through the Mosphoran Highwaste. This will bring you to the Salikawood. There you must pass through a great gate on its eastern border before continuing further east still. I won't even ask what takes you to Archades ... I ask only that you do nothing I would not do, heh heh."", 'Giruvegan, you say!? Sadly, even I have little to share with you about such a place. I know it lies deep within a forest ... and nothing more. Vaan, tell me ... what exactly are you up to?']",NPC
Final Fantasy XII,2006,Japan,Otto,Male,"[""You think you might ... . not stare at me? I'm in the midst of a very important conversation.""]",NPC
Final Fantasy XII,2006,Japan,Panamis,Male,"[""We've many fine armors to choose from. If you see a piece you like, there's no time to buy like the present!"", ""Interest you in a piece of armor? If there's aught to your liking, I'll have it brought 'round. But don't dawdle, I've plans for the evening."", ""We've a fine assortment of armors for the choosing. There's sure to be something to tickle your fancy! Why, that's a most unusual stone you've got there! Don't suppose you'd be interested in sellin'? N-No, what am I saying! If I go off buying odd knickknacks again, me mum will have a fit! Now, where was I? Ah, yes! Armors! Armors for the choosing!"", ""War is in the air. Best buy what you need while there's aught left to buy!""]",NPC
Final Fantasy XII,2006,Japan,Penelo,Female,"['What do you mean, ""yours""? You\'ve been stealing again. What happens if they catch you?', ""We need you to be there for us, Vaan. You're no good to anyone if you're locked away in a dungeon!"", ""I thought this money was the people of Dalmasca's property. The Imperials stole it from us, so it's only fair that we take it back. It's our duty as Dalmascans. Well, wasn't that what you said?"", ""This is for that bread you took the other day. Just because I help Migelo out every now and then ... it doesn't mean that you get to eat for free, too, you know."", ""Well, be careful. You'll never fly anything if you're rotting in a dungeon!"", 'Oh, Migelo had some errands that need doing. He wanted you to drop by his place. It might be a good idea to lend a hand.', ""Migelo seemed like he was in a hurry. He's probably still at the shop ... better not keep him waiting too long."", 'Did you finish the chores Migelo set you to already?', ""Right. Now's our chance to go through."", 'Vaan! Wait!', 'What is it? Vaan?', ""Vaan, you just do not get it, do you. He's not doing it because he wants to. You know what would happen if he didn't?"", 'So, what would you do different?', 'Vaan?', ""Vaan! You haven't heard a single word I've said, have you."", ""This place has changed so much. It's like it's not even Rabanastre anymore. Like the Empire is swallowing it whole."", ""Are you crazy? It's in the palace, and we don't have an invitation, if you hadn't noticed."", ""As if I'd know. Why not ask Migelo to get you in? Or go see Old Dalan in Lowtown. Why the sudden interest, Vaan?"", ""Oh please! You know as well as I do the first thing you'd buy is an airship! All hail Vaan, sky pirate of Dalmasca! It's got a nice ring to it! Stay outta trouble!"", ""Migelo's out getting ready for the fete. Do you think he'll really call the new consul by his first name? I think he'd sooner die."", ""I could ask you the same! Though the answer's pretty clear: no good."", ""Hmm. Is that right? So, then, you wouldn't mind if I, say, tagged along, would you? Oh, don't worry. Migelo's busy with preparations for the fete up at the palace. Why, I'm free for the whole day. Well? Let's get going!"", 'Hey, Vaan. Let me give you these before we go. There are all sorts of monsters out there, so you can never be too careful!', ""So far you've been traveling by yourself, but now that I'm here we can travel as a party. You can give commands to allies in your party just like you've been doing for yourself up to now. I'll make my own decisions about what to do, too, but you can also give me specific commands and I'll take care of those first. Got it?"", ""Oh, one more thing! If you don't want me to fight on my own, you can always turn my gambits off. With my gambits turned off, I won't do anything until you give the word. You should really think about using gambits for yourself, you know. They can make managing a battle a lot easier."", 'Well, you ready to go?', ""Vaan, wasn't Jinn supposed to be somewhere to the south of the village? If we work our way around, we should find him!"", 'So this is what the kids on Giza Plains do to make their way ... Maybe one of them will take you on as an apprentice.', ""Let's take it back to Jinn and see what he says. I hope we did it right."", 'Hey Vaan?', ""It's been a long time since we did anything together. Too long. I had a really good time. Well, I should probably get back to the store. Actually, I was kind of supposed to be watching the place for Migelo. And, Vaan – Try to stay out of trouble. For me? I don't know what I'd do if you weren't here. If something happened to you."", ""That's what I wanted to hear. See ya later."", 'Wait!', ""He didn't know what he was doing! You have to let him go! You have to!"", 'I told you!', 'Leave him alone!', 'I keep trying to tell you, I barely even know who Balthier is!', ""That's what I'd like to know! I just met him that one time and that's it!"", 'Where are you?', 'O-Of course.', ""So Vaan really is all right. I didn't think I'd ever get to see him again."", 'Thank you.', 'What?', 'He frightens me.', ""I'm sorry. He is your brother. It's just -- you don't understand how much we lost to the war. My friends, my parents."", 'But how? How can I trust you?', 'Vaan!', 'Thanks.', 'What was that?', ""Can't we go faster?"", 'Balthier, your handkerchief. I thought you might want it back.', ""Then I'm coming too."", ""Don't leave me here!"", 'Happy you get to teach me something for a change?', ""So, where exactly is Raithwall's tomb?"", ""You don't have to worry about me. I'm tougher than I look."", 'Incredible ...', 'Fog? Underground?', 'You can see the Mist? With your eyes?', 'So, is the Mist dangerous?', ""I'll keep that in mind."", ""Can't count on Vaan to keep track of these things. That's for sure."", 'The nethicite?', ""What's wrong with her?"", ""What's that?"", 'Larsa?', ""I bet they'll be glad to see you after so long."", 'Try to grow up, please.', ""Sure, it's right here."", ""I'd always thought of it as a sort of good luck charm. And even if it is dangerous, on Leviathan it kept us safe."", 'Wait - what about Larsa?', ""But what about once we're inside? Won't the city watch find us?"", ""You're gaping like a fish out of water."", ""You've changed, Vaan. You were always marching to your own beat ... almost like you were impatient, even. In a good way."", ""You always were a soft touch, Vaan. You know what's amazing? I thought I'd go my whole life without meeting people like the Princess, or Lord Larsa. And here we are in the capital!"", ""That wasn't a complaint, was it, Basch?"", ""Hey, don't change the subject!"", ""What? That's crazy!"", 'Right.', 'What is it, Fran?', ""So we're not going inside?"", 'What is it?', ""I can't shake the feeling we're somewhere we're not meant to be."", 'Exciting?', ""I've never seen this much Mist. Are you all right?"", ""Um ... Does anyone know what happened to Dr. Cid? Wasn't he saying he'd be here?"", ""But wait — if we got a hold of the nethicite, wouldn't that be bad for the Empire?""]",PC
Final Fantasy XII,2006,Japan,Pilika,Female,"['Oh dear, kupo ... I have ... (sigh) I cannot tell you. You are a stranger.']",NPC
Final Fantasy XII,2006,Japan,Popol,Male,"[""When will I ever get to sleep ... It's the same voice ... Always the same ...""]",NPC
Final Fantasy XII,2006,Japan,Queen of the Urutan,Female,"['You shame us by seeking aid outside the tribe! Urutan-Yensa are lords and masters of the great sea! We seek the aid of none!', 'Your words are the howling of the sand to my ears! I condemn you to dust!', 'Those who sully our name will be punished, be they foeman or kin. They must pay the honor-price. There can be no forgiveness! I would destroy you, too ... but I am merciful. Better you live to tell the world that the Urutan are not to be taken lightly. Now, leave!']",NPC
Final Fantasy XII,2006,Japan,Rael,Female,"['What errand have you with Mjrn? What errand could you have? You should leave before aught ill comes to pass. For your sake, and our own.', 'You have spoken with Jote. The wood-warders brook no trespass within the village. Leave now, and do not look back.', 'We have known of the humes in the magicite mines. They fear us, and have not disturbed the Wood. We keep watch on them, but we do not interfere. Mjrn knew of this, but this was not enough for her. She left the Wood.', 'There are those who blame Jote for the deeds of her sisters. As elder, she must always defend the village. Until now, diligently she has. But she is not alone. We wood-warders stand at her side. Together we defend the Wood.']",NPC
Final Fantasy XII,2006,Japan,Raminas B'nargin Dalmasca,Male,"['Impossible!', 'Secure Nalbina with all haste.', 'Galtea stand watch over your life.']",NPC
Final Fantasy XII,2006,Japan,Rande,Male,"[""What is it you want? We're in the middle of a personal, and rather important, conversation. Get lost, why don't you."", ""Enough is enough? Hah! Will you listen to her? Ann, I tell you, you defy all reason. What sane woman would decline a proposal of marriage from a man of my birth, stature, incomes, and obvious charms? Can your mother really mean all that to you? I've told you a thousand times, you must forget these people back in Old Archades!"", ""You seem to share your sisters' dislike of the noble House Lirschell. But what grudge could you possibly harbor against us?"", 'Yes, yes ... your passengers ... An idea comes to mind. Might I interest you in a game of sorts?', ""Last year for your mother's name day you and your sisters each sent her a gift you'd found along the routes you work, yes?"", 'This year, I propose that you each gather a flower for your mother, and that this boy here informs each of your sisters of the arrangement. If he can deliver the message to every one of them, my brothers and I will abandon all hope of marriage to you and your sisters.', ""She has a point. Six ships, six sisters ... quite a lot of work for someone we don't know. Better to forget the whole business. And me? I'll begin making the necessary preparations for our wedding."", ""I can't remember the last time I had more fun. Already visions of you and your sisters joining the noble House Lirschell fill my mind.""]",NPC
Final Fantasy XII,2006,Japan,Rasler,Female,"['My father?', 'And I will go at his side.', 'That I be considered worthy.', 'No! The paling still stands!', ""The paling's fallen!"", 'For my father. For my father!', 'A marriage of convenience. A symbol of the alliance between Nabradia and Dalmasca. This is how they see our match.', 'These roles we play... I must admit I find it wearying.', 'I would have no other.']",NPC
Final Fantasy XII,2006,Japan,Raz,Male,"[""I've got me a nose for ill intent. I'll take the measure of 'im."", 'Arr ... aye ... not bad at all! He measures up quite nicely. This one means no harm to Lord Reddas.', 'Aye, he speaks of the hidden trial of the Feywood, which must be passed to open the gate to the holy land of Giruvegan.']",NPC
Final Fantasy XII,2006,Japan,Reddas,Male,"[""Ah. My apologies. You bear not the stench of Cid's lackies."", ""Yes, a valuable man, one I'd sooner not lose. Yet he knows too much."", 'Cid. You know deifacted nethicite brought down the Leviathan! How can you persist in this folly?', ""Lend him not your ears, m'lady. He means to use you."", 'Mayhaps you think me remiss! The Lady Ashe of Dalmasca?', 'The sky pirate Reddas, at your employ.', 'A city of men without countries. Pirates of the sea and of the sky. Few are they who would fain lay down their lives for a friend, let alone a king.', 'The time approaches when he must make his position vis-a-vis the Empire clear. When he helped you off the Leviathan, he spited the Judges full sore. He cannot sit in idleness and expect to avoid a reckoning. The Marquis shares my distaste for war ... yet if it comes to it, he will show no quarter.', 'Yet Vayne holds the nethicite. What makes you think he would treat when he holds such lower? Power enough to sink the Leviathan.', 'I have not said I would give you the Midlight Shard.', 'Then you would ally with Rozarria.', 'Then you seek the Jagd Difohr. Deep within the jungle of Golmore, there is a corner of the Feywood where a Mist-storm surges and seethes.', ""Cid's words rang hollow to me. I will follow another course."", 'I could well say the same to you, pirate.', ""Ah, Vaan! I've had some of my men check on this Feywood. Best ask what they've found."", 'Fly first, ask questions later. Your apprentice is more pirate than you.', 'Princess Ashe! I would hear your heart. If Doctor Cid has spoken the truth, you may well be rewarded with more nethicite in Giruvegan. Tell me: do you still desire the Stone?', 'Do not forget Nabudis. That is my only counsel for you.']",NPC
Final Fantasy XII,2006,Japan,Reks,Male,"['Reks, sir. My name is Reks.', ""I'm fine, sir."", 'Seventeen, sir.', ""My brother is all I have left, sir. He's two years younger than I, living in Rabanastre."", 'No, sir. I want to fight. For my homeland, and for my parents.', 'Captain?', 'What if Captain Azelas has fallen?', 'Is His Majesty unharmed?', ""Sir! We have little time! You must go to the king! I'll handle these!"", 'Your Majesty ...', 'Captain, why? Our King – What have you done?', 'Vaan ...']",PC
Final Fantasy XII,2006,Japan,Relj,Female,"['Alone ... Leave me alone. The hearts of humes are weak. I dare not grow close to them, lest mine grow weak as well.', 'Just when I began to grow close to them, they started killing each other. It is as I feared ... Hume behavior is savage and ugly.', 'I turned my back on my home to see the world of the humes, and what I found was slaughter and despicable weakness.']",NPC
Final Fantasy XII,2006,Japan,Rena,Female,"['Mjrn ... her visage darkly clouded. A child of many gifts and much promise, yet she cannot bring her fierce spirit to heel. Ever do the storm clouds follow her ... but why?', 'I would join my fellow warriors, but apprentices are not permitted outside the village. It is a hardship for me. What has become of Mjrn ... ?', 'Mjrn has returned, but still a weight presses upon my heart. Why is this so? Is she ... different, somehow? Is there something I might do to help her?', ""Betrayal begins with but a thought of the world beyond the Wood. This is why we fear its call. What found Mjrn in that beyond? Please, visit us no more. For Mjrn's sake, if no other.""]",NPC
Final Fantasy XII,2006,Japan,Renn,Male,"[""What's all this!? Are you ruffling my feathers?"", 'Tell me: has Chit returned home?', ""Why, yes! I can smell her pungent plumage on you even now! If you'll pardon me, I'm going to make for home at once. Do visit me in Giza, will you? Oh, and take this. A small token of my gratitude for everything you've done. Farewell!"", 'I knew the answer before you spoke a word. Had you met her, you would bear traces of her pungent plumage.', ""You must forgive me. Since departing my home on the Giza Plains, I've been gripped by the most terrific paranoia. As it happens, I recently came of age, whereupon I found myself in dire need of a mate. Sadly, Giza's candidates were ... underwhelming. So I quit those desolate plains, and soon found myself set upon by beasts intent on eating me, humes intent on selling me — barbarians all! Then it all became clear: Chit. She was the one! If she had returned to the plains, then I, too, would go home!"", ""Whats this? Have I told Chit how I feel yet? I should say not! That's not the way a gentleman goes about such things. Harumph!""]",NPC
Final Fantasy XII,2006,Japan,Riby,Male,"[""Can't turn around without running into an Imperial today. Times like this, it's best to just keep your head down and stay outta trouble."", ""I didn't understand a word of that speech, but I'll get Old Dalan to explain it to me. There's no one knows more than he does!"", 'Vaan, is that you? I\'m surprised to see you here. All I\'ve heard out of Penelo lately is ""Vaan\'s GONE!"" She\'s been miserable. You should really go see her.', 'I had no idea Penelo had been kidnapped ... And to think, you were off rescuing her! I knew we could always count on you, Vaan!', ""Seems like you've been keeping pretty busy lately. Penelo's been with you, right? Just make sure you two be careful. We don't want anything to happen to you, okay?""]",NPC
Final Fantasy XII,2006,Japan,Rikken,Male,"[""Ah, our guest. If you've finished talking with Lord Reddas, I suppose you'll be wanting to hear about the Feywood."", ""These people? I see only a boy. And it's by Lord Reddas's command. If you have concerns ..."", ""Your concern's duly noted. I, for one, plan on following Lord Reddas's orders."", 'I apologize. Pay her no mind. Now, where was I? Ah, yes. South of the vast Golmore Jungle in Kerwon there lies a place known as the ""Feywood."" The Mist there is far denser than most, and even should you make it through that, there\'s no guarantee you\'ll make it past what lies beyond.', 'South of Gilmore Jungle in Kerwon lies the Feywood. Past that, the holy land of Giruvegan.', 'Hey, care for a bit of sport?', 'Let the tier 1 race begin!', ""Nice, very nice! First place! Here's your prize!"", ""You've got a ways to go before you can hope to best us."", 'Right. More important things to do!']",NPC
Final Fantasy XII,2006,Japan,Rimzat,Male,"[""Hha! I've been waiting for some time. You see, I am in need of assistance. Please, hear my words. I have been sent from Archadia to study the sandstorms of the Dalmasca Westersand, but the storms' violence makes such study ... impossible. There is a place in the desert, at the end of a long trail that winds through the north. Mayhap you know it. That is the site of my study. But before the wrath of such a storm, I can do nothing. This is why I seek help. Will you help me?"", 'Thank you, my friend! I have made no progress on my own. I would like you to start by gathering information within Rabanastre. My own inquiries yielded little. There is one man who knows more than he will say. He sits atop the fountain in the plaza. He does not care for the Empire, so he will tell me nothing. Perhaps you will have better luck. I will be waiting to hear what you find.', 'Have you learned aught of the sandstorm in the Westersand? There is a man named Cotze, who sits atop the fountain in the plaza. He knows something of this, but when he learned I was from Archadia, he would say no more. Perhaps you will have better luck.', 'Hello there! You are looking well! It is me! The one sent to study the sandstorms in the Westersand ... do you not remember? As you can see, I am on holiday at the moment. Nothing came of my commission, but thankfully my other work has kept me busy ... Aah? The sandstorm has died down, you say? When you defeated the Earth Tyrant? Well, that deserves a hearty round of congratulations! I knew you would make it far! After all, you had me to guide you, yes? But you should have told me sooner! Mayhap there is a bonus in this for me ...', ""Hha! I have been waiting for some time. You see, I am in need of assistance. Please, hear my words. I have been sent from Archadia to study the sandstorms of the Dalmasca Westersand, but the storms' violence makes such study ... impossible. There is a place in the desert, at the end of a long trail that winds through the north. Mayhap you know it. That is the site of my study. But before the wrath of such a storm, I can do nothing. This is why I seek help. Will you help me?"", 'Thank you, my friend! I have made no progress on my own. I would like you to start by gathering information within Rabanastre. My own inquiries have yielded little. There is one man who knows more than he will say. He sits atop the fountain in the plaza. He does not care for the Empire, so he will tell me nothing. Perhaps you will have better luck. I will be waiting to hear what you find.', 'I am sorry to hear that. I must confess, I am at a loss as to how to proceed ... If you change your mind, I will be here.', ""Aah, have you reconsidered my request? I'm still looking for help. There is a place in the desert, at the end of a long trail that winds through the north, where a sandstorm rages. It is the subject of my study. But before the wrath of such a storm, I can do nothing. I want you to assist me."", 'Will you help me?', 'Have you learned aught of the sandstorm in the Westersand? There is a man named Cotze, who sits atop the fountain in the plaza. He knows something of this, but when he learned I was from Archadia, he would say no more. Perhaps you will have better luck.', ""Did he speak with you? Good, good. Don't let me interrupt your search."", 'I do not believe it!', ""After the help you've given me, it pains me to say, but I've been relieved of my commission to study the sandstorms. Lack of results, they said ... I've nothing to give you by way of reward ... Pray, keep the windvane instead. Mayhap you will learn the secret of the sandstorm where I could not ... May your travels be safe.""]",NPC
Final Fantasy XII,2006,Japan,Rinok,Female,"['I have, my brother. She eats well.', ""There's no fun in it if we can't tease out a scream or two!""]",NPC
Final Fantasy XII,2006,Japan,Rithil,Male,"['Svagatam ... welcome ... Armor, not arms, is what we sell. Battle takes more than just a blade ...', 'Svagatam ... welcome ... Protectives ... protectives ... Why does Targe get all the business? What does he have that I do not?', 'Svagatam ... welcome ... Protectives ... protectives ... Why does Targe get all the business? Am I doing something wrong?', ""Svagatam ... welcome ... Protectives, bhadra? 'Tis a dangerous world ... armor is what you need. (sigh) But you'll probably buy weapons first ...""]",NPC
Final Fantasy XII,2006,Japan,Roaklo,Male,"[""Sorry, but could you come back later? Gotta finish work, or I can't play!"", ""Jinn still isn't back? Masyua's gonna let us have it for sure. I knew he shouldn't have – nothing. Never mind. Well, ya see, Jinn and Tott kinda got in a fight. Then while they were busy fighting, a werewolf came along and ... I hope he's okay."", ""Jinn and Tott started fighting near one of the crystals. We were all caught up with the fight, and that's when the werewolf came. We got split up while we were trying to get away ... Shoulda been more careful, I know. Now I have my sister mad at me, and Masyua, too! I think they're going a bit too hard on me."", ""Seems like everythin's costin' more these days. I gotta have more money if I'm gonna buy anythin'. Would you, uh, talk to my sister for me?"", ""I really wanna go see Ozmone Plain. I hear there are all these old ruined airships just waitin' to be explored ... I get excited just thinkin' about it!"", 'I really wanna travel. See strange places, talk to all sorts of people ... But before I can do that, I gotta convince my sister I can take care of myself. Whaddaya think? Does she trust me?']",NPC
Final Fantasy XII,2006,Japan,Ruksel,Male,"[""Quite a tale, that one. And you've some tales of your own, piloting the boat all by yourself! I knew you'd got the river in your blood!"", ""We can only hope so. Still, they're a prickly lot. Can't imagine they'd give up that easily. (hearing a noise) Whoa, what's that!?"", 'That is the leader of the cactoids.', ""Stay back, Tchigri! They're just trying to find their son."", ""That's right, they're a cactoid family. The eldest son, Dran, went missing, and they set out to find him. They came to our village along the way. Nothing but bad news, this Dran. He's part of a cactoid clan terrorizing the desert. There's even a bounty on his head. This one here's the matriarch of the family. She's been searching high and low for him. Wants to bring him back home and set him straight. But they couldn't find Dran anywhere in Dalmasca. That's why they needed us. She forced us to guide them to the lands beyond the desert. The Mosphoran Highwaste, the Salikawood ... even the Necrohol of Nabudis. I'd given up hope of ever making it back. And after all that, we still couldn't find him! So they brought us back here - for now. But who knows when they'll drag us off again?"", ""I don't think he's to the north of the river. We must've looked under every stone between here and Archadia. As for the south bank, well ... We weren't about to lead the cactoids there and get you and the others mixed up in this, too."", ""I never figured on you coming to rescue me ... But there's no time for that now! We'll keep 'em busy while you search the south bank for Dran."", ""Hello there! I'll never forget your help with those cactoids. I've got my son piloting the ferry, and I ... I have a lot of time on my hands. I'll have to find something to do with myself. Any ideas?""]",NPC
Final Fantasy XII,2006,Japan,Sadeen,Male,"['South of ... Starfall Field ... There. The plain ...', '...']",NPC
Final Fantasy XII,2006,Japan,Samal,Male,"[""Fighting against the Empire is all well and good, but it's not enough. You've got to find something more to live for. A dream to follow. I don't know what kind of world he'll grow up in, but so long as there are people who follow their dreams, it can't be all that bad."", ""I can't believe he's still alive ... Sorry, just talking to myself. Promise me something, would you? No matter how hard things might get, never give up. So long as you don't give up, there's still hope."", ""People think being a sky pirate is all riches and adventure, but the reality is far different. Your life is always at risk, you never know peace. You are free, I suppose. But it comes at a steep price. Your fate, succeed or fail, is entirely up to you. So what does it mean to be free? That's the real question. Running to escape your troubles won't make you free. It never can.""]",NPC
Final Fantasy XII,2006,Japan,Sassan,Female,"[""I wanna see Torrie, but I ain't goin' nowhere near that bleedin' Nathyl. I ain't thick!"", ""I wanna see Torrie, but I ain't goin' nowhere near that bleedin' Nathyl. I ain't thick!"", ""Nathyl ain't nowhere to be seen! Now there's nuffink stoppin' me from poppin' over to the north Bank an' seein' Torrie!"", ""I bloomin' missed ya, Torrie! Wot's it gonna take to get ya to settle down wiv me, eh?"", ""Wot's Terra got to do wiv it? This is between you an' me, Torrie. Yer always tryin' to avoid it, but enough's enough! It's time to listen to yer 'eart!"", ""I'm yer fav'rite? 'Onest? Sure yer ain't pullin' me leg? Ya don't fancy Renn or Moomer?"", ""Yer 'ear that!? I'm only 'er blinkin' fav'rite! Me! Hoo hoo hoo! I betta 'urry back to Giza an' announce our plans fer the weddin'!"", ""I'll be waitin'! Can't 'ardly wait to see the look on ev'ryone's face when I give 'em the good news, though! Hoo hoo hoo! Thanks fer yer 'elp, son! I'd never 'ave gotten close enough to propose wivout ya! 'Ere's a little summink fer yer trouble!"", ""'Ave yer 'eard? Torrie said as she'd marry me! We'll make the 'appiest couple in the 'ist'ry o' the plains!""]",NPC
Final Fantasy XII,2006,Japan,Sherral,Male,"[""Don't mind me, boy. Just inspecting the weapons. Have to be sure nothing inappropriate is making its way to the average citizen, am I right?"", ""Fortunately, His Excellency the Consul has arrived without incident. Naturally, I kept up my weapons inspection throughout the ceremony. A moment of weakness or indiscretion can undo a lifetime's work. History's replete with examples of such. Our duty is to enforce the law unerringly."", ""These weapons inspections may not seem like much, but they're vital to restricting the supply of arms to insurgents and other undesirables. What would happen if powerful weapons should find their way to the insurgents? War, that's what. So must we be ever vigilant."", ""In addition to my inspections, I've been assigned patrols as well. The combat can be trying, I'm not ashamed to admit. I suppose I had let myself grow soft ... Mayhap this is just the proper medicine."", ""We've received orders to stockpile weaponry, but the Empire's got enough trouble maintaining order as it is. People trust us little enough already. We'd only be throwing fuel on the fire. That's why I've decided not to purchase a single thing. Duty or no, I must answer to my conscience.""]",NPC
Final Fantasy XII,2006,Japan,Shifty-Eyed Man,Male,"[""There's nothing for you here, boy. Shopping the Outfitters is a privilege, see."", ""Know where the Alley of Muted Sighs got 'er name? See, there's two kinds o' people 'ere: them as want to go up to the City ... An' them as want to keep those people down 'ere where they belong, tellin' 'em lies, an' spreadin' misinformation to confuse 'em. Them poor ones wot never made it up ... they're the ones wot are sighin', see? You ... weren't 'eaded up to the City, were ya?"", ""Its important time grab wotever information comes yer way ... but just as important to know Wot ya can and can't trust. Who, me? Heh heh! Oh, you can trust me, son! You can trust me...""]",NPC
Final Fantasy XII,2006,Japan,Shurry,Female,"[""'Allo! Shurry's me name an' peckin' at stuff's me game! Ha ha! Nah, not to worry, I ain't gonna peck ya! Just 'avin' a laugh, innit. Me? I live wiv the nomads back in Giza, norm'ly, I mean. But I got it inta me 'ead to find out 'ow the other 'alf live, so I thought I'd come 'ere. Di'n't realize 'ow far it was, but I got 'ere in the end, an' met a load o' them nice garifs. Cor, wot about them masks, eh!? Wish I 'ad one!"", ""Them sweets wot that garif bloke gave me fer bring back 'ere smelled so good, I 'ad 'em on the way. Ooooh, they was summink else, darlin'! Gorgeous don't do'em justice, I can tell ya!""]",NPC
Final Fantasy XII,2006,Japan,Stok,Male,"[""Listen good, boy. I don't hate your kind, I just hate you. See? So do us a favor and leave us be, eh?"", 'So it was you what bagged the mandragoras up Sochen way? Hah! Never woulda guessed it. Go talk to the Huntmaster.', 'If yer here to hunt, then get yerself over to the Huntmaster!', ""Feh! A boy like you takin' the test? Huntmaster's gone soft, he has. Pah!"", ""So ye passed yer test. What of it? Bah. Suppose I'll have to tell ye a bit 'bout what it is we do here at the Hunt Club. Now listen up, this is what I want of ye. There're rare game out there what've mutated. They're a meaner 'n' nastier than even me. Yer usual marks, people want 'em dead after damage has been done, but we want ye to find these rare game 'fore lives are lost, see? These rare game, they aren't going to make it easy for you. Ye have to find 'em and bring 'em down before you know they're rare for sure ... if they drop a trophy when they fall, congratulations, ye've just found yerself rare game. Now, you bring them trophies back here when you get 'em. We won't pay you straight, like with them usual hunts, but you'll get yours. See, if ye bring in enough trophies, we'll put things out at the Outfitters for ye to buy. Give 'em to me, and I'll stock up on sundries. ...Ye could give 'em to my brothers, too, but that's be a sure sign o' poor taste. So, how 'bout it? Ye want to join the hunt? Say yes, and I'll send you on your way ... and you can turn them trophies in to whom ye please. 'Course, ye'd better please me. Well? Ye ready?"", ""So yer goin' to do it, after all? Pah. Waste o' time, I'd say, but in the unlikely event you do get a trophy, you bring it here to me. Anything you don't understand, you ask the Huntmaster. Don't bother me with your whining."", ""Right. I didn't figure you had it in you."", ""Harrumph? I don't see no trophy. Don't waste my precious time, boy."", 'If yer here to hunt, then get yerself over to the Huntmaster!', ""Feh! A boy like you takin' the test? Huntmaster's gone soft, he has. Pah!"", ""So ye passed yer test. What of it? Bah. Suppose I'll have to tell ye a bit 'bout what it is we do here at the Hunt Club. Now listen up, this is what I want of ye. There're rare game out there what've mutated. They're a meaner 'n' nastier than even me. Yer usual marks, people want 'em dead after damage has been done, but we want ye to find these rare game 'fore lives are lost, see? These rare game, they aren't going to make it easy for you. Ye have to find 'em and bring 'em down before you know they're rare for sure ... if they drop a trophy when they fall, congratulations, ye've just found yerself rare game. Now, you bring them trophies back here when you get 'em. We won't pay you straight, like with them usual hunts, but you'll get yours. See, if ye bring in enough trophies, we'll put things out at the Outfitters for ye to buy. Give 'em to me, and I'll stock up on sundries. ...Ye could give 'em to my brothers, too, but that's be a sure sign o' poor taste. So, how 'bout it? Ye want to join the hunt? Say yes, and I'll send you on your way ... and you can turn them trophies in to whom ye please. 'Course, ye'd better please me. Well? Ye ready?"", ""So yer goin' to do it, after all? Pah. Waste o' time, I'd say, but in the unlikely event you do get a trophy, you bring it here to me. Anything you don't understand, you ask the Huntmaster. Don't bother me with your whining."", ""Right. I didn't figure you had it in you."", ""Harrumph? I don't see no trophy. Don't waste my precious time, boy.""]",NPC
Final Fantasy XII,2006,Japan,Sugumu,Male,"['Ah ... a hume-child. It is unusual for your kind to visit us here on our knoll. Have you come to speak with the Great-chief? He is in the meeting place before the bridge. You will know it by the guards standing at the entrance.', 'There is a creature wandering about the Zertinan Caverns that is surely to be posted as a mark ... if it is indeed not already being hunted.']",NPC
Final Fantasy XII,2006,Japan,Supinelu,Male,"['They are wayfarers. They bring no harm. I saw them cross the Ozmone Plain. They are warriors of great distinction. The fiends of the plains troubled them not at all.', '... ... ..', '...What business have you with the garif?', 'Let them pass. The responsibility will be mine.', 'Ah, I have not made introductions. I am Supinelu, War-chief of this village. We garif have been friends to all since long ago, however, lately the hume world is in much turmoil. We must protect our village, and our people. As War-chief, and protector of our village, I ask you: Why have you come to this land?', 'Hmm ... I see. So you too have come to ask about the nethicite. You must speak with the elders. Though our masks may make it difficult for you to tell us apart, walk through the village and look with your eyes, listen with your ears.', 'Have you learned of the Stones? Perhaps if you asked the elders, they might have wisdom for you.', 'That which you carry, is it a jaya stick?', 'The High-chief has given this ... to me? I shall receive it. I thank you for bringing it to me. Now, did you learn what you wished? No, do not tell me. It is written clear upon your face. So, even the High-chief could not help. Then, you must meet with the Great-chief.', 'Yes, it is true. The Great-chief may know something that would aid you. Yet, arranging an audience may be quite difficult ...', 'So you have learned nothing of the Stones? To think that even the High-chief did not know ... Then, you must meet with the Great-chief.', 'Yes, it is true. The Great-chief may know something that would aid you. Yet, arranging an audience may be quite difficult ...', 'Do you have proof of your heritage?', 'Hrm ... I have looked into your eyes and seen that you speak the truth, hume-child. I give you my trust. The Great-chief is ahead, across this bridge.', 'The Great-chief is across this bridge, at the meeting place. Walk softly, friend. Ah? You wonder about the stick? If you wish to know more, ask the High-chief. Do not ask me about this matter.', 'So, you will leave.', 'Take this as a token of our parting.', 'If you would ride a chocobo, you may. I have spoken with the moogle. She will not charge you for your first use of the chocobos. Take care on the road ahead. Should it lead back to our land, you are welcome guests. Spirits of the land watch over you.', 'Mt. Bur-Omisace lies far to the east. It will be a long journey to its paths. Walk softly, for in foolhardiness lies doom.', 'These men among us, these Judges, came here to protect someone important from Archadia. And now I hear this person will accompany you. The Judges will soon leave us too, and quiet shall return to our village.', 'You who walk the paths of Ivalice, I would give you advice. There are caves, called the Zertinan Caverns, near Ozmone Plain. The creatures that dwell in those caves are fell indeed. It is worth your life to venture inside. Be warned.', 'You who walk the paths of Ivalice, I would give you advice. There are caves, called the Zertinan Caverns, near Ozmone Plain. The creatures that dwell in those caves are fell indeed. It is worth your life to venture inside. Be warned.', 'There are many in the village who think me not fit to be War-chief. Of course, this is so. I am not like my brother before me, who was skilled in the ways of leading warriors. Yet ... the Catoblepas I shall slay! It is my duty to the village.']",NPC
Final Fantasy XII,2006,Japan,Targe,Male,"[""Svagatam! Welcome to Targe's Arms!""]",NPC
Final Fantasy XII,2006,Japan,Tchigri,Male,"[""Sorry, the ferry's not runnin' right now. My dad took the boat across to the north bank, but he hasn't come back. What's takin' so long?"", ""This is definitely my dad's boat. But where's my dad? Something bad must have happened ... I'm crossin' to the north bank to see what's going on. I know how to pilot the boat, and there's no point in waitin' around here worryin'."", ""But what if my dad's in trouble? After him, there's no one that even knows how to pilot the boat 'cept me."", 'But ... my dad ...', ""You just gotta! I'll pilot the boat. Whaddaya say?"", ""Thanks! What are we waitin' for!"", 'Look! Over there! Are those ... cactoids?', ""They must've attacked the north bank! What're we gonna do?"", ""Wait, there's my dad! And everyone else, too!"", ""I don't like the look of this one bit. Seems like they're holding 'em hostage. But what would cactoids want with hostages? I don't believe it!"", ""The cactoids all up and left! Now's our chance to go help my dad!"", ""I'm so glad you're all right! We didn't know what'd happened to you."", 'The others said it was too dangerous, but I knew I could handle it. But what about the cactoids? They ran off for good ... right?', 'Hey, prickle-pants! Who do you think you are, kidnapping my dad!?', ""Find their son? You mean ... they're related?"", ""So there's a bounty on this Dran, huh? (to Vaan) You have any idea where he might be?"", ""So that's why you set the boat adrift - keep 'em from crossing!"", ""Right! Just leave it to us! Let's get going!"", ""You found the cactoid! What ... you didn't? You hunted the other one, but this one looks just like that one ... huh? Well, none of this makes much sense to me, but I guess we don't have much choice, huh. His family is waiting! Let's get him over to the north bank!"", ""Hurry up! If those cactoids start goin' crazy, who knows what'll happen to my dad and the others."", ""Well, what're we waiting for!? Let's get him back to his family!"", 'Hey, we found your son for you! Now let my dad go!', ""Hmm, I dunno. You think they're buying it?"", ""Look at 'em go! Guess they're gonna take him in after all!"", ""The ferry's running again, if you wanna cross."", 'Well, just lemme know if you need to cross.', ""The ferry's running again, if you wanna cross."", ""Have you seen the cockatrice in the village? Its name's Sassan. Comes around every now and again. I think it's friends with Torrie. You should help Sassan cross the river to see her. But poor Sassan's scared to death of Nathyl, so it won't be easy ..."", 'Who will you put on the ferry?', ""Here we go, Sassan. That's a good boy!"", ""Come on, Arryl. Let's go!"", ""Let's go, Nathyl. Here boy!"", 'Well, just lemme know if you need to cross.', ""You should help Sassan cross from the south bank. 'Course, Sassan won't go near Nathyl, so it could be kinda tricky ...""]",NPC
Final Fantasy XII,2006,Japan,Terra,Female,"[""I heard wild cockatrices can roll real fast. But these ones don't roll around at all ... You think they're just lazy?"", ""But this time Roaklo was with them, too. I wonder what's going on?"", 'Hmm ...', ""Roaklo, Tott, and Jinn went out onto the plain, but Jinn still hasn't come back. To tell the truth, I'm a bit worried."", 'Hee hee!', ""Sure, I know Jinn. Brunoa was complimenting the sunstones he made, and I think it made Tott jealous. I just don't get it. Why can't they just get along with each other?"", ""Jinn isn't originally from here, you know. Brunoa brought him from Rabanastre. She says he's another orphan of the war. But here we're all treated the same, so what difference should it make? Maybe it still bothers him. Or maybe it bothers me ..."", ""The cockatrices aren't lookin' so good lately. Can't you tell? You gotta look close. And poor Dania ... I wish there was something I could do to help out."", ""Dania asked me to help her tend the cockatrices. Everything was goin' along fine, then all of a sudden they darted out of the pen ... Now they're gone, and it's all my fault! What am I gonna do? If I'd only had one of them magick feathers that Dania uses to talk to 'em, this wouldn't have happened."", ""Dania asked me to help her tend the cockatrices. Everything was goin' along fine, then all of a sudden they darted out of the pen ... Now they're gone, and it's all my fault! What am I gonna do? If I'd only had one of them magick feathers that Dania uses to talk to 'em, this wouldn't have happened."", ""All the cockatrices are finally back! Dania told me it's all 'cause of you ... thank you!"", ""I'll do better this time. Who needs a magick feather, anyway? I'll figure out what they're thinkin' on my own!"", ""I guess they all came back 'cause they'd finished their adventures. I'm kinda jealous ... they've been places I haven't even been! Dania asked me to help her watch them again. I'm still a bit nervous, but I won't let her down this time!""]",NPC
Final Fantasy XII,2006,Japan,Tomaj,Male,"[""Ah, Vaan. Migelo send you, too, did he? He's a busy man these days, that Migelo, if I dare say so myself. I don't envy him the work, though. Not a bit. Quite an affair, throwing a banquet to welcome the Imperials, eh?"", ""Ah, don't remind me. Got some nastiness out there in the Estersand what's stopping our couriers ... and that means shortages all around. Thought I'd put up a bill ... offer a reward to anyone who can knock that nasty back in its place."", ""So here's how it works. People post bills here on the notice board when they have a monster they need taken care of. Headhunters track people, right? Well, hunters track monsters. The monster you're hunting is called your mark. Here's the bill I posted for the Rogue Tomato, the mark I've petitioned to have hunted. Do you want to hear all the details?"", 'Let\'s start with accepting hunts. You can\'t just take a look at the board, then go running off to hunt the mark. You\'ll miss out on the bounty. You gotta talk to the person who posted the bill - the petitioner - first. Let him know you\'re going on the hunt. So, take this Rogue Tomato bill, for example. I posted it, so I\'m the petitioner. You have to come talk to me. Let\'s call that step ""done,"" okay? Once your agreement\'s in place, the petitioner will tell you how to find the mark. Then you hunt it, report back, and claim the bounty. Oh, and I\'ll give you something to help keep track of your hunts: a clan primer. Use it to refresh your memory about hunts you\'ve accepted.', ""Go ahead and take this, while you're at it. Just a little something to commemorate your first hunt."", ""All right, but I'll be expecting you to take care of that Rogue Tomato for me. Oh, and I'll give you something to help keep track of your hunts: a clan primer. Use it to refresh your memory about hunts you've accepted."", ""Go ahead and take this, while you're at it. Just a little something to commemorate your first hunt."", ""Hmm, looks like you can't equip that yet. Know why? You don't have the license for it. Think of licenses as mile posts, marking your progress as your combat skills improve. Swords, bows, black magicks, white magicks ... none of it does you a lick of good until you have the license to use it. Same goes for that armlet. Tomaj, how can I equip this great treasure you've bestowed on me, you ask? Easy: learn by doing. Let's give it a try."", ""You can acquire a new license anytime you like from the Party Menu. First, decide whose licenses you want to examine. I don't see anyone else here, so it looks like that means you, Vaan."", ""This is the license board. The license board shows which licenses you already have, as well as some new ones waiting to be obtained. Licenses you've acquired are marked with a star."", ""Looks like right now you can equip Leather Clothing, Leather Caps, and Mythril Swords, and you have the technick to Steal from your foes. Heh, still a little wet behind the ears. We all have to start somewhere, though. The more licenses you have, the more equipment you'll be able to use, and the more abilities you'll have to choose from."", ""But a license alone isn't enough. Did you notice how Mythril Blade was darkened? That's because you don't have one in your inventory. You'll need to buy magicks from a magick shop, and arms from a smithy before you'll be able to put those licenses to use. It doesn't matter which you get first, magicks and equipment, or the license to use them, so long as you have both. You can use any magicks and technicks in your possession as soon as you acquire the necessary license. But you'll have to equip weapons and armor before they'll do you any good. Got it?"", ""All right, let's take a look at that number in the top left. These are your license points. You spend these points to acquire new licenses. You can acquire any license that's next to one you already have, but only if you have enough license points."", ""Ah, this should do! Why don't you try obtaining this license now? Select the license and press X. Then you'll have the Accessories 1 license."", ""Now you shouldn't have any trouble equipping that orrachea armlet I gave you. Just don't forget to equip it, okay? You probably noticed already, but when you obtained that license, several new ones appeared on the board."", ""You don't have enough license points to obtain any more now, but take down a few monsters and you'll have the points before you know it. Don't be in a hurry to spend all your points, though. Think about which licenses you really need, or you might regret it later. Oh, let me show you one thing while I'm at it. Go ahead and press □."", ""That list shows all of the actions you can take during battle. It can definitely come in handy. Well, if you can remember all that, you shouldn't have any trouble taking down a mark or two on your own."", ""I'd say you're ready to hunt that mark for me. Oh, you'll be needing this to leave the city. Just show it to the watch at the gate."", ""The east gate's the one you'll want to head out. Once you've taken care of that mark for me, let me know. Your work won't go unrewarded."", 'Hi, Vaan. Something I can help you with?', ""Marks are monsters that a petitioner posts a bill to have hunted. Successfully hunting marks will earn you a small bounty. See that notice board over on the wall? That's where you can go to see what bills have been posted. It all starts there. But just looking at the bill isn't enough. You have to go talk to the petitioner and accept the hunt before setting out. The bill will always tell you where to find the petitioner. Once you've accepted the hunt, you're ready to track down the mark using the information given to you by the petitioner. If you're able to defeat the mark, report back to the petitioner. That completes the hunt, and you should receive your bounty. Simple, right? The best way to learn is by doing. Hunt a few marks on your own and you'll have it down in no time."", ""Ah, Vaan. I meant to tell you: this isn't the only notice board you'll find. Most cities – even some villages – have their own board. The good news is, all of the notice boards have the same bills. So you can go to the closest board without worrying about checking them all."", 'Each and every battle-related ability has a license that entitles you to use it. Say you want to cast the white magick ""Cure."" You have to obtain the license for it first. The same is true of equipment. Even the most devastating weapon won\'t do you any good if you don\'t have the license to equip it. The licenses you have determine how you can fight, so think before you choose.', ""Ah, Vaan. I meant to tell you: this isn't the only notice board you'll find. Most cities – even some villages – have their own board. The good news is, all of the notice boards have the same bills. So you can go to the closest board without worrying about checking them all."", ""You'll never find that Rogue Tomato standing around in here. The Imperials have started locking down the gates for the parade, but you ought to be able to get out if you show them that writ I gave you. Just talk to the watch by the east gate in the Southern Plaza. You shouldn't have any trouble."", 'Ah, Vaan! Defeated that Rogue Tomato, did you? I was worried you might not be ready just yet, but you did a fine job of it! Here. Your bounty for completing the hunt.', ""Oh, I hear you stopped by the clan hall. You're one shrewd customer. I'm sure you heard all manner of things from the other hunters, but just take your time to ease into it and you'll do fine.""]",NPC
Final Fantasy XII,2006,Japan,Torrie,Female,"[""Well, if it isn't Sassan! Run away from Giza again, have you? Terra must be worried sick!"", ""I'm so glad you came all this way to see me, but think of your poor friends back in Giza. It's not fair to them. Think how Terra must feel. You know you're the only cockatrice for me, Sassan. Now be a good boy and head back home to Giza, all right?"", ""You know you're my favorite, Sassan."", 'All right, Sassan. Off to Giza with you now. Give my best to Terra and Dania!', ""Did you help Sassan reach the north Bank? That couldn't have been easy. He can be a bit of a chicken at times. Take this for your trouble."", ""An errand saw me in Giza when Sassan and his friends hatched. Ever since, he's come to visit me from time to time. I think he must think I'm his mother or something. Isn't he adorable?""]",NPC
Final Fantasy XII,2006,Japan,Tott,Male,"[""Hey there. We don't see many travelers through here. If there's somethin' you're lookin' for, you should talk to our elder. She's over by the tent."", ""We all went out to make some sunstones, but Jinn still hasn't come back to camp. It's the first time he's been out on the plains since the end of the Rains. Maybe he got a touch of wanderlust."", ""Worried? About Jinn? Not me. Nobody knows Giza Plains better than we do. Gotta make these sunstones fast, and they gotta be good, too. That's what Masyua says. I guess she knows what she's talkin' about."", ""Our fathers have gone stone-digging. That's why the only adults here are all women. Bet you were wondering where all the men went!"", ""Didya see? The dark crystals out on the plains are all glowin' again. Time to make sunstones! You wanna make sunstones, too? You should talk to my mom. She's over in front of that biiig crystal."", 'Little while ago, the whole west sky lit up in a flash. Only lasted for a second. Wonder what that was ...', ""I asked Jinn what his secret for makin' sunstones is. No matter what I try, his always turn out better. Turns out he wanted to know how come I can make mine so fast. Kinda funny, huh?""]",NPC
Final Fantasy XII,2006,Japan,Uball-Ka,Male,"['This nethicite - you have used it.', 'You do not know the workings of the Stone. Then we are no different.', ""In ages past, the gods made a gift of nethicite to my people. But the manner of its use eluded us. Displeased by our failure, the gods took back their Stones. They chose instead to give them to a hume king. Called the Dynast-King, he used the nethicite's power to bring peace to a troubled time. It is a curious thing. Though the blood of King Raithwall flow through your veins, you cannot wield nethicite."", ""Though it shame me so to admit. Here before me stands a descendant of the Dynast-King himself ... and I can accord her no help at all. Still, even if you knew how to use the nethicite, you would find it of small avail. The Mist collected in the Stone over ages past is lost, and with it the Stone's power. It will be your posterity who wield the Stone in ages yet to come."", 'This Stone is devoid of power. Empty, yet full of thirst. A terrible longing to drink the world dry. The power of men, and of magick. Of good, and of evil. It is often those who desire nethicite whom the nethicite itself desires.', 'You go to Mt. Bur-Omisace, yes? There is one in the village selling provisions. You might speak with him.', 'The nethicite you hold, its power is spent. It will be your posterity who wield the Stone in ages yet to come. The Stone ... is full of thirst, as are those who desire it. Once they find each other, who knows where they will go?', 'I have been told that the hume armies head toward the land to the east. I had hoped that this conflict would be averted ...', 'In our village, time passes slowly. If you should tire on your journey, come and rest here. The Land will renew you, body and spirit. The burden you carry, it is heavier than most. Rest when you can.', 'A visitor from Giza? Ah, it will not do to let her leave empty-handed. I am quite indebted to the nomads there. I would ask a favor of you. Would you deliver this to our guest for me, and also pass on my regards to Brunoa, Elder of the nomads?']",NPC
Final Fantasy XII,2006,Japan,Va'Kansa,Male,"[""I've walked this way too many times to count, procuring wares in Archadia ... 'cept I never lost my partner before this time."", ""I got a baaaaad feeling about this ... Might be time to post a bill for one of them — what were they called? Marks? Eh? Sorry, don't mind me.""]",NPC
Final Fantasy XII,2006,Japan,Vaan,Male,"['I know, I know! Just a little more. You keep an eye out for me up there, Kytes.', 'One ... two ... three more. Right. Time to clean house.', ""Hey, it's good practice for the desert. I'm ready for anything now. That's enough for today. You should get back to Migelo's place, Kytes. Aren't you running errands for him?"", 'I got other ""work"" to do. Hey, lock this place up for me, will you? If Migelo finds out we\'ve been down here, he\'ll tan our hides.', 'Sorry!', ""Hey, that's mine!"", ""Oh, what, am I the leader now? We're orphans. The first thing you learn is you gotta look out for yourself. C'mon, Penelo. You know it as well as I do ..."", ""Hey, you give that back! What do you think you're doing?"", 'Yeah, but, I never said anything about taking it back from me!', 'I know that. You think I like living like this?', ""One of these days, I'll fly an airship of my own. I'll be a sky pirate, free to go where I will."", 'I should probably make myself scarce right about now.', ""Sure, let's hear it."", 'No, thanks.', 'I should really go see Migelo first.', 'Penelo said you needed something?', 'So you want me to find this courier? Hey, no problem!', ""So, you want me to go to the tavern to pick 'em up."", 'Sounds wild.', 'There you are, Kytes. Stop loafing around!', '""Creature spotted in the Estersand."" What is that thing?', ""Welcoming? We should be – ah, whatever. Say, Tomaj, what's this?"", ""Now that's work. Sounds ten times better than running errands for Migelo."", 'And you should be getting back to Migelo. Now, Kytes. He was waiting for you.', 'Yeah, that would help.', 'No, I think I got it.', 'Tell me about marks.', 'Tell me about licenses.', 'No, thanks.', 'Okay, let me in.', 'No, thanks.', 'Sure, no problem.', ""No, I don't think so."", ""Oh, gee, that's too bad. You see, it just so happens that your provisioner for the fete tonight ... he sent me to pick up a few choice morsels for the, uh, Consul's dining pleasure. He wants 'em quick. I got the writ of transit right here. See? Signed: Migelo. I'd just hate to see the Consul upset because his food wasn't ready on time. And I'd sure hate to see him take it out on you."", 'Yeah, let me get in line.', 'Yeah, open the gate.', 'No, thanks.', 'No, thanks.', 'Yeah, here it is.', 'No, sorry.', 'Yeah, let me through.', 'Not, I guess.', 'It is pretty hot out here ...', 'No, thanks.', 'Galbana lilies?', ""Never thought I'd see them growing out here."", ""This'll make a nice souvenir. Time to call it a day."", 'Now what?', 'Wait a second! How come you let these chocobos through the gate and not us?', 'What did you say?', 'That does it.', 'How can he stand to bow to him like that?', ""I don't know. Well, I'd do something."", ""Hey, Penelo. That fete tonight. You think they'll let us in?"", 'So ... how are we getting in?', ""I told you! I'm going to take back what's ours! Give back to Dalmasca. C'mon, what do you think? If I find something, and it fetches a good price, how 'bout I, uh ... I buy you all dinner!"", 'Hmm. An airship. I dunno. Maybe. But not through Migelo. Time to pay Old Dalan a visit.', 'Yeah, open it up.', 'No, not right now.', 'Sure, why not?', 'Sure, go ahead.', ""No, that's okay."", ""No, that's okay."", 'No, thanks.', 'What, you already heard about that?', ""They'll get what's coming to them someday, believe me. But that's not why I'm here."", ""I want to know how to sneak into the palace. They've got to have some great stuff in there! Thought I'd partake."", ""That's why I'm gonna do it! To take back what's ours!"", ""That's it! This is exactly why I came to talk to you first, Dalan. So ... where's this, uh, magicked stone?"", ""I've heard all I need. So this, uh, Crescent Stone. Can I have it? Then I can find that secret passage into the palace, right?"", 'Right. So where can I get one of these sunstones?', ""You don't have to worry about me. I'll be back before you know it."", ""Let's see, Giza Plains ... Hang a right here, and I'm practically at Southgate. This'll be easy."", 'Sure.', 'No, thanks.', ""What's your offer?"", 'No, thanks.', 'Penelo? What are you doing here?', ""What? I'm being good."", ""Not bad. Maybe this won't take so long after all."", ""Yeah, yeah. Let's just find the next crystal, okay?"", ""That's that. Nothing to it!"", ""Sure, let's go."", ""I'm not going anywhere. Okay?"", 'Sorry, Penelo.', 'Yeah, that would help.', ""No, I think I've got it."", 'The palace should be right up these stairs.', ""Won't be easy getting out. Am I ready for this?"", ""It's now or never."", ""I've made it this far ... I'm not going back empty-handed."", 'Over here! or Hellooooo! or Hey bucket head!', 'What was it Old Dalan said? ""The signet yearns for sunstone\'s strength, to light the clouded way."" But there was more ... Oh yeah! ""Once in the palace, you\'ll find the signet tile. Give to it the sun\'s power, and it will light your path."" Looks like I\'ve got a signet to find.', ""Well, that takes care of the secret passage. Now where's this treasure ..."", ""Hey, watch it! Guess it's not leaving me much choice."", 'You see a small object that looks like a switch.', 'Press the switch.', 'You hear a mechanical click from behind.', 'Do nothing.', 'This wall looks rather suspicious.', 'Examine the wall.', 'Do nothing.', 'Who are you?', ""No, you won't. I found it. It's mine."", ""What's going on?"", 'Let go of me!', ""I – I'm slipping!"", ""It's Vaan."", 'Sorry.', ""Pirates? You're sky pirates? So you have an airship?"", ""Don't even think you're going to be getting this."", ""I'd take you with us if I could ... but there's just no time. Sorry ..."", 'Jump down!', 'Hurry!', 'You all right?', 'Hey!', ""What's your name?"", 'Amalia, huh? Nice to meet you.', 'Huh?', ""Don't get any ideas. I said it's mine."", 'Yeah!', 'You should come with us. Better than being by yourself.', ""What's wrong with her?"", ""What's that mean?"", 'What are you doing?', 'Penelo!', ""Sorry. That dinner'll have to wait."", 'I brought you some of those flowers you like: Galbana lilies. Remember? You always said how they smelled nice, and how pretty they were. Remember?', 'The King – Did you? Were you really a part of it?', 'Even if – Even if you were – Captain Basch must have tricked you into it!', 'Where are we?', ""Where's Fran?"", 'Of course.', 'None at all.', ""No, don't!"", 'He was defenseless ...', 'Judge?', 'So our things are in here?', ""Dalmasca!? What do you care about Dalmasca!? Everything that's happened is because of you! Everyone that's died, every single one! Even my brother – You killed my brother!"", ""You're taking him with us?"", ""Huh. Guess it's not working."", 'Hey! Who turned out the lights? One of those!?', 'So ... what happens then?', 'My brother did.', ""He's dead."", 'It was you who killed him!', ""I don't believe you."", 'My brother, he trusted you. He trusted you, and he lost everything. How can I believe you?', ""You don't know anything!"", 'Where are we?', 'What about the stone?', ""It's mine!"", 'What do you think? Can I trust Basch?', 'I gotta get rid of this thing.', ""But maybe I should show it to Penelo first. So she knows I got something. She'd be at Migelo's place this time of day."", ""Sure, let's hear it."", 'No, thanks.', ""The Imperials'll need more than a dungeon to stop me."", ""Hey, try and keep it down, wouldya? Penelo isn't around, is she? Out on a delivery, maybe?"", ""So much for my big welcome. Guess everybody's busy."", ""Old Dalan, huh? Tell you what. I'll go see him for you."", 'Well, nothing better to do.', 'A Rabanastre, my good man!', ""I don't drink."", 'A Nalbina, my good man!', ""I don't drink."", 'Yes, please.', 'No, thanks.', 'And I got out of there as fast as I could. But it was all worth it, Dalan. Here, look at this!', ""Well, you know, I couldn't have done it without your help."", ""That's – that's a sword of the old Order."", ""I will. Hey, Dalan? Could I get you to do something for me? I need to find out where Penelo is. I wanted to show her what I got from the palace, but I haven't been able to find her anywhere. Can you let me know if you hear anything?"", 'Thanks, Dalan.', ""I'm supposed to deliver something to a man, name of Azelas. This is the place, right?"", 'Old Dalan. He said I have to give this to him personally.', 'My brother was no liar!', ""That's right ... Amalia's in the Resistance."", ""Sort of. We met just before we got sent to Nalbina. I've known nicer people."", ""It's annoying."", 'This makes us even.', ""For Nalbina. We couldn't have done it without you."", 'A lot of kids lost their parents in the war. Mine – mine had already died before that. The plague took them both.', ""It's okay. It's been five years now. After that, I lived with my friend Penelo and her family. Then ... Then the war came."", ""You don't have to keep apologizing. Really, it's all right. I know it wasn't your fault. I see that now. You didn't kill my brother. It was the Empire. My brother trusted you. And he was right."", 'What? What about Penelo?', ""Fine, then I'll go! You at least have an airship, don't you? Just get me there, and I'll find Penelo myself."", 'Balthier, just take us and this is yours.', 'Right!', ""I'm ready."", ""I'm really ready."", 'Let me check one more thing ...', 'Not yet.', 'Tell me about Bhujerba.', 'The Strahl ... you really are a sky pirate!', 'So is she armed? How fast is she? Could she take the Ifrit?', ""I'm coming, Penelo."", 'What?', ""So what's your name?"", ""Don't worry. I don't know what's in that mine, Lamont, but you're in good hands. Right, Basch?"", 'What difference does it make? We have to find Penelo.', ""She's a friend. She was kidnapped and taken here."", ""What's that?"", 'Nethicite?', ""Where's Penelo? We're taking her back!"", 'Hey, wait up!', ""What's Penelo doing? And what's the deal with that Lamont?"", 'What? That kid!?', ""Nothin' to it! I'll just go around town spreading the word. How 'bout this?"", ""I'm Captain Basch fon Ronsenburg of Dalmasca!"", 'Well? What do you think?', 'Take me to him.', ""I'm ready."", ""I'm not ready."", ""Would you let us see Larsa? He's got my friend with him."", 'What are we waiting for?', 'Princess?', ""Stop being so stubborn! Keep on like this and you're gonna get us all killed."", 'It was in the palace treasure.', 'You have to promise: no executions.', ""Come on, come on! Let's go! What are you waiting for? Penelo's still out there!"", ""It's okay. We're okay."", 'So I can fly it then?', ""It's really nice."", ""It's nothing special."", 'A Bhujerba, my good man!', ""I don't drink."", 'Take me to him.', ""What are you doing? This is Balthier's ship."", 'Are you crazy?', ""You still have Basch, right? Besides, you can't just go around stealing people's ships. What are you trying to do?"", ""What, are you kidding? I don't wanna stick around this place."", 'Penelo?', 'Of course not.', ""So when you're in jagd, skystones don't work at all. That's why we gotta hoof it the rest of the way, ya see?"", 'Well, if you wanna be a sky pirate, you have to know your – Hey! What do you mean, ""for a change""?', 'Out west.', 'Can you tell me about sunstones?', 'Sure, why not?', 'How do I make sunstones?', 'Yeah, I got it.', ""I'm ready."", 'No, thanks.', 'Tell me one more time.', 'No, thanks.', 'Nothing, sorry.', 'So, how do you make a sunstones?', 'Nothing, sorry.', ""I've got this sunstone ..."", 'No, thanks.', 'Nothing, sorry.', 'Did Dalmascans build this?', 'Tell me.', ""I couldn't care less."", 'What was that thing?', 'Fran?', ""Ashe, let's go."", 'Is that what you call this?', 'You even know how to use it?', 'What do you mean ""something more valuable""?', 'Me? What am I looking for? Well, I guess – well, I – you know ...', ""Sure, let's hear it."", 'No, thanks.', ""Sure, I'll help."", 'No, sorry.', 'I would meet this Great-chief.', ""I'll come back another time."", 'I would meet this Great-chief.', ""I'll come back another time."", ""You saw him, didn't you. Like at the King's tomb."", ""It's strange. Before, I didn't even know what you looked like. And the Prince - I barely knew there was a prince. Who knows? Maybe the person I saw was my brother."", ""He enlisted, right at the end. But for what? He knew we couldn't win."", ""How can he protect anything when he's dead? Was it different for Prince Rasler? Did that make sense?"", 'Hating the Empire, getting revenge. It\'s all I ever thought about. But I never did anything about it. I mean, I realized there was nothing I could do. It made me feel hollow, alone. And then I\'d miss my brother. I\'d say stuff like, ""I\'m gonna be a sky pirate""... or some other stupid thing. Just anything to keep my mind off it. I was just - I was running away. I needed to get away from his death. That\'s why I followed you. Know what? I\'m through with it. I\'m through running. I\'m ready to find my purpose. To find some real answers - some reasons. If I stick with you, I think I will.', ""I'll find 'em."", 'That Larsa likes his secrets.', ""He's not bad. At least for an Imperial."", 'What is it?', ""What's that mean? How're we supposed to get through that?"", 'What are you doing?', ""Hey, Mjrn lives here, doesn't she? We're here to see her."", ""We'll go as soon as we've seen Mjrn."", ""We're not leaving until you let us see her."", ""Fine then. We'll look for her ourselves."", ""We'll let you worry about keeping your laws. Just do us a favor and stay out of our way. We'll find her ourselves."", 'Fran!', 'I was wondering - what Jote said, you know? About how you said the same thing 50 years ago?', 'How old were you again?', 'Can you tell me about sunstones?', 'Sure, why not?', 'How do I make sunstones?', 'No, thanks.', 'Nothing, sorry.', 'That thing inside her. What was it?', ""I hope you're right about that."", ""Don't take it the wrong way, okay?"", 'Is he sleeping?', 'You should try it on the Dawn Shard. See if it can destroy nethicite or not.', ""I didn't. Not a thing. Not even my brother. Not ... not anything."", 'Smoke?', 'There it is again.', 'You okay?', 'How do you get to Archadia?', 'What are scouts?', 'This? In just 2 years? How?', ""I'm with you."", 'I followed.', 'One more time?', 'Come again?', 'Why not?', 'Nope.', ""So, you're a cartographer ..."", 'I need directions.', 'Toward the Tchita Uplands.', 'Toward the Salikawood.', 'Actually, never mind.', 'Just passing through.', ""Hey, you sure this rabbit hole's really the way into Archades?"", ""True, true. You're our princess, and we didn't even recognize you."", 'Smells less like a capital and more like a sewer.', 'I guess it must be a lot nicer than this place.', 'I have.', 'I have not.', 'You know this guy?', 'To the city? You know a way?', 'Actually, I did hear about a man who picked a bag of coins out of a barrel.', 'Actually, I did hear about a man who picked a bag of coins out of a barrel.', ""I'm not sure what any of this has to do with going up in the world."", ""Now's our chance! Thanks, Jules."", ""I'm just checking out the city. Even if it is the Empire."", ""Maybe it's because I've seen more now. Never imagined I'd ever come this far away from home. Hey, Larsa's here in the city, isn't he? He's a tough one. I wonder how he's doing."", ""I know! It's a little over my head sometimes."", ""Hey, I'm just along for the ride."", 'What are pine and sandalwood chops?', 'Just passing through.', ""A chop? What's that?"", 'On this? But we need a ... a chop. What is a chop, anyway?', 'How do you get them?', ""That doesn't sound so bad."", ""Uh ... Not sure I do, but I'll give it a try. Thanks, Jules!"", 'No, thanks.', 'What are pine and sandalwood chops?', 'Just passing through.', 'Take me to Tsenoble.', 'No, thanks.', 'Take me to Tsenoble.', 'No, thanks.', 'Take me to Tsenoble.', 'No, thanks.', 'Take me to Nilbasse.', 'Take me to Nilbasse.', ""Do you think they're on to us?"", 'Not likely. Do you know how long it took to get the chops to get up here?', 'Jules!', 'Take me to Nilbasse.', ""Let's go."", 'So, this Jules ... is he some old friend of yours, Balthier? You two seemed ... close.', 'Where to?', ""Maybe we're just lucky."", 'Someone after the nethicite?', 'They found us!', ""Then that's it. Let's go!"", ""Hurry it up, or we'll leave without you."", 'Ok! Thanks for the help, Reddas.', 'Sure.', 'No way.', 'That fishing rod ...', 'No, sorry.', ""I'm a bird of prey."", ""I'm ready."", ""I'm not ready."", ""I'm ready."", ""I'm not ready."", ""I'm ready."", ""I'm not ready."", 'Tell me about rare game.', 'Tell me about the Hunt Club.', 'No, thanks.', 'Show me your wares.', 'Just wanted to say hello.', ""Sure, let's hear it."", 'No, thanks.', 'Take me, please.', 'No, thanks.', ""We've been through."", 'Huh?', 'Like on the Leviathan?', ""She can see him. Let's follow her."", ""Yeah, it's exciting."", ""Yeah, I don't know what we'll find. I like it better that way."", 'Ashe!', ""What's with these Occuria? What gives them the right to tell you what to do?"", 'Didn\'t Reddas say he was going to follow some ""other course""? Maybe he found out something that can help.', ""What's wrong with Reddas? If you can't trust your own kind, who can you trust?"", 'Here you are.', 'Sorry, but no.', 'Yes, you should be ashamed.', ""No, don't be silly."", ""You should've thought it through."", 'Sure, if you put your mind to it.', ""I don't know your sister."", ""It'll never happen."", ""Who' this ... Rande?"", 'Yes, please.', 'No, thanks.', 'Yes, please.', 'No, thanks.', 'I have a letter from Ann ...', ""Let's go."", ""No, I don't think so."", ""Let's go."", ""Sure, I'll help."", 'No, sorry.', ""Sure, I'll help."", 'No, sorry.', ""Okay, I'll do it."", ""Sorry, I don't think so."", ""There's this man in the Southern Plaza ..."", ""I'm a bird of prey."", ""I'm ready."", ""I'm not ready."", ""I'm ready."", ""I'm not ready."", ""I'm ready."", ""I'm not ready."", 'Tell me about rare game.', 'Tell me about the Hunt Club.', 'No, thanks.', 'Show me your wares.', 'Just wanted to say hello.', 'Uh ... yes?', 'Erm ... no?', 'Yes, actually.', ""No, I'm afraid not."", ""Let's hear that story once more."", 'I saw a prim cockatrice in Old Archades.', 'No idea. Good luck!', 'It came from Giza Plains.', 'It likes your masks.', 'Not really.', 'Sounds fair.', 'No, thanks.', 'Sounds fair ...', 'No, thanks ...']",PC
Final Fantasy XII,2006,Japan,Vayne Carudas Solidor,Female,"['Seize the insurgent!', 'Well, so much for peaceful negotiations.', ""But the war is over, my dear captain. You have lost. Dalmasca is the property of the Empire, now. And to think, we intended to let you keep some of your sovereignty, out of respect. But now you've gone and ruined that. Haven't you, Captain?"", 'And the people of Dalmasca will hate you for it. Take the Captain away.', 'People of Rabanastre! Is it with hatred you look upon your consul? With hatred you look upon the Empire?', ""There was little point in asking. But know this – I harbor no idle hopes of frustrating that hatred, nor shall I ask your fealty. That is the due of your fallen king, and rightly so. King Raminas loved his people. Strove to bring you peace. His was a rule worthy of your devotion. Even now, he remains among you, protecting you. His ardor for the peace and weal of Dalmasca falters not. I would ask only that you do your king honor. Together, let us embrace this peace His Majesty would surely desire. Two years now divide us from war's bitter end, yet still its shadow looms over all, stifling the infant peace, a pall only you may cast off. Achieve but this one thing, and your hatred of me, and the Empire, will grieve me not! I will stand fast! I will endure your hatred! Suffer your slings and arrows! I will defend Dalmasca! Here I will pay my debts, I swear it now. Though King Raminas and Lady Ashe be gone, they stand ever at the side of their people. In honoring peace, you do honor to their memory, and to Dalmasca. What I ask, I ask plain. My hopes now rest with you."", 'It is magnificent! Take this cathedral, for instance. Elegant, yet whimsical in its execution. A stunning example of Galtean architecture. I hope Lord Gramis might one day look upon it himself.', 'That\'s enough of ""Highness."" Though indeed I am our emperor\'s son, I am no prince. Archadia\'s emperor is freely chosen by her people. I am but an elected official and nothing more.', ""Now that I think on it ... I would not have you address me as Lord Consul, for that matter. Henceforth, I am a citizen of Rabanastre. Why don't you call me Vayne?"", ""You are overly fond of formalities. I've just the remedy for that. Tonight you will join me, and we shall drink until you call me by name."", ""Those decrepit, basking fools in Archades tie my hands, and look what happens! I tell you, this country's obstinacy knows no bounds."", ""By that way, the Marquis has written us a letter. He claims that he's recaptured our runaway. He's given him to Ghis."", ""Your fraternity is moving. Ah, Ghis returns with Larsa. Tomorrow morning they will leave Bhujerba. See him home safely, Gabranth. Now, I'm expecting Doctor Cid. You may leave."", 'I was kept waiting fully 2 years. What news of Archades? Our honored members of the Senate?', 'They are welcome to try.', 'This crisis would not end were I gone. The Senate hates the very fact that House Solidor exists. By necessity, we must find reason to silence them.', 'The sword of House Solidor cannot be left to rust in doubt. It was you, Excellency, who tempered that sword.', 'It is my idea of necessity.', 'If we do not act now, it is not only our future you imperil.', 'My hands are stained with blood. I see little reason to stay them now.', 'With Chairman Gregoroth as its head. He confessed and passed his own sentence.', 'The once-great House Solidor is now reduced to myself and my dear brother Larsa.', 'Zargabaath, take the Alexander. Accompany Bergan and bring Larsa back to me.', 'Oh? Perhaps you mistook your orders then. I see no other explanation for why you were reporting on my doings to my late father.', ""A hound, begging for scraps at the Emperor's table. Would you serve another master, hound? You may fulfill your duty as Judge Magister before us all."", 'She has been tried and found guilty.', 'And so House Solidor lives on.', 'It is a war of necessity. Your Lady Ashe herself is bent on it. She desires it above all else. She will not rest until her revenge is full-wrought.', 'You are young, Larsa.', 'Then let us look closer. Judge Gabranth! I would have you seek after the Lady Ashe ... and adjudge whether she makes overtures of peace, or war. Yours shall be the eyes of the Empire.', 'Larsa is as he should be.', 'The gods have chosen their scribe, to write history as they deem fit. Yes, and she with fresh nethicite to aid her.', 'Just so. Had we more time, we might have availed ourselves of more ""prudent"" measures.', 'Attain it I shall.', 'For too long have my deeds gone unrewarded.']",NPC
Final Fantasy XII,2006,Japan,Vossler York Azelas,Male,"[""It's as I feared. They're slowing us down."", 'Time, Basch. Save the discussion for later. We must reach the King before they act, or all our efforts will be in vain.', 'Godspeed.', 'Then go now and hurry the others. By nightfall, we must ensure all our men are in place.', 'Now there is the Basch that I remember.', ""So this is Reks's brother."", 'Your words may convince this child, but they weigh too lightly on the scales for my taste. Our paths will remain separate.', ""I hold men's lives in my hands. I must see foes in every shadow. The night we moved against Vayne, he knew. I will not chance such disadvantage again. I must treat you as I would Ondore – as I would treat any abettor of the Empire."", 'Listen to me, Basch. Your cage may have no bars, but it is a cage. The eyes of the Resistance watch unblinking.', 'Not lightly did I beg his aid. Listen, it has been a full two years. I alone have kept Her Majesty safely hidden. I doubted friend and foe alike. I could trust nobody.', ""I'm getting her out. I need your help."", ""Wait. A word of caution before we set out. See that red web of light spanning the passageway? It is a mechanism to detect intruders within the ship. Break one of those beams and an alarm will sound, summoning the guard. The alarm should cease after a time, but it's better to avoid drawing unnecessary attention. Come, Her Majesty awaits."", 'Fear not their numbers! Take down their leaders, and the others will follow!', 'You are unharmed.', 'Majesty!', 'We will talk later.', 'Yet trust his sword we must, traitor or no. I see no other way. We track back, commandeer a ship, and make our escape.', 'We must make her confront the reality of our plight.', 'You would let us leave knowing who we are?', ""We've secured an Atomos. Come!"", 'It is as he says. I ought not to have kept Ondore at so great a distance for so long a time. I have played the fool!', 'I would ask you for some time. On our own, we struggle in vain to restore Dalmasca. I must search out some other way. Until I should find it, I would have Basch remain at your side. Doubt him you may, but I measure his loyalty to Dalmasca no less than my own.', 'Keep her well. Go to Ondore, and there await my return.', ""'Tis the small craft's fate: to watch the list of the galleons and pray for light winds."", 'Imagine my surprise ... when upon my return to Bhujerba, I find both you and the Lady Ashe have vanished. I thought you above consorting with sky pirates.', ""You walk the knight's path. The Lady Ashe?"", 'I see ... So the Dawn Shard does lie in King Raithwall\'s tomb. The Marquis sympathizes with your plight, yet the Empire watches his every move. He can keep whispers of your ""abduction"" silent for only so long.', 'First, we must claim the Dawn Shard. It all begins with that.', 'As though the Dynast-King foresaw the very plight before us now.', 'It wounds me to look on as they pillage so solemn a place.', ""I do not share Your Majesty's trust."", 'How can you be certain?', 'Your Majesty, we must go.', 'Majesty, he speaks of the Dawn Shard. That is the nethicite.', 'If we are to save Dalmasca, we must accept the truth. I will fight this profitless battle no more!', ""When we return to Dalmasca, we can announce that you are alive and well. I will then continue our negotiations with the Empire. I believe Larsa is the key. He'll listen to us. We should trust him."", 'A son of Dalmasca.', 'Hold her down!', 'No farther! Sky pirates! The future of Dalmasca will not be stolen!', 'Why do this, Basch? This struggle is futile. You must know where it leads!', ""All I have done – I've ever thought of Dalmasca first."", 'Look on what my haste has wrought. Did I act too quick? Or was your return too late?', 'I can serve her no more. You must take up my charge.']",NPC
Final Fantasy XII,2006,Japan,Yamoora,Female,"[""Sorry, still gettin' the shop in order. It'll be a while yet, so you may want to try back later."", ""You're one of Migelo's little friends, aren't you? Well, I'm glad he's all right. Some nasty business the night of the fete. There was no serious damage, at least. Good thing the Consul was ready for it. But I'm forgetting ... you're here to shop, aren't you."", 'Yamoora, at your service. Please, take all the time you like.']",NPC
Final Fantasy XII,2006,Japan,Yrlon,Male,"['I have quarreled with Amba, so I shall not go home a while, I am thinking. I do not care if she is worried! If you should meet her, please, bhadra, do not tell her I am here. Please.']",NPC
Final Fantasy XII,2006,Japan,Yugelu,Male,"['Many hume-children come to our village of late. You, too, have come to learn of this nethicite? We Garif protect the old ways, the old knowledge. Perhaps one of us knows of this Stone. My knowledge, however, is little. I know that nethicite makes the power of magick as nothing, but this is all. But you already knew this, did you not?', ""Sitting here on the earth, one comes to see many things: the great flow of the world, even the flow of Man's thought ..."", 'All of us, all people have a role. What a sad thing it is that this role is not always what we desire in our life. In this village, too, there is one who rages against the role given him by the heavens ... in vain. None may change their fate.', 'The stick you gave to our War-chief has the power to ward off evil things. Our War-chief fights against a great monster, possessed of immense power. May that wood grow in his heart and make him strong.', 'No matter what your reasons may be, it is a wrong thing to harm others and to take life. Yet, even though we may know this, there are times when we must fight other men. This is a truth.', 'A great power lies sleeping deep within the Henne Mines. Yet ... as you are now, you lack the strength to master such a thing.']",NPC
Final Fantasy XII,2006,Japan,Yugri,Female,"[""I'm sorry, we're still getting the shop in order. Please call again soon!"", ""Welcome to Yugri's Magicks. How may I help you?"", ""Are you sure you shouldn't be helping Migelo today? With him and Penelo out, poor Kytes is minding the shop by himself. Sorry, you came to shop, not to talk.""]",NPC
Final Fantasy XII,2006,Japan,Zargabaath,Female,"['So found His Excellency, Lord Gramis. You would do well to mind your tongue, Drace. That matter is long past.', 'We come at once.', 'Drace, you speak too freely!', 'With Rozarria poised to invade at any moment, our leader must have a free hand.', 'Your Excellency, I beg you reconsider!']",NPC
Final Fantasy XII,2006,Japan,Zayalu,Male,"[""Oh? What is this? More humes come to visit us? A little bigger this time, but no matter. You need not tell me anything. I know you have come to our village to learn of the Stones, the nethicite. We garif have knowledge of this, passed down from father to son, mother to daughter. Some of it remains, some has been lost in history's sands ... I ... know nothing of the Stones. You must speak to the Great-chief. He alone holds the deep knowledge of these things. He alone remembers all the tellings. Cross the bridge to the north, and there you will find him. There are watchers at the bridge, so I think it best to speak with War-chief Supinelu."", '...May I ask of you a favor? Give this to War-chief Supinelu, from me.', 'There is no rush. When you next happen to meet him, you may give it to him then. May you find all the answers you seek.', 'Our Great-chief, he will know of the nethicite. If he tells you he does not know, then you must abandon your search, for no one knows. Ah, also, I must ask you to give the jaya stick to our War-chief. Now, I hope you will find the knowledge you seek.', 'The stick you gave to our War-chief, it is a ward against demons, known to our people. I fear he will have need of it soon ...', 'I am sorry we could tell you nothing about the nethicite. Still, you are welcome to visit our village again. Our War-chief has warmed to you considerably.', 'The land of Archadia that rules the continent to the north has good reason to trust to might, yet I feel its ambition goes too far. The proud heart becomes dulled to the suffering of others. When the strong forget suffering, it can only lead to evil.', ""The garif have ever walked in history's shadow. Soon, even the humes will forget us, and we will remain only in legend. No, do not pity us, for this is how it should be.""]",NPC
