Title,Year,Country,Characters,Gender,Dialogues,Playability
Elder Scrolls Skyrim,2011,US, Vigilant Adalvald,Male,"[""I'll never tell you anything. My oath to Stendarr is stronger than any suffering you can inflict on me.""]",NPC
Elder Scrolls Skyrim,2011,US,Adril Arano,Male,"[""I don't recognize you, so I'll assume this is your first visit to Raven Rock, outlander. State your intentions."", ""Miraak...I...I'm not sure that I do."", ""You've picked one of the worst places in Morrowind to do that, but suit yourself."", ""That's the kind of attitude that's going to land you in prison, but I'll let it go for now. Just remember, Raven Rock is sovereign territory of House Redoran. This is Morrowind, not Skyrim. While you're here you will be expected to abide by our laws. Any questions?"", ""I...I'm unsure. I swear I know the name, but cannot place it."", ""I don't think so. I'm not... The name has something to do with the Earth Stone, I think. But I'm not sure what."", 'I have to be. As Second Councilor, the security of Raven Rock is my primary concern.', ""This isn't exactly the city of Blacklight. We're on the frontier here, and we've had more than a fair share of troubles. After all we've been through together, I refuse to let Councilor Morvayn down."", ""Councilor Morvayn is House Redoran's representative on Solstheim. As second councilor, it's my job to support him and make certain his rule is enforced."", ""Your ignorance of our homeland doesn't surprise me. It's the capital of Morrowind...been that way ever since Mournhold was sacked by the Argonians. I don't visit there often anymore, but we still get the occasional supply ship and visitors from there."", 'Quite a while ago, yes. They cut a bloody swath across most of the southern region of Morrowind. Nobody seems certain why it happened...an attempt at expansion, revenge for the enslavement of their people or perhaps both. Whatever the case may be, thousands of Dunmer needlessly lost their lives and many more were exiled from their homeland.', ""Raven Rock started out as an Imperial settlement, but the Empire chose to abandon it just as my people were first setting foot here. They left the town in shambles...but when House Redoran took over, we turned it around and it became ours. And even if it's been a struggle to make this island livable, we're proud to call it home. Remember, we're watching you.""]",NPC
Elder Scrolls Skyrim,2011,US,Aela the Huntress,Female,"[""• You handle yourself well. You could make for a decent Shield-Brother. • Well, that's taken care of. No thanks to you."", ""Certainly not. But a true warrior would have relished the opportunity to take on a giant. That's why I'm here with my Shield-Brothers."", 'Ha. Another milk drinker crying about his effort. Glory only awaits those who triumph. And as Companions, our glory must always be hard-fought.', 'An outsider, eh? Never heard of the Companions? An order of warriors. We are brothers and sisters in honor. And we show up to solve problems if the coin is good enough.', ""Not for me to say. You'll have to talk to Kodlak Whitemane up in Jorrvaskr. The old man's got a good sense for people. He can look in your eyes and tell your worth. If you go to him, good luck."", ""Well nobody asked you. If you think you're better than we are, go talk to Kodlak Whitemane. See what a warrior of true mettle is like."", ""Ah, good. I've been waiting for this. Are you new around here?"", 'Ah, yes. I heard you gave him quite a thrashing.', 'Do you think you could handle Vilkas in a real fight?', 'Ah, a man of action.', ""Whoa, ease up there. We're rough, but there's no need to kill a Shield-Brother over a dispute. I like your fire though. You'll make a fierce Companion. Let us hunt together sometime. Here, let's have Farkas show you where you'll be resting your head."", 'Of course we did, icebrain. Show this new blood where the rest of the whelps sleep.', ""Are you awake? I was starting to think you might never come back. Yours was not an easy transformation, but you're still alive. Congratulations. We even have a celebration planned for you. There's a pack of werewolf hunters camped nearby, at Gallows Rock. The Silver Hand. I think you've met them before. We're going to slaughter them. All of them. Lead on. Skjor's already scouting ahead."", 'You were born into the pack, brother. I almost envy you, that first time is always the most...intense. You gave us even more trouble than Farkas did in his first turning.', ""You have the blood in you. You'll need to build up your strength before you're able to call on it again, though. Just be careful where you do it. Some cowards in this land can't stand the sight of glory before them."", ""Nothing, until you choose to use it. Then, well...you got a taste. Stronger, faster. It doesn't last long, though. The blood of your foes can sustain you. If you're willing to feed. The more we feed, the greater our prowess will grow. We could perhaps discover even more gifts than Hircine."", ""Cure? Ha. You're sounding like the old man. I...I shouldn't say that. I love Kodlak. I respect and follow him. But he's wrong on this. It's no curse. We're made into the greatest hunters in the land. If he's worried about some mead-swilling afterlife in Sovngarde, he's free to pursue it. I'll take the glories of the hunt right here."", 'The Silver Hand have taken over the old fort at Gallows Rock. They always make such easy prey.', 'Look at this. Cowards must have locked the place down after Skjor charged in. You can taste the fear.', ""There's a dead one, isn't there. Thought so. Nobody we know, by the smell. Some can't separate the animal from themselves, go feral. This poor sod could have been anyone. We should keep moving."", 'No surprise they keep vermin around. Filthy squalor.', ""Nothing we can do for these ones now. Don't even want to think about what those cretins did to them before they died."", 'We\'re getting close now, be careful. Their leader is a tricky one. They call him ""The Skinner"". I don\'t think I need to tell you why.', ""The bastards...somehow they managed to kill Skjor. He's one of the strongest we had, but numbers can overwhelm. He should not have come without a Shield-Brother. Get out of here. I'm going to make sure we got the last of them, and see if there's any information to be gotten from the bodies. You and I have work to do. The Silver Hand will tremble at our sight."", ""And there is more work to be done, but I fear that Kodlak has gotten wind of our recent efforts. He's asked to see you. My advice? Always be honest with the old man, but don't tell him anything he doesn't need to know."", ""I'll do it. Before the ancient flame..."", 'His spirit is departed. Members of the Circle, let us withdraw to the Underforge, to grieve our last together.', 'Being moon-born is not so much of a curse as you might think, Vilkas.', 'And you avenged him.', ""You're right. It's what he wanted, and he deserved to have it."", '""There the souls of the Harbingers will heed the call of northern steel."" We can\'t even enter the tomb without Wuuthrad, and it\'s in pieces, like it has been for a thousand years.', 'Did I hear right? Did he say you were to lead the Companions?', ""You've earned the right. Your strength and honor are apparent to all."", ""I'm just surprised. But your strength and honor are apparent to all. And it's my honor to be first to address you as Harbinger. Let's go tell the others. Nocturnal's quests tie into the Thieves Guild questline, so check there for the full lowdown."", 'Get these things off me! Cowards! Stealing a woman from her home! For shame!', ""None of your damned business who I am! If you're going to kill me, just do it already! As Mara as my witness, if I didn't have this hood on right now I would spit right in your face..."", 'Excuse me? What kind of question is that?', ""I'm kneeling here with my hands bound and a sack over my head, and you have the gall to ask me that? What do you think, genius?"", 'I\'m a woman living in Skyrim with six children and no husband. I don\'t have the time or the patience to be ""nice"". Do some people look down on me? Have I made some enemies? You\'re damn right. I don\'t have time for this nonsense. I\'ve got a home to keep and children to feed. Now let me out of here!']",NPC
Elder Scrolls Skyrim,2011,US,Aeta,Female,"[""It can't be...please, All-Maker, send him back to us...""]",NPC
Elder Scrolls Skyrim,2011,US,Agmaer,Male,"[""Oh, hey there! You here to join the Dawnguard, too? Truth is, I'm a little nervous. I've never done anything like this before. I hope you don't mind if I walk up with you. Hey, uh, don't tell Isran I was afraid to meet him by himself. Not the best first impression for a new vampire hunter, I guess. You've probably killed lots of vampires, huh? I'm sure Isran will sign you right up. Not sure he'll take me. I hope so. That must be it. Fort Dawnguard... Wow. Bigger than I expected."", 'Where is everybody? This place looks almost deserted.', 'I guess this is it. Wish me luck.', ""I'm, uh...my name is Agmaer, sir."", 'Yes, si...Isran.', ""Uh, my weapon? I mostly just use my pa's axe, when wolves are attacking the goats or soemthing."", ""Uh, crossbow? I've never...""]",NPC
Elder Scrolls Skyrim,2011,US,Aicantar,Male,"['You heard me, captain -- our work must not be disturbed. Kill any intruders on sight. Call for backup if you need it. But let no one through.', ""Yes, I'm positive I heard something!"", ""I'll deal with my uncle. Just...go! Scour this place from top to bottom!""]",NPC
Elder Scrolls Skyrim,2011,US,Alain Dufont,Male,"[""Well. You must have all those annoying gods on your side to have made it this far, whoever you are. Even I have to admit, that's pretty impressive.""]",NPC
Elder Scrolls Skyrim,2011,US,Alduin,Male,"['Sahloknir! Ziil gro dovah ulse!', 'Sahloknir! Ziil gro dovah ulse! Slen Tiid Vo! This is worse than I thought...', 'Geh, Sahloknir, kaali mir.', ""Ful, losei Dovahkiin? Zu'u koraav nid nol dov do hi. You do not even know our tongue, do you? Such arrogance, to dare take for yourself the name of Dovah. Sahloknir, krii daar joorre."", ""Meyye! Tahrodiis aanne! Him hinde pah liiv! Zu'u hin daan!"", 'Nivahriin joorre! What have you done? What twisted Words have you created?! Tahrodiis Paarthurnax! My teeth to his neck! But first...dir ko maar. You will die in terror, knowing your final fate... To feed my power when I come for you in Sovngarde!', 'Faal Kel...?! Niikriinne...', 'Bahloki nahkip sillesejoor. My belly is full of the souls of your fellow mortals, Dovahkiin. Die now and await your fate in Sovngarde!', 'Suleyki mulaag, Paarthurnax. My power has waxed, while yours has waned.', 'You will pay for your defiance!', 'You may have picked up the weapons of my ancient foe, but you are not their equal!', 'Meyz mul, Dovahkiin. You have become strong. But I am Al-du-in, firstborn of Akatosh! Mulaagi zok lot! I cannot be slain here, by you or anyone else! You cannot prevail against me. I will outlast you... mortal!', 'Ven Mul Riik!', 'Ven Mul Riik!', 'Nust wo ni qilaan fen kos duuan.', 'You are persistent, Dovahkiin. Pruzeh ol aar. A fine slave you would have made.', ""Zu'u unslaad! zu'u nis oblaan!""]",NPC
Elder Scrolls Skyrim,2011,US,Alexia Vici,Female,['No! Noooooo!'],NPC
Elder Scrolls Skyrim,2011,US,Alvor,Male,"[""Hadvar? What are you doing here? Are you on leave from... Shor's bones, what happened to you, boy? Are you in some kind of trouble?"", ""What's going on? And who's this?"", 'Okay, okay. Come inside, then. Sigrid will get you something to eat and you can tell me all about it.', 'Sigrid! We have company!', ""Now, then, boy. What's the big mystery? What were you doing, looking like you lost an argument with a cave bear?"", ""A dragon? That's...ridiculous. You aren't drunk, are you, boy?"", ""Of course! Any friend of Hadvar's is a friend of mine. I'm glad to help in any way I can. Like I said, I'm glad to help. But I need your help. We need your help. The Jarl needs to know there's a dragon on the loose. Riverwood is defenseless... We need to get word to Jarl Balgruuf in Whiterun to send whatever soldiers he can. If you'll do that for me, I'll be in your debt."", 'Well, I better get back to work. You two can make yourselves at home.']",NPC
Elder Scrolls Skyrim,2011,US,Amaund Motierre,Male,"[""By the Almighty Divines. You've come. You've actually come. This dreadful Black Sacrament thing...it worked."", ""Yes, um... So it would seem. Well, I won't waste your time."", ""Oh, I know. I know. But I'm so glad you're here. Please, allow me to state my business. Surely your time is as valuable as my own."", ""Right, then. You prefer to listen, is that it? Well, you must represent the Dark Brotherhood. I certainly wasn't expecting anyone else. So, I'll cut right to the chase. I would like to arrange a contract. Several, actually. I daresay, the work I'm offering has more significance than anything your organization has experience in, well, centuries."", ""As I said, I want you to kill several people. You'll find the targets, as well as their manners of elimination, quite varied. I'm sure someone of your disposition will probably find it enjoyable. But you should know that these killings are but a means to an end. For they pave the way to the most important target. The real reason I'm speaking with a cutthroat in the bowels of this detestable crypt. For I seek the assassination of... ...the Emperor."", ""Oh, wonderful. You don't know how happy I am to hear you say that."", 'That is correct. What I ask is no small thing, of course. But you represent the Dark Brotherhood. This is...what you do? No? You must understand.', ""It's a shocking request, I know. But it is within the purview of what you Dark Brotherhood types do. Isn't it? If history is to be believed? You must understand. So much has led to this day. So much planning, and maneuvering. It's as if the very stars have finally aligned. But I digress... Here, they need to be delivered to your, um...superior. Rexus. The items."", 'Rexus will now give you two items which must be passed along to your superior. The sealed letter will explain everything that needs to be done. The amulet is quite valuable -- you can use it to pay for any and all expenses.', 'Was there...something else you need?', 'I performed the Black Sacrament, contacted you people, because I thought you guaranteed discretion. Is this no longer so?', ""In the year 3E 41, Emperor Pelagius Septim was murdered in the Temple of the One in the Imperial City. Cut down by a Dark Brotherhood assassin. His killing ushered in, shall we say, a necessary change in Imperial policy. There are those now who wish for a similar change. I am sorry, but that's all I'm at liberty to say."", 'Oh, my furtive friend. When Emperor Titus Mede II lies dead, there will be gold...a fortune in gold. But so much more! It is said that the Dark Brotherhood, in recent times, has been in decline. That you lack the power, wealth, and respect of days past. Is it not so? If you do this, if you kill the Emperor... Oh, how the masses will fear and respect you.', 'Oh, Rexus is no mere servant. He has been with the Motierre family since I was a child. I trust the man with my life. You must deliver those items to your superior. And I...I must get out of this foul place.', ""What is it? I said I didn't wish to...be disturbed. (Remain silent) We have unfinished business, Motierre."", ""By the gods. You...you're alive! But I had heard...your Sanctuary... Please! You mustn't think I had anything to do with that! I wanted the Emperor dead! The true Emperor! I still do! It was Maro. He..."", ""You mean, after all that's transpired, the Dark Brotherhood will still...honor the contract? Why, this is astounding news! Wonderful news! The Emperor is still in Skyrim, but not for long. He's onboard his ship, the Katariah, moored offshore in the Solitude Inlet. But you must hurry! If you can get onboard that ship. Kill Titus Mede II, as contracted...I will reveal the location of the dead drop that holds your payment."", ""Ah, yes, I can imagine you'd want to settle that score. Last I heard, he was at the Solitude docks, conducting the Emperor's departure."", ""Surely you're joking? This is the true Emperor, not some half-Septim lookalike. He'll be surrounded by elite bodyguards, I'm sure. You'll have your work cut out for you. Still...everyone assumes the Dark Brotherhood has been completely destroyed. They may be a bit more lax than usual."", ""Well, I don't know. It's in the Solitude Inlet -- that's the channel just north of the docks. I suppose you should go to the docks and... swim? Please, make haste. The Emperor's ship won't stay moored forever. We won't get a chance like this again."", ""Aha! You're back!"", 'I know! I know! I received the news not moments ago! Ha ha! This is glorious! My friend, you may not realize it, but you have served the Empire, indeed all of Tamriel, in ways you cannot possibly imagine. Ah, but you care little for politics, am I right? You want money! And money you shall have! Your payment waits for you at a dead drop. It is inside an urn, in the very chamber where we first met, in Volunruud. Now please, go. Collect your money, and let us never look upon one another again. Our business, thank the gods, is concluded.', 'And what might that be?', ""You assassins and your riddles. It really does get very annoying, you know. Now if you'll excuse me..."", ""Ha! Well, I certainly do feel that way. Now, if, um...you'll get going?"", ""Yes? No? Nothing? Very well, then. If you'll just...get going now..."", 'But...we had a deal...']",NPC
Elder Scrolls Skyrim,2011,US,Ancano,Male,"[""Yes, of course. I'm simply trying to understand the reasoning behind the decision."", 'Yes, of course. The Arch-Mage has my thanks.', 'You there. I have questions for you. You were in Saarthal, yes? It has come to my attention that something was found there.', 'I know full well that you have. Please do not insult my intelligence. Tolfdir is still there now, is he? I shall expect a full report when he returns.', 'I am well aware. Tolfdir is still in Saarthal, is he? I shall be expecting a full report from him when he returns.', 'It is my job to know these things. My role as advisor to the Arch-Mage is aided by knowing everything that transpires here.', 'Something was discovered in Saarthal that was significant enough that Tolfdir sent a new member of the College, alone, to deliver word. That sounds precisely like the sort of thing that should matter to everyone. Especially me. Thank you for your help. You may go now.', 'What? Preposterous, and just the sort of thing I would expect from mages who have nothing better to do with their time. I have made it quite clear that my only here is as advisor to the Arch-Mage. I would suggest that you not further spread this rumor.', ""I am an advisor to the Arch-Mage. The Thalmor wish to promote relations with your College. I am at the Arch-Mage's disposal if he requires advice."", 'Perhaps not as often as he should. In time, I believe he will be more trusting.', 'Now that stability has been established between the Dominion and the Empire, we seek only to help Skyrim. To guide its people through this time of transition, to help lead them to a better future.', ""I'm afraid I must intrude. It is urgent that I speak with your associate immediately."", ""Yes, I've no doubt of its gravity. This, however, is a matter that cannot wait."", ""I need you to come with me immediately. Let's go."", ""Really? Well, allow me to clarify the situation. I'd like to know why there's someone claiming to be from the Psijic Order here at the College. More importantly, I'd like to know why he's asking for you specifically. So we're going to go have a little chat with him, and find out exactly what it is he wants."", ""I'll be the one asking the questions. All you need to know is that the Psijic Order is a rogue organization, believing themselves to be above the law. They have clashed with the Aldmeri Dominion before, and I have no intention of allowing that to happen here."", 'Technically, that is true. But I still report to the Aldmeri Dominion, and I cannot ignore this situation. Don\'t worry, you can return to your petty squabbles and meaningless ""research"" as soon as this matter is resolved. Now, you are going to speak to this...Monk...and find out why he is here, and then he will be removed from College grounds.', 'Well? What is the meaning of this?', ""Don't play coy. You asked to see a specific member of the College. Here he is. Now what is it you want?"", ""What? What trickery is this? You're not going anywhere until I find out what you're up to!"", 'We will see about this...', ""You've come for me, have you? You think I don't know what you're up to? You think I can't destroy you? The power to unmake the world at my fingertips, and you think you can do anything about it?"", 'I am beyond your pathetic attempts at magic. You cannot touch me.', 'Enough!', 'Still you persist? Very well. Come then. See what I can do now.']",NPC
Elder Scrolls Skyrim,2011,US,Anton Virane,Male,"['Yes, yes, for the hundredth time, I am a Breton. I was born in High Rock. And then I came here. I am not a Reachman! (Remain silent) Ah yes, High Rock. Home of exquisite Breton cuisine...', 'Who are you? What do you want?', ""The...the Gourmet? Never! I don't know what led you here, but nothing will betray my trust. I'll take the secret of the Gourmet's identity to my grave."", ""The Dark Brotherhood? Now...now wait a minute. Let's not be hasty. I mean, surely my friend wouldn't want me to endanger my own life. Right? Look, his name is Balagog gro-Nolob. He's an Orc! The Gourmet's an Orc! He's staying at the Nightgate Inn! That's all I know! Now...now you'll let me go. Right?"", ""Okay. All right. Wonderful. You're welcome! I'll just be on my way, then..."", 'No. Oh, please no...', ""So...we're done?""]",NPC
Elder Scrolls Skyrim,2011,US,Anuriel,Female,"['Not here. Come with me. Stay close and the guards will leave you alone.', ""I suppose you're here to extort something from me? Is that it? Well, what is it you want?"", ""So. You're an Imperial spy... Interesting... I have no strong love for the Stormcloaks but I can't say I'm all that fond of the Empire, either. This war of yours makes it different for a resourceful woman to advance her interests. Perhaps we can find a way for both of us to prosper from this unfortunate discovery?"", ""It would ruin me. I have a good thing going here. The Jarl benefits from my more creative arrangements as well, though it'd be impossible for her to admit that. Laila is a simple and traditional woman. Which makes it easy to manipulate her, but impossible to regain her graces once offended. Look. Perhaps we could come to some kind of arrangement?"", 'What if I told you about a large shipment of gold and weapons?', ""Oh, no. I'm no fool. You'll learn what you need to know once we've come to an agreement."", ""Well I...I suppose I'm not left much choice in the matter, am I? Very well. I trust a hefty purse of septims will suffice?"", 'Enough to make a significant difference in the war.', ""They're taking it by wagon to Windhelm. If you hurry, you'll catch them before they get far. It'll be a fairly slow moving caravan. The shipment is quite heavy, and guarded by many men. Now, let's pretend we never had this discussion.""]",NPC
Elder Scrolls Skyrim,2011,US,Aquillius Aeresius,Male,"[""I...oh, alright. If there is a thief, he won't leave this tower alive. But shouldn't we inform Master Calcelmo?""]",NPC
Elder Scrolls Skyrim,2011,US,Aranea Ienith,Female,"['Azura has seen your coming, traveler. It was not curiosity, but fate, that has lead you here.', 'Azura has given me the gift of foresight. I had a vision of you walking up the steps to this altar long before you were born. You have been chosen to be her champion. I know it is unexpected, but do not worry. It will all unfold as she has predicted.', ""This shrine was built by the Dunmer. As our land was scorched by fire and brimstone, Azura's prophecies led us to safety. She is a Daedra, a powerful being who watches from beyond our mortal plane. She has chosen you to be her champion."", ""Perhaps that is what you are meant to believe. To better serve your role as Azura's champion. Do not fight it. Azura's prophecies always come to pass. To deny them is to go headlong into the darkness with no light to guide you."", ""You must go to a fortress, endangered by water, yet untouched by it. Inside, you will find an elven mage who can turn the brightest star as black as night. It is crytic, I know, but Azura's signs are never wrong. I believe the fortress may refer to Winterhold. Ask if they know this elven enchanter."", 'There is no one else, but very well. I cannot force you to accept your destiny. Twilight guide your path.', 'She is the Goddess of Dawn and Dusk. Azura sees into the Twilight of the future, and guides her followers through it.', 'My people, the Dunmer, built it. We fled from Morrowind after Vvardenfell erupted almost 200 years ago. Those of us who were faithful to Azura were given a vision that led us away from the island before the worst came. This shrine is our thanks to her. That none will forget she watches over us all.', ""Yes. There were others at first, but Azura's visions tested everyone's faith. One by one, they left. Afraid to know their own future. But I refused to abandon the shrine. The visions are a gift. Azura warns me of tragedy, war, death before it happens. I won't leave her guidance."", ""Azura's Star! I knew the Lady of Twilight had sent you for a reason. Hand it over to me. I will ask Azura to restore teh Star to its original purity."", 'I will commune with Azura.', ""I understand. Speaking to a goddess is overwhelming for many. Return when you're prepared."", 'Azura. Mother of Roses. Goddess of Dusk and Dawn. Your chosen champion has returned your Star to you. She wishes to speak to you herself. Please. Place your hands on the altar, and you will hear her voice.', ""While you were in the Star, Azura gave me a vision. Her last, she said. I have never been without Azura's guidance since escaping Morrowind. I don't know what to do. If you need me, I'd be honored to accompany you, Guardian of the Star. It would give me a purpose."", 'Twilight watch over you, Guardian.', ""I was a sorceress of no small skill before I came into Azura's faith. Afterwards, her magic sustained me. I could easily provide my spells to your cause. Protect you from harm. Defeat your enemies."", ""No. She said my part was over. That my fate had moved beyond the Twilight, and I was on my own. I will tend Azura's shrine when you do not need me. I still have my duties, but for the first time I feel... alone.""]",NPC
Elder Scrolls Skyrim,2011,US,Arch-Curate Vyrthur,Male,"[""Did you really come here expecting to claim Auriel's Bow? You've done exactly as I predicted and brought your fetching companion to me."", ""Which, I'm sorry to say, means your usefulness is at an end!"", 'An impressive display, but a wasted effort. You delay nothing but your own deaths!', 'Finish them!', 'This has gone on long enough. Child, my life ended long before you were born!', ""No...I won't let you ruin centuries of preparations..."", 'Death first!', 'How dare you. I was the Arch-Curate of Auri-El, girl. I had the ears of a god!', 'Gelebor and his kind are easily manipulated fools. Look into my eyes, Serana. You tell me what I am.', ""The moment I was infected by one of my own Initiates, Auri-El turned his back on me. I swore I'd have my revenge, no matter what the cost."", ""Auri-El himself may have been beyond my reach, but his influence on our world wasn't. All I needed was the blood of a vampire and his own weapon, Auriel's Bow."", 'A prophecy that lacked a single, final ingredient...the blood of a pure vampire. The blood of a Daughter of Coldharbour.', 'What trickery is this!', 'Farewell.']",NPC
Elder Scrolls Skyrim,2011,US,Aringoth,Male,"[""Worthless mercenaries. I didn't think Maven or Mercer would allow me to get away with this, but I had little choice."", ""I can't. If I do, I may as well cut my own throat."", ""I don't believe you. That's not your way."", 'Give it your best shot!', ""No! I'm not about to let you ruin everything I've worked so hard for!""]",NPC
Elder Scrolls Skyrim,2011,US,Arnbjorn,Male,"['Ha ha ha ha ha ha ha!', 'Ah, yes, please, old man. Regale us with your tales of wizardry...', ""I am not adorable, it was not funny, and he wasn't a merchant. He was a Khajiit monk, a master of the Whispering Fang style. But now he's dead...and I have a new loincloth."", ""Well, well. It's raw meat. Oh, my beautiful wife has told me all about you. Let me guess -- Astrid failed to mention I'm her husband? She has a tendency to do that. Doesn't want the others thinking she plays favorites. (Remain silent) It's nice to meet you, Arnbjorn."", ""I'll give you a week before you end up dead in a ditch."", ""Look. If you're trying to get to know me -- don't. I don't like you, and I never will. It's nothing personal. But... My wife trusts you, and I trust her judgment. So you can't be all bad. Here's what you need to know: I'm a werewolf. I like killing things. I love Astrid. I hate annoying people. And the color blue gives me a headache."", 'I might ask the same of you. For you are more than mortal. You are moon-born. You are wolf. So, you\'re a Companion, then? I can\'t imagine you got your gift anywhere else. I hope you have better luck with them than I did. Oh yes, I was once brother to the Companions. Let\'s just say they found my methods ""unsettling"". The Dark Brotherhood, obviously, feels differently.', 'Keep talking, little man, and we\'ll see who gets ""punished"".', 'Hmph.', ""Yeah. Follow my wife's orders, and don't do anything stupid."", 'The witless fool and his pet corpse? Take a guess.', ""She said that? If I find anyone working against my wife, or this Sanctuary, I'll beat them to death with their own severed head. Of course, they'd probably already be dead... But you know what I meant!"", 'Oho! The Listener wants my counsel! I thought you were above the opinions of mere mortals, now that you commune with dead old women.', ""You got to kill a soft little woman on her wedding day? What's next? Murdering a crippled orphan in his sleep?"", ""What's the matter, Listener? The Night Mother not feeling very chatty these days? You need help from your flesh and blood lessers? You've got to track a man, kill him, and then frame him for a crime. This contract's perfect...for me. Clearly, my lovely wife made a mistake."", 'Should have figured Astrid would send you.', ""What gave it away? Ha ha ha ha ha. Yeah, got to admit that little jester's good with that butter knife. But don't worry, I gave as good as I got."", ""In there! Through the door. Some old Sanctuary, by the looks of it. I would have followed him, but I don't know the phrase."", ""All right, you convinced me. Doubt I'll be much good to you, anyway. The little fop cut me pretty deep. But I slashed him good. Pretty sure I severed an artery. Don't know what you're going to find in there...but you can probably just follow the blood. Do me a favor and kill that little jester twice. Just to make sure."", 'There you are. Look, I...I just wanted to say thanks for coming to find me. Back in Dawnstar. Crazy jester finally met his match, am I right?', 'The last thing you need is my help. Listener or not, you have proven yourself time and again. To Astrid, to the Family...and to me.', ""You get to kill the Emperor. The bloody Emperor. You'd better enjoy this one. You owe us all that much. So make it bloody, painful, and spectacular.""]",NPC
Elder Scrolls Skyrim,2011,US,Arngeir,Male,"['So...a Dragonborn appears, at this moment in the turning of the age.', 'We will see if you truly have the gift. Show us, Dragonborn.', 'First, let us see if you truly are Dragonborn. Let us taste of your Voice.', 'Dragonborn. It is you. Welcome to High Hrothgar. I am Master Arngeir. I speak for the Greybeards. Now tell me, Dragonborn, why have you come here?', ""We are the Greybeards, followers of the Way of the Voice. You stand in High Hrothgar, on the slopes of Kynareth's sacred mountain. Here we commune with the voice of the sky, and strive to achieve balance between our inner and outer selves."", 'We are here to guide you in that pursuit, just as the Greybeards have sought to guide those of the Dragon Blood that came before you.', 'You are not the first. There have been many of the Dragon Blood since Akatosh first bestowed that gift upon mortalkind. Whether you are the only Dragonborn of this age...that is not ours to know. You are the only one that has been revealed thus far. That is all I can say.', 'We are honored to welcome a Dragonborn to High Hrothgar. We will do our best to teach you how to use your gift in fulfillment of your destiny.', 'That is for you to discover. We can show you the Way, but not your destination.', 'You have shown that you are Dragonborn. You have the inborn gift. But do you have the discipline and temperament to follow the path laid out for you? That remains to be seen. Without training, you have already taken the first steps toward projecting your Voice into a Thu\'um, a Shout. Not let us see if you are willing and able to learn. When you Shout, you speak in the language of dragons. Thus, your Dragon Blood gives you an inborn ability to learn Words of Power. All Shouts are made up of three Words of Power. As you master each Word, your Shout will become progressively stronger. Master Einarth will now teach you ""Ro,"" the second Word in Unrelenting Force. ""Ro"" means ""balance"" in the dragon tongue. Combine it with Fus -- ""Force"" -- to focus your Thu\'um more sharply.', ""Now let us see how quickly you can master your new Thu'um. Use your Unrelenting Force shout to strike the targets as they appear."", 'Well done. Again.', 'You learn quickly. Once more.', ""Impressive. Your Thu'um is precise. You show great promise, Dragonborn. We will perform your next trial in the courtyard. Follow Master Borri."", ""You must hear the Word within yourself before you can project it into a Thu'um."", 'Now we will see how quickly you can master a new Shout. Master Wulfgar will demonstrate Whirlwind Sprint. Then it will be your turn. Master Borri.', 'Now it is your turn. Stand next to me. Master Borri will open the gate. Use your Whirlwind Sprint to pass through before it closes.', ""Your quick mastery of a new Thu'um is...astonishing. I'd heard the stories of the abilities of Dragonborn, but to see it for myself..."", 'No. Indeed not. But beware that your skill does not outstrip your wisdom. You are now ready for your last trial.', 'You were given this gift by the gods for a reason. It is up to you to figure out how best to use it. You are now ready for your last trial.', 'You are now ready for your last trial. Retrieve the Horn of Jurgen Windcaller, our founder, from his tomb in the ancient fane of Ustengrav. Remain true to the Way of the Voice, and you will return.', 'No doubt. The appearance of a Dragonborn at this time is not an accident. Your destiny is surely bound up with the return of the dragons. You should focus on honing your Voice, and soon your path will be made clear.', 'Good. Then you will be ready for whatever lies ahead.', 'There is indeed much that we know that you do not. That does not mean that you are ready to understand it. Do not let your easy mastery of the Voice tempt you into the arrogance of power that has been the downfall of many Dragonborn before you.', 'Dragons have the inborn ability to learn and project their Voice. Dragons are also able to absorb the power of their slain brethren. A few mortals are born with similar abilities -- whether a gift or a curse has been a matter of debate down through the centuries. What you have already learned in a few days took even the most gifted of us years to achieve. Some believe that Dragonborn are sent into the world by the gods, at times of great need. We will speak more of that later, when you are ready.', 'Dragons have always been able to shout. Language is intrinsic to their very being. There is no difference in the dragon tongue between debating and fighting. Shouting comes as naturally to a dragon as breathing, or speaking. In mythic times, when mortalkind was in great need, the goddess Kynareth granted us the ability to speak as dragons do. For most people, long years of training are required to learn even the simplest Shout. But for you, the dragon speech is is in your blood, and you learn it almost without effort.', 'Five. Our leader, Paarthurnax, lives alone on the peak of the Throat of the World. When your Voice can open the path, you will know you are ready to speak to him.', 'As I said, you will know you are ready when your Voice can open the path to him.', 'We study the Way of the Voice, according to the teachings of our founder, Jurgen Windcaller. Very few are permitted to study with us here at High Hrothgar. But in your case, Dragonborn, it is a privilege to guide you towards mastery of your Voice.', 'Their Voices are too powerful for anyone not trained in the Way to withstand. Even a whisper could kill you.', ""He was a great war leader of the ancient Nords, a master of the Voice, or Tongue. After the disaster at Red Mountain, where the Nord army was annihilated, he spent many years pondering the meaning of that terrible defeat. He finally came to realize that the gods had punished the Nords for their arrogant and blasphemous misuse of the Voice. He was the first to understand that the Voice should be used solely for the glory and worship of the gods, not the glory the men. Jurgen Windcaller's mastery of the Voice eventually overcame all opposition, and the Way of the Voice was born."", ""The Voice was a gift of the goddess Kynareth, at the dawn of time. She gave mortals the ability to speak as dragons do. Although this gift has often been misused, the only true use of the Voice is for the worship and glory of the gods. True Mastery of the Voice can only be achieved when your inner spirit is in harmony with your outward actions. In the contemplation of the sky, Kynareth's domain, and the practice of the Voice, we strive to achieve this balance."", 'The Dragonborn is an exception to all the rules -- the Dragon Blood itself is a gift from the gods. If we accept one gift, how can we deny the other? As Dragonborn, you have received the ability to Shout directly from Akatosh. We therefore seek to guide you on the proper use of your gift, which transcends the restrictions which bind other mortals.', 'That is commendable. But remember, the Dragon Blood itself is a gift from Akatosh. Do not try to deny that gift. Your destiny requires you to use your Voice -- why else would Akatosh have bestowed this gift upon you? If you remember to use your voice in service to the purpose of Akatosh, you will remain true to the Way.', ""Ah! You've retrieved the Horn of Jurgen Windcaller. Well done. You have now passed all the trials. Come with me. It is time for us to recognize you formally as Dragonborn."", 'You have completed your training, Dragonborn. We would Speak to you. Stand between us, and prepare yourself. Few can withstand the unbridled Voice of the Greybeards. But you are ready.', 'Dovahkiin. You have tasted the Voice of the Greybeards, and passed through unscathed. High Hrothgar is open to you.', 'We spoke the traditional words of greeting to a Dragonborn who has accepted our guidance. The same words were used to greet the young Talos, when he came to High Hrothgar, before he became the Emperor Tiber Septim.', 'Where did you learn of that? Who have you been talking to?', 'Yes. For matters of such gravity, we need to know where you stand. Or who you stand with.', ""If you wish to stand alone, so be it. If you wish for our help, you'll answer my question."", 'The Blades! Of course. They specialize in meddling in matters they barely understand. Their reckless arrogance knows no bounds. They have always sought to turn the Dragonborn from the path of wisdom. Have you learned nothing from us? Would you simply be a tool in the hands of the Blades, to be used for their own purposes?', 'No, no, of course not. Forgive me, Dragonborn. I have been intemperate with you. But heed my warning -- the Blades may say they serve the Dragonborn, but they do not. They never have.', 'What I want is irrelevant. This Shout was used once before, was it not? And here we are again. Have you considered that Alduin was not meant to be defeated? Those who overthrew him in ancient times only postponed the day of reckoning, they did not stop it. If the world is meant to end, so be it. Let it end and be reborn.', 'Do not be so sure about that. Beware -- the Blades may claim to serve the Dragonborn, but they do not. They never have. As for me, I only kept from you what you were not yet ready to know. Are still not ready to know, as your question reveals.', 'No. Not now. Not until you return to the path of wisdom.', 'Dragonborn...wait. Forgive me. I was...intemperate. I allowed my emotions to cloud my judgment. Master Einarth reminded me of my duty. The decision whether or not to help you is not mine to make.', 'No. I cannot teach it to you because I do not know it. It is called ""Dragonrend,"" but its Words of Power are unknown to us. We do not regret this loss. Dragonrend holds no place within the Way of the Voice.', 'But not Dragonrend. The knowledge of that Shout was lost in the time before history began. Perhaps only its creators ever knew it. But I am not the one to speak of it to you.', ""It was created by those who had lived under the unimaginable cruelty of Alduin's Dragon Cult. Their whole lives were consumed with hatred for dragons, and they poured all their anger and hatred into this Shout. When you learn a Shout, you take it into your very being. In a sense, you become the Shout. In order to learn and use this Shout, you will be taking this evil into yourself."", 'Only Paarthurnax, the leader of our order, can answer that question, if he so chooses.', 'He is our leader. He surpasses us all in his mastery of the Way of the Voice.', 'He lives in seclusion on the very peak of the mountain. He speaks to us only rarely, and never to outsiders. Being allowed to see him is a great privilege.', ""You weren't ready. You still aren't ready. But thanks to the Blades, you now have questions that only Paarthurnax can answer."", 'Only those whose Voice is strong can find the path. We will teach you a Shout to open the way to Paarthurnax.', 'The path to Paarthurnax lies through this gate. I will show you how to open the way. Lok... Vah... Koor...', 'I will grant you my understanding of Clear Skies. This is your final gift from us, Dragonborn. Use it well. Clear Skies will blow away the mist, but only for a time. The path to Paarthurnax is perilous, not to be embarked upon lightly. Keep moving, stay focused on your goal, and you will reach the summit.', 'So...you spoke to Paarthurnax. The dragonblood burns bright within you. Did he tell you what you wanted to know? Did he teach you the Dragonrend Shout?', 'So be it. If he believes it is necessary for you to learn this...we will bow to his wisdom.', 'We have never concerned ourselves with the Scrolls. The gods themselves would rightly fear to tamper with such things. As for where to find it...such blasphemies have always been the stock and trade of the mages of Winterhold. They may be able to tell you something about the Elder Scroll you seek.', 'Alduin...we heard the Dragonrend Shout from here...you defeated him?', ""The old tales say that he is able to travel into Sovngarde to devour the souls of the dead. But they don't say how he does this."", 'Yes, of course! But how to force a dragon to talk to you... There is one possibility. But...no, the Jarl would never agree.', ""Do you know Dragonsreach? The Jarl of Whiterun's palace? Its name is no accident. The palace was originally built to hold a captive dragon."", 'Oh, this was back in the days of Olaf One-Eye, thousands of years ago. In those days, dragons could still be found among the remote mountain peaks. Before the Blades wiped them all out.', ""You might be able to trap him there, exactly. You'd require the Jarl's cooperation, of course. That might not be easy to come by. You must trust in the rightness of your cause, and the strength of your Voice."", 'Alduin...we heard the Dragonrend Shout from here...you defeated him?', 'I feared as much. I thought it was him we saw flying east after your battle.', 'We are not warriors. What is overlooked in the Dragonborn is not permitted to any other followers or the Way of the Voice.', 'You misunderstand our authority. The Greybeards have never involved themselves in political affairs.', ""I see. The dragon will lead you to Alduin, but without the Jarl's help..."", 'Paarthurnax has made the decision to help you. This is the road we have to walk. Even the Greybeards must bend to the winds of change, it seems. So be it. Tell Ulfric and General Tullius that the Greybeards wish to speak to them. We will see if they still remember us.', 'Deliver the message to the warring parties. If they will listen, I will do what I can to bring them to terms.', 'Now you see why I warned you against them! Bloodthirsty barbarians!', ""Yes. But understand -- during the days of Alduin's rule, all dragons were his allies. There was nothing else they could be. If not for Paarthurnax, Alduin could not have been overthrown. It was he who first taught men to use the Thu'um."", 'The same could be said for any of us, could it not? Are you so guiltless as to stand in judgment upon Paarthurnax? Listen to your inner Voice before acting. Do not allow the Blades to bully you into doing something you will later regret. After all, repentance is something you deny to Paarthurnax by meting out your so-called justice.', ""You're learning, Dragonborn. Doing nothing can be the wisest choice, although strangely often the most difficult. I trust that you will make the right choice, in the end. Listen to the Voice that Kynareth has placed within you, and your path will become clear."", 'Kynareth has placed the Voice of wisdom within you, Dragonborn. All you need do is learn to listen to it, and your path will be clear.', 'The old tales say that he can travel into Sovngarde to devour the souls of the dead. You must find out how he does this, before he regains his strength and returns.', ""So, you've done it. The men of violence are gathered here, in these halls whose very stones are dedicated to peace. I should not have agreed to host this council. The Greybeards have no business involving ourselves in such matters."", 'Peace? I doubt it. They may put their weapons down for a moment, but only to gather strength for the next bloodletting. They are not yet tired of war. Far from it. Do you know the ancient Nord word for war? ""Season unending""...so it has proved.', 'Yes, yes. Which is why I allowed this...violation of all our traditions. But regrets are pointless. Here we are. Take your seat at the council table and let us see what wisdom we can find among these warriors of Skyrim.', 'Now that everyone is here, please take your seats so we can begin. I hope that we have all come here in the spirit of...', ""Please. If we have to negotiate the terms of the negotiation, we will never get anywhere. Perhaps this would be a good time to get the Dragonborn's input on this matter."", ""Now that that's settled, may we proceed?"", ""Are we ready to proceed? Jarl Ulfric. General Tullius. This council is unprecedented. We are gathered here at the Dragonborn's request. I ask that you all respect the spirit of High Hrothgar, and do your best to begin the process of achieving a lasting peace in Skyrim. Who would like to open the negotiations?"", ""I'm sure Jarl Ulfric does not expect something for nothing."", 'What would the Empire want in return?', ""It seems we may have an agreement. Jarl Ulfric... General Tullius... These are the terms currently on the table. • Markarth will be handed over to Ulfric's forces. Jarl Igmund will step down, and Thongvor Silver-Blood will become the Jarl of Markarth. • Ulfric will allow Imperial troops to enter Winterhold. Korir will replace Kraldar as Jarl. • The Stormcloaks will withdraw from the rift, allowing Imperial troops unhindered access. Jarl Laila Law-Giver will step down, and Maven Black-Briar will become the Jarl of Riften. • The Stormcloaks will pay appropriate compensation for the massacre at Karthwasten. • Hjaalmarch will be turned over to Ulfric, with Sori the Builder assuming the Jarlship. • The Pale will be turned over to the Empire. Brina Merilis will assume the Jarlship in Dawnstar."", 'You both agree to this?', ""Jarl Balgruuf, I assume you are familiar with the Dragonborn's plan?"", 'But the difficulty remains -- how to lure a dragon to Dragonsreach at all?', ""You did well here today. I don't think the truce will last long, but that will not be on your account."", ""This is how you repay our trust? Paarthurnax's trust? His noble spirit...the wisdom of ages...his deep understanding of our existence...all gone, and for what? A mindless vendetta urged on you by a cabal of Akaviri barbarians! Begone, before even my philosophy is tested beyond the breaking point. We are men of peace, and you are not."", ""We have nothing to say to each other. Paarthurnax's murder is beyond my powers of forgiveness."", ""I can see it in your eyes -- you've seen the land of the gods and returned. Does this mean...it is done? Is Alduin truly defeated?"", 'At last. It is over. Perhaps it was all worth it, in the end.', 'Then it is done at last. Perhaps it was all worth it, in the end.', ""Perhaps, perhaps not. Dragons are not like mortal creatures, and Alduin is unique even among dragonkind. He may be permitted to return at the end of time to fulfill his destiny as the World-Eater. But that is for the gods to decide. You have done your part. You've shown yourself mighty, both in Voice and deed. In order to defeat Alduin, you've gained mastery of dreadful weapons. Now it is up to you to decide what to do with your power and skill. Will you be a hero whose name is remembered in song throughout the ages? Or will your name be a curse to future generations? Or will your memory fade from history, unremembered? Let the Way of the Voice be your guide, and the path of wisdom will be clear to you. Breath and focus, Dragonborn. Your future lies before you.""]",NPC
Elder Scrolls Skyrim,2011,US,Arniel Gane,Male,"[""Don't touch anything!"", ""What? Ah, yes. You. I remember you. You're going to help? That's fine. Just... Just don't make a mess of my work. I've only looked through a portion of this section. You, uh, you can look around in the chambers just north of here. Try and be careful, all right? We don't want to damage anything."", 'Just round up the rest of the magical artifacts so that I can catalog them.', ""I hope there aren't any more."", ""I'll be amazed if any of us survive this.""]",NPC
Elder Scrolls Skyrim,2011,US,Arvel the Swift,Male,"['Is...is someone coming? Is that you Harknir? Bjorn? Soling? No. Not again! Ah, kill it. Kill it! Get me out of here!', 'You. Over here! You did it. You killed it. Now cut me down before anything else shows up.', ""Yes, the claw. I know how it works. The claw, the markings, the door in the Hall of Stories. I know how they all fit together! Help me down, and I'll show you. You won't believe the power the Nords have hidden there."", 'Does it look like I can move? You have to cut me down, first.', 'Sweet breath of Arkay, thank you.', ""It's coming loose. I can feel it."", 'You fool, why should I share the treasure with anyone?']",NPC
Elder Scrolls Skyrim,2011,US,Asgeir Snow-Shod,Male,['What in the...? Vittoria! No!'],NPC
Elder Scrolls Skyrim,2011,US,Astrid,Female,"['Sleep well?', ""Does it matter? You're warm, dry...and still very much alive. That's more than can be said for old Grelod. Hmm?"", 'You see, that little Aretino boy was looking for the Dark Brotherhood. For me, and my associates. Grelod the Kind was, by all rights, a Dark Brotherhood contract. A kill...that you stole. A kill you must repay.', 'Well now. Funny you should ask. If you turn around, you\'ll notice my guests. I\'ve ""collected"" them from...well, that\'s not really important. The here and now. That\'s what matters. You see, there\'s a contract out on one of them, and that person can\'t leave this room alive. But... which one? Go on, see if you can figure it out. Make your choice. Make your kill. I just want to observe...and admire.', 'Now that is a shame. But what you fail to realize is that you involved yourself in this ""insanity"" when you took Grelod\'s life. You made your choice. Now it\'s time to face the consequences of your actions. You don\'t leave this shack until someone dies.', ""See, I knew we could resolve this civilly. A debt owed must be repaid. You understand that. Well, get to it then. Pick your guest, and send the poor fool to the Void. I'll give you the key to this shack, and you'll be on your way."", ""Am I to take your silence as acceptance? Then you know where we stand. Make your kill, and we're square. Repayment of your debt is but a discreet knife thrust away."", ""I'll cut right to it. You murdered the old woman in the Orphanage. You owe the Dark Brotherhood a kill. I've come to collect. One of these poor sods has a contract out on their life. Which one is it? Any idea? Make your choice. Make your kill. And you get to walk away."", ""• Oh ho. The whimpering Nord, eh? Yes, yes, I can see how you'd come to that conclusion. Interesting choice. • Ah, the feisty goodwife. Quite the mouth on her. Someone must have wanted her dead... right? • The conniving Khajiit. Cat like that was sure to have enemies. It's no wonder you chose him. • The blubbering barbarian and the tenacious mother. Must have been one of them, right? • Hmm. The fearless wife and mother, and the underhanded Khajiit. Had to be one of them, right? Interesting choice. • The timid warrior and the sly Khajiit. Must have been one or the other, right? • Well, well, aren't we the overachiever? Three possibilities, three victims. Must have been one of them, right? So why take chances..."", ""Oh. No, no, no. Don't you understand? Guilt, innocence, right, wrong... Irrelevant. What matters is I ordered you to kill someone, and you obeyed."", ""Indeed. For you, my friend, seem to understand what's truly important. When I give an order to spill blood, you follow it. No questions. No remorse."", 'Hmph. When most would speak, you listen. You think. You understand that the only thing that matters is you following my orders. To kill.', 'Of course. And you\'ve repaid your debt, in full. Here\'s the key to the shack. But why stop here? I say we take our relationship to the next level. I would like to officially extend to you an invitation to join my Family. The Dark Brotherhood. In the southwest region of Skyrim, in the Pine Forest, you\'ll find the entrance to our Sanctuary. It\'s just beneath the road, hidden from view. When questioned by the Black Door, answer with the correct passphrase: ""Silence, my brother."" Then you\'re in. And your new life begins. I\'ll see you at home.', 'Well done...', 'Ah, at last. I hope you found the place all right.', ""Well, what happens now is you start your new life in the Dark Brotherhood. You're part of the Family, after all. This, as you can see, is our Sanctuary. You won't find a safer place in all of Skyrim. So get comfortable."", ""Our Family, my dearest. Our Family. Together, united as one, the Dark Brotherhood can accomplish anything. But you must be anxious to get to work. I'm arranging a job, but need a bit more time. For now, go see Nazir. He's got several smaller contracts."", ""Soon, my dearest. Soon. I'm arranging a job for you, but I need some more time. For now, go talk to Nazir. He may have some smaller contracts to tide you over."", ""Hmmm... Yes, the silence suits you. Gives you an air of mystery. Now, down to business. I'm arranging a job for you. But in the meantime, go talk to Nazir. He may have some smaller contracts to tide you over. Soon, the Night Mother will arrive. And things around here are sure to get even more interesting. Ah, but one last thing. A welcome home present. The armor of the Dark Brotherhood. May it serve you well in all your...endeavors."", ""The Unholy Matron, the Shrouded Lady, the Mistress of the Void. She goes by many names. Ages past, Sithis gave a woman five children. She killed them to win his favor, thus becoming the Night Mother. If you believe that sort of thing. Today, she's...well, she's a skeleton. An ancient corpse. But, more importantly, a corpse that's being brought to this Sanctuary by her Keeper."", ""Yes. A few months ago I received word from the Night Mother's Keeper that he had arrived in Skyrim from Cyrodiil. The Night Mother's crypt, in Bravil, was destroyed. A result of the chaos caused by the war with the Thalmor. That forced a relocation. I don't know where the Keeper has been these past few months, but I recently received another letter. He's bringing the Night Mother here. Soon."", ""Try not to? But I do realize sometimes it's not that easy. You may want to make a statement, or a contract may require a public killing. Murder is, obviously, a very serious crime, and a very high bounty will be put on your head in the hold where the act was committed. You can run, obviously, but you'll still have a price on your head. If a guard attacks, you can attempt to yield by sheathing your weapon. If the guard accepts, you can serve your time in a cell, or pay off your bounty. We've all gone through it. We do what we must to survive. But, there is another option. Some members of the Thieves Guild in Riften can get their bounties...erased. For a price. Something to think about."", ""They used to come from the Night Mother. Potential clients would perform the Black Sacrament, and she would hear their prayers. The Night Mother would communicate this to the Listener, who would then dispatch a Speaker to arrange the contract with the client. But that was a long time ago. There hasn't been a Listener in years, not since Cyrodiil was overrun in the war with the Thalmor. But people don't know that. So they still perform the ritual...and we eventually hear about it. When someone wants us, we find out."", ""Used to be the Dark Brotherhood was bound by Five Tenets, but we stopped following those years ago. All those rules, all that discipline, and look where the Dark Brotherhood ended up. We're the last of our kind, and we live the way we see fit. Bottom line -- respect your Family. Do that, and everything else will fall into place."", 'This Sanctuary has been my entire life since I was a young woman. That\'s when I discovered my, shall we call it ""aptitude,"" for elimination. I had an uncle, you see. He made certain...unwanted advances. So I killed him. And liked it. Then, I killed again. And liked it even more. And so on. I was recruited by the Dark Brotherhood and have been here ever since. I met my husband Arnbjorn, rose to leadership. And now here we are. Be sure and introduce yourself to your new Family members. They\'re all very eager to meet you.', 'You and the Night Mother are of course welcome here, Cicero. And you will be afforded the respect deserving of your position as Keeper. Understood...husband?', 'But make no mistake. I am the leader of this Sanctuary. My word is law. Are we clear on that point?', ""Ah, there you are. Good, I was done speaking to that muttering fool anyway. We've got some business to discuss."", ""I do indeed. You must go to the city of Markarth, and speak with the apothecary's assistant. You'll probably find her in the Hag's Cure, when the shop is open. The girl's been running her mouth, wants an ex-lover killed. She's apparently performed the Black Sacrament. Her name is Muiri. I need you to talk to her, set up the contract, and carry it out."", ""Just do whatever the contact wishes. Be professional, represent us well, and get the job done. Since it's your first contract, I'll let you keep whatever Muiri pays. She'll be generous, I'm sure. They always are."", ""Just be yourself. Eliminate the targets any way you see fit. Quiet, loud, quick, slow -- whatever you feel is best. Occasionally I'll give you a contract with certain parameters. Stay within them, and you'll earn yourself a bonus."", 'Very little. You have my word on that. The Night Mother represents a chapter in the Dark Brotherhood\'s history that has long since been closed. Today we live by our own rules. We\'re the last Sanctuary in all of Tamriel, and only by forgoing the old ways have we survived this long. My only worry is her ""Keeper."" I\'m not sure what Cicero expects to gain by bringing the Night Mother here, but he\'ll soon learn this is my Sanctuary.', ""Ah, you're back. So, how went our first real contract? A bit more exciting than what Nazir's been offering, I'd wager."", 'Of course, dear. Of course. And, from what my little ravens tell me, you handled yourself quite well.', 'Oh, very good. Very good indeed. You, my dear, are going to fit in here quite nicely...', 'Very well. I respect your discretion. Now, I need your assistance with a matter of a more...personal nature.', ""It's Cicero. Ever since he arrived, his behavior's been... Well, erratic would be an understatement. I do believe he is truly mad. But it's worse than that. He's taken to locking himself in the Night Mother's chamber, and talking. To someone. In hushed, but frantic tones. Who is he speaking with? What are they planning? I fear treachery."", ""Maybe so, but healthy paranoia has saved this Sanctuary before, and my gut's telling me the demented little fool is up to something."", ""So you understand my fear. If Cicero's planning something, and conspiring with one of our own, it would be disastrous."", 'You must understand. If Cicero is turning the others against me... against us... Our Family would not survive such division.', ""Dear brother, I need you to steal into that chamber, and eavesdrop on their meeting. It'll be no use clinging to the shadows. They'll see you for sure. No, you need a hiding place. Somewhere they'd never think to look. Like inside the Night Mother's coffin."", 'Be that as it may, we have no other choice. You need to remain unseen! Now go, before they meet.', ""They'll never think to check it. Who in their right mind would hide inside? Now go, before they meet."", 'No objections, then? Good. Go now. Before they meet. And report back to me with whatever you learn.', ""That's the real question, isn't it? The jester enters, seals the door, and the conversation begins. So someone must be waiting for him inside. Any one of us could enter that chamber silently. Unnoticed. But who amongst us would dare conspire against the Sanctuary? The very thought breaks my heart."", ""Isn't it obvious? As the Night Mother's Keeper, he believes he's entitled to rule of this Sanctuary. Cicero will cite our independence as the need to rever to the Old Ways. He'll claim we're undisciplined, unruly. Heretical, even. Ironically, the Night Mother could prove to be just as much a victim. The queen in a fool's twisted game of chess."", ""I don't believe so. But I'll be able to instruct you further after you've returned from the chamber. It depends on what you learn. And make haste! You must be in place before Cicero and his...ally arrive! They could be planning another meeting any time! Go. Quickly! Hide in the coffin before Cicero and the traitor meet."", ""By Sithis, this ends now! Back away, fool! Whatever you've been planning is over! Are you alright? I heard the commotion. Who was Cicero talking to? Where's the accomplice? Reveal yourself, traitor!"", 'What? The Listener? What are you going on about? What is this lunacy?', ""When I heard Cicero screaming, I knew you'd been discovered. I feared the worst. Are you all right?"", ""Then what in Sithis' name is going on? Cicero said he spoke to the Night Mother, but she spoke to you? Is this just more of the fool's rambling?"", ""Okay, let's all take a deep breath. Cicero said he spoke to the Night Mother, but she spoke to you? Please tell me this is some kind of sick joke."", ""You look like you've just seen a ghost. Please tell me you haven't. Cicero said he spoke to the Night Mother...but she spoke to you?"", ""What? So Cicero wasn't talking to anyone else. Just...the Night Mother's body? And the Night Mother, who, according to everything we know, will only speak to the person chosen as Listener...just spoke. Right now... ...to you?"", 'By Sithis. And...what did she say?', 'Amaund Motierre? I have no idea who that is. But Volunruud...that I have heard of. And I know where it is.', ""Hmm? No. No! Listen, I don't know what's going on here, but you take your orders from me. Are we clear on that? The Night Mother may have spoken to you, but I am still the leader of this Family. I will not have my authority so easily dismissed. I...I need time to think about all this. Go see Nazir -- do some work for him. I'll find you when I'm ready to discuss the matter further."", 'We need to talk. (Remain silent) Of course, Astrid. What is it?', ""Look. Something is happening here. I'm not entirely sure what that something is, but... Well, we need to find out. If the Night Mother really did give you an order to talk to a contact, we'd be mad to ignore it. And I think we both agree, Cicero's brought quite enough madness to this Sanctuary. So go. Go to Volunruud. It's a crypt, pretty far to the northeast. Talk to this Amaund Motierre. And let's see where all this leads, hmm?"", ""You're back. Good. All right, so? Did you meet this Motierre? What did he want?"", ""You're joking."", ""What's this?"", ""By Sithis, you're not joking. To kill the Emperor of Tamriel...the Dark Brotherhood hasn't done such a thing since the assassination of Pelagius. As a matter of fact, no one has dared assassinate an Emperor of Tamriel since the murder of Uriel Septim, and that was two hundred years ago..."", ""No, she certainly wouldn't. And...for whatever reason, she chose to relay Motierre's information to you. I don't know exactly what's going on here, if you're the Listener, or this is some kind of fluke, or what. But what we now have before us..."", ""You're damn right we'll accept it. If we pull this off, the Dark Brotherhood will know fear and respect we haven't seen in centuries. You think I'd abandon an opportunity to lead my Family to glory? But this is all so much to take in. I need time to read the letter, and figure out where we go from here. And this amulet. Hmmm..."", ""I'm thinking we need that amulet appraised. I want to know where it came from, how much it's worth, and if we can actually get away with selling it. And, there's only one man who can give us what we need -- Delvin Mallory. He's a fence, a private operator. Works out of the Ratway, in Riften. Give me the letter. Bring Mallory the amulet. Find out everything you can, and sell it if he's willing. He'll offer a letter of credit -- that's fine. Delvin Mallory and the Dark Brotherhood have...history. He can be trusted."", ""Good, you're back. Well, what did Mallory have to say? Is the amulet authentic?"", 'The Elder Council... Oh, now that explains quite a bit. Motierre, you naughty, naughty boy. Hiring the Dark Brotherhood to help you rise beyond your station. Delicious. Was Mallory willing to buy the amulet?', ""Splendid. Then we're ready to begin. Or, specifically, you're ready to begin. After all, you're the one the Night Mother spoke to. Now then. I hope you have something nice to wear. Because you're going to a wedding."", ""Well, more like the public reception. It should be a lovely affair. You'll mingle with the guests, eat some cake...stab the bride. Oh yes. You've got to kill the bride. At her wedding. And they say romance is dead."", ""Her name is Vittoria Vici. She oversees the East Empire Company's business holdings in Solitude. The wedding is being held in that city, at the Temple of the Divines. Her death will cause an uproar, which is exactly what we want. Vici is likely to address her guests frequently, as is the wedding custom. Kill her when she does that, and I promise you a significant bonus. Now go. And give my best to the bride."", ""Very well. The target's name is Vittoria Vici. She oversees the East Empire Company's business holdings in Solitude. The wedding is being held in that city, at the Temple of the Divines. Remember, we want people to notice. Kill Vici while she's addressing her guests, as is the custom, and I can promise a bonus. Now go. And give the bride a special kiss, from me."", ""Your target's name is Vittoria Vici. She oversees the East Empire Company's business holdings in Solitude. The wedding is being held in that city, at the Temple of the Divines. Her death will cause an uproar, which is exactly what we want. Vici is likely to address her guests frequently, as is the wedding custom. Kill her when she does that, and I promise you a significant bonus. Now go. And give the city of Solitude a celebration they're not likely to forget."", ""This is a public kill. How you do it is entirely up to you. Arrow to the throat? Knife in the belly? Your choice, so long as it's loud and messy. Because of the current political climate, people are going to assume the murder is related to the bad blood between the Legion and Stormcloaks. In any event, when Vici dies, it's going to be complete pandemonium. Best have your escape route planned out in advance."", ""An excellent question. Vittoria Vici is the first cousin to our dear Emperor, Titus Mede II. Vici has obvious Imperial connections. Her husband has ties to the Stormcloaks. Their union is a step toward reconciliation. So if there's a murder at the wedding... Not only will it stall the peace process -- it will send shockwaves throughout the entire Empire. The Emperor's hand will be forced. He'll have to travel to Skyrim to deal with the aftermath...and he'll find the Dark Brotherhood waiting."", ""Hmph. He had a trip to Skyrim planned for months, and canceled at the last minute. Much to his cousin's dismay. Seems the Emperor realized his presence would necessitate a more direct role in the ongoing hostilities. A role he was, obviously, unwilling to take. All that will change with his cousin's murder. Everyone will think it was motivated by the conflict between the Imperial Legion and Stormcloaks. And the Emperor will be forced to come clean up the mess. Off to Solitude with you. Time to give the Emperor some real motivation to visit Skyrim."", ""Ha ha! The news is everywhere! Vittoria Vici, the Emperor's cousin, butchered at her own wedding! Well done! Let's see his eminence try to ignore this. (Remain silent) She bled like a stuck pig."", ""With Vici's murder, you've started us down a path the Dark Brotherhood hasn't traveled in centuries. The assassination of an Emperor. And now, your reward. A unique spell to summon a legend of the Dark Brotherhood. His soul serves us now in death, as his body once did in life."", 'Ah, and of course, the bonus, for killing Vici while she addressed her guests, as instructed. Gold...simple and pure. Spend it as you will.', ""Unfortunately, in your zeal, you failed to eliminate Vici while she addressed her guests, as directed. I'm sorry, but your bonus is forfeit."", ""Now then, time to proceed to the next stage of the plan. Go and speak with Gabriella. She's been helping me arrange your next contract."", ""I've taken the liberty of visiting the cities, and spreading some nasty rumors about Gaius Maro. To make his treachery that much more believable."", 'Damn it, this never should have happened! We knew better. We knew better, and still we let our guards down. Agh!', ""Maro is dead, I know. But we've got bigger problems right now!"", ""The fool went absolutely berserk! He wounded Veezara, he tried to kill me, and then he fled. I knew that lunatic couldn't be trusted."", ""Look, we've got to deal with this situation. You've got to deal with this situation."", ""I want you to find that miserable little fool and end his life! But first...find my husband. Make sure he's all right. After the attack, Arnbjorn flew into a rage. When Cicero left...Arnbjorn went after him. They disappeared into the wild. Search Cicero's room. Maybe there's something in there that sheds some light on where he might have gone. Let me know the minute you find something. I've got to see to Veezara, and calm everyone down."", ""She's right. I'll be forever in your debt, dearest brother. Now be quiet. Just...just rest."", ""That twisted jester will pay for what he's done..."", ""Look, the Dark Brotherhood is a family. This Sanctuary is a family. And, we've always welcome those...shunned by society. Werewolves, wizards, eternal ten-year-old vampires...what does it matter? In truth, I've rarely met a lunatic I haven't liked. Cicero's problem isn't his madness. It's an adherence to an ancient, outmoded way of life. The Night Mother's ways...simply are not our ways. He just couldn't accept that. And now he'll have to pay the price."", ""No, nothing. At least nothing I'm aware of. Well... If I'm being honest, I haven't exactly been discreet lately in expressing my frustration with this whole situation. Obeying the Night Mother. You being the Listener. It's ridiculous. No offense. Cicero may have heard me talking to one of the others about the Night Mother. It's possible I was...not entirely respectful. But to go this far. To attempt to murder the leader of the Sanctuary. Cicero must pay with his life. There is no other option. Damnable jester..."", 'Have you found something?', 'Good, good. Does it say where he may be headed?', ""The Dawnstar Sanctuary? Whatever for? Never mind, it doesn't matter. You need to leave. Now. Every moment counts, so I want you to take my horse. His name is Shadowmere. You'll find him outside, by the pool. Let's just say he's...one of us. Find Arnbjorn. Make sure my husband's all right. And then send that jester's twisted little soul to the Void, in as many pieces as possible."", ""Oh, it's ancient. Apparently one of the first Sanctuaries in Skyrim. It hasn't been used by the Brotherhood in close to a hundred years. If you say Cicero has gone there, then it stands to reason that he's familiar with the place. That means you'll be fighting him on his own ground. Tread carefully."", 'Arnbjorn is safe, and for that you have my thanks. But what of the fool? Is Cicero dead?', ""Excellent. Once again, you've proven yourself a born assassin. Tell you what. Why don't you hold onto Shadowmere a while longer? He's a fine steed, and hasn't been ridden as nearly as much as he should lately. And now that this Cicero mess has been mopped up, we can get back to the matter at hand, hmm?"", 'There\'s just one more target before we strike out at the Emperor. Have you by chance heard of the ""Gourmet""? Read his cookbook? It\'s become quite a phenomenon. The Gourmet is scheduled to cook for the Emperor at a special dinner. You\'ll kill him, steal his Writ of Passage, and assume the roll of master chef. Festus has been spearheading this part of the assassination plan. He\'s close to discovering the identity of the Gourmet. You should report to him.', 'Believe it or not, Festus likes you. He senses your power, your potential. Follow his instructions to the letter, and you may even earn his respect.', ""So it's done. You've killed the Gourmet. And now Titus Mede II is as good as dead."", ""Oh yes. And I've decided you will have the honor."", ""Oh, I have the utmost faith in your success, believe me. So let's begin."", ""Yes. For Sithis...and the Night Mother. You are the Listener after all, hmm? So let's not waste any more time."", ""Hmph. Look at you. So calm. So confident. I do believe you were born for this task. So let's begin. Go now to Castle Dour in Solitude. Present the Gourmet's Writ of Passage to the officer in charge, Commander Maro. I'm sure you remember him. You'll gain unrestricted access to the kitchens, and then the Emperor. You're posing as a chef, so you'll be able to poison his meal rather easily."", 'Here, take this -- it\'s called Jarrin Root. All it takes is one taste, and the effects are quite immediate. The Emperor will be serving Sithis before he even knows he\'s dead. Once Mede has been killed, escape through the upper door, and across the bridge. I\'ve ""arranged"" for it to be unguarded once the alarm is sounded. Now go, my friend. Go, and fulfill your destiny as Listener.', ""It's a rare plant, found only on the island of Stros M'Kai. It can be served like any vegetable -- cut up, put in a salad, perhaps boiled in a stew. One taste will lead to nearly instant death, so don't even think about it."", ""It took all the favors, bribes, and blackmails I could muster, but I've secured your exit out of the keep. Just follow my instructions, and the Dark Brotherhood will be back on top. All thanks to you... Listener."", ""Alive... You're alive... Thank Sithis..."", ""Ssshhh... Please. There is much...I have to say. And...not much time... I'm sorry. So very sorry. The Penitus Oculatus... Maro... He said that by giving you to them, he would leave the Dark Brotherhood alone. Forever. By Sithis, I was such a fool. All of this...it's all my fault. You are the best of us, and I nearly killed you...as I've killed everyone else..."", 'Yes. I set you up. I wanted you dead. I betrayed you, the Night Mother, and everything I hold dear. And now Maro has betrayed me.', ""No! Don't pity me. I deserve whatever fate the Dread Lord has in store. I betrayed you...and now Maro has betrayed me. Fitting..."", ""Don't you see? It was me. I set you up, wanted you dead. I betrayed you, the Night Mother...everything I hold dear. And now Maro has betrayed me. I just wanted things...to stay the way they were. Before Cicero, before the Night Mother. Before...you. I thought I could save us. I was wrong. But you're alive! So there's still a chance. A chance to start over, rebuild. That's why I did...this. Don't you see? I prayed to the Night Mother! I am the Black Sacrament."", ""I'm saying you were right. The Night Mother was right. The old ways... they guided the Dark Brotherhood for centuries. I was a fool to oppose them. And to prove my...sincerity, I have prayed for a contract. You lead this Family now. I give you the Blade of Woe, so that you can see it through. You must kill... Me."", 'Uhh...thank you...']",NPC
Elder Scrolls Skyrim,2011,US,Athis,Male,['Azura curse you!'],NPC
Elder Scrolls Skyrim,2011,US,Atmah,Female,"[""We'll be back at the College before anyone even knows we're gone."", ""Against six College-trained mages? I think we'll be fine."", ""It's too late. There isn't enough of him left to back in after."", 'Savos is right. We can make it if we just stay alert.', ""Where's Elvali? She was right behind me."", ""You're right. This is all my fault. Should we turn around, head back?"", ""Come on, you can make it. Let's go."", ""We shouldn't have left her there to die!"", ""We're not going to make it, are we?"", ""I'll be right with you.""]",NPC
Elder Scrolls Skyrim,2011,US,Atub,Female,"[""Forgive Ugor's harsh words. She is merely doing as she has been told."", ""No, don't go! Please, our tribe suffers and we need help. Our chief, Yamarz, was once a strong and proud warrior. Now he is stricken, cursed. He is weak, so our tribe is weak. The giants sense this, and intrude on our territory. Now they assault our very home. Yamarz refuses help, but I sense you may be just what we need."", ""Yamarz has demanded we stay inside the walls. We cannot leave. I must petition Malacath for relief. This curse must be lifted. But I cannot travel to Malacath's shrine. The ritual must be done here, and I do not have the materials I need. I beg of you, can you bring me Troll Fat and a Daedra Heart? I have no wish to depend on a stranger, but I have no choice."", 'We have been on our own for some time now. I fear we will not survive. I will stay right here and wait for you to bring me what I need.', ""Excellent. Now, you must come with me. You've become a part of this. You must be present for the ritual."", 'It is time, Yamarz.', 'Doing nothing will not grant our tribe relief from this curse. We must try.', 'Now, we begin the ritual... Great Malacath, we beseech you, aid us in our time of need...', 'Malacath has heard my pleas! He speaks to us!', 'So it will be. Malacath has spoken, Yamarz. Your path is clear.', 'Largashbur will not soon forget what you have done. We have a second chance thanks to you.', 'But... What of Yamarz? I see. He did not survive. He... He died well?', 'Ah, that is good to hear, then.', 'What? Why would he do such a thing?', 'So he has been punished? And what of us? What fate shall we suffer?']",NPC
Elder Scrolls Skyrim,2011,US,Augur of Dunlain,Male,"['There is no help for you here. There is no solace in knowing what is to come.', 'Your perseverence will only lead to disappointment. Still you persist? Very well, you may enter.', 'I am that which you have been seeking. Your efforts are in vain. It has already begun. But those who have sent you have not told you what they seek. What you seek.', 'Indeed. And so you have come looking, though you do not know why. Like others before you, you blindly follow a path to your own destruction. The Thalmor came seeking answers as well, unaware they will be his undoing. Your path now follows his, though you will arrive too late.', 'You see that which all who wield magic seek. Knowledge. You shall find this: Knowledge will corrupt. It will destroy. It will consume. You seek meaning, shelter in Knowledge. You will not find it. The Thalmor sought the same thing, and it shall lead to his end as it has so many others.', 'The one who calls himself Ancano. He seeks information about the Eye, but what he will find shall be quite different. His path will cross yours in time, but first you must find that which you need.', 'No, though you may be the last. The one who calls himself Ancano has sought my knowledge as well, through very different questions. Your path differs from most. You are being guided, pushed toward something. It is a good path, one untravelled by many. It is a path that can save your College. I will tell you what you need to know to follow it further.', ""You, and those aiding you, wish to know more about the Eye of Magnus. You wish to avoid the disaster of which you are not yet aware. To see through Magnus' Eye without being blinded, you require his staff. Events now spiral quickly towards the inevitable center, so you must act with haste. Take this knowledge to your Arch-Mage.""]",NPC
Elder Scrolls Skyrim,2011,US,Aventus Aretino,Male,"['Sweet mother, sweet mother, send your child unto me, for the sins of the unworthy must be baptized in blood and fear.', ""You've come at last! I knew you would!"", ""It worked! I knew you'd come, I just knew it! I did the Black Sacrament, over and over! With the body, and the...things. And then you came! An assassin from the Dark Brotherhood!"", ""Of course you are! I prayed, and you came, and now you'll accept my contract!"", ""It took so long. So very long. But now that you're here, you can accept my contract."", ""You don't have to say anything. There's no need. You're here, so I know you'll accept my contract."", ""My mother, she...she died. I...I'm all alone now. So they sent me to that terrible orphanage in Riften. Honorhall. The headmistress is an evil, cruel woman. They call her Grelod the Kind. But he's not kind. She's terrible. To all of us. So I ran away, and came home. And performed the Black Sacrament. Now you're here! And you can kill Grelod the Kind! • Please don't kill Constance Michel! She really is kind. • Please hurry! To be honest, I'm kind of lonely here. As much as I hated getting sent to Honorhall, I really miss my friends there..."", ""You did? Really? This is the best news I've ever gotten! I mean, I knew the Dark Brotherhood was good...just not that good! You killed the old hag before I even asked! Oh, and please, take this as payment. It's an old family heirloom, supposed to be pretty valuable. It should fetch you a nice price. Thank you again!"", 'Grelod is the headmistress of Honorhall Orphanage. But not for long.', ""I have a family heirloom you can have. Supposed to be sort of valuable. I hope that's all right."", ""She got sick, last winter, when the snows came. And she just...she never got better. Not all year. One night she just fell asleep and... never woke up. So now I'm all alone. And the Jarl said I had to go to Honorhall Orphanage. It's not fair!"", ""I've never been more sure about anything in my entire life. Someone like Grelod doesn't deserve to live one more day. She's a monster."", 'Well? Grelod the Kind. Is she...you know?', 'Aha! I knew you could do it! I just knew it! I knew the Dark Brotherhood would save me! Here, just like I promised! This should fetch you a nice price. And thank you. Thank you again.', ""I'll go back to the Orphanage in a while. I'll give them time to, you know...clean up the mess."", ""When I grow up, I'm going to be an assassin. That way I can help lots of children, just like you!""]",NPC
Elder Scrolls Skyrim,2011,US,Azura,Female,"['Greetings, mortal. You have followed my guidance through the veils of Twilight and rescued my Star from Malyn Varen. But his soul still resides within, protected by enchantments. Until he is purged, my artifact is useless to you. Is there any way to cleanse the Star?', ""Eventually, the Star will fade into my realm in Oblivion, but I doubt you have the hundred or so years it would take to wait. No, only one option remains. I will send you inside the Star. You will banish Malyn's soul there. Tell me when you are ready, mortal."", 'Have faith, mortal. I will be watching over you.', ""The Star is free to purify itself. Don't worry, mortal. I will return you before you are cleansed."", ""My Star has been restored and Malyn's soul has been consigned to Oblivion. You have done well, mortal. As was destined, you are free to use my Star as you see fit."", 'Farewell, mortal. Know that Azura will be guarding over the threads of your fate in the Twilight.', 'Oblivion has been watching you since the day you were conceived, mortal. Do not think that your life has been served by your will alone. Go now. I have seen the threads of your fate in the Twilight, and you still have much to accomplish.']",NPC
Elder Scrolls Skyrim,2011,US,Babette,Female,"['Oh, a big doggy chasing a little kitty! How adorable!', 'Ha ha ha ha ha ha ha ha ha!', 'There you are! Astrid\'s told me all about you. Heard she pulled the ole ""Choose your victim"" gag with you. Ah, I love that one... Don\'t let my appearance throw you off. I\'m older than you. A lot older. Getting bitten by a vampire when you\'re ten will do that to a girl. (Remain silent) It\'s nice to meet you, Babette.', ""You're going to love it here. We have a lot of fun, and we look out for each other. Just like any family."", ""I'm just a little girl! The Dark Brotherhood killed my mama and papa, and then they took me captive! Please, please help me! Rather convincing, don't you think? In truth, I'm no more a little girl than you are. I was once, of course. Three hundred years ago. Vampirism tends to keep one remarkably...fresh. Can't wait to hear all about the next person you murder."", ""You're headed to the Hag's Cure, right? It's a good shop. You should examine their wares. Never pass up the chance to buy a good potion... or poison. And one more thing. Have fun. You'll be committing a dark deed, but there's no reason you shouldn't enjoy yourself. You're only young once. Trust me, I know."", 'Two hundred years ago, I would have lain down my life for the Unholy Matron. But that age has long since passed. Astrid is my matron now.', ""Oh! Well, I hope she doesn't suspect me. I mean, I've spoken with Cicero a bit, and he's quite charming. But I'd never go against Astrid. Never."", ""The man you need to speak with, his name is Motierre? That's a very old and powerful Breton family, firmly established in Cyrodiil. Most curious..."", ""It's no fair. I love weddings. Astrid should have given this contract to me. Instead, she's got me visiting cities, assessing security. How boring. But listen, I think I can help you. The wedding reception is outside the Temple of the Divines, right? In Solitude? If so, the bride will probably address the crowd from the balcony. It overlooks the courtyard. Well, there's an old statue there. I've seen it. Hanging right over where she'll be standing. Old means weak. Weak means it could fall. Hmmm?"", ""Normally I talk to a victim before I end his life, but I wouldn't recommend it this time. Maro will be alert to danger. Talking may spook him."", ""Just try to relax, Veezara. Let the elixir do its work. You'll feel better, shortly."", 'Hush, Veezara. You were very brave. Astrid may well be dead if not for you.', ""I believed in Cicero. But he's betrayed us all."", 'Cicero destroyed any sympathy I may have had for him when he wounded Veezara. Kill the fool and be done with it. Go. Do what has to be done.', ""Yes -- don't kill the Gourmet! Oh, I know you have to, but it makes me sad all the same. I love the Gourmet's recipes. The world will soon be a blander, last flavorful place."", ""Don't take any chances with this one. Use the Jarrin Root to poison the Emperor's food. You're disguising yourself as a chef -- it only makes sense."", ""Hurry, Nazir! I'm telling you, he's in there!"", ""I'm not exactly built for manual labor. Now come on, you've almost got it."", 'Can you get it open?', 'Oh, Astrid...', ""If I hadn't heard it with my own ears I wouldn't have believed it. How could Astrid have done this to us? Strangely, I feel only pity for her..."", ""I was hoping you'd say that."", ""So wait, Cicero is alive? And we're all friends again? I swear, I can hardly keep up...""]",NPC
Elder Scrolls Skyrim,2011,US,Balagog gro-Nolob,Male,"[""Whatever it is, I'm sure I can't be of help. I'm just here on... holiday."", ""Gourmet? Why I... Um... Oh dear. You're going to kill me now, aren't you?"", ""What? The Emperor? But I... Oh. Oh, by the gods, no. No, you can't do this. You can't!"", ""Yes, well. Perhaps someone else in the village can assist you. Please, you're starting to...frighten me.""]",NPC
Elder Scrolls Skyrim,2011,US,Balgruuf the Greater,Male,"['What would you have me do, then? Nothing?', ""Who's this, then?"", ""What's this about Riverwood being in danger?"", 'Not prone to flights of fancy...', ""• So, you were at Helgen? You saw this dragon with your own eyes? • And you're sure Helgen was destroyed by a dragon? This wasn't some Stormcloak raid gone wrong?"", ""Really? You're certainly...forthright about your criminal past. But it's none of my concern who the Imperials want to execute. Especially now. What I want to know is what exactly happened at Helgen."", 'I should have guessed Ulfric would be mixed up in this.', 'By Ysmir, Irileth was right!', 'What do you say now, Proventus? Shall we continue to trust in the strength of our walls? Against a dragon?', ""Enough! I'll not stand idly by while a dragon burns my hold and slaughters my people! Irileth, send a detachment to Riverwood at once."", 'That would be best.', ""Well done. You sought me out, on your own initiative. You've done Whiterun a service, and I won't forget it. Here, take this as a small token of my esteem. There is another thing you could do for me. Suitable for someone of your particular talents, perhaps. Come, let's go find Farengar, my court wizard. He's been looking into a matter related to these dragons and...rumors of dragons."", ""Farengar, I think I've found someone who can help you with your dragon project. Go ahead and fill him in with all the details."", 'So, Irileth tells me you came from the western watchtower.', 'What did it do? Is it attacking the watchtower?', ""Good work, son. We'll take it from here. Head down to the barracks for some food and rest. You've earned it. Irileth, you'd better gather some guardsmen and get down there."", ""Good. Don't fail me."", ""There's no time to stand on ceremony, my friend. I need your help again. I want you to go with Irileth and help her fight this dragon. You survived Helgen, so you have more experience with dragons than anyone else here. But I haven't forgotten the service you did for me in retrieving the Dragonstone for Farengar. As a token of my esteem, I have instructed Avenicci that you are now permitted to purchase property in the city. And please accept this gift from my personal armory."", ""No. I can't afford to risk both of you. I need you here working on ways to defend the city against these dragons."", ""One last thing, Irileth. This isn't a death or glory mission. I need to know what we're dealing with."", 'You heard the summons. What else could it mean? The Greybeards...', 'So what happened at the watchtower? Was the dragon there?', 'I knew I could count on Irileth. But there must be more to it than that.', 'Dragonborn? What do you know about the Dragonborn?', 'Not just the men. The Greybeards seem to think the same thing.', ""There's no question about that. It was a mighty deed. You've earned a place of honor among the heroes of Whiterun. But there must be more to it than that. Did something...strange...happen when the dragon died?"", ""So it's true. The Greybeards really were summoning you."", 'Masters of the Way of the Voice. They live in seclusion high on the slopes of the Throat of the World.', ""The Dragonborn is said to be uniquely gifted in the Voice -- the ability to focus your vital essence into a Thu'um, or Shout. If you really are Dragonborn, they can teach you how to use your gift."", ""Hrongar. Don't be so hard on Avenicci."", ""That's the Greybeards' business, not ours. Whatever happened when you killed that dragon, it revealed something in you, and the Greybeards heard it. If they think you're Dragonborn, who are we to argue? You'd better get up to High Hrothgar immediately. There's no refusing the summons of the Greybeards. It's a tremendous honor. I envy you, you know. To climb the 7,000 Steps again...I made the pilgrimage once, did you know that? High Hrothgar is a very peaceful place. Very... disconnected from the troubles of this world. I wonder if the Greybeards even notice what's going on down here. They haven't seemed to care before. No matter. Go to High Hrothgar. Learn what the Greybeards can teach you. You've done a great service to me and my city, Dragonborn. By my right as Jarl, I name you Thane of Whiterun. It's the greatest honor that's within my power to grant. I assign you Lydia as a personal housecarl, and this weapon from my armory to serve as your badge of office. I'll also notify my guards of your new title. Wouldn't want them to think you're part of the common rabble, now would we? We are honored to have you as Thane of our city, Dragonborn. Back to business, Proventus. We still have a city to defend."", 'Well, in the old tales, the Dragonborn heroes would use the power of their Voice to defeat the enemies of Skyrim. Wulfharth was Dragonborn. Talos, too -- the founder of the Empire, back in the good old days. In the very oldest tales, back from when there were still dragons in Skyrim, the Dragonborn would slay dragons and steal their power.', ""They're the Masters of the Way of the Voice -- of Shouting. They live up on top of the Throat of the World. If you're really Dragonborn, they'll want to talk to you. In the old stories, they always summon the Dragonborn for training."", 'With good planning and constant vigilance. Even now, my court wizard, Farengar, continues his research into ways we might drive back these terrors. We must also have ample reserves of water to combat the fires that will surely spread after an attack. But our greatest weapon? Courage. For if we cannot kill the beast, we must at least have the tenacity to drive it back. Until brave heroes step forward to destroy these monsters, that is the best we can do.', 'I must have misheard you. I thought you asked me to help you trap a dragon in my palace.', ""Of course. You already saved Whiterun from that dragon. I owe you a great deal. But I don't understand. Why let a dragon into the heart of my city when we've been working so hard to keep them out?"", ""What you're asking for is insane. Impossible!"", '• You want me to let a dragon into the heart of the city, with the threat of war on my doorstep? • Why would I agree to let a dragon into the heart of my city, after working so hard to keep them out?', ""Alduin? The World-Eater himself? But...how can we fight him? Doesn't his return mean it's the end times?"", ""I didn't say anything about giving up."", ""I don't know about such things, but I heard the Greybeards summon you. That's good enough for me."", ""Spoken like a true Nord. I'll stand beside you, Dragonborn. Now, what's this nonsense about trapping a dragon in my palace?"", ""• Then...Whiterun will stand with you, Dragonborn. We will take the risk, whether it be in victory or defeat! • I want to help you, Dragonborn. And I will. But I need your help first. Ulfric and General Tullius are both just waiting for me to make a wrong move. Do you think they will sit idle a dragon is slaughtering my men and burning my city? No. I can't risk weakening the city while we are under the threat of enemy attack. I'm sorry."", ""So what's the plan, then? How do you intend to lure a dragon into the trap?"", ""Oh...well, I'll leave that to you. I trust you know your business. Probably for the best. It will give me time to see if that old trap still works -- and break the news to the men."", 'Then I would be glad to help you with your mad dragon-trapping scheme. But getting both sides to agree to a truce will be difficult at this point. The bitterness has gone too deep. Maybe...hmm...what of the Greybeards? They are respected by all Nords. High Hrothgar is neutral territory. If the Greybeards are willing to host a peace council...then maybe Ulfric and Tullius would have to listen.', 'Aye, Dragonborn. Maybe you can stop the dragons -- and this war into the bargain.', ""• We'll be ready, don't worry. You do have a plan for actually luring a dragon into this trap, don't you? • As I promised, my men stand ready. The great chains are oiled. We wait on your word."", ""Not that it's upon us, I'm rather looking forward to the challenge. I'll be famouser than Olaf One-Eye!"", ""My men know what to do. Make sure you do your part. I'm putting my city in your hands."", ""• You do have a plan for luring a dragon here, yeah? • Go ahead and call this dragon of yours. We're ready. We're ready when you are."", 'Over there!', ""Hold your fire until he's close!"", ""Steady! Steady, now! Keep under cover until it's down!"", 'Got him!', 'If you can arrange an end to the fighting, Dragonsreach is at your disposal.', 'We should get started.', 'This is how the Empire repays us for our loyalty?', 'Giving up Markarth is a heavy price for this truce, Dragonborn. I hope it was worth it.', ""Yes, I'm ready to do my part. Just say the word, and my men will help you spring this trap."", ""As soon as I get back to Whiterun, I'll get my men ready."", ""Carry on, soldier. This is all part of the Dragonborn's plan."", 'May Kynareth guard you while you pass through her realm!', ""Yes, my youngest son. He's a dark child. I don't know what to do with him. He was always a quiet lad, but lately...something has changed. He's become brooding. Violent. He won't say a word to me, but I don't know how I upset him. If you could speak with him. Draw out the truth. I would be immensely grateful."", 'No doubt requesting to garrison his men in my castle. How many times must I deny him? Well? Out with it.', ""• Until that dragon's dealt with, I don't care what Tullius wants. For now, give the papers to my steward. • I see... Give the papers to my steward."", ""Don't be daft. Proventus is my eyes. Just give me the letter. I presume once I have it, I can do as I please with it? Good. • Now, I believe you have some business to conclude with my court wizard? • Hmm...these are interesting reports..."", 'Proventus, what do you make of all this? If Ulfric were to attack Whiterun...', ""I am of a mind with Irileth. It's time to act."", ""I'm not a fool, Proventus. I mean it's time to challenge Ulfric to face me as a man, or to declare his intentions."", 'I\'m not the High King, but neither am I a boy. If Ulfric wants to challenge my rule in the old way, let him. Though I suspect he\'ll prefer to send his ""Stormcloaks"" to do it for him.', 'It seems cowardly.', ""This again?! That was different. Was I given a chance to object to the terms of the treaty? No. The Jarls weren't asked. We were told. And we had to like it."", ""Dammit! This isn't about gold!"", ""Oh, he's serious. But so am I."", ""• You there. I have a message for you to deliver to our friend, the esteemed Jarl of Windhelm. Deliver this axe to Ulfric Stormcloak. • I've made up my mind, even if my advisors are still squabbling. I'm sending you to Windhelm. Deliver this axe to Ulfric Stormcloak."", 'How long have you been in Skyrim? Yes. Give the man my axe. If he returns it to you it means we have business to settle. If he keeps it, then we are at peace.', ""True, he's a dangerous and blood thirsty man, but he's also a Nord that honors our traditions. Keep your wits about you and you won't be harmed. And then get back here. Because if Ulfric isn't bluffing, I'll need every able body to defend Whiterun."", 'Men who understand one another need not waste words. There are but a few simple truths behind one warrior giving another his axe. Ulfric will know my meaning.', 'Good. Good...', 'Proventus. Bring me my pen. And the good parchment.', 'Yes, to General Tullius. I need to make a few things clear before I accept these Legionnaires of his.', 'The outer walls are strong. If we can hold them there...', 'Damnit. Where did they get catapults? The city walls are already falling apart as it is.', 'So, he wants to take my city, walls intact.', ""My men are fearless. It's the Imperial milk drinkers I'm worried about."", ""No. Of course not. Just -- don't let me down Cipius. We'll need to set up water brigades to combat the flames."", ""You Imperials are efficient, I'll give you that. How long until they arrive?"", ""Damnit. What's he waiting for?"", 'This is it! Time to see what these Stormcloaks are made of.', 'Oblivion take them. Every miserable last one of them.', ""You've returned with my axe. I knew that would be his response. As soon as you left, I sent word to General Tullius, who's been kind enough to lend us some of his troops and Legate Cipius here. Let Ulfric try to make it past our combined forces. I'll turn you back over to your Legion. Legate Cipius will have use for you. Gods be with us all."", ""Mutual advantage! Any fool can see that. For centuries, we have benefited from the Empire's protection, and prosperous trade with the south. In exchange, the people of Cyrodiil sleep peacefully, knowing their northern borders are guarded by the fiercest warriors in all Tamriel."", 'Revel in your victory here today, even as the gods revel in your honor! They already sing of your valor and skill! The halls of Sovngarde are no doubt ringing with your praises! In defeating those Stormcloak traitors, you have proven the hollowness of their cause and the fullness of your hearts. The citizens of Whiterun are forever in your debt! But Ulfric will not stop here. No, he will continue to strike out against any true Nord who remains faithful to the Empire. He will continue to sow discord and chaos wherever he can. And so, we must each one of us, continue to fight this insurrection, lest our fallen brothers have died for naught! Lest our honor be lessened should we allow these bloodthirsty beasts to prowl our lands! Carry on men, my gratitude and blessings go with you! For Whiterun! For the Empire!', ""Thank you for your role in all of this. It would be my honor should you decide to make Whiterun your home. Speak with Proventus. He'll make the necessary arrangements."", ""Did he now? The man is persistent, I'll give him that. • But until that dragon's dealt with, Ulfric's just going to have to wait. For now, I'll hold onto this axe. But it's a tenuous peace at best. Now I believe you have some business to conclude with my court wizard? • I suppose it's time I give him an answer... Proventus, what do you make of all this? If Ulfric were to attack Whiterun..."", ""I'm of a mind with Irileth. It's time to act."", ""I'm not a fool, Proventus. I mean it's time to challenge Ulfric to face me as a man, or march his Stormcloaks up to the gates."", 'I\'m not the High King, but neither am I a boy. If Ulfric wants to challenge my rule in the old way, let him. Though I suspect he\'ll prefer to send his ""Stormcloaks"" to do it for him.', 'It seems cowardly.', ""This again?! That was different. Was I given a chance to object to the terms of the treaty? No. The Jarls weren't asked. We were told. And we had to like it."", ""Dammit! This isn't about gold!"", ""Oh, he's serious. But so am I."", 'So about this axe... You can return this axe to our friend. The esteemed Jarl of Windhelm has my answer. Make sure he gets it. Proventus. Bring me my pen. And the good parchment.', 'Yes, to General Tullius. I need to make a few things clear before I accept these Legionnaires of his.', ""I'll be damned if I let this rabble take my city without raising my own sword."", ""Enough! That's enough. I surrender...I surrender. Peace! Everyone stand down. That's an order. Stand down!"", ""Vignar Gray-Mane! Your family was noticeably absent from the walls... Now I know why. Wouldn't a dagger in the back have sufficed?"", 'A convenient position to hold now. But mark my words, old man, in the days to come, Ulfric will spread his rebellion thin. And what then? We need the Empire, as much as it needs us. We Nords are the Empire! Our blood built it. Our blood sustains it! You of all people should know that.', 'Tell me, Vignar. Was all this worth it? How many of those corpses lining our streets wear the faces of men who once called you friend? What about their families?', ""This isn't over. You hear me you old fool! This isn't over!"", ""And you. A Stormcloak? I'd thought better of you. You'll all come to regret this day.""]",NPC
Elder Scrolls Skyrim,2011,US,Banning,Male,"['I remember my first feast. I envy you.', 'Ah, yes. The courier. I guess you know my secret ingredient for that spiced beef, now.']",NPC
Elder Scrolls Skyrim,2011,US,Barbas,Male,"['You are exactly what I was looking for.', ""Yeah, I think you'll be just what I need."", ""Skyrim is now host to giant, flying lizards and two-legged cat-men ...and you're surprised by me? Yes. I just talked. And am continuing to do so. You see, my name is Barbas. And I have a problem I think you can help sort out."", ""I know, I know... Wars to fight, dragons to confront, guild business to conduct. Sheesh! Listen, when you're ready to do something useful, find me outside Haemar's Shame, in Falkreath."", ""My master and I had a bit of a falling out. We got into an argument and it got rather...heated. He's kicked me out until I find someone who can settle our disagreement. That's where you come in."", ""Thank you. Now, since he banished me, Vile's been rather weak. He can't manifest very far from one of his shrines. I know there's a cult that worships him at Haemar's Shame. We should be able to talk to him there. If this works out, I'll make sure you're rewarded. Just don't trust any offer he makes you...okay?"", ""Very funny. My master is Clavicus Vile, Daedric prince of wishes. As you can imagine, he's quite the important person."", ""One of Clavicus's little jests. A wizard named Sebastian Lort had a daughter who worshipped Hircine. When the daughter became a werewolf it drove Sebastian over the edge. He couldn't stand to see his little girl take on such a bestial form. The wizard wished for the ability to end his daughter's curse. Clavicus gave him an axe."", ""Wait a second, there's another option here."", ""The axe isn't the only item dear old Clavicus has. Give him the Rueful Axe and once we're reunited the Masque of Clavicus Vile will be yours."", 'I knew I could trust you.', ""Don't worry, I'll make sure he sees the light. I trusted you, now you trust me.""]",NPC
Elder Scrolls Skyrim,2011,US,Beitild,Female,"[""I'm really not in the mood. State your business, or take your leave."", ""And let me guess, that so-called someone is my husband Leigelf? Well the feeling's mutual."", ""What? Well, we'll see about that, won't we?"", ""I've a mine to run, so if you'll excuse me...""]",NPC
Elder Scrolls Skyrim,2011,US,Bersi Honey-Hand,Male,"[""Wha...what? Oh, it's one of you people. So, Brynjolf doesn't even bother to show up himself anymore, eh? What's this message?"", 'Petty threats and fist-waving are not going to sway me. You people are all talk and everyone knows it!', ""Don't fool yourself. It's only a matter of time before you people are run out of Riften."", ""You're gouging me for what little coin I make and you can't even protect yourselves? Ridiculous!"", ""Likewise. Now, I have a lot to do, so I'm afraid you'll just have to leave!"", ""I'm going to make you sorry for this!"", ""Please, no more! I'll pay, I'll pay! Here."", ""Stop! That's priceless!"", 'No! That urn was priceless!', ""All right! I get it. I'll pay on time from now on. Just don't smash anything else. Here! Take your gold and leave me in peace."", ""I can't believe you're doing this! Stop! No! That urn was priceless!"", ""I can't believe you did that! You people are monsters! You demand payment for protection and you can't even protect yourselves! Here, take your coin and tell Brynjolf to leave us alone."", ""Oh no! You're the one from Brynjolf's outfit, aren't you?"", ""Oh! There's no need for that. I know why you're here. Tell Brynjolf not to worry about it anymore. Oh! And look, I even have the payment I owed. Here, take it.""]",NPC
Elder Scrolls Skyrim,2011,US,Boethiah,Female,"['Ahhhhgh. Wearing flesh is so...distasteful. You have caught my attention, mortal. That is most unwise. Tell me, why have you slain this one, who trusted you, here upon my shrine?', 'I am called Boethiah. Many names have mortals given to me. But I am not interested in names. I am interested only in deeds.', 'A god? Assuredly not! When was the last time you saw evidence of Aedra in the world? No, we Daedra are more powerful than any god. And among my brethren, I am the most feared.', 'My favor? My good pleasure is not some trophy for mortal sport! I should slay you for such insolence!', 'Indeed. But I abide only those whose will is aligned with my own. Those who oppose my desires perish in the most dreadful of ways.', 'Were you certain in your purpose, you would have no need to apologize. You have much to learn... But you have proven your will is strong and your heart is devoid of pity. So, perhaps you are not entirely useless... We shall soon find out.', 'Is that so? You should be. Though a heart without fear is something I can use... Perhaps you are the one I seek. We shall soon find out. Listen. All of you! Hear me! I have need of a warrior. Only the most ruthless, cunning, and agile will do. You have gathered here night after night, sacrificing fools upon my shrine, and sparring aimlessly with yourselves. But which among you truly exceeds the rest? Prove yourselves to me! I have a special task for whichever of you is left standing.', ""Well done. You have proven the strength of your will and your tongue's gift for lies. You have shown ferocity and prowess in combat. Now the time has come for a final proving. Are you able to cast aside your honor and strike with the hidden blade?"", 'An astute observation. Skyrim is a beautiful and harsh mistress, but her people cling to such a petty notion of honor.', 'I have little need for mindless thralls. My servants serve their own purposes. But, if their will is insufficient, nor suitably aligned with mine, I simply destroy them. Which brings me to my present concern. My previous champion displeases me. It is time he is replaced -- in the traditional fashion.', 'I am loath to utter his name...one cannot erase a thing if it has a name to be remembered.', 'You will find him holed up at Knifepoint Ridge, where he plays king to bandits and highwaymen.', 'For a time he served his purpose, but that time has ended. He uses my gifts for his own amusement, and the only amusement I tolerate is my own.', 'Kill every single member of his band. Do so as silently and invisibly as you can, for this is not about you. You are to be my instrument in this. Slay him in the coldest of blood. Do not give him the dignity of defending himself. Once his corpse lays cold upon the ground, and all trace of his followers erased, retrieve my Ebony Mail. A gift fit only for my true champion.', 'You have done well, my Champion. You have earned my respect, a feat few manage and live to tell about. I shall write your name upon the Tablet of Absolute Darkness. You may keep my Ebony Mail, a token of my appreciation to my new champion. Its gifts will resonate with your talents. Now go. I have strings to pull that require my full attention. You may pursue your own course wherever it leads you. Remember always this: As you will, so it shall be.']",NPC
Elder Scrolls Skyrim,2011,US,Borri,Male,"['Flik Lo...Sah!', 'Wuld...', 'Bex!', 'Bex!']",NPC
Elder Scrolls Skyrim,2011,US,Brand-Shei,Male,"['Come on, Brynjolf...what is it this time?', 'Oh, come on, are you talking about the Snow Elves?', 'How much does it cost?', ""I can't afford to get one, but can I afford not to?"", ""Damn. I knew I shouldn't have waited.""]",NPC
Elder Scrolls Skyrim,2011,US,Brelas,Female,"[""I hope you're enjoying yourself, sir."", ""Ugh. Erikur, right? He was talking to me earlier. I could tell what he was after. I hate working these parties. Some of the guests are nice, but there's always a few like Erikur. Please tell him to leave me alone. Politely. I'm sure you'll have better luck getting through to him than I would."", ""What? I'm sorry, sir, but you must have misunderstood. I'm not permitted to leave the party."", ""I'm sorry, sir. I didn't mean to give you the wrong impression earlier. I meant no disrespect."", ""No, I'm sorry, but I can't go anywhere with you. I won't. Please, I must get back to my duties."", 'Please, sir, leave me alone!', ""No! Mistress Elenwen, it's not true! I did nothing! Sir, you must tell her! You don't know what they'll do to me! Please!"", ""You've got to help me! Please!"", ""Oh...thank you. I don't understand what's happening. I can't stay here. What will I do now?"", ""No...please, you have to help me! You don't understand what they do to people here!"", ""I don't know where to go. Somewhere far away from here.""]",NPC
Elder Scrolls Skyrim,2011,US,Brelyna Maryon,Female,"[""Sir, I think we all understand that fairly well. We wouldn't be here if we couldn't control magic!"", ""I'm not seeing any signs of warding magics at all. Either they're not here, or they were removed long ago."", ""To think, my ancestors destroyed the homes of Onmund's ancestors. So much bloodshed.""]",NPC
Elder Scrolls Skyrim,2011,US,Brill,Male,['Just keep swinging!'],NPC
Elder Scrolls Skyrim,2011,US,Brother Verulus,Male,"[""I'm not hiding anything. It's closed for a reason."", ""That's enough, Thongvor. We're done."", ""If it's about the Hall of the Dead, no, you can't go in there."", ""I can't talk about it. Rest assured, the Jarl hears everyone's concerns. You will be able to visit the dead again soon."", 'All right. I was going to suggest the Jarl hire someone to sort this mess out, anyway.', 'Well, the Priesthood of Arkay always accepts generous donations.', ""That's not going to work."", 'Then my answer is the Hall of the Dead is closed. By order of the Jarl. Understand?', 'Arkay keep you and protect you.', ""New to Skyrim? I was confused, too, at first. The Nords call their mausoleums the Hall of the Dead. It's where people in the city are buried. Fathers. Forefathers. Mothers. Foremothers."", 'Arkay. One of the Eight Divines. God of the Cycle of Birth and Death. It is his shrine people pray to when they visit the Hall. That his divinity will watch over their ancestors on the way to the next life.', ""We've discovered that some of the dead have been...eaten. Flesh has been chewed off, bones were snapped to get at the marrow inside. We haven't caught anyone or anything yet. It's like it knows when I'm there. If you can get to the bottom of this, the Priesthood of Arkay will reward you. Take my key and be careful... Tread lightly in the Hall. We don't know what's in there."", ""You've returned. What happened in the Hall of the Dead?"", ""I don't need to know the details. Blessings of Arkay to you for your help. The Hall of the Dead is now safe."", ""Divines preserve you, you're a hero. We'll re-open the Hall right Away. Here. Take my amulet as a reward. Arkay protect you."", ""You are looking for Arkay's protection while you delve some dank tomb, I take it? My duties keep me busy in Markarth. I don't know if I can help you."", ""Treasure, you say? I suppose the Jarl won't mind if I'm gone for a little while. Lead on."", 'You know, in the Priesthood of Arkay, we have a joke about an empty pocket being better than a full grave.', ""That's no small amount of coin, friend. I suppose I can come with you for a short adventure. Lead on."", ""I'm just not up for it, sorry. I'd rather stay here, have a glass of wine, and perform my rites to Arkay in peace."", 'I think you need to calm down before I summon the guards.', 'Arkay watch over you.', ""Who... who are you? What's going on?""]",NPC
Elder Scrolls Skyrim,2011,US,Brynjolf,Male,"[""Never done an honest day's work in your life for all that coin you're carrying, eh, lad?"", ""Expecting free information, eh? Help me deal with business first, then we'll see how I can help you. Besides, you look like your pockets are a little light on coin, am I right?"", ""Aye, you've got a point there."", 'Passing on a golden opportunity is worse.', ""And I'm busy. You help me out, and I'll help you out. That's just how it is. Yeah. I bet I know your guy. He's hiding out in the Ratway Warrens. Paying us good coin for nobody to know about it."", ""Never done an honest day's work in your life for all that coin you're carrying, eh, lad?"", ""I'm saying you've got the coin, but you didn't earn a septim of it honestly. I can tell."", ""Oh, but that's where you're wrong, lad. Wealth is my business. Maybe you'd like a taste?"", ""I've got a bit of an errand to perform, but I need an extra pair of hands. And in my line of work, extra hands are well-paid."", ""Simple...I'm going to cause a distraction, and you're going to steal Madesi's silver ring from a strongbox under his stand. Once you have it, I want you to place it in Brand-Shei's pocket without him noticing."", ""There's someone that wants to see him put out of business permanently. That's all you need to know. Now, you tell me when you're ready and we'll get started."", ""Good. Wait until I start the distraction, then show me what you're made of."", ""We've been contracted to make Brand-Shei remembers not to meddle in affairs that are not his own. Now, since we're not the Dark Brotherhood, we're not going to kill him; we're just going to make sure he sits in the prisons for a few days."", ""Do you want me to hold your hand as well? You're going to have to sneak over to Madesi's stall and use your lockpick on the strongbox. Then, when you have the ring, you pickpocket Brand-Shei and leave it behind."", 'Sorry...I usually have a nose for this kind of thing. Never mind then, lad. If you change your mind, come find me.', ""Everyone! Everyone! Gather 'round! I have something amazing to show you that demands your attention! This way, everyone! Over here! No pushing, no shoving. Plenty of room!"", ""Patience, Brand-Shei. This is a rare opportunity, and I wouldn't want you to get left out."", 'Well, that was a simple misunderstanding, but this item is the real thing. Lads and lasses, I give you, Falmerblood Elixir!', 'The one and only. Mystical beings who live in legends and were masters of great magic. Imagine the power that coursed through their veins!', 'My sources must remain a secret for their own protection, but I can promise you that the contents are genuine. One sip of the elixir and your wishes will be granted. Great wealth, everlasting life or perhaps limitless power could be yours!', 'Only twenty gold septims. Hurry before my supply is gone!', 'Only twenty septims a bottle!', 'Well, I see that my time is up. Come back tomorrow if you wish to buy.', ""Looks like I chose the right person for the job. And here you go... your payment, as promised. The way things have been going around here, it's a relief that our plan went off without a hitch."", ""Bah. My organization's been having a run of bad luck, but I suppose that's just how it goes. But never mind that, you did the job and you did it well. Best of all, there's more where that came from...if you think you can handle it."", ""Alright, then. Let's put that to the test. The group I represent has its home in the Ratway beneath Riften...a tavern called the Ragged Flagon. Get there in one piece and we'll see if you really have what it takes."", ""Look, I'll make this simple for you. The group I represent has its home in the Ratway beneath Riften...a tavern called the Ragged Flagon. When you make up your mind, come find me there and we can talk about your future."", ""Arrogant, eh? Play it however you want, but listen up. The group I represent has its home in the Ratway beneath Riften...a tavern called the Ragged Flagon. When you come to your senses, find me there and we'll discuss your future."", ""I'm telling you, this one is different..."", 'Dying breed, eh? Well what do you call that then?', ""Well, well...color me impressed, lad. I wasn't sure I'd ever see you again!"", ""Reliable and headstrong? You're turning out to be quite the prize! So...now that I've whetted your appetite with our little scheme at the market, how about handling a few deadbeats for me?"", ""No risk, no reward. That's the way it goes, so you better get used to it. Now, if you're done bellyaching like a child, how about handling a few deadbeats for me?"", ""If you were expecting a palace, then maybe you're not cut out for this line of work. Our methods require secrecy and discretion. Now, if you're done bellyaching like a child, how about handling a few deadbeats for me?"", ""They owe our organization some serious coin and they've decided not to pay. I want you to explain to them the error of their ways."", 'Keerava, Bersi Honey-Hand and Haelga. Do this right and I can promise you a permanent place in our organization.', ""Honestly, the debt is secondary here. What's more important is you get the message across that we aren't to be ignored. A word of warning, though...I don't want any of them killed. Bad for business."", ""Of course you'll get a cut. We take care of our own. Now, if you need any details on your marks, I'll be here. Get going."", ""Haelga is a devout follower of Dibella and dotes over the statue to the Divine which she keeps at the Bunkhouse. Use it as leverage and she'll cave."", ""Keerava's stubborn, but she's got a soft spot for her family. Talk to Talen-Jei at the Bee and Barb and see if you can get something out of him. They're...well-acquainted, if you catch my meaning."", ""He's as pig-headed a man as you'll ever find. The key is that ugly dwarven urn in his shop. Smash that thing to bits and he'll change his attitude."", ""So, job's done and you even brought the gold. Best of all, you did it clean. I like that. Dumping bodies and keeping the guards quiet can be expensive."", ""Well done. And it would seem I owe you something in return. Here you go, I think you'll find these quite useful."", ""Judging from how well you've handled those shopkeepers, I'd say you've done more than simply prove yourself. We need people like you in our outfit."", ""That's the spirit! Larceny's in your blood...the telltale sign of a practiced thief. I think you'll do more than just fit in around here."", ""What's on your mind?"", ""We've run into a rough patch lately, but it's nothing to be concerned about. Tell you what: you keep making us coin and I'll worry about everything else. Fair enough?"", ""Now if there are no more questions, how about following me and I'll show you what you're all about."", 'Mercer? This is the one I was talking about...our new recruit.', ""Wait a moment... You're not talking about Goldenglow, are you? Even our little Vex couldn't get in."", ""Mercer, aren't you forgetting something?"", ""Welcome to the family, lad. I'm expecting you to make us a lot of coin, so don't disappoint me."", ""Simple. Do as you're told and keep your blade clean. We can't turn a profit by killing. You should talk with Delvin Mallory and Vex. They know their way around this place and they'll be able to kick some extra jobs your way. Oh, and talk to Tonilia in the Flagon...she'll set you up with your new armor."", ""The catch is that you can't burn the whole place to the ground. That important client Mercer mentioned would be furious if you did."", ""That's not how things work around here. The Guild depends on an arrangement of influential people to keep things running smoothly. Without them at our backs, we'd be in serious trouble."", 'Aye, the last thing we want to be doing is crossing our clients.', ""The guild depends on an arrangement of influential people to keep things running smoothly. Without them at our backs, we'd be in serious trouble."", ""Maven prefers that Aringoth remains alive, but if he tries to stop you from getting the job done, kill him. The Guild has a lot riding on this. Don't make me look foolish by mucking it up."", ""Goldenglow Estate brought in a mountain of gold for the Guild. You could almost call it our sweetest deal. Then out of the clear blue, Aringoth stops sending us our cut. Mercer was...well, angry, to put it kindly. So we send in Vex to find out he's hired a bunch of mercenaries to guard the place."", 'Aye. Aringoth sent the city guard packing and fortified the entire island. In fact, Vex barely made it out of there alive. You should talk to her about it before you go.', ""They're built like small fortresses to resist the weather, but their one weakness is flame. Besides, nothing tells the people of Riften we mean business than a huge column of smoke."", ""I'll give you one good reason: Maven Black-Briar. Burn all the hives and she'd have to import for Black-Briar Meadery, which would cut into her profits."", ""We had an arrangement with Maven. We kept an eye on Goldenglow Estate to make sure the honey kept flowing. If the workers had a dispute, we rough them up. If competitors tried to buy honey from Aringoth, we'd steal the shipments. In return, Maven allowed us to extort Aringoth and bring in a huge payout."", ""Let me put it to you this way: nothing happens in Riften without Maven's consent. One word from her and you could spend the rest of the fourth era in prison."", ""You watch yourself on that island. Those mercenaries don't take prisoners."", ""You've made a mess and Maven is furious. I told you not to burn more than three of the hives! I've smoothed things over with her for now, but you can forget your cut."", 'At least you remembered one of the things I asked. Let me see that.', ""Word on the street is Goldenglow's been hit. Good job."", ""Let me take a look at what you found. Aringoth sold Goldenglow? What's that idiot thinking? He has no idea the extent of Maven's fury when she's been cut out of a deal, but I'm certain he'll find out. If only the parchment had the buyer's name instead of this odd symbol. Any idea what that may be?"", ""Blast. Well, I'll check my sources and ask Mercer. But for now, you're off to speak with Maven Black-Briar. She asked for you by name."", ""Don't sound so eager, it's not a social visit. It's business."", ""Oh, no. Nothing like that. You're calling on her for business."", ""Ha ha. If it was like that she wouldn't be asking for you, she'd be calling the Dark Brotherhood. It's just business."", ""That's between you and Maven and I prefer to keep it that way. • Just keep your ears open and your mouth shut and you'll do fine. • Don't worry about it. Maven's business dealings usually involve quite a bit of gold for her people."", ""Of course...your pay. Haha! You're smart as a whip, lad. Keep doing right by us and there'll be plenty more where that came from."", ""Word on the street is that poor Sabjorn has found himself in Whiterun's prison. How unfortunate for him."", ""Exactly! Now you're beginning to see how our little system works. Maven sent word that you'd discovered something else while you were out there. Something important to the Guild?"", ""Then this is beyond coincidence. First Aringoth and now Sabjorn. Someone's trying to take us down by driving a wedge between Maven and the Guild."", ""Mercer thinks he knows a way to identify this new thorn in our side. He wants to meet with you right away. And if I were you, I'd hurry. I've never seen him this angry before."", ""I can't believe Gulum-Ei's mixed up in all this; that Argonian couldn't find his tail with both hands. Don't get me wrong. He could scam a beggar out of his last septim...but he's no mastermind."", ""Trouble? He's one of the most stubborn lizards I've ever met! You have your work cut out for you."", ""You're going to have to buy him off; it's the only way to get his attention. If that fails, follow him and see what he's up to. If I know Gulum-Ei, he's in way over his head and you'll be able to use it as leverage."", ""I'm glad to see you're embracing our methods. It would be a waste to lose a contact at the East Empire Company before we had the entire story. Just keep on Gulum-Ei's tail and he's bound to step in something he can't scrape off his boot."", ""Aye, he does indeed...and with his fingers in the East Empire Company's pie, we'll make good use of that debt. If I'm not being clear enough, that means we don't want him killed. For now, just keep on his tail and he's bound to step in something he can't scrape off his boot."", ""No, no, Mercer wants him alive. For now. Stubborn or not, he's the only contact we have at the East Empire Company. Just keep on his tail and he's bound to step in something he can't scrape off his boot."", ""A mercantile group that has established ports all over Tamriel. They pretty much dominate the whole shipping industry. The Emperor himself supposedly backs them, which means they have fairly unlimited resources...so don't get their feathers in a ruffle."", ""Just head right back to the Guild and get the information to Mercer. Nothing else is more important. If you discover Gulum-Ei's holding out on us and hs more loot stashed away than he claims, we'd find that information quite valuable as well."", ""There are thieves and there is Gulum-Ei. No honor, no code at all. He'd shake your hand and stab you in the back at the same time. The cut he's supposed to provide the Guild has dwindled as of late. He says pickings in the warehouse are slim, but I'm certain he's lying. Keep your eyes on him; he's quite crafty."", ""Gulum-Ei works in the East Empire Company warehouse. He helps maintain all of the shipments of goods that goes in and out of Solitude. That means he has the pick of the litter from some of the finest goods to grace Skyrim's shores. He isn't exactly in the Guild, but he pays us a cut of all the stuff he lifts from the warehouse. Good luck in Solitude. Keep Gulum-Ei alive, but remind him who we are."", 'You better have a damn good reason to be here with that murderer.', ""No tricks, Karliah, or I'll cut you down where you stand. Now what's this so-called proof you speak of?"", ""Let me see. No, it...it can't be. This can't be true. I've known Mercer too long..."", ""There's only one way to find out if what the lass says is true. Delvin, I'll need you to open the Vault."", ""It says Mercer's been stealing from our vault for years. Gallus was looking into it before he was murdered."", ""Use your key on the vault, Delvin. We'll open it up and find out the truth."", ""By the Eight! It's gone, everything's gone! Get in here, all of you!"", ""Vex! Put it away...right now. We can't afford to lose our heads...we need to calm down and focus."", 'Delvin, Vex...watch the Flagon. If you see Mercer, come tell me right away.', 'Look, before I help you track Mercer down, I need to know what you learned from Karliah. I mean everything.', ""Aye, I feared that was the case. From that last entry in Gallus's diary, it looks like he was getting close to exposing Mercer to the Guild. Anything else?"", 'What? Nightingales? But, I always just assumed they were a tale... a way to keep the young footpads in line. Was there anything else she told you?', 'Trying to make Mercer look bad in front of Maven, eh? Clever lass. Was there anything else?', ""Then, I have an important task for you. I need you to break into Mercer's home and search for anything that tells us where he could have gone."", 'Aye, a gift from the Black-Briars when the kicked the previous family out...place called Riftweald Manor. He never stays there, just pays for the upkeep on it. Hired some lout by the name of Vald to guard the place.', ""Be careful, lad. This is the last place in Skyrim I'd ever want to send you. Just find a way in, get the information and leave. And you have permission to kill anyone who stands in your way."", ""Good question. I've only set foot inside a few times myself and that was in Mercer's company. If you can get past his trained watchdog, I think your best bet might be the ramp to the second floor balcony in his backyard."", ""No. It's some sort of crazy contraption commissioned for quick escapes. I'd wager a well-placed shot at the ramp's mechanism would lower it in a hurry."", 'Better question would be ""what did he leave."" Mercer took everything. Even all of our plans are gone.', 'Before Mercer took over, Gallus started collecting every bit of material on locations the Guild could heist. Museums, keeps, estates...you name it. By the time Mercer took over the Guild we must have had a few dozen.', ""I don't have a clue. That door is impenetrable. Without two keys, it's impossible to open. I have a key, Delvin has a key, and Mercer has a key. That's it. There are no other copies."", ""That'd be Vald. A real piece of work, that one. Mercer's holding something over his head, keeping him loyal. Talk to Vex. She used to know him very well...if you catch my meaning. Careful at Mercer's place, I don't want to lose anyone else to that madman."", ""I've scoured the town and I've spoken to every contact we have left. No sign of Mercer. Any luck on your end?"", ""Shor's beard! He's going after the Eyes of the Falmer? That was Gallus's pet project. If he gets his hands on them, you can be certain he'll be gone for good and set up for life."", ""Agreed. He's taken everything the Guild has left, and to go after one of the last greatest heists is just an insult. I've spoken to Karliah, and made amends for how the Guild's treated her. Now she wishes to speak with both of us. Quickly, we have no time to lose."", ""Aye, lass...and I've come to a decision. Mercer Frey tried to kill both of you, he betrayed the Guild, murdered Gallus and made us question our future. He needs to die."", ""Then it's all true...everything I heard in the stories. The Nightingales, their allegiance to Nocturnal and the Twilight Sepulcher."", 'So, this is Nightingale Hall. I heard about this place when I joined the Guild, but I never believed it existed.', ""I'm trying to understand why I'm here, lass. I'm no priest, and I'm certainly not religious. Why pick me?"", 'I think we should trust the lass and take the deal.', ""Okay, lass. We've got these getups on...now what?"", 'Whoa there, lass. I appreciate the armor, but becoming a Nightingale? That was never discussed.', 'What sort of arrangement? I need to know the terms.', ""Aye, there's always a catch. But at this point, I suppose there isn't much to lose. If it means the end of Mercer Frey, you can count me in."", ""Listen, lad. There's one last piece of business we need to settle before we go after Mercer...the leadership of the Guild."", ""Karliah and I had a long discussion before you arrived here. Thanks to your efforts, Mercer's treachery has been exposed. After we deal with him, all that remains is restoring the Guild to its full strength. As a result, we both feel that you have the potential of replacing Mercer as leader of the Thieves Guild."", ""I've been at this game a long time, my friend. A long time. I've stolen trinkets from nobles and framed priests for murder. I'm good at what I do, maybe even one of the best. But it's all I know. I've never been one to lead. Never desired it, never cared for it. Don't want it."", ""Well, we have a bit of an errand to run before your coronation, so don't get sentimental on me now."", ""Ha! Spoken like the leader of the Thieves Guild. Just don't lose yourself in the role. We have a bit of an errand to run before your coronation."", ""Look. Everyone in the Guild admires what you've done. Maybe they won't come out and simply tell you, but I promise you it's true. And now they know Mercer never genuinely cared about the Guild. He lacked the loyalty you obviously possess. I can't think of anyone better."", ""Then it's decided. When this is all over and Delvin's contacts assure me we've regained our footing in Skyrim, we'll handle the details. Until then, we have quite the task ahead."", ""I've been pouring over the plans you brought us, and I'm convinced the Eyes of the Falmer are in the dwarven ruins at Irkngthand. Karliah and I will meet you there. Prepare yourself, lad. This will be a fight to remember!"", ""If you would have asked me that yesterday, I'd have said no. But now I think our chances have improved. Look, call me crazy if you like, but I trust Karliah. I don't think she'd lead us down a suicidal path. Besides, I'd rather die with some of Mercers blood on my blade than spend my life regretting that I ran the other way."", ""Aye, and some of what Karliah said is starting to make sense. Mercer may have damaged our reputation and raided our coffers, but this goes well beyond even his twisted form of larceny. Old Delvin kept calling it a curse and we all laughed at him. Looks like the joke's on us."", 'Crime is one thing, murder is another. Mercer will answer for this.', ""The lass seems to think old Mercer is pulling a fast one on us... leading us here and letting the dwarven constructs wear us down. I've learned to trust her lead at this point. After all, we Nightingales need to stick together, eh?"", ""A few years before Mercer murdered Gallus, the Guild took in a thief who specialized in dwarven antiquities. The thief had broken into a nobleman's home somewhere in Windhelm and made off with a small figurine of a snow elf with crystalline eyes."", ""Aye, that's what the Falmer were known as long ago...before they became the blind monstrositie they are today. When Gallus took one look at this statue, he knew it was something special. He took it right up to Enthir at the College of Winterhold. Didn't take long for Enthir to find a book in the college's library that told of Irkngthand and a great statue with gemmed eyes within."", ""Not just ordinary gems. They're said to be flawlessly cut and as big as a man's head. Can you imagine how much they're worth? Gallus and Mercer spent the better part of a month infiltrating Irkngthand, but the dwarves had protected the place far too well. There were just too many obstacles blocking the way. The plans were shelved and the rest is history."", ""I'm on it, lass. Damn it! There's no way through."", ""Aye, lass...and we'll be ready for him. Let's keep moving."", 'Look at the size of this place. Have you ever seen anything like it in your life, lass?', 'Looks like we can take the low road or the high road across this chamber. Your choice.', 'So this is what we heard. The entire tower collapsed.', ""Shor' bones! Look at that monstrosity."", ""We can take the beast on or sneak around. It's your call, lad. We're right behind you."", 'Then this is it. We do this for Gallus and for the Guild.', ""Aye, lass. Nothing's getting by me."", ""What...what's happening... I can't stop myself."", ""I'm sorry, lass, I...I can't...!"", 'Enough of this! Fight me!', ""No luck there, lass. Something must have fallen on the other side of the door because it isn't moving!"", ""It's good to see you in one piece, lad! I just wanted to give you a proper thank you for everything you've done. The Guild is back on its feet again and on its way to a prosperous future. What's become of the Skeleton Key?"", ""That's it then. After all of those years helplessly watching the Guild decline. But enough of that...I'm confident that with you in charge, we'll soon have more gold than we could possibly spend."", ""I'll be down here, trying to coordinate everything with Delvin and Vex; to make sure the coin keeps flowing...and no one skims! If you still feel like doing some jobs, I'm sure Delvin and Vex have more than their fair share to give out. Either way, it's been a pleasure, my friend. Here's to the future of the Guild. May it last another thousand years!"", ""Well, my friend...the time's come to make it official. It's time to become our Guild Master. Don't worry, I promise this will be short and sweet. If you'll just meet us in the center of the cistern room, we can begin."", ""Look, I've never been good at these things, so I'm just going to keep it short. Being Guild Master means more than just getting a cut of all the loot, it's about being a leader and keeping this rabble in order. With that in mind, I propose that the position of Guild Master should be yours. Delvin?"", 'Vex?', 'Karliah?', 'Everyone is in agreement, so all I can do now is name you Guild Master and wish you good fortune and long life. Now everyone, get back to work.', ""You need anything, anything at all...don't hesitate to ask."", ""Well, that's it. Sorry if it isn't the ceremony you were hoping for, but we're not exactly known for throwing our coin around. After we're done here, head over to Tonilia and she'll set you up with your Guild Master Armor. Oh, and one last thing. Here, I want you to take this. It's sort of a tradition around here."", ""Take a good look around you! Have you ever seen the Guild in such a prosperous state? With Mercer Frey gone and our influence spreading across Skyrim, the Guild's earned a new level of respect it hasn't seen in decades. I couldn't be more proud to be part of the Thieves Guild, or its new Guild Master.""]",NPC
Elder Scrolls Skyrim,2011,US,Calcelmo,Male,"[""Look, I'm very busy, so this better be important. What are you doing here? The excavation site is closed. I don't need any more workers or guards."", ""I told you I'm not hiring any more guards. Why do you people always bother me when I'm trying to finish my research? You idiot. Do you even know who I am? The most recognized scholar on the Dwemer in all of Tamriel, and you people keep bothering me! I...I'm sorry, I...I got too excited. I'm in the middle of some very...stressful work, and I shouldn't have yelled. How can I help you?"", 'Then you were well informed. I am at this very moment on the cusp of completing my magnum opus on the subject. I\'m calling it ""Calcelmo\'s Guide to the Falmer Tongue"". It will revolutionize the way we understand those ancient beings.', ""Preposterous! That research represents years of personal toil in some of the most dangerous Dwemer ruins in Skyrim! You must be mad to think I'd allow anyone to see it before it's completed."", ""Well, I'm not blind to the fact that you've been instrumental in improving my affairs of the heart. If you wish, you may enter my tower to view the museum section, but I'm afraid the laboratories are still off-limits. That's the best I can offer."", ""While I appreciate the sentiment, I still have to decline. Being an admirer, I'm sure you can appreciate the need to keep my research a secret."", ""I'm not certain how many scholars you're accustomed to dealing with, but I can assure you personal wealth is our lowest priority."", ""Do you realize that at the snap of my finger, I can bring the entire Markarth city guard to my defense? You best rethink this course of action or you may find yourself on the executioner's block."", ""Very well. Perhaps when my research is complete, I'll feel more comfortable discussing my findings with you.""]",NPC
Elder Scrolls Skyrim,2011,US,Celann,Male,"[""New recruits? Hmm. Isran will decide if you've got what it takes. Go on, he's right inside."", ""Isran found something for you to do, eh? I thought he'd like you. Good luck!"", 'Kill the abominations!']",NPC
Elder Scrolls Skyrim,2011,US,Chief Yamarz,Male,"['You bring an outsider here, and now insist I call on Malacath for help, when he has clearly forsaken me? You try my patience, Atub.', ""Grrr. Fine, let's get this over with."", 'Why are we bothering with this?', ""What's that?"", 'What? What is this?', ""Very well. You, outsider, come here! I want a word. This is all your fault, you know. I'm stuck fighting a giant, thanks to you. So you're going to help me. You're going with me, and you're going to make sure I don't have any trouble reaching that giant. Don't worry, I'll make it worth your while."", ""Thanks to you, I've been issued a challenge in front of my whole tribe, by a Daedric Prince, no less. I can't ignore that. I didn't say I wouldn't fight the giant. I just said you're going to help me get to it. Meet me outside Fallowstone Cave. You clear the way to the giant for me, and I'll make sure you get paid for it."", ""This giant... It's not the only thing in Fallowstone Cave. Getting to it isn't going to be easy. You're going to clear a path to the giant, so I can conserve my strength. I'll make sure you're paid for it. So, you meet me at Fallowstone Cave, and I'll get this over with. I can have my tribe back, and you can... You can leave us alone."", ""Let's just get this over with."", ""Weeks? Longer? it feels like an age has gone by. I haven't slept in so long."", ""Oh, of course! Because Malacath would take pity on us if only a useless outsider would lend us a hand. Let's get this over with."", ""All right, I'll go kill this giant. Unless, of course, you'd like to make some extra gold."", ""I'm tired, I haven't slept well in weeks. You kill the giant, bring me the hammer. We go back to Largashbur, I tell everyone I did it. You keep your mouth shut, and I pay you. Handsomely."", ""Good. I'll be waiting right here."", 'Fine, then wait here. This should only take a second.', ""Excellent work. You have a true fighting spirit. Did that better than I could have. Of course, I can't let you leave here alive. Wouldn't want anyone finding out.""]",NPC
Elder Scrolls Skyrim,2011,US,Cicero,Male,"['But the Night Mother is mother to all! It is her voice we follow! Her will! Would you dare risk disobedience? And surely...punishment?', ""Oh, what a kind and wise wizard you are. Sure to earn our Lady's favor."", 'Oh, yes yes yes! Thank you, thank you, thank you!', ""Oh yes, mistress. Perfectly! You're the boss."", 'Wait, oh wait. I know you! Yes, yes. From the road! Cicero never forgets a face.', ""I am! I am! But not just my mother. Our mother, hmm? The Night Mother! Oh yes! • And you helped me! You helped poor Cicero! You talked to Loreius, got him to fix my wheel! Oh, you may have pleased me, but you have surely pleased the Night Mother. And our mother, she will never forget. • But you disappeared! You were there...then you weren't! Did you mean to help out poor Cicero or not? I'm left to wonder... Ah, it doesn't matter. What's done is done, right? Cicero is here! As is the Night Mother! Joy of joys!"", 'Another member of the Family! Hello, hello. So very good to meet you.', ""So polite! So nice! Cicero likes you. The Night Mother is sure to like you too. Oh, we're going to be fast friends. Fast friends."", ""Do you mistrust poor Cicero? I am, as you say, just an innocent jester. A fool! Oh, but my work is not foolish, no. For I am our mother's Keeper."", 'Oooh... So silent. So menacing. A true assassin of the old ways. Cicero likes you. Oh yes, Cicero likes you, indeed.', ""The Night Mother's crypt in Bravil was...desecrated. The Imperial Province is ravaged by strife. Nowhere there is safe, at present. So Cicero brought our Lady to her new home. Here! This is the only Sanctuary left in all of Skyrim, you see. Such was my...honor. As Keeper."", 'What? Who is the Night Mother? Oh! Oh, you jest! You jest with gullible Cicero! You of course know that the Night Mother is our Unholy Matron. The undying spirit of a great woman who birthed the children of Sithis. And killed them. In his honor.', ""Hmmm... That's like telling you about the cold of space, or terror of midnight. Sithis is all those things. He is...the Void."", ""Oh, Cicero takes care of our Lady's body. Oils it, preserves it, keeps it safe. Makes sure nobody disrespects our Matron's coffin."", 'Me? Oh, Cicero is just the Keeper! I...keep! I look after our matron, you see. The Night Mother. I keep her clean, and protected, and happy... But I am not the Listener. Oh no. There is no Listener. Not yet! But some day, some day, some day I pray that one will come to hear her say... The words.', ""Oh, well, the Listener is the only person the Night Mother speaks to. It is the highest honor attainable by a member of the Dark Brotherhood. Of course our Lady is dead, so she doesn't talk with words, since her lips are...rotted. But inside the Listener's head. I hear it's...intimate. Ah, but there has not been a Listener in years and years. Our Lady has not chosen Cicero, and certainly not Astrid. Or...anyone. But some day... Farewell, farewell!"", ""Are we alone? Yes...yes...alone. Sweet solitude. No one will hear us, disturb us. Everything is going according to plan. The others...I've spoken to them. And they're coming around, I know it. The wizard, Festus Krex...perhaps even the Argonian, and the un-child... What about you? Have you...have you spoken to anyone? No... No, of course not. I do the talking, the stalking, the seeing and the saying! And what do you do? Nothing! Not...not that I'm angry! No, never! Cicero understands. Heh. Cicero always understands! And obeys! You will talk when you're ready, won't you? Won't you... ...sweet Night Mother."", 'Oh, but how can I defend you? How can I exert your will? If you will not speak? To anyone!', ""Poor Cicero has failed you. Poor Cicero is sorry, sweet mother. I've tried, so very hard. But I just can't find the Listener."", ""What? What treachery! Defiler! Debaser and defiler! You have violated the sanctity of the Night Mother's coffin! Explain yourself! Speak, worm!"", 'She...spoke to you? More treachery! More trickery and deceit! You lie! The Night Mother speaks only to the Listener! And there is...no... Listener!', 'She...she said that? She said those words...to you? ""Darkness rises when silence dies""? But those are the words. The Binding Words. Written in the Keeping Tomes. The signal so I would know. Mother\'s only way of talking to sweet Cicero... Then...it is true! She is back! Our Lady is back! She has chosen a Listener! She has chosen you! Ha ha ha! All hail the Listener!', ""I spoke only to the Night Mother! I spoke to the Night Mother, but she didn't speak to me! Oh, no. She spoke only to him! To the Listener!"", ""It's true, it's true! The Night Mother has spoken! The silence has been broken! The Listener has been chosen!"", 'You are the Listener! You are the Listener! I have served mother well, I have!', 'Oh, the Listener, well...listens. The Night Mother speaks to you. Guides you on your path. But when the Night Mother speaks, the Listener must obey. You must! For her word is the will of Sithis. And Sithis is the Dark Brotherhood incarnate.', ""Ha! Surely you're pulling Cicero's leg! Wait...the Listener is serious? Oh. Well of course the Night Mother will speak to you again! She might speak now, or later, or...I don't know! But speak she will! The Night Mother is part of you now! You get to hear voices inside your head! The rest of us should be so lucky."", ""Oh... Well...yes. I did. I did indeed. I tried to listen. Tried so hard. But the Night Mother never spoke to poor Cicero. The silence became almost...maddening. Oh, but that was then! This is now! You're the Listener, and the Night Mother chose you for a reason, I'm sure! Cicero will remain the happy Keeper. Are you excited? Oh, you should be. Things are finally looking up!"", ""Listener! Is that you? Oh, I knew you'd come. Send the best to defeat the best. Astrid knew her stupid wolf couldn't slay sly Cicero."", ""Oh, but this isn't at all what mother would want. You kill the Keeper or I kill the Listener? Now that's madness."", 'Ouch! Pointy pointy! My home is well defended. I always have been a stickler for details. Get it? ""Stick-ler."" Ha ha ha ha ha ha! Oh, I slay me!', ""You're...still alive. Cicero respects the listener's abilities, of course, but could you at least slow down a bit? I'm not what I used to be. Heh."", 'Brrr! Chilly! You\'ll enjoy this. Not an original part of the Sanctuary, per se. Let\'s call it a ""forced addition."" Forced by what? Oh, come and see!', ""All right, so Cicero attacked that harlot, Astrid! But what's a fool to do, when his mother is slandered and mocked? Surely the Listener understands!"", 'Cicero admits, he thought the Listener would be dead by now. Heh. Maybe we can just forget all this? Hmm? Let bygones be bygones? What do you say?', ""If it's any comfort, I do feel slightly bad about Veezara. Stupid lizard got in my way! But please tell me that hulking sheepdog has bled to death."", 'And now we come to the end of our play. The grand finale.', 'You caught me! I surrender! Ha ha ha ha.', ""Oh, I like that! Very good, very good! Creative! But killing me would be a mistake! Oh yes. You would displease our mother, hmm? For she's your mother too, isn't she...Listener? Walk away! Let poor Cicero live! Tell the pretender Astrid you did the job! Stabbed, strangled, drowned poor Cicero! One little itty bitty lie!"", ""Traitor? Me? Silly assassin. So confused, so confused...and they say I'm mad! If I'm a traitor, so are you! Have you not heard the maiden's voice? Are you not the Listener? So walk away! Let poor Cicero live! Tell Astrid you did the job! Stabbed, strangled, drowned poor Cicero! A tiny white lie for a dark assassin!"", ""Oh, you prefer to listen, eh? Of course, of course! The Listener listens! A joke! A funny joke! I get it. Then listen to this -- don't kill me. Let poor Cicero live! I attacked the strumpet Astrid, I did! And I'd do it again! Anything for our mother! Return to the pretender, tell her I'm dead! Tell her you strangled me with my own intestines! Ha ha! But lie! Yes, lie! Lie, and let me live! Do what you will. Cicero has no fight left. In the end, Sithis will judge us both."", 'Coming...Mother...', 'Listener! (Remain silent) What in the name of Sithis...', ""Oh yes, it is Cicero! You were a fool to spare me. What, did you think I would be grateful? Cicero should be Listener! Not you! Now you will die! ... Ahhh...gotcha! Oh, Listener, you should see the look on your face! Ha ha ha ha ha ha ha! Oh, Cicero has returned! Not to kill the kind Listener, but to serve, until one of us dies horribly, in service to our Mother! Best friends forever! In the meantime, I'll make myself at home in the Sanctuary. I'm sure Mother needs...tending.""]",NPC
Elder Scrolls Skyrim,2011,US,Clavicus Vile,Male,"[""By all means, let's hear it. It's the least I could do, since you already helped me grant one final wish for my last worshippers... They were suffering so from vampirism, and begged me for a cure. Then you came and ended their misery! I couldn't have planned it better myself. So, what's your heart's desire? What kind of deal can we strike?"", ""Ugh. That insufferable pup? Forget it. Request denied. No deal. I'm glad to be rid of him. Even if it does mean I'm stuck in this pitiful shrine, in the back end of...nowhere. Well...perhaps there is a way he could earn his place back at my side. Maybe. But no promises."", ""Oh, if I had my full power, granting that would be trivial. I'd simply snap my fingers and everyone in Skyrim would die. War resolved."", ""Really? Power? Haven't you already killed enough of your foes using the more mundane means at your disposal? Swords, magic, etc.? How...uninspired. As much as I hate to say it, you're almost as powerful as I am right now. But that's just because half of my power resides in that mutt, Barbas. Come to think of it, I know of a win-win situation for both of us."", ""There's an axe. An incredible powerful axe. An axe powerful enough for me to have quite a bit of fun, indeed. If you bring it to me, I'll grant you my boon. No strings attached. No messy surprises. At least, not for you. As I recall, it's resting in Rimerock Burrow. Barbas can lead you right to it. The little mutt might even earn his place back at my side."", ""In Rimerock Burrow, there's an artifact called the Rueful Axe. Bring it to me, and I'll take Barbas back. Simple as that."", ""Ah, you've got the axe! And my dog. Splendid."", ""Excellent work. A hero and his faithful companion, retrieving the ancient artifact for the prince. It's almost...storybook. Ah, but it almost seems a shame to give a weapon like that away, doesn't it? I suppose I could be persuaded to let you keep it... But only if you use the axe to kill Barbas. Simple as that."", ""And I could absorb the spirit of poor, dead Barbas. He'd still be reunited with me. And I'm sure Barbas doesn't want me to have that axe. He'd want it this way. The choice is yours, friend. We're all counting on you to make the right decision. Put him out of our misery!"", ""Hrmph. You're not fun at all. Guess I'll have to make my own fun elsewhere. And with the pup back, I'll be restored to my full power. There's a whole world just waiting for me!"", ""Absolutely! Now I can reabsorb his body, and return to full power. All without having to listen to his whining! Oh, sure, he'll be back in a century or two, but think of the fun I can have 'til then. Enjoy that axe! And don't worry about poor old Barbas. After all, he really should have picked a better friend..."", ""Yeah, yeah, dog gets master, master gets cosmic axe, everyone's happy. Just get over here, mutt."", ""Ah, that feels so much better! You forget how nice supreme power feels until you've been stuck in a cave for a few years. • It's a shame you wished for something so dull as me taking back the mutt. Quite a lack of imagination on your part. A lack of ambition like that really ought to be punished. Perhaps by turning you into a worm, or maybe a few decades of... • Now, as for your wish... An end to the war, was it? I'll make sure this war ends, all right. Just as soon as the dragons swarm across Skyrim and wipe out all of you puny... • Now, as for your wish... Power, was it? You can be a part of a tremendous power -- all you have to do is let your soul be absorbed by this axe. I never said it would be your power... Oh, fine. Have my boon and be done with it. I've got more interesting deals to make anyway.""]",NPC
Elder Scrolls Skyrim,2011,US,Commander Caius,Male,"[""Well, Sabjorn, now that you've taken care of your little pest problem, how about I get a taste of some of your mead?"", ""Oh, come now. This is mead, not some wine meant to be sipped and savored. By the Eight?! What...what's in this?"", ""You assured me this place was clean! I'll see...see to it that you remain in irons for the rest of your days!"", ""Silence, idiot! I should have known better...to trust this place after it's been riddled with filth."", ""You...you're in charge until I can sort this all out."", ""And you...you're coming with me to Dragonsreach. We'll see how quickly your memory cleans in the city's prisons. Now move."", 'I said move!']",NPC
Elder Scrolls Skyrim,2011,US,Commander Maro,Male,"['I know you will. But all the same, remember everything I said. Stay alert, and when you get to the cities, make your observations and move on.', ""Son, when the Emperor's safety is concerned, anything could go wrong. Off with you, now. And good travels.""]",NPC
Elder Scrolls Skyrim,2011,US,Corpulus Vinius,Male,"[""Have I heard anything? It was the talk of the city for three days straight. Ain't too often we get a visitor like that."", ""Oh, he just left a short while ago. He said he'd finished up his work and it was time to move on. That's all I can tell you. He asked me not to let anyone know where he was going. I suppose he didn't want the attention."", ""Ah, well, in that case, I'll tell you what I know. He took the road southwest out of town, and he said he was going to be crossing over the Dragon Bridge. That's all he told me. I hope it helps."", ""It's like I said, I'm not going to talk about it."", 'I can see that. He said he was heading for Dragon Bridge next. I hope that helps you.', ""Sorry, but that Moth Priest's comings and goings are none of my business, and none of yours either."", ""Never much cared for folks who can't mind their own business.""]",NPC
Elder Scrolls Skyrim,2011,US,Cynric Endell,Male,"['I never saw this coming. I thought we were just having a run of bad luck.', ""As long as you continue to make us all rich, I'm behind you.""]",NPC
Elder Scrolls Skyrim,2011,US,Dagur,Male,"[""The Mages are up in the college. You can ask them, if they'll let you in. Then again, Nelacar might know. He's an old-timer from the College, but he has a room here.""]",NPC
Elder Scrolls Skyrim,2011,US,Delphine,Female,"[""Good. I'm glad you're making progress. My employers are anxious to have some tangible answers."", ""Time is running, Farengar, don't forget. This isn't some theoretical question. Dragons have come back."", ""You went into Bleak Falls Barrow and got that? Nice work. Just send me a copy when you've deciphered it."", ""I'm the innkeeper. It's my business to keep track of strangers."", ""Attic room, eh? Well...we don't have an attic room, but you can have the one on the left. Make yourself at home."", ""So you're the Dragonborn I've been hearing so much about. I think you're looking for this. We need to talk. Follow me."", 'Close the door.', ""Now we can talk. The Greybeards seem to think you're the Dragonborn. I hope they're right."", ""Surprised? I guess I'm getting pretty good at my harmless innkeeper act."", ""Good. The point of being in hiding is to appear to be someone you're not."", ""You can't be too careful. Thalmor spies are everywhere."", ""I didn't go to all this trouble on a whim. I needed to make sure it wasn't a Thalmor trap."", ""I hope you're just playing dumb. I'm the one who left the note in Ustengrav."", ""I hope so. But you'll forgive me if I don't assume that something's true just because the Greybeards say so. I just handed you the Horn of Jurgen Windcaller. Does that make me Dragonborn, too?"", ""I didn't go to all this trouble on a whim. I needed to make sure it wasn't a Thalmor trap. I'm not your enemy. I already gave you the horn. I'm actually trying to help you. I just need you to hear me out."", ""It was the only way I could make sure it wasn't a Thalmor trap. I'm not your enemy. I already gave you the horn. I'm actually trying to help you. I just need you to hear me out."", ""And now you have it. No harm done. I knew the Greybeards would send you for the horn if they thought you were Dragonborn. Taking it was the only way I could be sure this wasn't a Thalmor trap."", ""Like I said in my note, I've heard that you might be Dragonborn. I'm part of a group that's been looking for you...well, someone like you, for a very long time. If you really are Dragonborn, that is. Before I tell you any more, I need to make sure I can trust you."", ""I'll explain what I want when I want, got it? You'd already be dead if I didn't like the look of you when you walked in here. But I had to know if the rumors about you were true... I'm part of a group that's been looking for you...well, someone like you, for a very long time. If you really are Dragonborn, that is. Before I tell you any more, I need to make sure I can trust you."", ""I shouldn't let you walk out of here, knowing what you know. But I guess even my paranoia has its limits. You know where to find me when you change your mind. Because you will. You have to."", ""Dragons aren't just coming back, they're coming back to life. They weren't gone somewhere all these years. They were dead, killed off centuries ago by my predecessors. Now something's happening to bring them back to life. And I need you to help me stop it."", 'Ha. A few years ago, I said almost the same thing to a colleague of mine. Well, it turned out he was right and I was wrong.', ""I know they are. I've visited their ancestral burial mounds and found them empty. And I've figured out where the next one will come back to life. We're going to go there, and you're going to kill that dragon. If we succeed, I'll tell you anything you want to know."", 'You should know. You got the map for me. The dragonstone you got for Farengar, remember?', ""So you were paying attention. I arranged to have Farengar recover the dragonstone for me. It's what I do. I make things happen from behind the scenes. After all, here you are."", ""Yes. A map of ancient dragon burial sites. I've looked at which ones are now empty. The pattern is pretty clear. It seems to be spreading from the southeast, starting in the Jeralls near Riften. The one near Kynesgrove is next if the pattern holds."", ""Kynesgrove. There's an ancient dragon burial mound there. If we can get there before it happens, maybe we'll learn how to stop it."", ""Good. Good. Now we won't have to spend time searching for it. We should get moving. There's no time to waste."", ""I need to get into my traveling gear. Give me a minute and I'll be ready. That's better. Let's get on the road to Kynesgrove."", ""I can't wait around for you to make up your mind. I'll meet you at Kynesgrove. Don't waste time getting there."", ""If you don't trust me, you were a fool to walk in here in the first place."", ""I knew the Greybeards would send you there if they thought you were Dragonborn. They're nothing if not predictable. When you showed up here, I knew you were the one the Greybeards sent, and not some Thalmor plant."", ""We remember what most don't -- that the Dragonborn is the ultimate dragonslayer. You're the only one that can kill a dragon permanently by devouring its soul. Can you do it? Can you devour a dragon's soul?"", ""Good. And you'll have a chance to prove it to me soon enough."", ""This is no time to play the reluctant hero. You either are or aren't Dragonborn. But I'll see for myself soon enough."", ""You're wrong. It is my business. You may be the only one that can stop these dragons. But you'll understand that soon enough."", ""Yes. We're very old enemies. And if my suspicions are correct, they might have something to do with the dragons returning. But that isn't important right now. What is important is that you might be Dragonborn."", ""I shouldn't let you walk out of here, knowing what you know. But I guess even my paranoia has its limits. You know where to find me when you change your mind. Because you will. You have to."", ""Orgnar, I'm traveling. You've got the inn 'til I get back."", 'Kynesgrove is this way. We can travel together or split up and meet there, your choice.', ""I hope you're Dragonborn, I really do. But we'll find out soon enough. We may both end up dead, but at least it gets me out of Riverwood. I don't really think I'm cut out for the quiet life. I doubt the Thalmor are aware of you yet. So we should be safe from them, at least."", ""This is a notorious bandit hideout. But it's also the shortest way to Kynesgrove, so...we may have to kill a few bandits."", ""We'll cross the White River and follow it to Windhelm. Then we can swing south to Kynesgrove. There's an inn near Kynesgrove -- the Braidwood. I hear they serve a nice dark ale. Nothing on the Sleeping Giant, of course. I'm glad you were willing to trust me. I know it probably wasn't the best way to introduce myself. But old habits... you know."", ""Wait. Something's wrong."", 'Come on. Hurry. It might be too late.', ""Lorkhan's eyes! Look at that big bastard! Keep your head down, let's see what it does."", 'Look out!', ""This one's mine!"", ""I'll be damned, you did it! That was well done. Come on. I've been wanting a closer look at one of these buggers. Wait. Something's happening...gods above!"", ""So you really are... I...it's true, isn't it? You really are Dragonborn. I owe you some answers, don't I? Go ahead. Whatever you want to know. Nothing held back."", ""I'm one of the last members of the Blades. A very long time ago, the Blades were dragonslayers, and we served the Dragonborn, the greatest dragonslayer. For the last two hundred years, since the last Dragonborn emperor, the Blades have been searching for a purpose. Now that dragons are coming back, our purpose is clear again. We need to stop them."", ""Exactly. Nobody even remembers our name these days. We used to be known across Tamriel as the protectors of the Septim Emperors. Those days are long gone, though. For the last two hundred years, we've been searching for the next Dragonborn to guide and guard, as we are sworn to do. But we never found one. Until now."", ""The first thing we need to do is figure out what's behind the dragons. The Thalmor are our best lead. If they aren't involved, they'll know who is."", ""The faction that rules the Aldmeri Dominion. The ones who almost destroyed the Empire during the Great War, thirty years back. There's no worse enemy to humankind in Tamriel. The Empire barely survived the last war. The Thalmor don't intend to lose the next one."", ""Nothing solid. Yet. But my gut tells me it can't be anybody else. The Empire had captured Ulfric. The war was basically over. Then a dragon attacks, Ulfric escapes, and the war is back on. And now the dragons are attacking everywhere, indiscriminately. Skyrim is weakened, the Empire is weakened. Who else gains from that but the Thalmor?"", 'Before the Great War, the Blades helped the Empire against the Thalmor. Our Grand Master saw them as the greatest threat to Tamriel. At the time, that was true. Maybe it still is. So we fought them in the shadows, all across Tamriel. We thought we were more than a match for them. We were wrong.', 'Not a damn thing. I was just as surprised as you to find that big black dragon here.', 'Really? Where?', ""Interesting. Same dragon... Damn it, we're blundering around in the dark here! We need to figure out who's behind it all!"", ""If we could get into the Thalmor Embassy...it's the center of their operations in Skyrim... Problem is, that place is locked up tighter than a miser's purse. They could teach me a few things about paranoia..."", ""I'm not sure yet. I have a few ideas, but I'll need some time to pull things together... Meet me back in Riverwood. If I'm not back when you get there, wait for me. I shouldn't be long. Keep an eye on the sky. This is only going to get worse."", ""I don't think you were followed. Come on. I have a plan."", ""I figured out how we're going to get you into the Thalmor Embassy."", ""That would be a bad idea. I'd be too likely to attract the wrong kind of attention. But they don't know you at all, yet."", ""I've been doing this a long time, remember? While the Thalmor's been looking for me, I've been watching them."", ""So that's your plan, huh? Even if you could survive, by the time you got inside, whatever documents they had would be long gone. We're there for information, remember? Trust me, I've been doing this for a long time. My way is better."", ""The Thalmor ambassador, Elenwen, regularly throws parties where the rich and connected cozy up to the Thalmor. I can get you into one of these parties. Once you're inside the Embassy, you get away and find Elenwen's secret files. I have a contact inside the Embassy. He's not up for this kind of high-risk mission, but he can help you. His name's Malborn. Wood elf, plenty of reason to hate the Thalmor. You can trust him. I'll get word to him to meet you in Solitude, at the Winking Skeever -- you know it? While you're doing that, I'll work on getting you an invitation to Elenwen's little party. Meet me at the Solitude stables after you've arranged things with Malborn. Any questions?"", ""Don't worry about Malborn. He's not a dangerous character like you, but he hates the Thalmor at least as much as I do. He's a wood elf -- the Thalmor wiped out his family back in Valenwood during one of their purges that we never hear about. Luckily they don't know who he really is, or he wouldn't be serving drinks at the Ambassador's parties."", ""Let me handle that. You'll have a real invitation, don't worry. As long as you can act the part of a Thalmor toady, you'll get past the guards."", ""That's when the fun starts. You'll have to slip away from the party without raising the alarm. Then you'll need to find Elenwen's office and search her files. Malborn should be able to point you in the right direction."", 'Sounds good. Be careful.', 'Have you given Malborn the gear you want to smuggle into the embassy?', ""Good. I have your invitation to the party. But the only way you're going to get past the guards is if they really believe you're an invited guest. Which means you need to look the part, and not be armed to the teeth. Here, put this on. When you're ready, I'll keep the rest of your gear safe until you get back. You'll only have what Malborn smuggled in for you, plus whatever you can pick up inside."", 'Hmm. I guess that will have to do. You should pass for a real guest, at least until you open your mouth. Ready to board the carriage to the embassy?', ""This is no time for cold feet. I've put everything in your hands here, not least Malborn's life. Now do whatever it is you need to do, and let's get going before we miss our chance!"", ""Don't worry, it will all be waiting for you when you get back. Just make sure you get back out of there alive with the information we need. Good luck."", ""You made it out alive, at least. Your gear's safe in my room, as promised. Did you learn anything useful?"", ""Really? That seems hard to believe. You're sure about that?"", ""You're right, you're right. I just...I was sure it must have been them. If not the Thalmor, who? Or...what?"", ""Esbern? He's alive? I thought the Thalmor must have got him years ago. That crazy old man... Figures the Thalmor would be on his trail, though, if they were trying to figure out what's going on with the dragons."", ""You mean, aside from wanting to kill every Blade they can get their hands on? Esbern was one of the Blades archivists, back before the Thalmor smashed us in the Great War. He knew everything about the ancient dragonlore of the Blades. Obsessed with it, really. Nobody paid much attention back then. I guess he wasn't as crazy as we all thought."", ""Ironic, right? The old enemies assume that every calamity must be a plot by the other side... Even so, we've got to find Esbern before they do. He'll know how to stop the dragons if anybody does. Do they know where he is?"", ""Riften, eh? Probably down in the Ratway, then. It's where I'd go. You'd better get to Riften."", ""Talk to Brynjolf. He's...well-connected. A good starting point, at least."", ""Ask around the Ragged Flagon, in the Ratway. It's at least a good starting point."", ""It's good to see you, too, Esbern. It's been too long, old friend. Too long. Well, then. You made it, safe and sound. Good. Come on. I have a place where we can talk. Orgnar, hold down the bar for a minute, will you?"", 'This way.', 'Now then. I assume you know about...', 'Esbern, what...', ""Do you know what he's talking about?"", 'Esbern. What are you getting at?', ""Let's pretend we haven't. What's Alduin's Wall and what does it have to do with stopping the dragons?"", ""So you think that Alduin's Wall will tell us how to defeat Alduin?"", ""Sky Haven Temple it is, then. I knew you'd have something for us, Esbern. I know the area of the Reach that Esbern's talking about. Near what's now known as Karthspire, the Karth River canyon. We can meet you there, or all travel together, your call."", 'From Riverwood? The road south through Falkreath is the most direct route. Or you could catch the carriage from Whiterun to Markarth and then approach from the west. Either way, the Reach is wild country these days. The Forsworn are everywhere. Best be careful.', ""Your call. Might be safer to travel separately -- attract less attention that way. Don't worry, I'll get Esbern there in one piece. We'll wait for you near Karthspire. Good luck."", ""Always. Let's go see if we can find this Sky Haven Temple."", ""This is it. Orgnar, the inn is yours. I'm probably never coming back here."", 'Take care of yourself, Orgnar. Goodbye.', 'This looks promising.', ""We've got to get this bridge down. These pillars must have something to do with it."", ""Whatever you did, it worked. Let's see what those old Blades left in our way."", 'Why are you stopping?', ""Hmm. Esbern's right. Look like pressure plates."", ""Looks safe now. Let's move."", ""Esbern's probably right. Try using your blood on the carved seal on the floor."", ""That's done it! Look, it's coming to life! You did it! There's the entrance. After you, Dragonborn. You should have the honor of being the first to set foot in Sky Haven Temple."", ""We're here for Alduin's Wall, right, Esbern?"", 'Esbern. We need information, not a lecture on art history.', ""So, does it show how they defeated him? Isn't that why we're here?"", ""You mean they used a Shout to defeat Alduin? You're sure?"", ""So we're looking for a Shout, then. Damn it. Have you ever heard of such a thing? A Shout that can knock a dragon out of the sky?"", ""I was afraid you were going to say that. I guess there's nothing for it. We'll have to ask the Greybeards for help. I hoped to avoid involving them in all this, but we have no other choice."", ""You're probably right. I was hoping to avoid having to involve them in all this, but it seems we have no choice."", ""If they had their way, you'd do nothing but sit up on their mountain with them and talk to the sky, or whatever it is they do. The Greybeards are so afraid of power they won't use it. Think about it. Have they tried to stop the civil war, or done anything about Alduin? No. And they're afraid of you, of your power. Trust me, there's no need to be afraid. Think of Tiber Septim. Do you think he'd have founded the Empire if he'd listened to the Greybeards?"", ""Only if you don't know how to use it. All the great heroes have had to learn to use their power. Those that shrank from their destiny...well, you've never heard of them, have you? And there are the villains -- those that misused their power. There's always a choice, and there's always a risk. But if you live in fear of what might go wrong, you'll end up doing nothing. Like the Greybeards up on their mountain."", ""Good. The Greybeards can teach you a lot, but don't let them turn you away from your destiny. You're Dragonborn, and you're the only one who stop Alduin. Don't forget it."", ""Right. Good thing they've already let you into their little cult. Not likely they'd help Esbern or me if we came calling. We'll look around Sky Haven Temple and see what else the old Blades might have left for us. It's a better hideout than we could have hoped for. Talos guard you."", 'We should get started. Alduin is only getting stronger.', 'What are we waiting for?', 'He is with me. And I advise you both to listen to what he has to say, before you do anything rash.', 'I knew we could count on you! Glad to have you back on our side.', ""We heard the news from Whiterun -- that you left the city on the back of a dragon! That's a little...showy, even for you. Since you're still alive, I assume you have good news to report?"", ""Gods above...that's better news than I had hoped! When you walked into my inn that day, I never imagined where it would all lead... dragons out of legend...Sovngarde...""]",NPC
Elder Scrolls Skyrim,2011,US,Delvin Mallory,Male,"[""Somethin' you need? Anything for the Guild."", ""Ah, now you must be lost. Best ya scurry off while you're able. The Ratway, well, it has a habit of swallowin' up the uninvited."", ""Oh. Oh I see. • Well now, how is Astrid doin' these days, uh? Tell her to stop by some time. We can have a drink. Catch up. Ah, but we can discuss that later, yeah? What does the Brotherhood need? • Well, you're makin' friends, ain't ya? So, uh...how is Astrid doin' these days? Tell her to stop by some time. We can have a drink. Catch up. Ah, but business! Of course. What kind of business?"", ""Buy it? This? An Elder Council amulet? Oh yes. Oh yes, indeed. Wait just a moment... Here. It's a letter of credit. Usable, by Astrid only, for any service or item I can provide. As per our standard arrangement. You bring that back to your lovely mistress. With my regards."", ""The Dawnstar Sanctuary? Is that where you lot are holing up in now? Hmm... Tell you what. It'll cost you -- a lot -- but I can help you out. What exactly are we talking about here?"", 'Banners, huh? Trying to pretty up the place? All right, you got it.', ""That'll come in handy, eh? An alchemy station, maybe a little garden with some choice plants. All right, consider it done."", ""Oh ho. Now that's the Dark Brotherhood I know and love. This for business or pleasure? Ah, what's it matter, right? I'll see that it gets done."", ""Yeah, we can do that. I'm thinking a sewer grate on the outskirts of Dawnstar. Leads to a tunnel, then inside. You'll be in or out, quick as a coney."", 'Heh. Chamber fit for a king and all that, right? No problem. Give ya a big bed, decorate the room real nice, maybe even throw in a few extra baubles.', 'Suit yourself.', ""I'm afraid that's it, my friend. I've done all I can. I hope the place is at least livable, now. Good luck with your, um...murders."", ""Wait just a blessed moment, Bryn. What's in that book? What did it say?"", ""How could Mercer open up a vault that needs two keys? It's impossible. Could he pick his way in?"", ""What's she on about?"", ""I've used my key, but the vault's still locked up tighter than a drum. Now use yours."", ""The gold, the jewels...it's all gone."", ""Do what he says, Vex. This ain't helpin' right now."", ""This is gettin' dangerous. Don't let anythin' get the jump on you."", ""Stabbed in the back. It's like the Dark Brotherhood all over again."", 'Agreed.', 'So now the pupil is the master, eh? Good show!']",NPC
Elder Scrolls Skyrim,2011,US,Deor Woodcutter,Male,"[""Frea...I'm sorry.""]",NPC
Elder Scrolls Skyrim,2011,US,Dervenin,Male,"['Wait, here my plea! My master, he is lost between worlds and I cannot bring him back!', ""My master has abandoned me! Abandoned his people. And nothing I say can change his mind. Now he refuses to even see me. He says I interrupt his vacation! It's been so many years... Won't you please help?"", ""Last I saw him, he was visiting a friend in the Blue Palace. But no one as mundane as the Jarl. No, no...such people are below him. No, he went into the forbidden wing of the palace, to speak with an old friend. Said it had been ages since they had last had tea. Oh and you'll need the hip bone...it's very important. No entering Pelagius' Wing without that."", ""Oh, you just don't understand. Without him, I am not free! Without him, I am doomed! All of his empire shall fall into chaos..."", 'He stays in the Pelagius Wing of the Blue Palace. The doors are locked, and only Falk Firebeard can grant entry. But I hear the maids, Una and Erdi, know how to enter it for cleaning. Surely they can help for such an important matter?', ""Without his guidance, our homeland is falling apart. North wages war against south! The holy flame flickers and dies! We need his return. Oh, but...I'm sure he'll repay you when he comes to his senses! His favor is a powerful, powerful thing. And so very worth any... inconveniences."", ""He is a great man, but one rarely praised! He rules twin empires that span the length and breadth of our minds! All know him, but few can name him! But...he has forbidden me from saying his name. He says it distracts him, and woe to those who draw his ire. But you will know him when you see him. He's the one who made me like this!"", ""Master! You've taken me back! Does this mean we're going home? Oh, happy times! I can't wait to...""]",NPC
Elder Scrolls Skyrim,2011,US,Dexion Evicus,Male,"['I will resist you, monster. I must!', 'Must... resist...', 'Yes. master.', ""I serve my master's will. But my master is dead, and his enemies will pay!"", ""Wait, stop! I yield! That...that wasn't me you were fighting. I could see through my eyes, but I could not control my actions. Thank you for breaking that foul vampire's hold over me."", ""I'm quite alright, thanks to you. Dexion Evicus is my name. I'm a Moth Priest of the White Gold Tower. These vampires claimed they had some purpose in store for me, but they wouldn't say what. Probably holding me for ransom, the fools."", 'You do? Alright then, enough mysteries.', 'You have an Elder Scroll? Remarkable! If my knowledge of history serves me, I recall that the Dawnguard was an ancient order of vampire hunters. I will be happy to assist you with your Elder Scroll. Just tell me where I need to go.', 'Well, you saved me from those vampires. I suppose the least I can do is hear you out.', ""Very well. I'll hurry on my way there before more of those vampires turn up."", 'Ah, hello there!', ""Ah, my rescuer! It's good to see you again."", ""It's not exactly the hospitality I'm used to, but your man Isran has seen to my needs well enough. And might I add, this is a remarkable fortress. I have colleagues back home that would love to study this place in detail."", ""Oh, most certainly! Let's find out what secrets the scroll can tell. Now, if everyone will please be quiet, I must concentrate."", 'I see a vision before me, an image of a great bow. I know this weapon! It is Auriel\'s Bow! Now a voice whispers, saying ""Among the night\'s children, a dread lord will rise. In an age of strife, when dragons return to the realm of men, darkness will mingle with light and the night and day will be as one."" The voice fades and the words begin to shimmer and distort. But wait, there is more here. The secret of the bow\'s power is written elsewhere. I think there is more to the prophecy, recorded in other scrolls. Yes, I see them now... One contains the ancient secrets of the dragons, and the other speaks of the potency of ancient blood. My vision darkens, and I see no more. To know the complete prophecy, we must have the other two scrolls. I must rest now. The reading has made me weary.', ""I serve my master's will. But my master is dead, and his enemies will pay!"", ""By the divines! It's as if my eyes have been opened! I am blinded by the light of your majesty. I...I must obey you. What would you have of me, master?"", 'Certainly. Where can I find this castle?', ""I'll set out at once, then."", 'Master, I have done as you asked and traveled here.', 'Of course. What is it that you need me to do?', ""Ah, yes, the Elder Scroll! I admit, I'm looking forward to this."", 'Of course, master. Now, if everyone will please be quiet, I must concentrate.', 'I see a vision before me, an image of a great bow. I know this weapon! It is Auriel\'s Bow! Now a voice whispers, saying ""Among the night\'s children, a dread lord will rise. In an age of strife, when dragons return to the realm of men, darkness will mingle with light and the night and day will be as one. The voice fades and the words begin to shimmer and distort. But wait, there is more here. The secret of the bow\'s power is written elsewhere. I think there is more to the prophecy, recorded in other scrolls. Yes, I see them now... One contains the ancient secrets of the dragons, and the other speaks of the potency of ancient blood. My vision darkens, and I see no more. To know the complete prophecy, we must have the other two scrolls.', 'I trust your journey was successful?', ""I'm sorry, my friend. I can no longer be of use in this matter."", ""It's my fault. In my haste to read the first scroll, I neglected the careful preparation required. I thought I'd be able to allay the after effects, but I was wrong. Now I'm paying for it."", ""Blind? Yes. I'm afraid so."", ""No. It'll have to run its course, and there's always the chance I may never recover."", ""No, there's another way. The question is, how much are you willing to risk to find Auriel's Bow?"", ""I can't guarantee you'll be free from harm. Becoming blind could be the least of your worries."", 'Yes, how may I serve you, milord?', ""I'm afraid I won't be able to help you with the scrolls any longer, milord. Please, do not be angry with me."", ""I'm afraid in my haste to read the first scroll, I neglected the time I needed to prepare. The failure is purely mine to bear. As you can see from my bandages, it's not that I'm unwilling, it is that I'm physically unable."", 'Oh please, milord! Please...forgive me!', ""If only such a miracle existed, I'd overcome the impossible in order to secure it if it meant pleasing you."", 'Although I would gladly die by your hand, perhaps I could offer an alternative way to read the scrolls?', 'Oh thank you, milord. Thank you!', ""Scattered across Tamriel are secluded locations known only as Ancestor Glades. There's one in Skyrim, in the Pine Forest. Performing the Ritual of the Ancestor Moth within the glade should provide the answers you seek."", ""It involves carefully removing the bark from the Canticle Tree which will in turn attract Ancestor Moths to you. Once enough of the moths are following, they'll provide you with the second sight needed to decipher the scrolls."", 'In keeping with tradition, you must use a specific tool in the Ancestor Glade, an implement known as a Draw Knife. Every Moth Priest is taught this ritual, but few ever get the chance to perform it...you should consider yourself fortunate if it works for you.', 'From what I saw in the vision, the Elder Scroll which foreshadows the defiance of the gods with the blood of mortals is the key to the prophecy.', 'Well, as I am sure you\'ve figured out by now, it\'s no mere coincidence we are named ""Moth Priests."" The voice of the Ancestor Moth has always been an integral part of reading the Elder Scrolls.', ""Oh, the moths don't literally read the scrolls...but they maintain a connection to ancient magic that allows the Moth Priests to decipher them. If you listen closely when you find the glade, you should be able to hear their song...a soft, harmonious trilling. It's through this ancestral chorus that the moths tap into a form of primal augur and become a conduit for deciphering the scrolls."", ""By having the Ancestor Moths close to the Moth Priest, they can utilize the conduit and share the moth's augury. Only the most resilient of priests can do it this way...it takes years of practice to interpret the harmony."", ""You've come this far, and you've found several Elder Scrolls. Whether you believe it or not, the scrolls have a mind of their own. If they didn't want you to find them, they wouldn't allow it. Because of this, I strongly believe you were meant to hear the ancestral chorus. Only one way to find out."", 'Deciphering one of the Elder Scrolls is nothing like reading a simple book. There is quite a bit of ritual and concentration required. It can take months or even years to complete a single scroll and even then, months to recover.', 'Sadly, yes. It is the inevitable fate we agree to pursue when reading the Elder Scrolls. It generally does not occur until a Moth Priest is in his latter years, but in my case I simply was not preparing myself properly.']",NPC
Elder Scrolls Skyrim,2011,US,Dirge,Male,"[""That's interesting. Why do I care? You want a drink, or maybe just a few broken bones?"", ""A friend, huh? Well... then it's probably okay if I tell you."", 'I guess you don\'t hear too well. I never heard of this ""friend"" of yours.', ""You know what? I think I do know the guy you're talking about."", 'Maybe it would. If you had it.', 'He lives somewhere in the Ratway Warrens. Must be crazy or desperate to live down there. Maybe both.', ""Down in the Ratway Warrens. Nice place, if you don't mind the strench, the rats, and assorted lowlifes as neighbors."", ""We've all hear that one before, Bryn! Quit kidding yourself.""]",NPC
Elder Scrolls Skyrim,2011,US,Dorthe,Female,"['Hadvar, did you really see a dragon? What did it look like? Did it have big teeth?']",NPC
Elder Scrolls Skyrim,2011,US,Dragonborn,Neutral,"[""Riverwood calls for the Jarl's aid."", ""I'll come back later."", 'I have news from Helgen. About the dragon attack.', 'Gerdur sent me. Riverwood is in danger.', 'A dragon has destroyed Helgen.', 'I was told to give the message directly to the Jarl.', ""A dragon destroyed Helgen. Gerdur/Alvor is afraid Riverwood is next. • Alvor? The smith, isn't he? Reliable, solid fellow. • Gerdur? Owns the lumber mill, if I'm not mistaken... Pillar of the community."", 'Yes. I had a great view while the Imperials were trying to cut off my head.', 'The Imperials were about to execute Ulfric Stormcloak. Then the dragon attacked.', 'The dragon destroyed Helgen. And last I saw it was heading this way.', 'All right. Where am I going and what am I fetching?', 'What does this have to do with dragons?', 'So what do you need me to do?', 'Just tell me what you need me to do.', 'What can you tell me about Bleak Falls Barrow?', 'How do you know this stone tablet is in Bleak Falls Barrow?', 'Tell me more about the Dragon War.', 'So, were all the dragons killed in the Dragon War?', 'Have you encountered any dragons?', ""Where's the golden claw?"", 'Hand over the claw first!', 'Fine. Let me see if I can cut you down.', 'So what about my reward?', 'I got you the Dragonstone. What next?', 'Dragonborn? What do you mean?', ""I don't know what happened to me."", 'I think you may be right.', 'The watchtower was destroyed, but we killed the dragon.', ""That's just what the men called me."", 'I killed the dragon. I think I deserve a reward.', 'When the dragon died, I absorbed some kind of power from it.', 'The Greybeards?', 'What do these Greybeards want with me?', ""What's it mean to be Dragonborn?"", 'Who are the Greybeards?', 'How can you protect Whiterun from the dragons?', ""I'm answering your summons."", 'You call me Dragonborn. What does that mean?', 'Who are you? What is this place?', 'I want to find out what it means to be Dragonborn.', ""You mean I'm not the only Dragonborn?"", ""I'm answering your summons, Master."", 'What is my destiny?', ""I'm ready to learn."", 'I thought it was this easy for everyone.', ""I don't know how I do it. It just happens."", ""Thank you. What's next?"", 'Why are the dragons returning? Does it have something to do with me?', 'Thank you, Master. I will continue my training.', ""Surely there's more you can tell me."", 'What does it mean to be ""Dragonborn""?', 'Why are Shouts in the dragon language?', 'There are only four of you?', 'When can I meet your leader, Paarthurnax?', 'Tell me about the Greybeards.', ""Why don't the others talk?"", 'Who was Jurgen Windcaller?', 'What is the ""Way of the Voice""?', ""But I don't follow your philosophy. Why help me learn the Voice?"", 'I will try to follow the Way of the Voice.', 'What was that ceremoy all about? Were you Shouting at me?', 'What did you actually say?', ""You're the one who took the horn?"", 'I was expecting someone...taller.', ""What's with all the cloak and dagger?"", 'Here I am. What do you want?', ""Sorry, I'm supposed to be meeting someone here."", 'The Greybeards are right. I am Dragonborn.', 'What do you want with me?', ""You'd better have a good reason for dragging me here."", 'I just came here for the horn.', ""Go on. I'm listening."", ""You'd better start explaining. Fast."", ""I don't have time for this."", ""So what's the part you're not telling me?"", 'Do you know how crazy this sounds?', 'What makes you think dragons are coming back to life?', 'How did you figure all this out?', 'Right, you were at Dragonsreach when I gave it to him.', 'The dragonstone was some kind of map?', 'So where are we headed?', 'I know that mound -- high on the hill east of Kynesgrove.', ""Let's go kill a dragon."", ""Hold on. I'm not ready to go yet."", 'How do I know I can trust you?', 'Why did you take the horn from Ustengrav?', 'Why are you looking for a Dragonborn?', ""Yes, that's how I first learned I was Dragonborn."", ""I absorb some kind of power from dragons. That's all I can say."", ""That's none of your business."", 'You said the Thalmor are after you?', ""I don't need to prove anything to you. I'm done here."", 'A dragon is attacking Kynesgrove?', ""Where's this dragon?"", 'Who are you and what do you want with me?', 'The Blades? Who are they?', ""What's our next move?"", 'Remind me...who are the Thalmor?', 'What makes you think the Thalmor are bringing dragons back?', 'Why are the Thalmor after you?', 'What do you know about the dragons coming back?', ""I've seen that dragon before, the one that got away."", 'It was the one that attacked Helgen, when Ulfric escaped from the Imperials.', 'So, we need to find out what the Thalmor know about the dragons. Any ideas?', 'So how do we get into the Thalmor Embassy?', ""You're not coming?"", ""That didn't take long."", 'Why not just fight our way in?', ""So what's your plan? How do I infiltrate the Thalmor Embassy?"", ""Who's this contact of yours? You're sure I can trust him?"", 'How am I going to get into this party?', ""Once I'm inside the Embassy, then what?"", ""I'll see you in Solitude after I meet Malborn."", 'Our mutual friend sent me.', 'What kinds of things should I bring?', 'Hold on, I need to get a few things ready.', ""I'm ready. Here's what I'll need."", ""Yes, Malborn's all set."", 'Hold on a minute.', ""I'm ready. Keep the rest of my things safe for me."", 'Is there a problem?', 'Just a minute. I think I left it on the cart.', 'My name is (name). Pleased to meet you.', ""Quite a party. It's my first time, you know. Where can I get a drink?"", ""You're Elenwen? I've heard so much about you!"", 'What brings you to this party?', 'What brings you to this party?', 'You sound like quite the businessman.', ""I didn't know you had dealings with the Thalmor."", 'Are you here on guild business?', 'What brings you to this party?', ""You don't look happy to be here."", 'Having a good time?', 'Do you visit the embassy often?', 'Do you host these parties often?', 'I can see you spared no expense.', 'What does your position as Thalmor Ambassador involve?', ""I've never quite understood exactly what the Justicars do."", ""What's your position on the civil war?"", ""I'm ready."", 'You look thirsty.', 'Here, I brought you a drink.', ""Thanks. I'll let you know if I need anything."", 'Actually, there is something you could do for me.', ""I need you to cause a scene. Get everyone's attention for a few minutes."", ""Maybe I can talk to her for you. See if she's interested."", 'That fellow over there asked me to talk to you...', ""Not yet. These things can't be rushed."", 'Yes. She said she can sneak you up to her quarters right now.', 'Yes. She wants you to leave her alone.', 'I need your help with something.', ""I need you to cause a scene. Get everyone's attention for a few minutes."", 'Never mind.', 'I need your help with something.', ""I need you to cause a scene. Get everyone's attention for a few minutes."", 'I need your help with something.', ""I need you to cause a scene. Get everyone's attention for a few minutes."", 'Yes sir. Sorry, sir.', ""I can't help you right now."", ""I'm not here to torture you."", ""Sounds good. I'll follow you."", ""You go ahead. I'm not done here."", 'Who are you? What are you doing here?', 'Hold on. You may know something important.', ""I'd like to hear it all one more time."", ""You've been very cooperative. Thanks."", 'The Thalmor know nothing about the dragons.', ""Why'd you send me in if you weren't going to believe me?"", ""I don't know, but the Thalmor are looking for someone named Esbern."", ""Yes, I'm sure. They're looking for someone called Esbern."", 'What would the Thalmor want with Esbern?', 'So the Thalmor think the Blades know about the dragons...', ""They seem to think he's hiding out in Riften."", 'Know of any old guy hiding out in Riften, name of Esbern?', 'Who else is looking for Esbern?', ""I'm looking for an old guy, hiding out somewhere in Riften."", ""Now where's Esbern?"", 'That old guy hiding out down here... Where does he live?', ""I'm looking for an old guy, hiding out somewhere in Riften."", 'That old guy hiding out down here... Where does he live?', ""Actually, I'm looking for this old guy hiding out in Riften."", 'Hold on -- I just wanted some information.', ""Esbern? Open the door. I'm a friend."", ""It's okay. Delphine sent me."", 'The Thalmor have found you. You need to get out of here.', ""I'm the one the Blades have been searching for. I'm Dragonborn."", 'There are Thalmor agents in the Ratway. Looking for you.', 'The Thalmor have found you. We have to get out of here.', 'What do you mean, ""the end is upon us""?', 'What do you mean, ""it\'s hopeless""?', ""Alduin... The dragon who's raising the others?"", ""You're talking about the literal end of the world?"", ""It's not hopeless, Esbern. I'm Dragonborn."", 'Yes. Delphine seemed to think it was important.', ""That's what everyone keeps telling me."", 'Doom? You mean the return of the dragons?', '""End of Days""? I don\'t think things are quite that bad.', ""You're talking about...the literal end of the world?"", ""Alduin... The dragon who's raising the others?"", ""It's not hopeless, Esbern. I'm Dragonborn."", ""What's the best way to get there?"", ""I'll meet you at Karthspire."", ""Let's travel there together. Are you ready to go?"", ""No, I've never heard of anything like that."", 'The Greybeards might know.', 'What do you have against the Greybeards?', 'The Greybeards may have a point. Power is dangerous.', ""Don't worry. I'm not afraid of my own power."", ""I'd better go see what Arngeir knows about this Shout."", ""I'll ask Arngeir if he knows what Shout they used."", ""I'd like to learn the Shout used to defeat Alduin."", 'Does it matter?', 'Who I stand with is my business.', 'I have nothing to hide. The Blades helped me find out about it.', ""It was recorded on Alduin's Wall."", 'The Blades helped me find out about it.', ""The Blades are helping me. I'm not their puppet."", 'So can you teach me this Shout?', ""The Blades just want to defeat Alduin. Don't you?"", ""At least the Blades aren't keeping secrets from me."", ""So you won't help me?"", 'So, you can teach me this Shout?', 'I thought you knew all the Words of Power.', ""What's so bad about Dragonrend?"", 'If the Shout is lost, how can I defeat Alduin?', 'Who is Paarthurnax?', ""Why haven't I met Paarthurnax yet?"", 'I need to speak to Paarthurnax, then.', 'How do I get to the top of the mountain to see him?', ""I wasn't expecting you to be a dragon."", ""You're the master of the Greybeards?"", 'I think you already know who I am.', 'Why live alone on a mountain if you love conversation?', 'I need to learn the Dragonrend Shout. Can you teach me?', 'Can you teach me the Dragonrend Shout?', 'How did you know I came for Dragonrend?', ""The Greybeards didn't want me to come at all."", 'Do you know Dragonrend or not?', 'How can I learn it, then?', ""That's none of your business."", 'I need to stop Alduin.', 'The prophecy says that only the Dragonborn can stop him.', ""I like this world. I don't want to see it end."", ""I didn't come here to debate philosophy with you."", 'The next world will have to take care of itself.', ""I don't believe in destiny. But I will stop Alduin."", 'No. Dragons like mountains, right?', 'I never thought about it.', 'You said you were going to answer my question.', 'Using the Dragonrend Shout, right?', ""An Elder Scroll? What's that?"", 'Are you saying the ancient Nords sent Alduin forward in time?', 'How does any of this help me?', 'Do you know where I can find an Elder Scroll?', 'The Lorekeeper at the College of Winterhold might know.', 'What do I do with the Elder Scroll when I find it?', 'Hakon, Gormlaith, Felldir? Who are they?', 'How could an Elder Scroll cast Alduin through time?', 'You mean you were there?', 'What does the Dragonrend Shout actually do?', 'No, but he told me how to find out.', 'I need the Elder Scroll the ancients used. Do you know where to find it?', ""I'm looking for an Elder Scroll."", 'Tell me more about the Elder Scrolls.', 'A price for what?', 'Who wrote the Elder Scrolls?', 'All right. So do you have one that I could use?', 'Of course I do. Do you have one here?', 'What about the Dragonborn?', 'Do you at least have any information on them?', 'I need to find one and was told you could help.', 'This ""Ruminations"" book is incomprehensible.', 'Where did he go?', ""He's dead?"", 'I have the Elder Scroll.', ""It wasn't really a victory, since Alduin escaped."", 'I need to find out where Alduin went.', 'The Jarl of Whiterun might not think so.', 'Dragonsreach was built to hold a dragon?', ""You're the Master of the Greybeards. Do others come here to train?"", 'You meditate on the words? How?', 'Fus.', 'Feim.', 'Yol.', 'Yes, but he escaped. I need to find out where he went.', 'One of his dragon allies could tell us...', 'The Jarl? What are you talking about?', ""But I thought there weren't any dragons until Alduin came back."", 'So if I could lure a dragon into Dragonsreach...', 'I defeated Alduin, but he escaped. I need to find him.', ""I know. That's why I need to find him."", 'His dragon allies must know where this portal is...', 'You mean Dragonsreach?', ""What's the Jarl's palace have to do with this?"", ""I thought there weren't any dragons until Alduin came back."", 'So if I could lure a dragon into Dragonsreach...', ""You've discovered...what?"", ""Turns out he's a dragon. But he helped me."", 'I need your help. I need to trap a dragon in your palace.', ""You heard right. It's the only way to stop the dragons."", 'The threat is worse than you know. Alduin has returned.', ""It's only hopeless if we give up."", ""I'm Dragonborn. It's my destiny to stop him."", 'Maybe so, but I plan to go down fighting. What about you?', ""It's the only way to find Alduin before it's too late."", ""I don't know yet. But I know some people who can probably help."", ""What if you didn't have to worry about an enemy attack?"", ""Leave that to me. I'll talk to Arngeir about hosting a peace council."", 'I need a way to lure a dragon to Dragonsreach. Any ideas?', 'So we know his name. How does that help me get him to Dragonsreach?', 'Why would he come when called?', 'I need a way to lure a dragon to Dragonsreach. Any ideas?', 'How does that help us?', 'Why would he come when called?', ""So what's this dragon's name?"", 'Are you ready to spring the trap on the dragon?', 'Not quite yet.', ""I'm ready. Let's trap a dragon."", ""That's right. Where is he hiding?"", 'You were telling me where to find Alduin?', 'Do you promise to serve me?', 'Not until Alduin is defeated.', 'Tell me what you know, then.', 'We seem to be at an impasse, then.', 'Do you expect me to take your word for that?', ""Fine. I'll set you free if you promise to take me to Skuldafn."", 'Yes, but he escaped. I need to find his portal to Sovngarde.', 'I need your help. I need to capture a dragon.', ""I'll worry about capturing a dragon. I need your help to stop the war."", ""Jarl Balgruuf won't help me while the war rages."", 'Both sides respect the Greybeards. They will listen.', 'Are you ready to host the peace council?', 'The Blades want me to kill Paarthurnax.', ""Is it true what they said? Was he Alduin's ally?"", 'He still needs to pay for his crimes.', ""I haven't decided what to do yet."", ""Don't worry, I'm not going to kill Paarthurnax."", 'Where has Alduin gone?', 'I have a message from the Greybeards.', ""They're convening a peace council at High Hrothgar."", 'We need a truce until the dragon menace is dealt with.', 'The best time to negotiate is from a position of strength.', ""Why won't the Emperor send more reinforcements?"", ""The Empire can't afford to snub the Greybeards."", ""You'll come to the peace council, then?"", 'I have a message from the Greybeards.', 'They want to negotiate a truce until the dragon menace is dealt with.', 'General Tullius has already agreed to attend.', ""So you'll come to the peace council?"", ""Don't worry. I'll get them to agree to peace."", ""This was the only way to get Balgruuf's help."", ""You're right. The Thalmor have no business here."", ""What's the harm? Besides, Tullius doesn't really want her here either."", 'I agree. This will set the tone for the whole negotiation. Elenwen should go.', ""Let Tullius have his way on this. He'll have to give ground later."", 'How about Riften?', 'Winterhold seems like a fair trade.', 'You asked my opinion. I gave it to you.', ""You're right. Riften is a fair trade for Markarth."", 'Ulfric should compensate you for Karthwasten.', ""Who's to say what happened at Karthwasten?"", 'I agree. Ulfric should turn over the Pale.', ""Ulfric doesn't need to give up any more territory."", 'I agree. The Empire should hand over Hjaalmarch.', ""The Empire doesn't need to give up any more territory."", 'How does that help us?', 'Why would he come when called?', ""So what's this dragon's name?"", 'The Blades say you have to die.', ""Why shouldn't they trust you?"", ""It's done. Paarthurnax is dead."", 'Open the trap.', ""Yes, I'm sure."", 'Hold on. Not yet.', ""I'm ready. Take me to Skuldafn."", ""Hold on. I'm not quite ready."", 'Who are you?', ""What's this mist?"", ""Yes, it's at the far end of the valley from here."", ""Shor's hall? What's that?"", ""Follow me. I'll lead you through this mist."", ""Don't worry, I'm here to kill Alduin."", 'Who are you?', 'I seek entrance to the Hall of Valor.', 'By the right of birth. I am Dragonborn.', 'By right of glory. I lead the Companions of Jorrvaskr.', 'By right of Cleverness. I am Master of the College of Winterhold.', 'By right of blood. I Listen for the Night Mother.', 'By right of plunder. I am a Nightingale of Nocturnal.', 'Can I enter the Hall of Valor?', 'Not yet.', ""I'm ready to return to Tamriel."", ""You don't sound very happy about it."", 'I have no regrets. Alduin had to be destroyed.', 'Alduin brought this on himself.', 'I was just fulfilling my destiny as Dragonborn.', 'The world is a better place without Alduin.', ""Yes, I used Alduin's portal to travel to Sovngarde. He's dead."", 'Yes. I went to Sovngarde and killed Alduin there.', 'As dead as I can make him.', ""I hope so. But I don't know if Alduin can ever be completely destroyed."", 'What is this place?', 'Why are you out here?', 'May I enter the College?', 'I want to use the power of fire and ice to destroy any who oppose me.', 'I desire to bend the will of those around me.', 'I want to unravel the mysteries of Aetherius.', 'I just wanted to see what it looks like inside.', 'Where do I need to go again?', 'Who is Mirabelle Ervine?', ""I'd like to know more about the College."", 'Is there any advice you can give about Destruction spells?', 'I was told to come see you.', ""I'd love to have a look around."", ""Sorry, I'm not ready for that just yet."", ""What's expected of me here?"", 'Where can I learn new spells?', ""I'm not really sure what to think."", 'I think we should learn something practical.', 'Safety should be more important than anything.', ""I don't know any ward spells."", ""I have a ward spell, but I've never really used it."", 'I already know it, and already know how to use it.', ""I'm ready. Let's go."", ""What's so important about this place?"", 'What are we looking for?', ""I'm not quite ready to go inside yet."", ""Sorry, I'm still not ready to go in there."", ""I don't have any more questions. What would you like me to do?"", 'Now what?', 'Tolfdir told me to help you.', 'What did you need me to do?', ""I'm trapped in here!"", 'I pulled an amulet off the wall.', 'Did you see that?', 'Some sort of ghost or apparition appeared. It spoke to me.', 'It said something about danger ahead, and the Psijic Order.', ""What's the Psijic Order?"", 'Why is the Psijic Order contacting me?', 'What is this thing?', 'What should I tell the Arch-Mage?', 'Will you be all right by yourself?', ""No, we haven't."", 'No, sir.', 'I need to speak to you about Saarthal.', 'We found some sort of...orb. Tolfdir wanted you to see it.', ""We've found something in Saarthal, and Tolfdir thinks it's important."", 'Dangerous research must be a problem here.', ""What's the purpose of the College?"", ""I'd like to know more about the College's history."", 'What happened in the last few hundred years?', 'What caused the Great Collapse?', 'Tell me more about the Great Collapse.', 'Have you ever met with the Psijic Order?', 'Why would Ancano be looking for me?', 'Is there a problem?', 'What does it matter what I say to him?', 'Thanks for the warning.', ""I'll say what I like to him."", 'I need to learn about something we found in Saarthal.', ""You don't have anything that can help?"", ""Doesn't anyone care that Orthorn stole things from the College?"", 'Who is Orthorn?', 'Why are these mages in Fellglow Keep?', 'Maybe...', 'Yes, we did. I just informed the Arch-Mage.', 'How do you know anything about this?', 'Why does this matter to you?', ""There's a rumor that you're spying for the Thalmor."", 'What is it you do here?', 'Does the Arch-Mage often ask for advice?', ""I'd like to know more about the Thalmor."", ""So, you're Orthorn?"", ""I'm just here for the books you took from the College."", ""I'm here to rescue you and recover the books you stole."", 'Where are the books you stole?', 'Why are you in this cage?', 'Is there a key for this cage?', ""I don't want your help."", 'Now where are the books?', '...', 'You should get yourself to safety.', 'I can handle this on my own.', 'This will be easier without you getting in my way.', ""If you don't get away from me right now, I may kill you myself."", ""You're right. I could use some help."", 'Who are you?', ""I'm here for the books from the College."", 'May I please have the books?', 'Perhaps we can come to an arrangement.', ""I'm not going anywhere without those books."", ""Let me leave with the books, and there won't be any more trouble."", ""It's a deal. You can have Orthorn."", ""I've got what I came for."", 'Here are the books that went missing.', 'Urag suggested I come see you.', 'I found a certain book, ""Night of Tears""...', ""There's a book he thinks you should read."", ""I don't understand what's going on."", 'Why are you so concerned about this?', ""Aren't you just an advisor here?"", ""What's going on? What happened to everyone?"", 'What do you want with me?', 'What did you do?', ""If this is dangerous, then why don't you do something about it?"", 'What does this have to do with me?', 'So what exactly is the problem?', 'What do you expect from me, then?', ""I'll help, but I don't know what to do."", 'Who is the Augur of Dunlain?', 'Where can I find this Augur?', 'Why should I trust you or your Order?', 'Have you ever heard of the Augur of Dunlain?', 'Have you ever heard of the Augur of Dunlain?', 'Where is the Midden?', 'Can you tell me more about the Augur of Dunlain?', ""So you're the Augur of Dunlain?"", 'I was told to find you.', ""And what is it I'm seeking?"", 'Thalmor? What Thalmor?', ""I'm not the first to come see you?"", 'What do I need?', 'I have important information for you.', 'We need to find the Staff of Magnus.', ""It's connected to the orb we found."", 'I spoke with the Augur of Dunlain.', 'What should I do next?', ""You mean me, don't you?"", 'Do you know anything about the Staff of Magnus?', ""Arch-Mage Aren said you'd mentioned it recently."", 'It may be connected to the Eye of Magnus.', 'The Augur referred to it as the Eye of Magnus, not me.', 'Sorry. So, the Staff of Magnus?', 'Who are the Synod?', ""So no one knows the Staff's location?"", 'What else can you tell me about the Staff of Magnus?', 'Your friend Gavros is dead.', 'I came here looking for the Synod.', ""What's this about a crystal?"", ""What's the crystal for?"", ""If I find this crystal you're looking for. Will you help me?"", 'I happen to have found a focusing Crystal. Is this what you were looking for?', ""I'm with the College of Winterhold."", 'What are you doing here?', ""I'm looking for the Staff of Magnus."", 'I found your crystal.', 'What do I do?', ""You'd better calm down."", 'Did something go wrong?', ""I don't know what you're talking about."", ""I haven't done anything, I swear."", ""I truly have no idea what you're talking about."", ""I don't understand why you're so upset."", 'You mean the Eye of Magnus?', 'We might have something, yes.', ""I'm not going to answer that."", 'Can you help me find the Staff of Magnus or not?', 'What are you talking about?', 'So the Staff of Magnus is in Labyrinthian?', ""I think you've been in here too long. You're crazy."", ""What's going on?"", 'I know where to find the Staff of Magnus.', ""I think I'm okay."", 'What happened?', ""It's Ancano. He's done something with the Eye!"", 'Arch-Mage aren is dead?', 'Something went wrong. Winterhold may be in danger. Can you help?', ""There's no time. We have to make sure Winterhold is safe."", 'Winterhold is safe for now.', 'Why me?', 'You really think the Staff will help?', ""Then I'm off to Labyrinthian."", 'What are you talking about?', ""I don't understand. What coincidence?"", 'Get out of my way.', 'I have no quarrel with you.', ""Where's Mirabelle?"", 'Why are you all the way out here?', ""Let's get in there."", 'What do we do now?', 'What do we do now?', ""How did you know I'd be able to defeat Ancano?"", ""You didn't look like you needed help."", 'I tried my best.', '• Who are the Companions? • What is a Shield-Brother?', 'Can I join you?', 'Sounds like a waste of time.', ""I'd like to join the Companions."", 'I can handle myself.', 'You dare question my skill?', 'I have much to learn.', 'Vilkas sent me with his sword.', 'Does Vilkas always send newcomers on errands?', ""I'm just doing what I'm asked."", 'Someone has to be in charge, though.', ""I'll need to be going."", 'What is it?', ""Didn't you just tell me not to be a servant?"", ""I'm happy to lend a hand."", 'I have your shield.', ""I don't care for boasting."", 'I would kill him before he drew his sword.', ""I'm looking for work."", 'What does he want?', 'You wanted to see me?', 'What do you mean?', 'What does this have to do with me?', 'I would be honored to retrieve it.', ""You're going to be my Shield-Brother?"", 'Who was this scholar?', 'What is Wuuthrad?', 'Why did Skjor call this my Trial?', ""I'll meet you at Dustman's Cairn."", 'What was that?', ""You're going to make me a werewolf?"", 'Who are the Silver Hand?', 'The Companions are werewolves?', 'Is it true that the Companions are werewolves?', 'What about you?', ""You're looking to cure yourself?"", 'I was told you would have a weapon for me.', ""I'd like a sword."", ""I'd like a dagger."", ""I'd like a battleaxe."", ""I'd like a greatsword."", ""I'd like a waraxe."", 'Where is this Underforge?', 'What is this place?', ""I'm ready for whatever test is next."", ""What if I don't want to be a werewolf?"", ""I'm ready."", 'What just happened?', 'Am I a werewolf now?', 'What does it mean to be a werewolf?', 'Is there a cure?', 'Where are we going?', ""I'm looking for work."", 'You wanted to see me.', ""Aela and I work to avenge Skjor's death."", 'I work for the honor of the Companions.', 'Skjor said it was a blessing of Hircine.', 'Vilkas said it was a curse laid upon the ancient Companions.', 'So what is the truth, then?', 'And they became werewolves?', ""But aren't you more powerful now?"", 'The witches should be hunted down for their trickery.', 'Is there a way to cure yourself?', 'Am I to do this alone?', 'It shall be done.', ""I don't wish to remove this blessing."", ""I was doing Kodlak's bidding."", 'What happened here?', 'Was anyone else hurt?', 'It would be my pleasure.', ""I guess I'll have to."", ""I have Kodlak's fragment."", 'Are you not coming?', 'Why do we need to be cautious?', 'How do we get inside?', ""What's the matter?"", 'Kodlak, is that you?', ""But there's nobody else here."", 'Vilkas said you could still be cured.', ""We've killed your beast spirit."", 'He did indeed.', 'Does this upset you?', 'No. Some wolves, but no dogs.', ""I've seen whole packs of dogs."", 'What sort of dog?', ""No, sorry. I didn't see a dog."", 'The guard at the gate mentioned a dog.', ""I've seen whole packs of dogs."", 'Sure, I can catch him.', 'You were looking for me?', 'Did you just talk?', ""I've got things to do."", 'So, what could a dog need my help with?', ""Sounds easy enough. Let's go find him."", ""So you're a lost little puppy?"", 'Lord Vile, I have a request of you.', ""I'm just here to reunite you with Barbas."", 'An end to the civil war that plagues my land.', 'The power to crush all before me!', ""What's your offer?"", 'What did you want, again?', ""So what's the story behind the Rueful Axe."", ""We're back. Now fulfill your end of the bargain."", 'I sure would like to keep this axe...', 'No deal. Take the axe and take back Barbas!', 'I think I want to keep the axe.', ""He's dead. Are we done here?"", ""I don't really feel like drinking..."", ""A drinking contest? You don't stand a chance!"", 'Here we go.', 'This was a bad idea.', 'A second drink. Easy enough.', ""I'm done now."", 'One more. No problemsh.', 'Thash grape!', 'Where am I?', 'Blasphemer?', 'Unh, my head.', 'Was a man named Sam with me?', 'So do you remember anything I said when I got here?', ""I'm sorry?"", ""I have no idea what you're talking about."", 'That sounds pretty bad...', ""What happened with Gleda again? I'm a little fuzzy on that."", 'Did I say anything about where I left a staff?', ""Here's your goat. Now can you help me retrace my steps?"", 'Okay, how much do I owe you?', ""Yeah, I've been getting that a lot."", 'Do you know what I did with it?', 'What was that story about my fiancee?', 'It was quite a trip. Where are we?', 'I have all the things needed to repair it.', 'So all of this was just a prank?', 'Who are you?', 'Thanks, I guess.', 'Why did you choose me?', 'Is this some kind of cult?', ""I'm not afraid of you."", 'Who is Boethiah?', 'My heart is full of purpose, and my life is full of deeds.', ""I'll do it."", ""I'll do nothing of the sort."", 'Who are you?', 'Are you some kind of god?', 'I have slain Cosnach to gain your favor.', 'My reasons are my own.', ""I didn't mean to offend."", ""I'm not afraid of you."", '""Honor"" is a coward\'s tool.', ""I'll do whatever you ask."", 'Who is he?', 'Where can I find him?', 'What has he done to displease you?', ""Say no more. He's as good as dead."", '""Seen my coming""? What do you mean?', ""What is this place? Who's Azura?"", ""I don't believe in fate."", 'Very well. What does Azura need?', ""I'm not anyone's champion. Find someone else."", ""I'd like to know more about Azura."", 'Where did this shrine come from?', 'Are you all alone here?', 'Is there an elven mage here that studies stars?', ""I'm looking for an elven mage who studies stars."", 'I misspoke. Forget I asked.', ""They're for enchanting, correct?"", 'Soul gems? Why are you asking?', ""Don't change the subject."", 'What did Malyn do?', ""How does Azura's Star work?"", 'How did the Daedra drive Malyn insane?', 'It sounds like Malyn got what was coming to him.', ""Let's do it."", ""I'd like to think about it."", 'So we need to deal with Malyn somehow.', ""I don't like where this is going."", ""You want to send my soul inside, don't you?"", ""Won't that kill him?"", ""What do I do once I'm inside?"", ""What's to keep me from ending up like Malyn?"", ""I'm ready to enter the Star."", ""You can't escape your fate, Malyn."", 'What do we do with it now?', ""If it's fixed, then it's mine."", 'Here. Take it.', ""I need a moment. I'll be back later."", ""Then why don't you remove it? Aren't you a daedra?"", ""I'm ready to enter the Star."", 'Thank you, Lady Azura.', 'I dislike the daedra looking into my future.', 'Thank you, Aranea.', 'What use would you be?', ""So, Azura isn't giving you any more visions?"", 'Tell me more about this artifact.', ""It doesn't really sound like I have a choice in the matter."", ""I'll do it."", ""I'll keep the sword. But find someone else to spread your religion."", ""I'll wield this mighty blade in your name."", ""What's going on here?"", ""It seems like I shouldn't be here."", 'What can I do?', 'Deal with your own curses.', 'Here are the things you asked for.', ""Fighting the giant isn't my job."", 'What do you want me to do?', 'How long has this been going on?', ""I'm just here to help."", 'What do you mean?', ""Okay, I'll do it."", ""No, you're supposed to do it."", ""I have returned with Shagrol's hammer."", 'He fought bravely, but the giant overwhelmed him.', 'He asked me to kill the giant, then attacked me.', 'I heard you know about Elder Scrolls.', 'What brings you to this remote place?', 'You have an Elder Scroll? Here?', 'So, where is the Scroll?', 'Can you help me get the Elder Scroll or not?', ""Don't make me hurt you. Just tell me where it is."", 'Are you...all right?', 'What do you want?', 'Where is this ""Blackreach""?', 'How do I get in?', 'What do I do with this sphere?', 'What do I do with this cube?', 'What do you want with the Elder Scroll?', 'What is an Elder Scroll?', ""I've inscribed the lexicon."", 'Why are you so eager to open the box?', 'Who is your lord?', 'Who are you?', 'What do you want of me?', 'I am your servant, my lord.', ""I'll never join you, vile demon!"", ""I've brought all the blood you require."", 'What now?', 'I am not your champion, monster.', 'Why are you asking?', ""No, I haven't."", ""I'm not sure."", 'Do you need any help?', ""Sorry. I don't know anything."", ""It's an altar."", ""A mace. It's rusted."", 'I only see the spikes of this trap.', 'You want revenge on Boethiah?', 'I never wanted to help you. Let me go!', ""I'm here to rescue you."", 'Never mind. Stay here.', 'Here. Let me untie those binds.', 'Wait here a moment.', ""You'll stay that way for now."", 'Thank you, Lord Molag Bal.', 'A mace? This is hardly a fitting prize.', 'Who died?', 'How did she die?', 'Who did this?', 'I heard you attacked a little girl.', 'What ring?', 'What kind of transformations?', 'What will you do now?', ""I'll take the ring to Hircine."", 'Who is Hircine?', 'Why did this make you attack the girl?', 'Are you Hircine?', 'What would you ask of me?', 'Will you remove the curse from this ring?', 'It shall be done as you ask.', ""He's done me no wrong. I won't kill him."", ""Didn't I just kill you?"", 'What happened here?', ""I've been told to kill you."", 'I will spare your life.', 'I cannot defy Hircine. You have to die.', 'The last of the hunters is dead.', 'I did as you asked.', 'I failed to bring down Sinding.', 'I defy you and your vile tasks.', 'What do you need?', 'How can I find your master?', ""Why don't you leave your master?"", 'How can I get to your master?', 'Why do you need him back?', 'Who is your master?', 'I need to get into the Pelagius Wing.', 'Falk asked me to check it out.', 'I need to get into the Pelagius Wing.', 'Falk asked me to check it out.', ""I'm here to deliver a message."", 'I was asked to retrieve you from your vacation.', 'I think I made a mistake coming here...', ""I'm afraid I don't know, sir."", 'All I know is that your people need you to return.', ""You're a madman."", 'Who were you talking to?', 'Wait, where are we?', ""So does that mean you'll leave? Or not?"", 'Simple.', ""Okay, what's the catch?"", ""I've done it. I've fixed Pelagius' mind."", 'May I commune with Peryite?', 'Tell me about this incense.', 'Tell me about Peryite.', 'I have the items you requested.', 'What do you want with me?', 'What is this? Have I been poisoned?', 'What task?', 'What would I gain from this?', 'Why does Orchendor deserve to die?', 'I heard your request. Release me.', 'Who is Orchendor?', 'Where is Bthardamz?', 'What happens now?', 'What will become of the Afflicted?', ""I don't relish being a Daedra's puppet."", 'Very well. Goodbye.', 'Museum of the Mythic Dawn?', 'What was that argument about?', 'Sounds good.', 'Not interested.', ""Let's talk about this job you want done."", 'You want me to get those fragments?', ""Stop right there. I'm not interested."", 'Why did you open this museum?', 'So what is this Mythic Dawn cult?', 'Who is Mehrunes Dagon?', 'I want to know more about the Razor.', ""I'm looking for pieces of Mehrunes' Razor."", 'Really? Silus Vesuius says otherwise.', 'Never mind, then.', 'I have all the pieces of the Razor.', ""The hilt of Mehrunes' Razor, as promised."", ""Here's the pommel stone of Mehrunes' Razor."", ""I have the blade shards of Mehrunes' Razor."", 'You think Dagon will repair the Razor?', 'This sounds like a terrible idea...', 'It will be done, Lord Dagon.', 'He helped me find the pieces. He deserves to live.', 'Dagon has spoken.', 'Fine. Get out of here.', 'Thank you, Lord Dagon.', 'I will use the Razor as I see fit, Dagon.', 'Why not?', ""I'll come back later, then."", ""What's the Hall of the Dead?"", ""Who's Arkay?"", ""I'm not a cannibal. What are you trying to do to me?"", 'Where is this place?', 'I want no part of this.', ""Your tricks won't help you, monster!"", 'Your cannibal has been taken care of.', 'The Hall of the Dead is safe now.', 'I could use a hand.', ""Wait here. I'll take care of them."", 'Just tell me who needs to die.', 'I have need of a priest in my travels.', 'Never mind, then.', 'Wait. I know you.', 'Wait. I know you.', 'Wait. I know you.', 'Thank you, my Lady.', ""That's a lot of work for such a little thing..."", 'Thank you, Eola. For everything.', 'I feel sick.', 'You started the coven of Namira?', ""What's wrong with everyone around here?"", ""What could you do, anyway? Dreams aren't real."", ""Don't be ridiculous. Dreams are harmless."", ""Then leave. This isn't your problem."", ""What's your plan?"", 'What do you mean, ""return""? You\'ve been there?', 'I trust you. How can I help?', ""I can't trust you. You're hiding something."", ""Sorry, I can't."", 'Who is the Daedric Lord Vaermina?', 'What does she do with the memories?', 'Were they successful?', ""Why is it dangerous if they're asleep?"", 'What does the Miasma do?', 'Is the gas dangerous?', 'Looks difficult to breach.', 'You seem to know an awful lot about this place.', 'Why keep it a secret?', 'You should have told me the truth.', ""I knew it! You're a liar!"", ""All right. I'm ready."", 'How can the Skull be affecting Dawnstar?', 'What am I looking for?', 'Found it.', 'Is that some kind of potion?', ""That's impossible."", ""That's amazing!"", ""I'm going to be the test subject, then?"", 'Sounds dangerous. How can you be sure?', 'Forget it! It could kill me!', 'Do you know where we can find the Torpor?', 'What will the Dreamstride feel like?', 'How will I know when to awaken?', 'How will I know what it looks like?', 'I found the Torpor.', 'Here? Now?', 'It was remarkable... As if I were really there.', 'It served a purpose.', 'Are you mad? I could have died!', 'We can discuss it later. We need to proceed.', 'Are you going to be all right?', ""So we're done, then?"", 'How about some compensation?', 'Thank you.', ""I heard there's trouble with your children."", 'Your father said to speak to you.', 'What sorts of things?', 'How do you know these things?', ""Who's the Whispering Lady?"", 'Where is this door?', 'Is there someone behind the door?', 'What could the boy not do?', 'Who are you to expect anything?', ""I'm not so easily molded."", 'What do you want me to do?', ""I don't want to help you."", 'How do I open the door?', 'Do you know how to open the Whispering Door?', 'Are you all right?', ""I'm sorry, boy, but I'm not who you think I am."", 'Yes, of course... The Black Sacrament...', 'Contract?', 'Grelod? As it turns out...I already killed her.', ""Assassinations don't come cheap, boy."", 'Tell me about your mother. What happened?', 'Are you sure about this, boy? Murdering this woman?', 'The Dark Brotherhood has come, Grelod.', 'Aventus Aretino says hello.', 'Grelod the Kind is dead.', 'What? Where am I? Who are you?', 'You know about that?', ""I don't think I like where this is going..."", 'You want me to murder someone else? Who?', ""I'll have no part of this insanity."", ""All right, I'll do it. I'll kill one of them."", 'Who are you?', 'Would someone pay to have you killed?', 'Who are you?', 'Would someone pay to have you killed?', ""It's all right. Just tell me what I need to know."", 'Who are you?', 'Would someone pay to have you killed?', 'So who was it? Who had the contract?', 'You told me to kill, and I killed.', ""So...I'm free to go?"", 'So what happens now?', 'I am honored to be part of your Family, Astrid.', 'When do I get to kill someone?', 'Who is the Night Mother?', 'So the Night Mother is being brought here?', 'What if I get caught killing someone?', 'Where do the contracts come from?', 'Are there any rules I should be aware of?', 'What can you tell me about yourself?', 'You know nothing about me, or my abilities.', 'What can you tell me about yourself?', 'I will kill anyone who stands in my way. Anyone.', 'What can you tell me about yourself?', ""Fine. I'm not here to make friends, old man."", 'What can you tell me about yourself?', 'I am an assassin without equal. I belong here.', 'What can you tell me about yourself?', 'The Dark Brotherhood will return to greatness. With my help.', 'What can you tell me about yourself?', ""It's a pleasure to meet you."", 'You will hear more, I assure you.', ""Astrid said you'd have some work for me."", 'Sounds simple enough.', 'What can you tell me about yourself?', ""I'm ready for the first set of contracts."", 'Tell me about Narfi.', 'Tell me about Ennodius.', 'Tell me about Beitild.', 'Beg! Beg for your miserable life!', 'Your pathetic existence has come to an end, Narfi.', 'You were right to paranoid, Ennodius.', 'Die, worm!', 'Someone wants you dead, Beitild.', 'I represent the Dark Brotherhood. Your death is at hand!', 'Narfi is dead.', 'Ennodius is dead.', 'Beitild is dead.', 'Do you have a contract for me?', 'Anything else?', ""You're the man with the wagon! Transporting his mother..."", ""It's good to meet you too, Cicero."", ""Keep your distance, jester, and we'll get along just fine."", 'Why did you come to the Sanctuary?', 'Who is the Night Mother?', 'Tell me about Sithis.', 'What are the duties of a Keeper?', 'What can you tell me about yourself?', ""The Listener? What's a Listener?"", 'The Dark Brotherhood has come, Muiri.', 'Obviously. Now tell me what you need.', 'By Sithis, I need details. Get to the point.', 'Actually, Alain Dufont is already dead. I killed him.', 'It will be done.', ""I'm listening."", 'Tell me the full story. Why do you want Alain dead?', 'And Nilsine Shatter-Shield? Why must she die?', 'Is there anything else?', 'Muiri sent me. She is quite unhappy...', 'Do you hear that?', ""It's the sound of your sister, screaming in the Void..."", 'Alain Dufont now lies dead.', 'I did what had to be done. Nothing more.', 'I live only to serve. Hail Sithis!', 'Is something wrong?', ""Astrid, you're being a bit...paranoid."", 'By Sithis, we must stop them!', 'What do you want me to do?', 'But that seems so...disrespectful.', ""Yes, the coffin. It's perfect."", 'Any idea who would conspire with Cicero?', 'What do you think Cicero is planning?', 'Is there anything else I should know?', ""Yes, I'm fine."", ""I...I don't know. It happened so fast."", 'It\'s true. The Night Mother spoke to me. She said I was ""the one"".', 'Yes.', 'I must speak to someone named Amaund Motierre, in Volunruud.', 'So I should go to Volunruud? I should talk to this man?', 'What exactly does a Listener do?', 'Will the Night Mother speak to me again?', 'Cicero, did you want to be the Listener?', 'Astrid wanted me to see you about some more work.', 'Tell me about Hern.', 'Tell me about Lurbuk.', 'Someone hired the Dark Brotherhood to kill you, Lurbuk.', 'Sing me a song, bard. A song of fear, and death!', 'I know what you are, nightspawn.', 'Assassin versus vampire. A fight for the ages.', 'Has the time come? Will I now serve the Night Mother?', 'Hern is dead.', 'Lurbuk is dead.', 'The Night Mother heard your pleas, Motierre.', 'You have opened the door to darkness, little man.', 'Go on.', 'Leaders rise and fall. Business is business.', 'You want us to kill...the Emperor. Of Tamriel?', 'Who are you, Motierre? Who are you, really?', 'Why do this? Why have the Emperor assassinated?', ""We'll require...significant compensation. Can you pay the price?"", 'You can trust your servant to keep this secret?', 'Motierre wants us...to kill the Emperor.', 'The letter explains it all. The amulet is for expenses.', ""Surely the Night Mother wouldn't misdirect us..."", ""So we'll accept the contract?"", 'What are you thinking?', ""Actually, I'm here on Dark Brotherhood business."", 'The Dark Brotherhood requires your services.', 'Will you buy it?', 'Yes, and specially made for members of the Elder Council.', ""He was. Here's a letter of credit."", 'A wedding?', ""Who's the target?"", 'Enough talk. Just tell me who to kill.', 'Can you provide any more details on the contract?', ""What's Vici's connection to the Emperor?"", ""Why isn't the Emperor attending the wedding?"", 'The Stormcloaks say hello!', 'Hail the Imperial Legion!', 'Yes, the blushing bride now serves Sithis in the Void.', 'She did. What are the details?', 'I understand. Gaius Maro will die.', 'Gaius Maro will die! Hail Sithis!', 'Yes?', 'What will killing Gaius Maro accomplish?', 'Tell me about Dragon Bridge.', ""Do you know Gaius Maro's schedule?"", ""After I kill you, I'm going to kill the Emperor."", 'Traveling alone can be so dangerous...', 'Gaius Maro is dead.', 'Gabriella mentioned something about Cicero...', 'What do you want me to do?', ""Isn't there any way to work this out?"", 'Did something set Cicero off?', ""Yes, Cicero's journal."", 'Yes, an abandoned Sanctuary in Dawnstar. I have the passphrase.', 'What do we know of the Dawnstar Sanctuary?', ""You're hurt."", ""Where's Cicero now?"", ""I know the phrase. I'll get Cicero -- you go home."", 'There is only one cure for your madness, Cicero. Me.', 'Time to die, traitor!', ""Right. So what's my next task?"", 'That I need to kill him and take on his identity?', ""So you don't even know who the Gourmet is? Wonderful."", 'Do you have any idea how I might find out?', ""And this Anton Virane knows the Gourmet's true identity?"", ""Oh, I'm waiting with bated breath..."", 'What else can you tell me about the Gourmet?', 'Tell me about this cookbook.', 'So the Gourmet is in Skyrim?', ""I know who you are, Anton Virane. And where you're from."", 'The Gourmet. Who is he? Where is he?', ""I'm afraid not. Loose ends, and all that."", 'You served your last meal...Gourmet.', 'Soon, the Emperor will die. Murdered, by the Gourmet.', 'Dead.', ""All I've ever wanted to do is serve this Sanctuary."", ""So it's time? We're ready to assassinate the Emperor?"", ""I won't disappoint you, Astrid. Or the Dark Brotherhood."", 'The Emperor will die! For Sithis and the Night Mother!', 'Which poison I should use?', 'What else can you tell me about Jarrin Root?', 'Anything else before I set off?', 'You misunderstand. For I am...the Gourmet!', 'Yes?', 'Silence! I am ready to prepare the grand feast!', 'Enough! The Gourmet is here to cook, not talk! Let us begin.', 'Carrots.', 'A sweetroll.', 'The next ingredient is...vampire dust.', 'You must now add a splash of mead.', ""We shall now add...a giant's toe!"", ""I said a giant's toe! Do not question the Gourmet!"", 'One nirnroot.', 'You must now add...a septim.', 'Diced horker meat.', ""We're done. Let us serve...the Potage le Magnifique!"", ""Now, now, Gianna. Who's the Gourmet here?"", 'The Emperor...it was all a trap. Someone set us up.', 'We need to get out of here!', ""I have to speak with Astrid! She's here, in the Sanctuary. Follow me."", ""I'm fine. But the Night Mother has another task for me. Let's go."", 'Astrid...', 'You...sent me to die? Traitor!', 'You will be judged by Sithis in the Void. I pity you.', 'What are you saying?', 'Not exactly. The Night Mother has spoken to me again.', 'I must speak with Amaund Motierre once more.', 'The contract is still on. The true Emperor must be assassinated.', 'Our Family lives on, Nazir. You have to trust me.', ""Sithis is due a soul. Wouldn't you agree?"", 'The Emperor. The real Emperor. Where is he?', 'Commander Maro. Where is he?', 'What kind of security should I expect?', 'This ship, the Katariah. How will I get onboard?', 'You were...expecting me?', 'Your rule is at an end! Sithis commands it!', ""I'm listening."", ""I've heard enough. Your life ends now."", ""I'll...consider your request."", 'Titus Mede II lies dead.', 'Actually, Motierre, there is one more thing...', 'Just a favor...for an honorable man.', 'Today is the luckiest day of your life.', 'Titus Mede II is dead...by my hand.', '20,000 Gold.', 'Gotcha! It was 20,000 gold.', 'Cicero! Good to see you again, old friend.', 'Can you repair and refit the Dawnstar Sanctuary?', 'Nothing. Never mind.', 'I killed the leader of the Dark Brotherhood.', 'A guard sent me. I killed the leader of the Dark Brotherhood.', ""I believe we've already met."", 'I was at Helgen.', ""I was set free. I could've gone anywhere. I came here to fight for the Empire."", 'I can handle anything you throw at me.', 'What kind of test?', ""What's at Fort Hraagstad?"", ""I'm going alone?"", ""I'm not sure about this."", 'Consider that fort already yours.', ""Actually, I'm not sure. I need to think about it."", ""I'm ready to take the Oath."", ""What's the Jagged Crown?"", 'How do we know the crown is in Korvanjund?', 'Why do you fight for the Empire?', 'Don\'t Stormcloaks call themselves ""sons and daughters of Skyrim""?', 'Do you consider the Thalmor enemies?', 'So you have no problem with the treaty that bans the worship of Talos?', 'What will it take to end the war?', 'Hold on, I need a minute.', ""I'm ready, ma'am."", ""Here's the Jagged Crown. Legate Rikke sent me to deliver it to you."", ""Nothing I couldn't handle."", 'We lost a lot of good men. I hope it was worth it.', 'The Stormcloaks were there ahead of us.', 'I have an important message from General Tullius.', 'Ulfric plans to attack Whiterun. The General wants to lend Legion troops.', ""I was given strict instructions. For the Jarl's eyes only."", 'An axe?', 'And you think Ulfric will let me just walk in there, no trouble?', 'Should I say anything to him?', 'Understood.', ""i've brought a message from the Jarl of Whiterun."", ""You've killed the High King. Why make war on your own people?"", 'You will be stopped.', ""We'll be seeing you soon."", 'Why side with the Empire?', 'What are my new orders, sir?', 'What exactly will I be doing in the field?', 'Yes sir.', 'Reporting for duty.', ""I'm not sure. I need to think about it."", 'Consider it done.', 'Seen any Stormcloak couriers lately?', 'Never mind.', ""I'm not here to talk. I'm here for those documents."", 'Never mind.', 'Remind me -- what am I supposed to do?', 'I have some important documents for you, sir.', 'Reporting for duty.', ""I'm not sure. I need to think about it."", 'That fort is as good as ours.', 'What are my new orders, sir?', 'What exactly will I be doing in the field?', 'Yes sir.', 'Reporting for duty.', ""I'm not sure. I need to think about it."", ""I'll get proof...and Anuriel's cooperation."", 'You rebels are doing a fine job destroying yourselves. Soldiers running errands?', 'What if this letter were made public?', 'What kind of agreement did you have in mind?', ""Go on. I'm listening."", 'How much are we talking about?', ""All right, it's a deal. Where can I find this shipment?"", ""Anuriel says there's a shipment of coin traveling to Windhelm..."", ""I'm all right, I guess. How are you?"", ""I've been better. And you?"", 'Only a beast kills without feeling.', ""If you hadn't killed them, they would have killed you."", ""There's an enemy wagon loaded with coin and weapons. We need to capture it."", 'I blackmailed Anuriel for the information.', ""It doesn't matter."", ""What's the plan?"", ""I have a better plan. You wait here, and I'll take care of it."", ""Let's wait a little longer."", ""Ready. Let's go."", 'Reporting for duty.', ""I'm not sure. I need to think about it."", 'That fort is as good as ours.', 'What are my new orders, sir?', 'What exactly will I be doing in the field?', 'Yes sir.', 'How goes the war?', 'What will it take to end the war?', 'Reporting for duty.', ""I'm not sure. I need to think about it."", 'That fort is as good as ours.', ""What's the plan?"", ""I'm on it."", ""I'm not much for sneaking."", ""What's next?"", 'Reporting for duty.', ""I'm not sure. I need to think about it."", 'That fort is as good as ours.', 'Reporting in.', ""I've had my fair share of killing today."", ""I won't give him the satisfaction."", ""I'll gladly kill him."", 'Now that Ulfric is dead, will there be peace?', 'Will you return to Cyrodiil now?', 'Is there anything further I can do for the Legion?', 'Now that Ulfric is dead, will there be peace?', ""What's next for the accomplished Legate Rikke?"", 'Is there anything further I can do for the Legion?', ""I believe we've already met."", 'I was at Helgen.', ""I helped Ralof escape. He said he'd vouch for me."", ""I was set free. I could've gone anywhere. I came here to fight the Empire."", 'Yes, sir.', ""That's not why I'm here."", 'Skyrim is my home.', ""I want to fight the Empire. I'll bleed for the chance to do so."", ""That's why I'm here. I want to join."", 'I can handle anything you throw at me.', 'What kind of test?', ""What's at Serpentstone Island?"", 'Does every recruit have to do this?', ""I'm going alone?"", ""I'm not sure about this."", ""I'm off to kill that Ice Wraith. I'll be back soon."", 'Are you saying you sent me out there to die?', 'Oath?', ""Isn't it enough that I want to fight Imperials?"", 'I need to think it over.', ""I'm ready to take the Oath."", ""What's the Jagged Crown?"", 'How do you know the crown is in Korvanjund?', 'You anticipate danger?', 'What are you talking about?', 'Hold on. I need a minute.', ""I'm ready. Let's go get them."", ""Here's the Jagged Crown. I believe you owe Galmar a drink?"", ""Nothing I couldn't handle."", 'We lost a lot of good men. I hope it was worth it.', 'The Imperials were there ahead of us.', 'An axe?', 'Should I say anything to him?', 'Understood.', 'Jarl Ulfric Stormcloak asked me to deliver this axe to you.', 'The Jarl of Whiterun returns your axe.', 'Yes, sir!', 'Many will die by my hand.', ""What's our next move against the Empire?"", 'What exactly will I be doing out there?', 'Understood.', 'Reporting in.', ""I'm not sure. I need to think about it."", ""Nothing I can't handle."", ""I'm all right, I guess. How are you?"", ""I've been better. And you?"", 'Only a beast kills without feeling.', ""If you hadn't killed them, they would have killed you."", ""So what's the plan? / What's the plan?"", ""I'm on it."", ""I'm not much for sneaking."", ""What's our next move against the Empire?"", 'What exactly will I be doing out there?', 'Understood.', 'Reporting in.', ""I'm not sure. I need to think about it."", ""I'll get proof...and Raerek's cooperation."", ""If you believe in Talos, why don't you join our cause?"", 'What if this were made public?', 'Perhaps we could come to some kind of agreement?', ""Go on. I'm listening."", 'How much are we talking about?', ""All right, it's a deal. Where can I find this shipment?"", ""Raerek says there's a shipment of coin traveling to Solitude..."", ""There's an enemy wagon loaded with coin and weapons. We need to capture it."", 'I blackmailed Raerek for the information.', ""It doesn't matter."", ""What's the plan?"", ""I have a better plan. You wait here, and I'll take care of it."", ""Let's wait a little longer."", ""Ready. Let's go."", ""What's next?"", 'What exactly will I be doing out there?', 'Understood.', 'Reporting for duty.', ""I'm not sure. I need to think about it."", 'That fort is as good as ours.', 'Never mind.', ""I'm not here to talk. I'm here for those documents."", 'Never mind.', 'I have important documents for you, sir.', 'Reporting in.', ""I'm not sure. I need to think about it."", 'That fort is as good as ours.', ""What's next?"", 'Reporting in.', ""I'm not sure. I need to think about it."", 'That fort is as good as ours.', 'How can I help?', ""We'll kill you if we must."", ""Rikke, leave. They'll kill you."", ""I've had my fair share of killing today."", 'That honor belongs to you.', ""I'll gladly kill him."", 'Of course, my Lord.', 'Maybe you should leave me out of your speech.', ""Many have fought and died. I'm no different than they are."", ""I'm not sure this was all worth it, after all."", 'My reasons are my own.', 'Is there anything further I can do to help the cause?', 'So, do I call you High King now?', ""Now that we've defeated the Imperials, will there be peace?"", 'Is there anything further I can do for the cause?', ""What's next for the mighty Galmar Stone-Fist?"", 'What do you think about Ulfric, now that he has won?', 'So, do you still claim to be High Queen of Skyrim?', ""I'm sorry, what?"", 'How could you possibly know that?', 'My wealth is none of your business.', 'What do you have in mind?', 'What do I have to do?', 'Why plant the ring on Brand-Shei?', ""I'm ready. Let's get this started."", 'Why are we doing this to Brand-Shei?', 'How am I supposed to do all of this?', 'Break the law? Are you kidding?', ""What's been going on?"", 'I can handle it.', ""The money's nice, but I don't know."", 'No way. It was wrong to do those things.', 'Getting here was easy.', 'I almost got killed!', ""Don't know why I bothered. This place is a mess."", ""Deadbeats? What'd they do?"", 'Sounds good. Who are they?', 'How do you want me to handle it?', 'Consider it done.', 'Will I get a cut?', ""What's Haelga's story?"", 'Any tips about Keerava?', 'Any help with Bersi?', 'I have a message from Brynjolf.', ""Simple. You don't pay, bad things happen."", 'We can protect ourselves. Trust me.', 'I think you know what it is.', 'We can protect ourselves. Trust me.', ""I've had enough of this."", 'You want me to break anything else?', 'That was from Brynjolf. Get the message?', 'I have a message from Brynjolf.', 'I have a message for Brynjolf.', ""This isn't about the money anymore."", ""We've run out of patience."", 'I have a message from Brynjolf.', 'So, should I drop this statue down a well?', 'I have a message from Brynjolf.', 'I have a message from Brynjolf.', 'It was never a request.', ""I'm finished wasting my time talking to you."", ""Don't say I didn't warn you."", 'Are you ready to pay Brynjolf what you owe?', 'Maybe I should visit that farm in Morrowind...', ""Then pay up and I'll forget about it."", 'I have a message from Brynjolf.', ""Here's what they owed us."", ""What's next, then?"", ""If there's more gold where that came from, I'm in."", 'Before we go, I have to ask...', ""Word is your outfit isn't doing well. True?"", 'Fair enough.', 'Yes, I understand.', ""I'm not sure."", ""Rules? We're thieves. What's the point of rules?"", 'So how do I get my cut of the spoils?', 'Tell me about the Goldenglow job.', ""What's the catch?"", ""Who cares, we're the Thieves Guild."", 'Makes sense.', ""What's so important about these clients?"", 'What should I do about Aringoth?', 'I need more details about Goldenglow.', 'Mercenaries? Not Riften guards?', 'How do I destroy the bee hives?', 'Why not level the entire estate?', 'Maven Black-Briar is the influential client?', 'So, how dangerous is it to cross her?', 'I heard you ran into trouble at Goldenglow.', 'Any tips to get me in there?', 'I just want the key to your safe.', ""Then I'll take it off your corpse!"", ""Forget it. I'll just open it myself."", ""Sorry. Here's what was in the safe."", ""Yes, and here's what was in the safe."", 'No idea.', ""Good, it's about time I met her."", 'I thought I did the job like you asked...?', 'Sure, but will I come out of there alive?', 'What does Maven want from me?', 'Speaking of which...', 'My apologies, Lady Maven.', ""I'm the best at what I do."", ""Sorry you're disappointed."", 'How about we skip the conversation?', 'You have no faith in the guild?', ""You won't have that problem with me."", 'Where do I begin?', 'Who runs the Honningbrew Meadery?', 'Sabjorn seems like more than just friendly competition.', ""So get rid of him and he's no longer a threat."", 'Why strike now?', 'How did you become Allied with the Thieves Guild?', ""Maven said you're expecting me."", 'You have the poison?', 'How do I fit in?', 'Clever.', 'How do I get to the brewing vats?', 'What about just going in through the brewery?', 'Why are you doing all this?', ""There's more to this than a debt, isn't there?"", 'Why bother poisoning the nest for Sabjorn?', 'Is something wrong?', 'I might be able to help.', ""Just pay me when the job's done."", 'How do I ""permanently"" clear the vermin?', ""You've got a deal."", ""I haven't finished the job yet."", 'You mentioned someone named Mallus?', ""Job's finished."", 'What about my pay?', ""I need to get a look at Sabjorn's books."", 'What are you going to do with this place?', 'You never mentioned that lunatic living in the tunnels.', ""Job's finished. Here's the information you requested."", ""Yes. I've seen that symbol before."", 'Yet very fortunate for Maven.', 'The same symbol from Goldenglow was involved.', 'Is there anything we can do?', 'I found the same marking at Honningbrew Meadery.', 'You admire them?', 'Maybe we should recruit them.', 'Clever or not, they need to die.', 'How can we make them pay?', 'Where do I begin?', ""Think he'll give me trouble?"", 'So how do I get him to talk?', ""Betrayal or not, I'll let him live."", ""He's going to owe us for this betrayal."", ""If he's betrayed us, I'll kill him."", 'East Empire Company? Who are they?', 'If I get information from Gulum-Ei, what then?', 'You think Gulum-Ei will give me trouble?', 'How is Gulum-Ei an asset to the Guild?', ""I'm here about Goldenglow Estate."", 'You can drop the act now...Gajul-Lei.', 'You acted as a broker for its new owner.', 'I have the Firebrand Wine.', ""You're trying to bribe me now?"", 'Did she say why she was doing this?', ""That's it? No name or anything?"", ""I think you're lying to me."", ""Mercer doesn't have to know."", ""Tell me first, and then I'll decide."", ""Tell me now or I'll kill you where you stand!"", 'You say that name like I should know it.', ""And you're helping her?"", 'Where is Karliah now?', ""I'll keep quiet about your scam, but you owe me."", ""I'm keeping the deed. Any objections?"", 'Why did Karliah purchase Goldenglow Estate?', 'How would that hurt the guild?', 'Which makes Maven lose faith in us.', 'He said Goldenglow was purchased by a ""Karliah"".', 'Gulum-Ei also told me she was a murderer.', 'Why has she returned?', 'We?', 'You saw her?', 'You want me to lead?', 'Understood.', 'How did Gallus die?', 'So Karliah took on both of you alone?', 'And Gallus?', 'What happened after Gallus died?', 'And you were a part of this?', 'And what of Karliah?', 'Tell me about Karliah.', 'So, they had a relationship.', 'Why did she kill him?', ""Isn't murder Dark Brotherhood territory?"", 'Hold on...you shot me!', 'Why save me?', ""Then I'm in your debt."", 'Why should I believe you?', 'You should have shot Mercer instead.', 'Why capture Mercer alive?', 'How will you prove it now?', ""Well, what's it say?"", 'Perhaps it could be translated.', 'There\'s that word again, ""Nightingale"".', ""Can't you come with me to Winterhold?"", 'Tell me about Gallus.', 'You were lovers?', ""Why didn't you kill Mercer?"", 'Might not have a choice next time.', ""I've been sent by Karliah."", ""Yes, but there's a problem."", 'Can you translate it?', 'What exactly is a Falmer?', 'So they were like your kind?', 'What drove them underground?', 'They sound more like victims to me.', 'You appear to despise them.', ""Then I'll make it a point to hunt them down."", 'What can you tell me about Gallus?', 'He was an academic yet he chose a different path. Why?', 'How did you meet him?', 'Why did Gallus scribe his journal in Falmer?', 'Where did he acquire the knowledge to use it?', 'I was looking for you, actually.', ""I hear you're the authority on ancient Falmer."", 'Perhaps I could view your work?', 'Even after everything I did for you and Faleen?', ""Forget it. Maybe I'll come back later."", ""This should help translate Gallus' journal."", ""It's quite the tale."", 'Thank you, Enthir.', 'Gallus\' journal mentioned the ""Twilight Sepulcher"".', 'Why does it require that type of protection?', ""Thieves and temples. It just doesn't add up."", ""I'd understand better if less mystery was involved."", 'Very well, we do it your way for now.', ""I'll put it to good use."", ""I'm ready. Let's go."", ""What if Mercer's there?"", ""No, I'm not."", 'Mercer killed Gallus, not Karliah.', 'Gallus, Karliah and Mercer were Nightingales.', 'Karliah was behind Goldenglow and Honningbrew.', ""No, that's it."", 'He has a house in Riften?', ""I'll take care of it."", ""What's the best way to get into Riftweald Manor?"", ""I don't suppose the ramp is easy to access."", ""What's missing from the vault?"", 'Plans for what?', 'How could he have opened the vault door alone?', 'You mentioned a watchdog?', 'Brynjolf said you have info on Vald.', 'I want to get on his good side.', 'So, buy him off?', ""I need to get inside Mercer's house."", ""I'd like to erase Vald's debt."", 'What did he do?', ""He's in debt because of a quill?"", 'What is the Quill of Gemination?', 'What if someone else got their hands on it?', 'How did it end up in Lake Honrich?', 'Any ideas where I can look?', 'I found the Quill of Gemination.', 'I have something of yours.', ""Here, it's your debt with Maven. You're free."", ""He wasn't here, but I found these plans."", 'Then we have to stop him.', ""What's the significance of this place?"", 'What kind of an edge?', 'Tell me about the Nightingales.', 'Were they a part of the Thieves Guild?', 'What is their purpose?', 'Who is Nocturnal?', ""I've never met a thief that worshipped anything."", 'Sounds like a Guild contract.', 'I have my skill, not powers or magic.', 'Sounds like she just likes us to suffer.', 'Am I to become a Nightingale?', 'What happened to capturing Mercer alive?', ""Yes, I'm ready."", ""I'm not sure I understand the terms."", 'And in return?', ""There's no going back?"", ""He's done more?"", 'So the key unlocks any door?', 'The Guild should possess this item.', 'The three of us could keep it.', 'Sounds like no one should possess it.', 'First time I ever set out to return something...', ""Let's go."", 'Why tell this to me?', 'Me? What about you?', ""I don't know what to say."", ""It's about time you asked."", ""No, it's not right."", 'I accept.', 'Then lets get to it.', 'Do you think we stand a chance against Mercer?', ""I guess we're Nightingales now."", ""I don't feel stronger."", 'But she spoke to us.', ""Then Nocturnal's angry at us?"", 'May I ever return to Nightingale Hall?', 'Those bandits back there...', ""I'm ready. Let's go."", ""Do you think Mercer knows we're here?"", 'What are the Eyes of the Falmer?', 'A snow elf?', 'So the Eyes of the Falmer are gems?', ""Do you think Mercer knows we're here?"", 'Both of you wait here a moment.', ""Let's go."", 'Give me the Key, Mercer.', ""I don't believe you. Nocturnal guides me."", ""It's not about Nocturnal. This is personal."", ""To blazes with Nocturnal. I'm here for the Eyes."", 'The difference is I still have honor.', 'If anyone falls, it will be you.', 'Sounds like it will be a simple task.', ""I take it you never used the Pilgrim's Path."", ""Then we'd best get started."", ""Don't worry. I'll return the Key."", ""I don't understand why you won't come with me."", ""What's the story with the Pilgrim's Path?"", ""This didn't interfere with the Nightingales?"", 'Tell me about the conduit inside the Sepulcher.', ""I'd ask the same question of you."", 'The last? What happened to the rest?', 'How are you to blame?', ""Wait a moment... You're Gallus!"", 'I have the Key.', 'Dead.', 'I did this for Nocturnal.', 'I did this to honor the Guild.', 'I did this to get rich.', 'Karliah helped me.', 'Then take the Key and right all the wrongs.', 'How can a spirit die?', ""Then I'll have to proceed alone."", 'How does the Ebonmere affect all of us?', 'Luck is meaningless. What we do involves skill.', ""How's that changing the way things are?"", ""So with the Ebonmere closed, our luck's run dry?"", ""What will I face in the Pilgrim's Path?"", ""What's wrong with the other Nightingale Sentinels?"", ""Why aren't you like them?"", ""Can't you just take the Key?"", 'Pleased? She sounded indifferent.', ""What's thi about becoming an Agent of Nocturnal?"", ""Why can't I be all three?"", 'So what now?', 'And you?', 'The beginning of what?', 'Tell me about the Agent of Stealth.', 'Tell me about the Agent of Strife.', 'Tell me about the Agent of Subterfuge.', ""How will I know if I'm needed here?"", 'Where will you be from now on?', 'Where did Gallus go?', ""So, he's gone?"", ""They're a part of the darkness around us?"", ""It's been returned to the Sepulcher."", 'So, where will you be now?', 'About the secrecy of the Nightingales...', ""How have things been now that Mercer's gone?"", ""So that's it? There's nothing else to it?"", ""How's the Guild doing?"", ""What's the Dawnguard?"", ""I haven't noticed any vampire menace."", 'Vigilants? Dawnguard? What are you talking about?', 'Killing vampires? Where do I sign up?', ""Sorry, I'm not interested."", ""I'm here to join the Dawnguard."", 'I heard you were looking for vampire hunters.', 'I was just looking around. What is this place?', 'What can I do to help?', ""What's the Dawnguard?"", ""I'll have to think about it."", 'Who were you expecting?', ""Who's your father?"", 'No, a group called the ""Dawnguard"" sent me here.', 'A man named Isran.', ""That's not your concern."", 'What do you mean, ""like you""?', 'Are you a...', 'How did you know I was a vampire?', ""You're a vampire?"", 'The Dawnguard would want me to kill you.', 'Why were you locked away like this?', 'Where do you need to go?', ""As long as you don't get in my way."", 'Any idea how to get out of here?', 'Is that an Elder Scroll?', 'Why do you have an Elder Scroll?', 'Is it fragile? Do we need to be careful with it?', 'How long were you in there?', ""That's actually a matter for debate."", 'Ulfric Stormcloak is the true High King.', 'Elisif of Solitude will be High Queen.', 'The Empire supports Elisif, but there are many in Skyrim loyal to Ulfric.', 'The...Empire. From Cyrodiil.', 'Why were you locked away?', 'Tell me about your home.', ""Why wouldn't you be safe there?"", ""Someone you don't want to see?"", 'Wait here.', 'Come with me.', 'I need to trade some things with you.', 'I think we should part ways.', 'Yes, the place was crawling with vampires.', ""Tolan was right. And he's dead. The vampires killed him."", 'It seems they were looking for a woman who was sealed in the crypt.', ""I don't know who she is. She says she lives in a castle near Solitude."", ""She didn't want to follow me here. But she wants me to take her home."", 'She says she lives in a castle near Solitude.', ""I'm pretty sure she's a vampire, actually."", 'So this is your home?', ""Why didn't you tell me it was so huge?"", ""It's impressive."", 'What is it?', 'Are you all right?', 'What is it now?', ""I'm (name). Who are you?"", 'You first.', ""You're vampires."", ""You're a reclusive cannibal cult."", ""I don't really care what you are."", 'Do I get a reward for finding your daughter?', 'What happens now?', 'And if I refuse your gift?', ""I'm already a vampire. What more can you offer me?"", ""I'm a werewolf. What will happen if I accept your gift?"", 'And if I want to remain a werewolf?', 'I will accept your gift and become a vampire.', ""I don't want to become a vampire. I refuse your gift."", ""I'm ready to learn about my new powers."", 'What happened? How did I get here?', 'What is this place?', 'You made a pact with Molag Bal?', ""I'm ready to carry out this task."", 'What must I know about being a vampire?', 'Tell me again about being a Vampire Lord.', 'Not exactly.', ""I have news, but I wouldn't call it good."", 'The woman was a vampire, and they wanted her back.', 'The vampires were looking for a woman trapped in Dimhollow.', 'She wanted to go home, so I took her to her castle.', ""She's the daughter of a powerful vampire lord."", 'They also have an Elder Scroll.', ""I'm lucky I made it out alive."", 'There were too many of them, and only one of me.', 'I never got the chance.', ""So you're just going to give up?"", 'We have to do something.', 'Where can I find the people we need?', ""She'll help us?"", 'Isran needs your help.', ""We're up against vampires."", ""We're not sure, but they have an Elder Scroll."", 'Yes, he said to meet him at Fort Dawnguard.', 'How did you know?', 'Isran asked me to find you.', 'You had a falling out?', 'Vampires threaten all of Skyrim. We need your help.', 'They have an Elder Scroll.', ""We're not sure, but Isran is concerned."", ""Here, I've got a dwarven gyro. Take it."", ""I don't have any gyros on me."", ""We're meeting at Fort Dawnguard."", 'I have a message from Harkon.', ""I've never heard of it."", ""Of course. Hasn't everyone?"", 'They tried to kill me!', 'I killed them both.', 'What are you doing here?', 'What about the scroll?', 'What about you?', 'What sort of prophecy?', 'What do you mean...""lost himself""?', ""What's all this have to do with the Dawnguard?"", 'You took a big risk coming here.', ""No, you're right. We just have to convince the others you're on our side."", 'You want us to help you?', ""Because we're going to need her help."", 'Why else would she risk her life to come here?', 'Set your hatred aside and try to see the larger picture, Isran.', ""You don't trust her, fine. Trust me. I believe here."", 'Who can?', 'Where would a Moth Priest actually go?', 'I need to find a Moth Priest.', 'My business is my own. Just tell me what I need to know.', 'Have you seen a Moth Priest?', ""That's right. You've seen him?"", ""Never mind, I'll look somewhere else."", 'Heard anything about a moth priest passing through?', 'Where is he now?', ""I'll try my luck elsewhere."", 'Are you alright?', 'I know why they needed you, because we need you for the same purpose.', ""We're called the Dawnguard, and we need you to read an Elder Scroll."", ""I'll explain later. Right now, we need your help and time is short."", ""You can find us at Fort Dawnguard, near Stendarr's Beacon."", 'Does he have the Scroll? Is everything ready?', 'Glad you made it here safely, Dexion.', 'Have my companions made you feel welcome?', 'Are you prepared to read the Elder Scroll?', 'You wanted to speak to me?', 'I suspected as much.', 'When do you plan to start trusting me?', 'Where would a Moth Priest actually go?', 'I command you to travel to Castle Volkihar.', 'Off the northern coast of Skyrim, due west of Solitude.', 'I have made the Moth Priest my thrall.', 'The Dawnguard tried to stop me, but they posed no threat.', 'The Dawnguard were there. They fought well, but not well enough.', 'The Dawnguard were protecting him, and they nearly killed me.', 'I have a new task for you, thrall.', 'You must read an Elder Scroll.', 'Then you may begin your reading.', 'Do you know where these other scrolls are?', ""What's on your mind?"", ""Can't it wait?"", ""Why didn't you say something earlier?"", 'What is it between the two of you?', 'Do you trust Harkon at all?', 'Does Harkon even care about you anymore?', 'So where is this Elder Scroll?', ""You said you didn't know where she went."", 'Sounds like she was being cautious.', ""We can't waste time on cryptic clues."", ""Maybe your mother didn't trust you, either."", 'Hiding with the Dawnguard?', 'Sealed away like you were?', 'How about right here, in the castle? / In Castle Volkihar?', ""Isn't that pretty risky, staying around the castle?"", 'How can we get in without your father noticing?', ""They aren't going to let us use the front door."", ""Let's go to the castle's secret entrance."", 'Actually, I have some things to do first.', 'What happened to the castle courtyard?', 'Then he just walled it off.', ""What's so special about the moondial?"", 'Does it work?', 'So what exactly am I doing to it?', 'What exactly are we looking for?', 'Did your mother keep gargoyles here?', 'Your mother maintained quite a laboratory.', 'What did she research?', 'To what end?', ""I've found your mother's notes."", 'What\'s this ""Soul Cairn"" that she mentions?', 'Why did she care where used souls went?', ""If she made it there, we'll find her."", 'What do we need?', ""What's wrong?"", 'You share her blood.', 'Are all of those ingredients here?', 'I already found all of the ingredients.', 'Can I ask you something first?', 'What will you do if we find your mother?', 'It sounds like she did everything for your sake.', ""I don't know what she was thinking."", 'It sounds like she was pretty selfish.', ""We won't know until we find her."", ""Let's get that portal open."", 'I have some preparations to make, first.', ""I'm ready."", 'It was. What happened?', ""So there's no way in, then."", 'Are you saying that I need to become a vampire?', 'There has to be another way.', ""Wouldn't that kill me?"", 'Those are my only options?', ""I don't see another way. I'll become a vampire."", ""You're right. Let me think about it."", ""I'm ready."", ""In that case, I'm glad you're the one doing it."", 'I understand.', ""Let's just get it over with."", ""Soul trap me. I won't feel right as a vampire."", ""You're right. Let me think about it."", ""I'm ready."", 'I trust you completely.', ""Don't worry about it."", ""Let's just get this over with."", ""I'm looking for an Elder Scroll."", 'Tell me more about the Elder Scrolls.', 'A price for what?', 'Who wrote the Elder Scrolls?', 'All right. So do you have one that I could use?', 'Of course I do. Do you have one here?', 'Do you at least have any information on them?', 'I need to find one and was told you could help.', 'This ""Ruminations"" book is incomprehensible.', 'Where did he go?', ""He's dead?"", ""I've been keeping her safe."", 'This is no ruse. I want to keep her safe.', ""I've saved her from your foolish plan."", ""I'm just here for the Elder Scroll."", ""That's why I'm here for the Elder Scroll."", 'What do you mean?', 'How does Serana fit in?', ""The Tyranny of the Sun requires Serana's blood?"", 'Serana underwent this ritual willingly?', 'Coldharbour?', 'Are you saying Harkon means to kill her?', 'I would never allow that to happen.', ""I'll kill Harkon."", ""I'll need your help."", 'Perhaps her death is destined.', ""And Serana's opinion on this?"", ""Serana believes in me, why won't you?"", ""I'm just here for the Elder Scroll."", 'Do you have the Elder Scroll with you?', 'Does that mean you can take us to it now?', 'What do we need to do?', ""We'll return soon."", 'How did you become imprisoned here?', 'What was the bargain?', 'They tricked you.', 'You became trapped.', ""You've been imprisoned here for all this time?"", 'If I leave the Soul Cairn, can I safely return?', ""Why haven't you pursued the prophecy?"", 'What sort of attention?', 'So you prefer living in the shadows.', 'Who are the Ideal Masters?', 'What do they resemble?', 'How so?', 'And the crystals?', 'Why would they require sustenance?', 'What do the Masters provide in return?', 'Are you able to give us the scroll now?', 'What makes you say that?', 'Go on.', 'How long will that take?', 'Can you help me get my soul back?', 'Good, I could use all the help I can get.', 'Any idea where it could be?', ""You're staying here?"", ""We'll return for you when we can."", 'We could use your help in Tamriel.', 'We may never return.', ""Why don't you come back with us?"", 'You said ""even if I could."" Why?', 'And if Harkon failed?', 'You hate him that much?', 'I thought you were dead.', 'Why are we speaking?', 'I found you equally worthy.', ""Didn't you try to kill me?"", 'I have more pressing matters at the moment.', 'What kind of favor?', ""What's stopping you?"", 'How could I help?', ""Just call your name in Tamriel? That's it?"", 'Why do you call me ""Qahnaarin""?', 'Fellow dovah? I am not a dragon.', 'How did you end up in the Soul Cairn?', 'Were you a part of all that?', 'So you sought the Soul Cairn for answers.', ""They didn't tell you she was immortal."", ""Is that why you're free now?"", ""I've brought the Elder Scrolls."", ""Why? What's happened?"", 'Can anything be done to help you?', ""Then we're finished."", 'What do I need to do?', ""Don't worry about that. Just tell me."", ""I've brought the Elder Scrolls."", 'What are you talking about?', ""You're blind!"", ""I don't suppose there's a cure."", 'Then we have no further need of you.', 'Go on.', 'Just get to it!', 'Carefully gather the bark? How?', 'Do I need to read the scrolls in any particular order?', ""How's a moth related to the Elder Scrolls?"", 'Moths barely make a sound, let alone speak.', 'How does that help the Moth Priest?', 'Then how do I even stand a chance?', 'What went wrong?', 'Is it normal for Moth Priests to go blind?', ""Don't worry, I'm fine."", 'That felt strange.', 'Never mind that...it worked!', ""It's in a place called Darkfall Cave."", 'The scrolls gave me its exact location.', 'This cave is a temple to Auriel?', ""Snow elves? You're a Falmer?"", ""I imagine you know why we're here."", 'What type of assistance do you need?', 'Do I have a choice?', 'How did you know?', 'Kill your brother, why?', 'What exactly did the Betrayed do?', ""Didn't you fight back?"", ""You don't even know if he's alive."", 'Have you tried getting into the Inner Sanctum?', 'Wayshrine?', 'How many more wayshrines are there?', 'These caves must be massive.', 'So I need to fill this at each wayshrine?', ""I'll be off then."", 'Who are the spectral Prelates you mentioned?', 'Good, they should be able to help us.', 'What is the Chantry of Auri-El?', 'Most snow elves?', 'The wayshrines are part of the Chantry then?', 'Who were your people?', 'It appears the Nords won.', ""Everyone couldn't have possibly agreed to that."", 'What turned your people into the Betrayed?', ""Why weren't the snow elves here afflicted?"", 'Is that why you had retained your sight?', 'You mean the Betrayed.', 'There were others here like you?', 'Yes.', 'Yes.', 'Yes.', 'Yes.', 'Yes.', ""The Betrayed weren't to blame."", 'He was a vampire. He controlled them.', 'Why?', ""You're welcome."", 'What will happen to you now?', 'And the wayshrines?', ""What can you tell me about Auriel's Bow?"", 'What can it do?', 'Sounds powerful.', 'Vyrthur said something about using blood?', 'How do I obtain Sunhallowed Arrows?', ""Can you make me some Sunhallowed Arrows? • Absolutely. I can only do twenty at a time, so if you want the rest of your arrows blessed, let me know. • Absolutely. I can only do twenty at a time, but I see that won't be a problem in this case. • I'm afraid I'll need elven arrows if you want me to produce Sunhallowed Arrows, and it seems you're all out of them at the moment."", 'Can the Betrayed ever be cured?', 'Why?', ""Then there's no hope for them."", 'What will happen to the Chantry now?', ""Then I've contributed to your kind's extinction."", 'What will you do then?', 'What do we do now?', 'Then we kill him, before he kills us.', ""If we do, he'll have to die."", ""We have the bow, he'll listen to us."", 'Maybe we can reason with him.', 'We should honor our agreement with him.', ""Let's run as far from him as we can."", ""Then let's face him, together."", 'Vyrthur was saying something about vampire blood and the bow...', 'Can I use your blood, then?', ""You're a Daughter of Coldharbour."", ""I'd like to treat some arrows with your blood."", ""I'm not going to take your blood right now."", 'Are you ready to do this?', ""That's a good way to be thinking."", 'Let me know if you need anything.', 'We need your help, Isran.', 'I trust her to do the right thing.', '• Loyalty? You never intended to let me live. • Hatred born of your neglect.', ""• You're an insult to our kind. • Your kind is a blight on this world."", 'I would never use Serana like that.', ""I would never harm Serana. She's too important to me."", ""No, I'm here to prevent our annihilation."", ""I'm only here to kill you."", 'This is about more than killing vampires.', 'The bow belongs to me now.', 'Enough of this!', 'Never.', '...', 'What will you do now?', ""I'd love to have you along."", ""I don't think they'll involve you."", 'Something on your mind, Garan?', 'See to it at once.', ""I don't care. Do as you like."", 'Stop wasting my time, Garan.', 'Harkon is dead.', 'He died by my hand.', 'What will you do now?', 'Can you give me Bloodcursed Arrows?', 'Yes, I am Dragonborn.', 'The Greybeards seem to think so...', ""I don't know what you're talking about."", 'Are you the captain of the Northern Maiden?', 'I was attacked by some cultists who came here on your ship.', 'How can you not know how you got here? You sailed here, right?', ""What happened? Why won't you go back?"", ""Yes, you are. You're taking me to Solstheim."", ""I'll be back."", ""Solstheim? Where's that?"", ""I'm looking for Miraak. Do you know him?"", 'Just looking for work.', 'None of your business.', 'You know who Miraak is?', 'Can you tell me anything about him?', 'Why are you so suspicious of visitors?', 'Has security been an issue?', 'What do your titles mean?', 'What is the city of Blacklight?', 'The Argonians invaded Morrowind?', 'Raven Rock is purely a Dunmer settlement?', ""I'm looking for someone named Miraak."", 'What does that mean?', 'What are these people doing?', 'Have you tried to stop this?', 'What can you tell me about Morrowind?', 'Who are you?', 'Save them from what?', 'This Miraak tried to have me killed.', 'What do you know about Miraak?', 'What is the Tree Stone?', 'Tell me of your people, the Skaal.', ""You're here by yourself?"", ""I'm not really sure. I saw Miraak on a dragon."", 'Somehow, reading this book took me to where he was.', ""I've seen Miraak."", ""Miraak is behind what's happening to your people."", ""I read a book in Miraak's temple, and went somewhere. Miraak was there."", 'I am indeed Dragonborn.', 'Miraak did claim to be Dragonborn.', ""What does it mean if we're both Dragonborn?"", 'What do you know about Miraak?', 'Why do I need to learn a Word of Power?', 'Your people are free.', 'What do we do now?', ""That's not enough. I need to stop Miraak now."", 'Tell me more about this book, then.', 'What is this place?', 'He lives in a giant mushroom?', ""Are you one of Neloth's apprentices?"", 'Who else lives here?', 'I hear you know where to find Black Books.', 'I found a Black Book. I need to find more.', 'The Black Books have something to do with Hermaeus Mora?', 'Who is Hermaeus Mora?', 'I have to know what Miraak knows if I want to stop him.', 'Do you know where I can find another Black Book?', 'You have a Black Book?', 'So you know where to find this Black Book? The one connected with Miraak?', 'The Dwemer? What do they have to do with this?', ""Just tell me where the book is and I'll go get it."", ""Why won't the book you have here help me?"", 'Who are you?', 'What do you want of me? / What do you want of me this time?', 'What do you want me of this time, my lord?', ""Don't worry, I was just leaving."", ""Yes, I came here to learn Miraak's secrets."", ""I won't serve you, monster. I just want to defeat Miraak."", ""I don't need your help. I'll learn Miraak's secrets on my own."", ""So what's your price for the final Word of Power?"", 'Tell me what you want, my lord, and I will bring it to you.', 'I will talk to the Skaal and bring you their secrets.', 'I will do as you command, my lord.', 'What if the Skaal refuse to give up their secrets?', 'How do I know I can trust you, demon?', 'Why do I need this Word of Power to defeat Miraak?', ""Isn't Miraak your ally? Why help me defeat him?"", 'I talked to Hermaeus Mora.', 'I learned the second Word of the Bend Will Shout.', 'He wants the ""secrets of the Skaal"" in exchange for teaching me the third Word.', ""He said that's the only way he'll teach me the final Word of Miraak's Shout."", ""You mean you'll give him what he wants?"", 'What are the ""secrets of the Skall""?', 'Why would Hermaeus Mora want your secrets?', 'Herma-Mora? Why do you call him that?', ""It's over. Miraak is dead."", ""I couldn't have defeated Miraak without Storn's help."", 'Hermaeus Mora killed Storn, remember. Not Miraak.', ""Hermaeus Mora wouldn't have helped me without Storn's sacrifice."", ""Storn didn't die for nothing. Miraak will never threaten Solstheim again."", 'I killed Miraak. But Hermaeus Mora is still out there.', 'Sure, what is it?', ""I don't need your advice."", 'What are you looking for?', ""Don't you want to know what happened with Miraak?"", ""You don't need to worry about me.""]",PC
Elder Scrolls Skyrim,2011,US,Drifa,Female,['Oh my word!'],NPC
Elder Scrolls Skyrim,2011,US,Durak,Male,"['You there. The Dawnguard is looking for anyone willing to fight against the growing vampire menace. What do you say?', ""We're vampire hunters. We search out and destroy those bloodsucking scum wherever we find them."", ""You're not paying attention then. Like most everyone else around here. Haven't you heard that the Hall of the Vigilants was destroyed by vampires? They never took the threat seriously, and now they've paid the price."", ""The Vigilants mostly hunt down daedra worshippers, which is why they got torn to pieces when they went up against vampires. That's why our leader Isran is reestablishing the Dawnguard. Real, serious vampire hunters."", ""Ha. Isran's going to like you. He's up the hill in the fort. He'll decide if you're Dawnguard material."", ""That's what everybody says, right up until they find their throat being ripped out by a pack of hungry vampires. If you change your mind and decide to join fight before it's too late, go talk to Isran up at the fort."", 'The prophecy is no more!']",NPC
Elder Scrolls Skyrim,2011,US,Durnehviir,Male,"['Stay your weapons. I would speak with you, Qahnaarin.', 'Cursed, not dead. Doomed to exist in this form for all eternity. Trapped between laas and dinok, between life and death.', 'I believe in civility among seasoned warriors, and I find your ear worthy of my words. My claws have rended flesh from innumerable foes, but I have never once been felled on the field of battle. I therefore honor-name you ""Qahnaarin,"" or Vanquisher in your tongue.', 'Your words do me great honor. My desire to speak with you was born from the result of our battle, Qahnaarin. I merely wish to respectfully ask a favor of you.', 'The hostility was necessary. I was bound to an oath.', 'Forgive me, Qahnaarin. We will continue this when time releases you from its relentless grasp.', ""For countless years I've roamed the Soul Cairn, in unintended service to the Ideal Masters. Before this, I roamed the skies above Tamriel. I desire to return there."", 'I fear that my time here has taken its toll on me. I share a bond with this dreaded place. If I ventured far from the Soul Cairn, my strength would begin to wane until I was no more.', ""I will place my name with you and grant you the right to call my name from Tamriel. Do me this simple honor and I will fight at your side as your Grah-Zeymahzin, your Ally, and teach you my Thu'um."", ""Trivial in your mind, perhaps. For me, it would mean a great deal. I don't require an answer, Qahnaarin. Simply speak my name to the heavens when you feel the time is right."", 'In my language, the Qahnaarin is the Vanquisher, the one who has bested a fellow dovah in battle.', 'Forgive me, my instinct was to grant you this title. I am uncertain why. Perhaps one day it will become clear to both of us.', 'There was a time when I called Tamriel my home, but those days have long since passed. The dovah roamed the skies, vying for their small slices of territory that resulted in immense and ultimately fatal battles.', 'I was. But unlike some of my brethren, I sought solutions outside the norm in order to maintain my superiority. I began to explore what the dovah call ""Alok-Dilon,"" the ancient forbidden art that you call necromancy.', 'The Ideal Masters assured me that my powers would be unmatched, that I could raise legions of the undead. In return, I was to serve them as a Keeper until the death of the one who calls herself Valerica.', ""I discovered too late that the Ideal Masters favor deception over honor and had no intention of releasing me from my binding. They had control of my mind, but fortunately they couldn't possess my soul."", ""Free? No. I've been here too long, Qahnaarin. The Soul Cairn has become a part of what I am. I can never fully call Tamriel my home again, or I would surely perish. I only hope that you will allow me the precious moments of time there through your call.""]",NPC
Elder Scrolls Skyrim,2011,US,Edla,Female,"[""We won't forget what you did for us, Storn Crag-Strider. Walk with the All-Maker.""]",NPC
Elder Scrolls Skyrim,2011,US,Einarth,Male,"['Ro...', 'Flik Lo...Sah!', ""Arngeir. Rak los Dovahkiin, Strundu'ul. Rok fen tinvak Paarthurnax.""]",NPC
Elder Scrolls Skyrim,2011,US,Elenwen,Female,"[""Welcome. I don't believe we've met. I am Elenwen, the Thalmor Ambassador to Skyrim. And you are...?"", 'Ah yes. I remember your name from the guest list.', ""Don't worry, my parties are always well-stocked with the finest food and drink available in this country. But first, you were introducing yourself."", ""Have you? All good, I trust. But you have met at a disadvantage. I'm afraid I know nothing about you... Please, tell me more about yourself. What brings you to this...to Skyrim?"", 'What is it, Malborn?', ""Of course. I've told you before not to bother me with such trifles."", ""My apologies. We'll have to get better acquainted later. Please, enjoy yourself."", ""I hope you're enjoying yourself."", 'Quite often, yes. The only thing I enjoy more than luxury is sharing that luxury with those who can appreciate it. But I also enjoy learning the latest gossip and hear the most intriguing rumors.', 'Of course not. One does not gather the most important men and women of Skyrim and then serve them cheap ale and stale bread. This is only a taste of the benefits that accrue to those who align themselves with Thalmor interests.', 'One of my main duties is to foster a better understanding between the Aldmeri Dominion and the people of Skyrim. I also oversee the activities of the Thalmor Justicars throughout Skyrim, although this has been unfortunately disrupted by the war.', ""The Thalmor Justicars are so often misunderstood. Our primary goal is to preserve the peace between the Empire and the Aldmeri Dominion. The worship of the false god Talos contributed to the unfortunate friction that led to the Great War. Following the Great War, the White-Gold Concordat set out the terms for peaceful coexistence between the two powers. The Empire and the Dominion agree that the worship of Talos was a relic of the past, and must be eliminated in the interests of peace. But I'm sure you didn't come here for a lecture on high politics."", 'As long as the Empire continues to uphold its treaty obligations, my government does not concern itself with the internal politics of Skyrim.', 'Is that so, Erikur? And you with such delicate sensibilities. It must have been most upsetting.', ""Well. Whatever the truth of it, I'm sure a few words with Master Rulindil will have a salutary effect. Take her downstairs."", ""Razalan. And you promised to behave yourself this time. Remove him. He's disturbing the other guests."", ""Razelan. And you promised to behave yourself this time. Remove him. He's disturbing the other guests."", ""Razelan. And you promised to behave yourself this time. Remove him. He's disturbing the other guests."", 'And so we meet again. But this time I know who and what you really are.', ""I'll give you credit for boldness. But associating yourself with the Blades is a choice you will come to regret."", ""I'm here to ensure General Tullius does not exceed his authority."", 'We should get started.', 'I have every right to be at this negotiation. I need to ensure that nothing is agreed to here that violates the terms of the White-Gold Concordat.', ""Ulfric, why so hostile? After all, it's not the Thalmor that are burning your farms and killing your sons."", 'Very well, Ulfric. Enjoy your petty victory. The Thalmor will treat with whatever government rules Skyrim. We would not think of interfering in your civil war.', ""A very pretty speech, but what does this have to do with... • Ulfric: Shut up. • Tullius: That's enough out of you."", 'These terms are satisfactory to my government. The truce is unlikely to last long in any case.']",NPC
Elder Scrolls Skyrim,2011,US,Elisif the Fair,Female,"[""I'm here because it's requested of me. But there's nothing to be gained by talking to that murderer."", ""I understand this council was your idea, Dragonborn. I'm afraid I don't hold out much hope for success."", ""So that's why you're here, Ulfric? You dare to insult the Greybeards by using this council to advance your own position?"", ""General, this is outrageous! You can't be taking this demand seriously! I thought we were here to discuss the truce!"", ""Wait. General, you don't intend to just hand over Markarth to that... traitor!"", ""I have nothing to say to that murderer. General, you've proven yourself a good friend to Skyrim. I continue to trust that you will do your utmost to safeguard our interests."", ""I don't know why you gave Ulfric so much. That murderer will never rule Skyrim."", ""I'm glad you were able to negotiate a truce, but I still don't trust Ulfric. He'll break his word as soon as it suits him."", 'I do!', ""Ulfric coveted the High King's throne. He thought he deserved it more than Torygg. Now it would seem Ulfric has his wish. And there truly is no justice in the world."", ""No. Although it's true my husband Torygg was the High King and I am his widow, I am in no position to claim such a title. Ulfric Stormcloak is victorious, and the Jarls have fallen in line. It seems I will never take my rightful place as High Queen.""]",NPC
Elder Scrolls Skyrim,2011,US,Elvali Veren,Female,"[""I can't believe we're doing this."", ""We...we have to go back. We can't leave Girduin...""]",NPC
Elder Scrolls Skyrim,2011,US,Ennis,Male,"[""You! You've got a lot of nerve showing yourself in this town again. What do you have to say for yourself?"", ""Sorry's not good enough! Not while my Gleda is still out there, alone and afraid. You kidnapped her and sold her to that Giant!"", ""Is that so? Does the name Gleda ring a bell? The star beauty of my farm? Kidnapped by a drunk lout and sold to a Giant? You'd better remember her right fast, before I call the guards and have you hauled away."", ""You're damned right it does. I'll never breed another prize-winning goat like Gleda! And don't you think of coming back to Rorikstead until you get her back from that Giant."", ""You really don't remember stealing a goat and selling her to a Giant? Are you thick? Go get her! At least she's bound to follow you back -- you smell just like the fermented feed she likes."", ""You mentioned something like that... when you were running off with my goat! Tell you what -- you bring back my goat, and maybe I'll give a damn about your staff."", ""There's not enough money in the world to replace Gleda."", ""You didn't seem to need either to sell Gleda to the Giant in the first place. I think you'll figure it out."", 'Okay, okay. Most of what you said didn\'t make sense but you left a note. The only bit that I could read said ""after repaying Ysolda in Whiterun."" That\'s all I know.', ""Do what you have to do, I'm not giving up on Gleda."", 'Gleda! And not a scratch on her! Happy day! I still can\'t figure out why you stole her. You left a note explaining it, but half of it was gibberish and the rest had mead spilled on it. Only bit I could make out was ""repaying Ysolda in Whiterun,"" and even that\'s mostly scribbles. Guess you could try there.']",NPC
Elder Scrolls Skyrim,2011,US,Ennodius Papius,Male,"['Why are you here? Get away from me!', 'What? What do you mean? Oh! Oh...no... No!', 'Aiiiiiiiieeeeeee!', ""Who are you? You...you're with the Dark Brotherhood, ain'tcha? I knew it. I knew you'd come for me!""]",NPC
Elder Scrolls Skyrim,2011,US,Enthir,Male,"['Yes, yes, what is it?', ""Karliah? Then she's finally found it. Do you have Gallus' journal?"", ""A problem? Let me see it. This is just like Gallus. A dear friend, but always too clever for his own good. He's written all of the text in the Falmer language."", ""No. However, I know someone who might. The court wizard of Markarth, Calcelmo, may have the materials you need to get this journal translated. A word of warning: Calcelmo is a fierce guardian of his research. Getting the information won't be easy."", 'In the time before man, they were known as the snow elves. They lived in the sunlight and had a very prosperous society.', 'Like the Altmer? Yes, I would say their culture quite possibly rivaled our own.', 'The Nords went to war with the Falmer in the First Era. Killed them by the thousands to drive them from their snowy homeland. The Falmer retreated underground and forged an uneasy alliance with the dwarves, who ended up betraying them. This betrayal made them what they are now...horrible, blind monstrosities with a burning hatred of any but their own kind.', ""Yes, I suppose you're right. Forgive me. I've lost several close friends to the Falmer and it tends to distort my view."", ""Why shouldn't I? The Falmer have killed more than a fair share of my acquaintances. They're animals...they show absolutely no pity or remorse."", ""Good. I lost more than a few acquaintances to the Falmer and I wish to see them avenged. If you wish to learn more about them, you're welcome to my tome on the subject. Should be on my table."", 'He was a dear friend of mine and a surprisingly astute pupil of academia...I was devastated when he was killed. I suppose that risk always coexisted with his line of work; I just never thought his luck would run out.', 'Well, for the thrill, of course. He was quite clear that he felt more in his element climbing through a window than hunched over a dusty tome.', ""Ah, yes, quite an amusing anecdote actually. I caught him trying to break into my laboratory. I was about to show him the error of his ways when he made a curiously astute comment about my research notes. I was astounded and it in turn lead to a conversation. Who'd have imagined it would lead to such a strong friendship?"", ""Besides the fact that there are only a handful of people in Tamriel that even recognize the language? I'm fairly certain he was planning some sort of a heist that involved a deep understanding of the Falmer language. Sadly, we never had the opportunity to speak about the details."", ""Ironically, I pointed him in the same direction I pointed you, to Markarth and Calcelmo. I'm only hoping whatever means he used to learn the language will still be available to you. Calcelmo is stubborn as a mule. Be careful when you speak to him."", 'Back, eh? And how was our friend Calcelmo?', ""I suppose it would be inappropriate of me to ask how you obtained this, so I simply won't. A rubbing, eh? Odd. I expected notes."", ""Yes. Gallus seems certain that Mercer had been removing funds from the Guild's treasury without anyone's knowledge."", 'Hmm. Yes, here it is. The last few pages seem to describe ""the failure of the Nightingales,"" although it doesn\'t go into great detail. Gallus also repeatedly mentions his strong belief that Mercer desecrated something known as the Twilight Sepulcher.', ""I'm not familiar with the Twilight Sepulcher. What is it? What's Mercer Frey done?"", ""It's alright, Karliah. You don't have to say a word. Listen, all I want is the truth to be revealed to the Guild. They respected Karliah, and she deserves better. Do whatever you can and I'll consider it a personal favor."", ""If you ever manage to gain entry to the College, and you find trying to rid yourself of stolen goods becoming a burden, come visit me. I've been known to handle items of questionable interest from time to time and I'll see what I can do.""]",NPC
Elder Scrolls Skyrim,2011,US,Eola,Female,"[""Not many would walk blindly into a crypt, smelling of steel and blood, but not fear. I feel the hunger inside of you. Gnawing at you. You see the dead and your mouth grows wet. Your stomach growls. It's all right. I will not shun you for what you are. Stay. I will tell you everything you have forgotten."", ""You were young when you first tasted human flesh, weren't you? A brother or sister had died? An accident, of course. Then the hunger set in. Curiosity. What's the harm in just one bite? It's okay, now. You've found a friend who understands you. You can let go of your guilt. Guilt? What are you talking about?"", ""A lot of our kind block out the memory of their first meal. The shame is too much. But you don't need to hide anymore. Namira, the Lady of Decay, accepts you for what you are. She has a place for us, where we can sate our appetite without judgment."", ""It's inside Reachcliff Cave. But the dead have stirred from their slumber recently, and I was forced here. Meet me there. We will fight our way to Namira's embrace together. Until then, tell the people of Markarth that their dead won't be disturbed, anymore. We have bigger plans ahead."", ""Very well. But should the hunger call out to you, I'll be waiting outside Reachcliff Cave. Tell the people of Markarth that their dead are safe. My work is done here."", 'To Oblivion with you then!', ""You've come. The draugr infesting Namira's sanctuary are inside."", 'I was hoping you would say that.', ""Then I'll wait."", 'Draugr are below. Foul tasting. The shrine of Namira is further inside. Keep going.', ""You've done it. The shrine is ours again. Now we need to prepare a grand feast to welcome you to Namira's coven. You will have the honor of bringing a fresh kill for the main course. And I know the perfect person. Who is it?"", ""A priest, filled with the taste of an easy life. Brother Verulus, from Markarth. Give him this gold. Tell him you need Arkay's help exploring an old cavern for treasure. And when he stands in Namira's presence, she will take care of the rest. Say hello to Verulus for me."", ""Priest of Arkay. I'm your friend."", ""Yes. I'm your friend, and I've invited you to dinner."", ""Why don't you lay down and rest, while we get the meal ready?"", 'Come with me. Our feast is about to begin.', ""The meal is on Namira's table. Go ahead. Carve."", 'He looks so...sweet. Go ahead. Have the first bite.', ""I knew when you walked into the Hall of the Dead that you were special. And here you are. Champion of Namira. Keeper of her ring. You're everything I hoped you would be."", ""It's an honor, Champion. Feel free to stay and mingle with your new coven."", 'There, there. It will pass. Going too long without a proper meal can make the stomach weak. Feel free to stay and mingle with your new coven, if you have the strength.', ""No. This coven has existed for thousands of years. Namira is a goddess. She has been worshipped since time began. I'm honored to be leading the latest generation of Namira's faithful. Those who have embraced what they are.""]",NPC
Elder Scrolls Skyrim,2011,US,Eorlund Gray-Mane,Male,"['What brings you here?', ""I'm guessing you're the newcomer then?"", ""Oh, don't worry about that. They were all whelps once. They just might not like to talk about it. And don't always just do what you're told. Nobody rules anybody in the Companions."", ""That attitude will get you far, if you were some stuffy merchant or a Jarl's footstool. Around here, you'll want to live your own life. Remember, nobody rules anybody in the Companions."", ""Well, I'm not sure how they've managed it, but they have. No leaders since Ysgramor. Kodlak is the Harbinger, and he's a sort of advisor for the whole group, but every man is his own. Every woman, her own."", 'I have a favor to ask.', ""I've been working on a shield for Aela. My wife is in mourning and I need to get back to her soon. I'd be much obliged if you could take this to Aela for me."", ""This isn't a command...just decency. Help out an old blacksmith. I've got to get back to my work."", ""That's a good man."", ""Yes, lad, you've been raised into the Companions, I hear. I can forge whatever kind of weapon you want. Finest forge in Skyrim, right here before you."", ""A blade! It'll be as sharp as Fralia's tongue!"", 'Ah, the sneaky type, eh? I think we can fix you right up.', 'Just like Ysgramor himself.', 'Sure you can handle that? Hahaha. Of course you can.', ""Now that's a smart weapon: light, strong, useful. Crack some skulls for me."", 'Who will start?', 'At this loss...', ""Do you have the fragments of Wuuthrad still? I'll need to prepare them for mounting again."", ""Don't get too flowery on me, lad."", ""Careful with those. Don't want even more fragments, do we? Of course, I have a small favor to ask of you. There is another piece that Kodlak always kept close to himself. Would you go to his chambers and bring it back for me? I'm not sure I'm the best one to go through his things."", ""Thank you. I'll be here."", 'I appreciate it.', ""You're back."", ""Thank you. Your Shield-Siblings have withdrawn to the Underforge. I think they're waiting for you."", ""And dragons were just stories. And the elves once ruled Skyrim. Just because something is, doesn't mean it must be. The blade is a weapon. A tool. Tools are made to be broken...and repaired."", 'This is the first time I\'ve had all the pieces, thanks to our Shield-Brother here. ""The flames of a hero can reforge the shattered."" The flames of Kodlak shall fuel the rebirth of Wuuthrad. And now it will take you to meet him once more. As the one who bore the fragments, I think you should be the one to carry Wuuthrad into battle. The rest of you, prepare to journey to the Tomb of Ysgramor. For Kodlak.']",NPC
Elder Scrolls Skyrim,2011,US,Erandur,Male,"['Listen to your friend, Fruki. They are just dreams, my dear. I assure you that it is quite normal.', ""Everyone, please. I'm doing what I can to end these nightmares. In the meantime all I ask is you remain strong and put your trust in Lady Mara."", 'What troubles you, my son?', ""The entire town is being plagued by horrible nightmares. They're in serious danger but I'm afraid there's little I can do about it."", 'These dreams are manifestations created by the Daedric Lord Vaermina. She has an awful hunger for our memories. In return, she leaves behind nightmares not unlike a cough marks a serious illness. I must end her terrible influence over these people before the damage becomes permanent.', ""In any other circumstance, I'd agree with you. However, these aren't normal dreams. The Daedric Lord Vaermina's voracious hunger for memories is responsible for these visions. The nightmares are an echo of her presence as she feeds."", ""Turn my back on these people when their lives could be at stake? I should say not. Those dreams are not just visions, they're a footprint left by the Daedric Lord Vaermina as she drains these people of their memories!"", ""I need to return to the source of the problem, to Nightcaller Temple. Perhaps you'd be willing to assist me in that regard?"", ""I've already said too much. If anyone overhears what we're saying, it could start a panic. I would simply ask that you trust me and help me end Dawnstar's problems."", 'Wonderful! My lady Mara will be quite pleased! Nightcaller Temple is only a short walk from Dawnstar. Come, we must hurry.', 'Your concerns are understandable; trust is a very difficult commodity to come by these days. I can only give you my word as a Priest of Mara that my intentions are honorable.', ""I understand. If you should change your mind, I'll be here."", 'Vaermina resides in a strange realm known as Quagmire...a nightmarish land where reality shifts upon itself in seemingly impossible ways. From her citadel at the center, she reaches forth to collect our memories, leaving nothing in return apart from visions of horror and despair.', 'Who can say? Perhaps she collects them for display like works of art in a nonsensical art gallery. Whatever the case may be, her intentions are far from benevolent. I promise to answer all of your questions. Follow me.', ""Follow me, it's this way. It feels good to finally have a chance to help these people. Helplessly watching them suffer's been difficult. The tower on that hill is our destination. People around here call it the Tower of the Dawn. I'm not familiar with the tower's history, but it was deserted for quite a long time before Nightcaller Temple was established inside. When the temple was active the priests would rarely be seen in Dawnstar. They preferred to live a solitary existence. The temple's been abandoned for decades now. Ironic isn't it...a ruin within a ruin? There's a small shrine to Mara I established inside the tower's entry hall. I was hoping to seek spiritual guidance from Her."", 'Before we enter, I must warn you about the dangers that could be lurking within. Years ago, this temple was raided by an orc war party seeking revenge...they were being plagued by nightmares just like the people of Dawnstar.', 'No. Knowing they could never defeat the orcs, the priests of Vaermina released what they call ""The Miasma,"" putting everyone to sleep.', ""I'm concerned that when this place is unsealed, the Miasma will dissipate and they'll awaken; both orcs and priests alike."", ""The Miasma was created by the priests of Vaermina for their rituals. It's a gas that places the affected in a deep sleep. Because the rituals would last for months or even years, the Miasma was designed to slow down the aging process."", ""Sadly, yes. The longer an individual is exposed to the Miasma, the more the mind can become damaged. Those who've been under the effect of it for extended periods of time have been known to lose their minds entirely. In some cases, a few never awoke at all. Once we get inside, all will become clear."", ""Give me just a moment, and I'll have this open."", 'Now I can show you the source of the nightmares. Over here.', ""Behold the Skull of Corruption, the source of Dawnstar's woes. We must reach the inner sanctum and destroy it. Come, there's no time to lose."", 'Damn it. The priests must have activated this barrier when the Miasma was released.', 'Impossible actually. Hmm, I wonder... There may be a way to bypass the barrier, but I must check their library and confirm it can be done.', ""I suppose there's no point in concealing the truth any longer. My knowledge of this temple comes from personal experience. I was a priest of Vaermina."", 'When the orcs invaded the temple, I fled. I left my brothers and sisters here to die.', ""Yes, you're right. I should have, but I didn't know what to say. When the orcs raided the temple, I fled. I left my brothers and sisters behind to die."", ""And what would you have me say? Sorry for following the misguided teachings of a mad Divine? Sorry for stealing memories from children? Do you realize when the orcs attacked, I was only concerned for myself? I fled...and left my brothers and sisters behind to die. I've spent the last few decades living in regret and seeking redemption from Mara. And by Her Benevolence, I will right my wrongs."", ""I still have my key to the library. Whenever you're ready, let's move on."", ""Lore holds that the Skull of Corruption holds a constant hunger for the memories of others. The Skull has been out of touch for so long, I fear it's gained the ability to reach out on its own and try to feed. What it does with these memories is just conjecture and an argument for scholars and historians to this very day. We mustn't tarry...the Skull needs to be destroyed as soon as possible."", ""It's just up here. Be careful...we're certain to find more of the awakened within."", ""This library used to be filled with arcane volumes. Now look at it; almost everything's been burned. I hope the tome we need is still intact."", 'Barring any more interruptions, perhaps we can locate the information I need.', 'We\'re looking for a book of alchemical recipes called ""The Dreamstride."" The tome bears the likeness of Vaermina on the cover. It should be here somewhere.', ""Let me take a look... Mara be praised! There is a way past the barrier to the inner sanctum. It involves a recipe for a liquid known as Vaermina's Torpor."", 'Yes. The Torpor grants an ability the priests of Vaermina called ""The ""Dreamstride""; using dreams to travel distances in the real world.', 'I assure you, the Dreamstride is well known in Vaerminian Lore.', 'Quite amazing, yes. Alchemy and the blessings of a Divine distilled down into an ingestible liquid. Sadly, I have yet to see it function in person.', ""As a sworn priest of Mara, the elixir won't work for me. The Torpor will only work for Priests or Vaermina, or the unaffiliated."", 'I will not lie to you, there is some risk involved. The last time the Torpor was imbibed could have been decades ago. But I swear upon Lady Mara that I will do everything within my power to prevent any harm from befalling you.', 'No, all my research points in the opposite direction. This is the exact liquid the priests would drink. The only question in my mind is whether you will be granted The Dreamstride. Otherwise, the worst that could happen is a bad aftertaste. I swear upon Lady Mara that I would never let any harm befall you.', ""I believe there is a laboratory in the east wing. If we proceed there, we should be able to locate a sample. The laboratory adjoins the library. I'm hoping we'll find a sample of the Torpor left undamaged."", ""You'll be viewing the memory of another through your own eyes and with your own body. Those around you will perceive you as normal and you will find the words you utter may not be your own. Thanks to all of these odd principles, there is quite a lot of debate about whether this is really a dream or just the machinations of Vaermina."", ""I will watch over you as you slumber to ensure your safety. If I deduce anything is amiss, I will use my arts to bring you back. Otherwise, I am uncertain what will end your Dreamstride. Perhaps when Vaermina's curious appetite has been filled."", ""Now that they've been dealt with, we need to find the Torpor."", ""It should be in a small bottle, very similar to a potion. I'll begin searching up here. The Torpor should be in a tall bottle with a dark liquid. If you find it, bring it to me."", ""I'm relieved you found a bottle intact; this place looks as though it were ransacked by the orcs. So...I've taken us this far, but you need to guide us the rest of the way. Drink."", ""Dawnstar's fate rests in that tiny bottle. The longer we wait, the more damage Vaermina could be doing to those poor people. I understand your hesitation, but I promise you that it works."", ""I've made my peace. I'm ready."", ""It...it worked. Mara be praised! You vanished after drinking the Torpor and materialized on the other side. I've never seen anything quite like it."", 'How I envy you. I can only imagine the excitement of seeing history through the eyes of another! Sadly, I am resigned to just reading of its wonders through my research of the Skull.', 'After what you just experienced, are you not amazed? I am at a loss for words.', 'I thought I was clear regarding the dangers that awaited you within the Dreamstride. However, this hardly matters any longer as you appear to have exited unscathed.', ""Indeed. My reverence for Vaermina's machinations should not take precedence over our mission. My apologies. The inner sanctum lies ahead. We must reach the Skull and put an end to Dawnstar's troubles. Lead on, my friend."", ""Veren...Thorek...you're alive!"", ""I no longer use that name. I'm Erandur, Priest of Mara."", ""No. I...I was scared. I wasn't ready to sleep."", 'Then you leave me no choice!', ""Forgive me if I don't appear relieved...this temple has taken its toll on me."", 'In time, I believe I will.', 'Yes. The Skull has been destroyed and Dawnstar is safe.', ""Being a humble servant of Mara, I have little in the way of gold or coin, but perhaps I could offer you something better...companionship. I'd constructed a meager shrine to Mara in the antechamber where we entered. My intention was to spend the rest of my years here, burying the past and praying for forgiveness. But instead, I wish to offer my services to you. If you ever with to journey with me, I'll be here."", ""There's no need to thank me. What you did was for the people of Dawnstar. If anyone should be thanked, it should be you.""]",NPC
Elder Scrolls Skyrim,2011,US,Erdi,Female,"['Are you my gallant hero? Have you come to whisk me away, to a life of adventure and romance?', ""Oh, I'd get in trouble for that. It's not allowed. Besides, it's scary in there!"", ""Well...I suppose in that case, it's okay to let you in. But only briefly. Be careful, and come right back!""]",NPC
Elder Scrolls Skyrim,2011,US,Erikur,Male,"[""The Great War is long past. It's time the Empire and the Aldmeri Dominion put aside their differences. Prosperity is good for everyone."", ""You must be new to Skyrim, or you'd already know who I am. I have a stake in most anything of importance in Solitude. I feel that it's time to put aside the grievances of the past, and let peace and prosperity flourish between the Empire and the Aldmeri Dominion. I try to do my little part. Besides, just between you and me, it's making me pots of money, hahaha."", ""Not every Nord is obsessed with strength, honor and skill at arms. A rare few are born with a gift for making money. My investments are my strength and my wealth is my weapon. As for honor, well, there are some luxuries even I can't afford."", 'Did you see that serving girl? I hear elf women are insatiable...', ""Really? Yes, maybe that would be just the thing. She seemed to be playing hard to get when I last spoke to her. Go on. See what she says. Now you've gone and gotten my hopes up again."", ""Have you talked to Brelas yet? I'm not a patient man, you know."", ""Ha. Don't toy with me. I may just have to seize my opportunity with both hands, ha ha ha. But we'll play it your way for now."", 'Haha. I knew it! No woman yet born has been able to resist my charms for long. Thank you, my friend. I owe you one.', ""What? That little tease! Leading me on and turning cold at the last minute. I don't think so."", 'Hello, my dear. I got your message. Where shall we go?', ""Oh, I don't think so. I think I understand perfectly. Don't worry, my dear, I will make any necessary excuses to your employer."", 'So. You think you can toy with me, is that it? No, my dear. I have my heart set on you, and I always get what I want.', ""Oh, don't worry. I'll let you make it up to me. Now, where can we go for a litle privacy, hmm?"", ""Don't you dare walk away from me, you slut! Do you know who I am?"", ""Now you're going to be sorry you crossed me. Elenwen! This servant girl has been throwing herself at me in a most disgusting manner."", 'I demand that you have this wench removed from my presence at once!', ""Well, I'm glad that little unpleasantness is over.""]",NPC
Elder Scrolls Skyrim,2011,US,Esbern,Male,"['Go away!', ""What?! No, that's not me. I'm not Esbern. I don't know what you're talking about."", ""Delphine? How do you...so you've finally found her, and she led you to me. And here I am, caught like a rat in a trap."", ""Oh, how reassuring! Most likely you're with the Thalmor and this is just a trick to get me to open the door."", ""So Delphine keeps up the fight, after all these years. You'd better come in and tell me how you found me and what you want."", ""What's that you said? Dragonborn? Then...there really is hope after all? You'd better come inside. Quickly now. Thalmor agents have been seen in the Ratway."", ""And no doubt you're one of them. Leave me alone!"", ""Ah. Indeed, indeed. I do remember. Delphine really is alive, then? You'd better come in then and tell me how you found me and what you want."", ""This'll just take a moment... This one always sticks...there we go. Only a couple more. There we are! Come in, come in! Make yourself at home! That's better. Now we can talk."", ""So, Delphine keeps up the fight, after all these years. I thought she'd have realized it's hopeless by now. I tried to tell her, years ago..."", ""Yes, yes, so you said. But so what? The end is upon us. I may as well die here as anywhere else. I'm tired of running."", ""Haven't you figured it out yet? What more needs to happen before you all wake up and see what's going on? Alduin has returned, just like the prophecy said! The Dragon from the dawn of time, who devours the souls of the dead! No one can escape his hunger, here or in the afterlife! Alduin will devour all things and the world will end. Nothing can stop him! I tried to tell them. They wouldn't listen. Fools. It's all come true...all I could do was watch our doom approach..."", 'Yes! Yes! You see, you know but you refuse to understand!', ""Oh, yes. It's all been foretold. The end has begun. Alduin has returned. Only a Dragonborn can stop him. But no Dragonborn has been known for centuries. It seems that the gods have grown tired of us. They've left us to our fate, as the plaything of Alduin the World-Eater."", ""What? You're...can it really be true? Dragonborn? Then...there is hope! The gods have not abandoned us! We must...we must... We must go, quickly now. Take me to Delphine. We have much to discuss."", 'You...Dragonborn? Is it really true?', 'Important? Far more than even she realizes! If you are Dragonborn, then... Then...there is hope after all. For so long, all I could do was watch our doom approach, helplessly.', 'Dragons, pah. They can be killed. The Blades killed many in their early days as dragon-slayers. No, dragons are merely the final portent of the End of Days.', ""Oh, yes! The prophecies made clear the signs that will precede the end times. One by one, I have seen them fulfilled. Alduin has returned, just like the prophecy said! Alduin has returned, just like the prophecy said! The Dragon from the dawn of time, who devours the souls of the dead! No one can escape his hunger, here or in the afterlife! Alduin will devour all things and the world will end. Nothing can stop him! I tried to tell them. They wouldn't listen. Fools. It's all come true...all I could do was watch our doom approach..."", 'Yes! Yes! You see, you know but you refuse to understand!', ""You're right, I forget myself. I've lived without hope for so long... The prophecies are clear. Only the Dragonborn can stop Alduin. We must go, quickly now. Take me to Delphine. There is much to discuss."", ""But, give me...just a moment... I must gather a few things... I'll need this... No, no, useless trash...where'd I put my annotated Anuad? One moment, I know, time is of the essence, but mustn't leave secrets behind for the Thalmor...there's one more thing I must bring... Well, I guess that's good enough...let's be off..."", ""Delphine! I...it's good to see you. It's been...a long time."", ""Oh, yes! Dragonborn! Indeed, yes. This changes everything, of course. There's no time to lose. We must locate...let me show you. I know I had it here, somewhere..."", 'Give me...just a moment... Ah! Here it is. Come, let me show you.', 'You see, right here. Sky Haven Temple, constructed around one of the main Akiviri military camps in the Reach, during their conquest of Skyrim.', ""Shh! This is where they built Alduin's Wall, to set down in stone all their accumulated dragonlore. A hedge against the forgetfulness of centuries. A wise and foresighted policy, in the event. Despite the far-reaching fame of Alduin's Wall at the time -- one of the wonders of the ancient world -- its location was lost."", ""You mean...you don't mean to say you haven't heard of Alduin's Wall? Either of you?"", ""Alduin's Wall was where the ancient Blades recorded all the knew of Alduin and his return. Part history, part prophecy. Its location has been lost for centuries, but I've found it again. Not lost, you see, just forgotten. The Blades archives held so many secrets...I was only able to save a few scraps..."", ""Well, yes, but...there's no guarantee, of course."", 'Ah...the power of the dragon is yours! There can be no doubt that you are the Dragonborn of prophecy.', 'Yes. Definitely early Akiviri stonework here.', 'Yes. These are Akiviri symbols. Let\'s see...you have the symbol for ""King""...and ""Warrior""...and of course the symbol for ""Dragonborn."" That\'s the one that appears to have a sort of arrow shape pointing downward at the bottom.', 'Wait.', 'We should be careful here. See these symbols on the floor?', ""We'll cross once it's safe."", 'Yes, yes! I think we must be close to the entrance.', 'Wonderful! Remarkably well-preserved, too. Ah...here\'s the ""blood seal."" Another of the lost Akiviri arts. No doubt triggered by...well, blood. Your blood, Dragonborn.', 'Look here! You see how the ancient Blades revered Reman Cyrodiil. This whole place appears to be a shrine to Reman. He ended the Akiviri invasion under mysterious circumstances, you recall. After the so-called ""battle"" of Pale Pass, the Akiviri went into his service. This was the foundation stone of the Second Empire.', ""There's no telling what we might find inside!"", 'Fascinating! Original Akiviri bas-reliefs...almost entirely intact! Amazing...you can see how the Akiviri craftsmen were beginning to embrace the more flowing Nordic style...', ""Yes, of course. We'll have more time to look around later, I suppose. Let's see what's up ahead."", ""Shor's bones! Here it is! Alduin's Wall...so well preserved...I've never seen a finer example of early second era Akiviri sculptural relief..."", ""Yes, yes. Let's see what we have... Look, here is Alduin! This panel goes back to the beginning of time, when Alduin and the Dragon Cult ruled over Skyrim. Here, the humans rebel against their dragon overlords -- the legendary Dragon War. Alduin's defeat is the centerpiece of the Wall. You see, here he is falling from the sky. The Nord Tongues -- masters of the Voice -- are arrayed against him."", 'Patience, my dear. The Akiviri were not a straightforward people. Everything is couched in allegory and mythic symbolism. Yes, yes. This here, coming from the mouths of Nord heroes -- this is the Akiviri symbol for ""Shout."" But...there\'s no way to know what Shout is meant.', 'Hmm? Oh, yes. Presumably something rather specific to dragons, or even Alduin himself. Remember, this is where they recorded all they knew of Alduin and his return.', 'Look, here. In the third panel. The prophecy that brought the Akiviri to Tamriel in the first place, in search of the Dragonborn. Here are the Akiviri -- the Blades -- you see their distinctive longswords. Now they kneel, their ancient mission fulfilled, as the Last Dragonborn contends with Alduin at the end of time. Are you paying attention, Delphine? You might learn something of your own history.', 'Did you find the Elder Scroll? What happened when you took it back to the Throat of the World?', ""He must have returned to Sovngarde to feed on the souls of the dead. If you don't find him soon, he'll return, stronger than ever!"", 'Yes, yes. We must think. He must have a means of travelling to and from Sovngarde. But no tale tells where that might be.', ""Very true! Hmmm. I wonder...do you know the Jarl's palace in Whiterun?"", ""Yes, exactly! Most people don't know that it was originally built to hold a captive dragon -- hence its name."", 'Well, you see, the palace -- Dragonsreach -- was originally built to hold a captive dragon. Hence its name.', ""Oh, this was thousands of years ago, before the Akiviri crusaders cleansed Skyrim of dragons. Skyrim's mountains were still infested with dragons. One of the early Nord kings caught a dragon and kept it in Dragonsreach."", ""You could trap him there, exactly. Although...it might be difficult to persuade the Jarl to allow you to use his palace as a dragon trap... I'm sure you'll manage, though. If you can defeat the World-Eater, surely sweet-talking the Jarl of Whiterun isn't beyond you. I'm afraid there's a further problem. A serious one. I've discovered who the Greybeards' leader really is."", ""He's a dragon. Not just any dragon, but the right hand of Alduin, responsible for many atrocities during the ancient Dragon War."", ""All well and good. But did you know that he was Alduin's chief lieutenant in ancient times? Responsible for terrible atrocities? It's true that his crimes are long in the past, but justice does not count the passage of years. The Blades have been hunting him for centuries, but he was protected by the Greybeards and then the Emperors. Justice demands that he die for his crimes. Until he is dead, I'm afraid my oath as a Blade prevents me from offering you aid and comfort."", ""Interesting problem. Hmmm. Yes. I've been poring over the records here in Sky Haven Temple. An unguessed trove of lost lore...but the important thing is that the Blades recorded many of the names of dragons they slew. Cross-referencing this with Delphine's map of dragon burial sites, and I believe I've identified one of the dragons that Alduin has raised up."", ""Ah, don't you see? The names of dragons are always three Words of Power -- Shouts. By calling the dragon with the Voice, he will hear you wherever he might be."", ""He's not compelled to, but dragons are prideful by nature and loath to refuse a challenge. Your Voice in particular is likely to intrigue this dragon, after your victory over Alduin. I think it very likely that he will be unable to resist investigating your call."", 'Ah, indeed. I\'m no master of the Voice like these worthy gentlemen, but it is written here in this scroll. Od - Ah - Viing. ""Winged Snow Hunter,"" as I read it.', 'We must succeed here today.', 'We must make them see their danger, Dragonborn.', ""Stop! Are you so blind to our danger that you can't see past your petty disagreements? Here you sit arguing about...nothing! While the fate of the land hangs in the balance!"", ""Don't you understand the danger? Don't you understand what the return of the dragons means? Alduin has returned! The World-Eater! Even now, he devours the souls of your fallen comrades! He grows more powerful with every soldier slain in your pointless war! Can you not put aside your hatred for even one moment in the face of this mortal danger?"", ""Ah. I believe I can be of help here. I anticipated this problem. While you were arranging this meeting, I was busy in the library of Sky Haven Temple. An unguessed trove of lost lore...but the important thing is that the Blades recorded many of the names of dragons they slew. Cross-referencing this with Delphine's map of dragon burial sites, and I believe I've identified one of the dragons that Alduin has raised up."", ""Ah, don't you see? The names of dragons are always three Words of Power -- Shouts. By calling the dragon with the Voice, he will hear you wherever he might be."", ""He's not compelled to, but dragons are prideful by nature and loath to refuse a challenge. Your Voice in particular is likely to intrigue this dragon, after your victory over Alduin. I think it very likely that he will be unable to resist investigating your call."", 'Ah, indeed. I\'m no master of the Voice like these worthy gentlemen, but it is written here in this scroll. Od - Ah - Viing. ""Winged Snow Hunter,"" as I read it.', 'Please...Delphine has been very worried about you.']",NPC
Elder Scrolls Skyrim,2011,US,Estormo,Male,"[""So, you made it out of there alive. Ancano was right...you are dangerous. I'm afraid I'll have to take that Staff from you now. Ancano wants it kept safe...oh, and he wants you dead. Nothing personal."", ""You fool. You don't stand a chance."", ""I'm afraid you do.""]",NPC
Elder Scrolls Skyrim,2011,US,Etienne Rarnis,Male,"[""Stop. Please. I don't know anything else. Don't you think I'd have told you already?"", ""No... for pity's sake... I've already told you everything..."", 'Noooooo!!!', ""No, wait! I was just... catching my breath... why wouldn't I tell you again? I don't even know anything... There's an old man. He lives in Riften. He could be this Esbern you're looking for, but I don't know. He's old and seemed kind of crazy. That's all I know."", ""I don't know his name. Like I've told already a hundred- Ahhhh!"", ""Like I said, I don't know! I've seen him down in the Ratway. Maybe he lives down there, but I don't know for sure."", ""What else do you want from me? I've already told you everything. Listen, if you let me go I can take you to Riften, show you where-- Gaaaaah!!!"", ""I told you, I don't know anything else about it."", 'What? Who...what do you want then?', ""Yeah, sure, okay. Come on, this way. I've seen the guards use it to get rid of bodies. It must lead somewhere."", ""Whatever you want. But let's go, now."", ""I guess you know what you're doing. I've got to find a way out of here."", 'No problem. Thanks for springing me. I owe you. Look me up in Riften if you make it out.', ""Hey, haven't I seen you around the Flagon? I never expected to see another Guild brother down here. They grabbed me in the Ratway. The nerve of these bastards...they need to be taught a lesson."", 'They grabbed me in Riften. They seem to think I know something. They just kept asking me the same damn questions.', ""I damn well hope so. If it helps you twist them up, I'm glad to help. They're after some old guy named Esbern. Something to do with dragons, I gathered from listening to them talk when they thought I was out. I've seen a guy in Riften who they seem to think is him. Not much to go on -- I don't even know where he lives, or his name. But they seemed pretty excited about it. That's it. Now, let's get out of here."", ""Fine. Whatever you want. Can't you just kill me and get it over with? There's this old man. I've seen him around Riften. I don't know where he lives. I don't know his name. Yes, he matches the description of this Esbern guy you're looking for. Maybe it's him. Maybe it isn't. That's all I know, okay?"", ""Why don't you just kill me already."", 'I saw guards dragging bodies over here. Might be a way out.', ""You didn't have to help me, so...thanks.""]",NPC
Elder Scrolls Skyrim,2011,US,Faida,Female,"[""Well, this is it, then. Look after yourself, Gaius. You're doing your duty, and I'm proud of you. But you'd better come back to me. You hear?""]",NPC
Elder Scrolls Skyrim,2011,US,Falk Firebeard,Male,"['Absolutely not. That wing has been sealed for hundreds of years, and for good reason. They say the ghost of Pelagius the Mad still haunts it. Ghost or not, there are reminders of his dark rule that are best left buried away.']",NPC
Elder Scrolls Skyrim,2011,US,Fanari Strong-Voice,Female,"['Goodbye, old friend. We will miss you, but do not worry. Frea will guide us well, thanks to you.']",NPC
Elder Scrolls Skyrim,2011,US,Faralda,Female,"['Cross the bridge at your own peril! The way is dangerous, and the gate will not open. You shall not gain entry!', 'Oh, forgive me. Most who arrive here do so because they have heard of the College beforehand. This is the College of Winterhold, a safe haven for mages in Skyrim. A place of wisdom and arcane knowledge.', 'I am here to assist those seeking the wisdom of the College. And if, in the process, my presence helps to deter those who might seek to do harm, so be it. The more important question is: why are you here?', 'Perhaps. But what is it you expect to find within?', 'I see. That power certainly exists, I assure you. Wield it faithfully, and few can withstand you.', 'Yes, the school of Illusion can be quite influential. Kings have risen to power because of it, and empires have been razed with it.', 'Ah, the immortal plane. It is said to be the source of all magic. This is a noble goal, indeed.', ""Ha! Humor is often in short supply here. But I sense that perhaps you're after more than just that. It would seem that the College has what you seek. The question now is what can you offer for the College. Not just anyone is allowed inside. Those wishing to enter must show some degree of skill with magic. A small test, if you will."", ""Well done, indeed. I think you'll be a superb addition to the College. Welcome, Apprentice."", ""I'll lead you across the bridge. Once inside you'll want to speak with Mirabelle Ervine, our Master Wizard. Please, follow me."", ""You'll need to speak with Mirabelle Ervine. Her quarters are in the Hall of Countenance, but she could be anywhere on the grounds."", ""She's the Master-Wizard here. Arch-Mage Eren may be in charge, but Mirabelle runs the place. You'd do well to remember that."", 'We are the only group left in Skyrim dedicated to study of the arcane. There are those who study, to be sure, but they do so in private, and often in secret.', ""Certainly. Destruction spells come in different forms, each useful for various purposes. Concentration spells can be cast immediately, though they're weaker. Good for a tight spot, and less costly if you miss. You'll also need to decide whether to devote yourself to a single type of spell. Focusing solely on flame spells will make them more powerful, but you may find yourself at a disadvantage against foes immune to fire."", ""There you are. I've been trying to find you. I just wanted to let you know Ancano's been asking about you. I think he's looking for you."", ""I'm not sure. Just... Well, mind what you tell him, all right?"", 'No, no. Well, I don\'t think so. Between the two of us, there are rumors about him. That this ""advisor"" position he has is a sham, an excuse.', 'Between the two of us, there are rumors about him. That this ""advisor"" position he has is a sham, an excuse. That what he\'s really doing is spying for the Thalmor, trying to feed them information. Whether it\'s true, I can\'t say. But it never hurts to be a little suspicious, does it?', ""You're welcome."", ""Of course. That's your choice. I just wanted to let you know."", ""What's going on? What happened in there?"", 'It ""may be"" in danger? Take a look. I don\'t think there\'s much question. Let\'s get down there. We have to do something. Come on, Arniel. Let\'s go. Arniel: Do we have to? They\'d never lift a finger to help us.', ""We'll go with you, but when this is all over I want an explanation."", ""That looks like it was the last of them. We'll stay here. Get back to the College and let them know what's going on. Arniel, stay on your guard. We can't let harm come to these people."", 'We never should have brought that thing here.']",NPC
Elder Scrolls Skyrim,2011,US,Farengar Secret-Fire,Male,"['So the Jarl thinks you can be of use to me? Oh yes, he must be referring to my research into the dragons. Yes, I could use someone to fetch something for me. Well, when I say fetch, I really mean delve into a dangerous ruin in search of an ancient stone tablet that may or may not actually be there.', 'Straight to the point, eh? No need for tedious hows and whys. I like that. Leave those details to your betters, am I right?', 'Ah, no mere brute mercenary, but a thinker -- perhaps even a scholar? You see, when the stories of dragons began to circulate, many dismissed them as mere fantasties, rumors. Impossibilities. One sure mark of a fool is to dismiss anything that falls outside his experience as being impossible. But I began to search for information about dragons -- where had they gone all those years ago? And where were they coming from?', 'You are eager to begin your adventure. Excellent. The sooner begun, the sooner done, eh? I, ah, learned of a certain stone tablet said to be housed in Bleak Falls Barrow -- a ""Dragonstone,"" said to contain a map of dragon burial sites. Go to Bleak Falls Barrow, find this tablet -- no doubt in the main chamber -- and bring it to me. Simplicity itself.', '• Off to Bleak Falls Barrow with you. The Jarl is not a patient man. Neither am I, come to think of it.', ""An old tomb, built by the ancient Nords, perhaps dating back to the Dragon War itself. Ah. Maybe you just want to know how to get there. It's near Riverwood, a miserable little village a few miles south of here. I'm sure some of the locals can point you in the right direction once you get there."", ""Well. Must preserve some professional secrets, mustn't we? I have my sources...reliable sources."", ""I'm not surprised you've never heard of it. Even I used to think it was just a myth. But not anymore. The Dragon War was a real event, although only the barest glimmer of the actual events has come down to us. Far back in the Mythic Era, the dragons were worshipped as gods in Skyrim. Many of the monumental ruins that still dot the landscape were, in fact, built as temples to the dragons. The details are lost, but at some point the Nords rebelled. After a long and terrible war, the Nords overthrew their dragon overlords."", ""Oh, no. Many were killed, of course. But many survived into historical times. Why, this very palace was built by one of Balgruuf's ancestors to hold a captive dragon. Hence its name -- Dragonsreach."", 'Sadly, no. My work affords me few opportunities for such an adventure. Perhaps some hero will bring one to Dragonsreach, like old Olaf One-Eye once did. What a fascinating conversation that would be!', ""You see? The terminology is clearly First Era or even earlier. I'm convinced this is a copy of a much older text. Perhaps dating to just after the Dragon War. If so, I could use this to cross-refernence the names with the other later texts."", ""Oh, have no fear. The Jarl himself has finally taken an interest, so I'm now able to devote most of my time to this research."", ""Yes, yes. Don't worry. Although the chance to see a living dragon up close would be tremendously valuable... Now, let me show you something else I found...very intriguing...I think your employers may be interested as well... Hmm? Ah, yes, the Jarl's protege! Back from Bleak Falls Barrow? You didn't die, it seems."", 'Ah! The Dragonstone of Bleak Falls Barrow! Seems you are a cut above the usual brutes the Jarl sends my way.', ""You'll have to see the Jarl about that. Maybe his steward, Avenicci. I'm sure one of them will pay you appropriately."", 'That is where your job ends and mine begins. The work of the mind, sadly undervalued in Skyrim. My...associate here will be pleased to see your handiwork. She discovered its location, by means she has so far declined to share with me. So, your information was correct after all. And we have our friend to thank for recovering it for us.', 'A dragon! How exciting! Where was it seen? What was it doing?', 'I should come along. I would very much like to see this dragon.', 'As you command.', 'Incredible! Uh...sir, you have no idea how long I have waited for such an opportunity! I would be most appreciative if you would permit me to perform some, ah, tests on you. Purely in the interests of the advancement of knowledge.', 'I assure you, you will not even notice me. Most of them are hardly painful at all on a large dragon such as yourself.', ""Surely you wouldn't miss a fe scales...or a small amount of blood...""]",NPC
Elder Scrolls Skyrim,2011,US,Farkas,Male,"['This should be good.', 'Did you call me?', ""New blood? Oh, hello. I'm Farkas. Come, follow me."", ""Skjor and Aela like to tease me, but they're good people. They challenge us to be our best. Nice to have a new face around. It gets boring here sometimes. I hope we keep you. This can be a rough life. The quarters are up here. Just pick a bed and fall in it when you're tired. Tilma will keep the place clean; she always has. Alright, so here you are. Looks like the others are eager to meet you. Come to me or Aela if you're looking for work. Once you've made a bit of a name for yourself, Skjor and Vilkas might have things for you to do. Good luck. Welcome to the Companions."", 'Skjor was looking for you earlier.', ""Don't know. He just said he needed to talk to you before you do anything else. I don't like making him angry, but there is some work for you if you want it."", ""I hope you've readied yourself."", ""So I'm told. Let's see if you impress."", ""A smart man came and told us about a blade piece. Skjor thinks you should find it, and I'm supposed to watch you."", ""Ysgramor was the hero who stared the Companions. Wuuthrad was his weapon. He came from the ancient homeland and killed all the elves. But not all of 'em, because some of 'em are still here."", ""I watch you to make sure you're honorable. If you are honorable and strong, I can call you brother."", ""Don't delay, Shield-Brother."", ""Looks like someone'd been digging here. And recently. Tread lightly. Be careful around the burial stones. I don't want to haul you back to Jorrvaskr on my back."", ""Now look what you've gotten yourself into. No worries. Just sit tight. I'll find the release."", 'None of you will be alive to tell it.', ""I hope I didn't scare you."", ""It's a blessing given to some of us. We can be like wild beasts. Fearsome."", 'Oh, no. Only the Circle have the beastblood. Prove your honor to be a Companion. ""Eyes on the prey, not the horizon."" We should keep moving. Still the draugr to worry about.', ""Bad people who don't like werewolves. So they don't like us either."", ""Not everyone, but all the Circle are. It's a secret to everybody."", 'I stand witness to the courage of the soul before us.', 'I would stand at his back, that the world might never overtake us.', 'It stands ready to meet the blood of his foes.', 'I would lead the song of triumph as our mead hall reveled in his stories.', 'And for ourselves...', 'Kodlak did not care for vengeance.', ""I can't go any further, Shield-Brother."", ""Ever since Dustman's Cairn, the big crawly ones have been too much for me. Everyone has his weakness, and this one is mine. I'm not proud, but I will stay back with Vilkas. Give my regards to Ysgramor.""]",NPC
Elder Scrolls Skyrim,2011,US,Felldir the Old,Male,"['He will come. He canot ignore our defiance. And why should he fear us, even now?', 'But one have yet stood against Alduin himself. Galthor, Sorri, Birkir...', 'You do not understand. Alduin cannot be slain like a lesser dragon. He is beyond our strength. Which is why I brought the Elder Scroll.', 'I never agreed. And if you are right, I will not need it.', 'Fo...Krah Diin!', 'Hold, Alduin on the Wing! Sister Hawk, grant us your sacred breath to make this contract heard! Begone, World-Eater! By words with older bones than your own we break your perch on this age and send you out! You are banished! Alduin, we shout you out from all our endings unto the last!', 'You are banished!', 'Yes, the World-Eater is gone...may the spirits have mercy on our souls.', ""Hold, comrades -- let us counsel take before battle is blindly joined. Alduin's mist is more than a snare -- its shadowy gloom is his shield and cloak. But with four Voices joined, our valor combined, we can blast the mist and bring him to battle."", 'We cannot fight the foe in this mist!', 'Lok...Vah...Koor!', 'Lok...Vah...Koor!', 'One more time, and the World-Eater must face us!', 'Lok...Vah...Koor!', 'Stand together and we shall defeat him!', ""Our ancient debt for Alduin's reprieve is now repaid -- the long night is ended!""]",NPC
Elder Scrolls Skyrim,2011,US,Feran Sadri,Male,"['You have the bow...', ""I'm sure your reward will be great for ensuring our Lord's success.""]",NPC
Elder Scrolls Skyrim,2011,US,Festus Krex,Male,"['Ah, the young and stupid. Always mocking the experienced and brilliant. My contract went very well, I\'ll have you know. Tried a new spell. Little something I\'ve been working on in my spare time. Came ""this"" close to turning that priest inside-out. Damned messy.', 'Ha ha ha ha ha ha ha ha ha!', 'Ha ha ha ha ha ha ha ha ha!', ""Yes, yes, you're the new Family member. Let's make this easy -- consider me the cranky old uncle nobody talks to. You go your way, I'll go on mine. There's too much of an obsession these days with knives and arrows. You can kill someone just as easily with a well- -placed spell. (Remain silent) It's nice to meet you, Festus."", 'Hmph.', 'Hmph. I like to say I was born with a wand in my hand. Well, not literally -- you can see how painful that would have been for mother. But I was a prodigy! Casting simple spells by one, completing complex incantations by three. Resurrecting corpses by seven! Ha. When I was thirteen, I accidentally burned down the family home. A bit of lightning gone awry. Ah, but soon after I mastered my gifts. Completely. I went on to teach at the College -- left after two years. Too simple. Too safe. None of them truly understood the glory of the Destruction school... Remember, fireballs. You can never go wrong.', 'Oh be quiet, you great lumbering lapdog. The man has had a long journey. You can at least be civil. Mister Cicero, I for one am delighted you and the Night Mother have arrived. Your presence here signals a welcome return to tradition.', ""Yes. Just because you're now a professional assasin, don't think you have to skulk around in the shadows like a skeever and stab people. Do what I do. Walk up to your target, introduce yourself, melt their skin off, and then run like the wind. Works every time."", ""Their arrival is the best thing that's happened to this Sanctuary in years. Astrid is an effective leader, but we've been rudderless for too long. Scrounging for contracts, abandoning the Tenets. The Dark Brotherhood has been reduced to a group of common cutthroats. Frankly, it's embarrassing."", ""Ha! And would that surprise anyone? This Sanctuary's a mess. Wouldn't surprise me if somebody's talking to the fool on the sly. Making deals. And no, before you ask, it's not me. I know which side my bread is buttered on."", ""So you're the Listener, hmm? Well that hardly seems fair. You just got here. The Night Mother should have spoken to me. Any idiot could see that. But, I will serve gladly, as that is my lot in life. Now let's see. Ah yes, Volunruud. It's an old crypt, infested with Draugr. So plan accordingly."", ""Ah, killing her will be easy. She'll be so happy, she'll never see it coming. I should know, I killed a bride once. It was our honeymoon. Tepid, I said! The bathwater should be tepid! Lukewarm is not tepid! Close, maybe, but there is a difference! Stupid cow."", 'Remember, your target is Gaius Maro, the son. Not Commander Maro, the father! We need him alive. But the son... Ha! Scorch his face off!', ""I'll admit, even I'm having a hard time disagreeing with you..."", ""It's true, I'm afraid. Cicero was a little whirlwind, slashing this way and that. It would have been funny, if he weren't trying to murder us all."", 'Boy, did you miss all the excitement.', ""All right, so maybe I was wrong. Maybe Cicero coming here wasn't the best thing that could have happened. But even I didn't anticipate this. Well, you know the old saying. When life gives you lemons... ...go murder a clown. Burn that little jester alive."", ""There you are. Took your sweet time dealing with Cicero, hmph? Now let's get down to business. Astrid told you about the Gourmet, I hope?"", 'Quite so. But first you\'ll need to learn who he is. Assuming, of course, that the Gourmet actually is a ""he."" Could be a woman for all we know.', ""Don't be so petulant!"", 'Ah, indeed I do! Indeed I do!', ""You know, maybe I was wrong about you after all. Anyone who's smart enough to shut up and listen can't be all bad. In my, um, investigations, I came upon this. It's a copy of the Gourmet's cookbook. Ah, but not just any copy. It's signed you see! Seems to be a message from the Gourmet to one Anton Virane. I've tracked Virane to the keep in Markarth. It would seem he's the cook."", ""I believe so. Therefore, you need to obtain that information from Virane -- who the Gourmet is, and where he can be found. Oh, and when you're done with Virane, kill him. Loose ends and all that. Next, you'll have to... Are you still paying attention? (Remain silent) Of course, Festus. Please continue."", ""Hmph. As I was saying... You'll need to kill the Gourmet, of course. But what's more, you'll need to get his Writ of Passage, so you can take his place. Oh, and if you can, hide his body. The longer it takes for anyone else to determine his real identity, the better. Now off with you!"", ""Nobody knows his true identity. Well, nobody except Gaius Maro, and you've already taken care of him. I do know the Gourmet was classically trained in traditional Breton cuisine in High Rock. So that's where he must have met Anton Virane. In any event, our anonymous chef shares a passion for food with all of Tamriel. And that anonymity will prove the Emperor's undoing."", '""Uncommon Taste."" It was published a few years ago, and became a sensation throughout the Empire almost overnight. The recipes were hailed as both practical and decadent. I\'ve made a few of the Gourmet\'s dishes myself, actually. His roast mutton with Redguard berry sauce is to die for. But his chocolate pate gives me the runs.', ""Yes. Gaius Maro, on orders from his father, arranged for the Gourmet to come to Skyrim months ago. To serve as the Emperor's personal chef. But the Emperor cancelled his journey at the last minute. Maro was smart, kept the Gourmet around, in case things changed. And so, the Gourmet has remained in seclusion, somewhere in Skyrim...on indefinite hold. Probably feels like a prisoner. But you'll fix that. Remember, the Markarth Keep. That's where you'll find Anton Virane. Probably cooking up all of the Gourmet's recipes, passing them off as his own."", 'So, the prodigal murderer returns. And the Gourmet?', ""So I gathered. It seems a certain Orc has disappeared. Which means you not only killed the Gourmet, but disposed of the body as well. You've got the Writ of Passage too, I see. Splendid, splendid... Ah, and word has come in from Markarth that the keep's cook has met an untimely demise. You performed your duties to the letter. (Remain silent) You would expect any less from the Listener?"", 'Hmph. I was wrong about you. I see that now. Maybe we all were. Here\'s your payment. And...a little something extra, as well. From me. Consider it my way of apologizing. For being so damned curmudgeonly! It\'s called the Nightweaver\'s Band. I wore this for years. I want you to have it now. It\'ll give your magic and sneakiness some much needed ""oomph."" Now, you better get a move on and see Astrid. It\'s time! Time for the final stage of this grand and glorious operation!', ""Good, good. And you've got the Writ of Passage, too, I see. So there's that. I also received word from Markarth. It would seem Anton Virane has suffered an untimely fate, as well. Good. But unfortunately, that inn is abuzz with the news of somebody killing one of their guests! What, hiding the body was too much for you to handle? Bah! Useless. Here's your gold. Now go see Astrid. The time to move against the Emperor has finally come. Sithis help us all."", ""Ah, good to see you, brother. Gearing up to kill the Emperor? Exciting times. Exciting times, indeed. Well... While it's true I prefer sorcery's more destructive nuances, we mustn't forget the many spells with simpler, more practical applications. Sure, you poison the Emperor, but what then? Why not summon an atronach and cause some chaos? Or turn invisible and slip away? Use your imagination!""]",NPC
Elder Scrolls Skyrim,2011,US,Finna,Female,['May the All-Maker guide your soul to the next life.'],NPC
Elder Scrolls Skyrim,2011,US,Francois Beaufort,Male,['Yay!'],NPC
Elder Scrolls Skyrim,2011,US,Frea,Female,"['You there. What brings you to this place? Why are you here?', 'I am Frea of the Skaal. I am here to either save my people, or avenge them.', 'I am unsure. Something has taken control of most of the people of Solstheim. It makes them forget themselves, and work on these horrible creations that corrupt the Stones, the very land itself. My father Storn, our shaman, says Miraak has returned to Solstheim, but that is impossible.', 'Then you and I both have reason to see what lies beneath us. Let us go. There is nothing more I can do here. The Tree Stone and my friends are beyond my help for now. We need to find a way into the temple below.', 'His story is as old as Solstheim itself. He served the dragons before their fall from power, as most did. A priest in their order. But unlike most, he turned against them. He made his own path, and his actions cost him dearly. The stories say he sought to claim Solstheim for himself, and the dragons destroyed him for it.', ""It is an ancient stone of power, a connection to the All-Maker. It represents one of the aspects of nature, a part of the All-Maker's creation. There are other stones around Solstheim. I fear for what has happened to them..."", 'We have lived on Solstheim for many generations. Our people are tied to the land itself. We try to serve the All-Maker, to live in balance with nature, instead of exploiting it as others would.', 'There are few of us left unaffected by this curse. My father Storn, the shaman, protects them in the village. I fashioned an amulet to guard me against whatever has taken hold of the Skaal, but it is the only one of its kind. If I cannot find a way to save them, there is no hope for our people.', 'Are you ready to help me now? We should not delay. We should check these rooms for supplies before heading further into the temple. We must be careful in these ruins. Traps can be anywhere, and there will likely be many. Miraak was trying to take power here, and protect himself in the process.', ""I do not wish to imagine what kinds of things happened in this chamber. Who were the poor souls trapped in these cages? What tortures did they suffer at Miraak's hands? Was it in service to the dragons, or for his own purposes? Look up there. I think I see something. The stairs are knocked out. I have no doubt you can find your way up. You never know, you may find something of value up there. I shall look around. We can proceed when you are ready."", 'Impressive! Was it worth the effort?', 'I am not going down there. It would be foolish to attempt it. You have a much better chance to make it through these traps. I have no doubt that lever turns the blades off. I shall wait here for now.', 'Thank you. Miraak took great pains to make it difficult to reach him, it seems. Let us hope that is the last of these traps.', 'The evil of this place must be rooted out. I do not know what it is Miraak learned that gave him reason to turn on his masters. But his path seems to have been a cruel one. I wonder if we will find some answers to what happened so long ago.', ""How much deeper can this be? I had been told that Miraak's power was great, but to have built so large a temple... It cannot be much further now. I feel it in my bones."", 'Something feels wrong. Brace yourself!', 'Dead end? Impossible. There must be something more! Look around. I will let you know if I find anything in the dining area.', 'I knew it! A secret passage in the dining area just opened up. This must be it. Let us move quickly.', 'I wonder if there is something here that tells the story of Miraak... Nothing but ruined books. I do not recognize this statuary. We passed by a few of them earlier, but they are becoming more frequent as we get further in. I do not like this place. It almost looks as if these statues will come to life at any moment. It looks like there is only one way to proceed. I leave the honor of pulling that handle to you. I do not want to put my hand anywhere near the mouth of that statue.', 'It is eerily quiet. I do not suspect that will be the case the further we go. Be on your guard.', 'There are dark magics at work here. Ready yourself. This book... It seems wrong, somehow. Here, yet...not. It may be what we seek.', 'What happened to you? You read the book and then... It seemed as though you were not really here. I could see you, but also see through you!', 'Where? Where is he? Can we reach him? Can we kill him?', 'This is a dangerous thing, then. We should return to my village, and show this to my father. Perhaps Storn can make sense of what is going on. Come, there looks to be a way out through here.', 'You see that green light? That comes from the Wind Stone, where my people work against their will. They must be freed soon. My village is just ahead. Storn has used his magic to raise a barrier around it, protecting the few of us left. That the barrier is still there is a good sign.', 'Father! I have returned! There is yet hope!', 'No, but I have brought someone who has seen things... He has confirmed that Miraak is the one behind the suffering of our people.', 'But how is that possible? After all this time...', 'Please, tell Storn what has happened.', 'Father, you must not do this. That book is...wrong. Evil. Against everything that you have taught me my whole life.', 'I stand beside you, father, as always.', 'Father! No, stop!', 'Do something!', ""Father! What have you done? Go. My father sacrificed himself so that you could destroy Miraak and lift his master's shadow from the land. Go, then. Kill Miraak. Do not fail."", 'I can feel it. The Tree Stone is free again. The Oneness of the land is is restored. Does that mean...is it over? Is Miraak defeated?', ""Then my father's sacrifice...it was not in vain. He died to free us. Tell me...was it the only way? Did he need to die?"", ""Then...it was the All-Maker's will, as he said. I know I should not doubt it. But it is good to hear, all the same. Thank you."", ""I know. The Skaal will not forget this. Storn's death will become another of the many tales of Herma-Mora's treachery."", 'Yes, his ""help"" which did not require him to kill my father. Such is the way of Herma-Mora, the eternal enemy of the Skaal.', ""Thank you. Whatever your other reasons for acting, you have done the Skaal a great service. We will not forget what you've done."", ""It was Miraak who threatened Solstheim. With him gone, Herma-Mora has been foiled once again. Tell me, though...my father's death...was it necessary? Was there no other way to destroy Miraak? One more thing, Skaal-friend, if you will. I know it is not my place, but...may I offer a word of advice...of warning?"", 'As shaman of the Skaal, I am charged with the spiritual well-being of my people. While you are not of the Skaal, you are Skall-friend, and so I give you this warning. Herma-Mora forced you to serve him in order to defeat Miraak. Do not let him lure you further down that path. The All-Maker made you Dragonborn for a higher purpose. Do not forget that. Walk with the All-Maker, Skaal-friend.', 'I understand. Walk with the All-Maker, Dragonborn.']",NPC
Elder Scrolls Skyrim,2011,US,Frodnar,Male,"['Uncle Ralof! Can I see your axe? How many Imperials have you killed? Do you really know Ulfric Stormcloak?', 'Aw, mama, I wanna stay and talk with Uncle Ralof!', ""That's right! Don't worry, Uncle Ralof, I won't let those soldiers sneak up on you.""]",NPC
Elder Scrolls Skyrim,2011,US,Frorkmar Banner-Torn,Male,"[""• Is that so? I don't recognize you. Why aren't you wearing your Stormcloak colors? Dragonborn: Ditched it for this. Easier to sneak past the enemy. I suppose it would be. Good thinking. All right. Let's take a look... Ah, good. Looks like the reinforcements for the fort are on their way. And we have some information about enemy troop movements as well. Excellent. It's not easy running messages, what with Imperial scouts crawling over the place. Well done. Why don't you grab yourself a drink at the Windpeak before heading back?""]",NPC
Elder Scrolls Skyrim,2011,US,Fruki,Female,"[""Irgnir, get a hold of yourself. They're just dreams. Please tell her, Erandur."", 'Erandur, she has a point. You keep telling us no harm will follow these dreams, but they must be an omen.']",NPC
Elder Scrolls Skyrim,2011,US,Fultheim,Male,"[""I...I can hear you talking out there. Please, let me go. I've done nothing to you. Is this about that raid last week? I told Holgrim there was no honor in killing sleeping men, but he wouldn't listen! It wasn't my fault, I swear!"", ""My name is Fultheim. I'm a soldier. Well, mercenary, really. You know, a...a sellsword. I've lived in Skyrim all my life. That's all! I'm a nobody, really. So can't you just let me go?"", ""What? Oh gods, I don't want to die..."", ""Please! I don't know! I mean, I'm a soldier. I've killed people. When I was ordered to. Maybe there were some times...some times I got carried away? But war is war. Right? Nobody could blame me for that. Could they?"", ""Okay, well...I guess it's possible. I've been selling my sword arm for years now. Killed a lot of people. Could be someone wanted revenge. But... But you're not going to kill me. Right? What did I do? Please, whatever it is, I'm sorry.""]",NPC
Elder Scrolls Skyrim,2011,US,Fura Bloodmouth,Female,"['Present the bow to Lord Harkon at once!', 'None can deny your power now.']",NPC
Elder Scrolls Skyrim,2011,US,Gabriella,Female,"['Oh Babette, but you are so wicked.', 'And what of your latest, Arnbjorn? Something about a Khajiit? Merchant was it?', ""New brother. May I offer my most sincere welcome to our Family. Does death not come to us all? Is it not a certainty? I am, therefore, honored to be doom's herald. To play some part in a being's inevitable end. (Remain silent) It's nice to meet you, Gabriella."", 'You certainly have a strange energy about you. I look forward to following your progress.', ""What a curious question. Well, I enjoy moonlit nights, taking long walks on the beach, knitting and unicorns. In fact, I once took a seaside stroll, on a moonlit night, and discovered a unicorn... which I proceeded to stab in the throat with a crochet needle. I'm a woman of refined, yet simple tastes. Until next time, brother."", ""You're being sent to meet with the contact directly, is that correct? What a most unusual occurrence. Astrid usually performs this duty herself. I can only assume she wants to test the full breadth of your abilities. So. Be polite, and professional, and represent us well."", 'Without the Night Mother, there is no Dark Brotherhood. The Matron deserves our unwavering support and respect. Though I admit, I find her Keeper a bit too exuberant for my liking.', ""To what end? Usurping Astrid's authority as leader of the Sanctuary? Hmmm... Yes, I can see her concern. Thank you for bringing this to my attention."", 'If the Night Mother truly spoke to you, if you really are the Listener...your destiny was written in the Void. Astrid is right to fear your power.', ""I hope you don't mind, but I took the liberty of surveying the site of the reception. There's a small parapet, just opposite the balcony, that would prove an excellent spot for a long-range kill. I left something there for you. If you're inclined to take that approach."", ""Dear brother. I've been waiting for you. Your next contract awaits, as I'm sure Astrid indicated."", ""With the Emperor's arrival in Skyrim now a certainty, his security service, the Penitus Oculatus, will need to begin its preparations immediately. Security is being handled by a Commander Maro. Astrid and I have devised a plan to break the man, and in doing so, cripple the Emperor's protection. You are to slay the commander's son, Gaius Maro, and once he is dead, plant false evidence on him, implicating him in a plot to kill the Emperor."", ""He is set to leave the Penitus Oculatus outpost at Dragon Bridge, and inspect the security of each city in Skyrim. Go there now. Observe Gaius Maro's departure, and follow him. Waylay him in one of the cities, and send his soul to Sithis. Once he's dead, plant the incriminating letter on his body, and let fate take care of the rest. Oh, and one final thing..."", ""To earn your bonus, do not kill Gaius Maro in Dragon Bridge, or on the road. Kill him in one of the other major cities he'll be visiting. There, the body will be discovered quickly, as will the letter implicating Gaius Maro in the plot to assassinate the Emperor. Do that, and Astrid has authorized me to grant you a rather unique bonus. It is a special token, to be given to Olava the Feeble, in Whiterun. Olava is an old and dear friend, and a powerful seer. The token entitles you to a reading of your future. It's an opportunity one should not pass up."", 'Killing Commander Maro would do no good. Someone would merely replace him. No, we need him to remain in charge. But...distracted. Weakened. Implicate and kill his son Gaius, and the commander will be grief-stricken and humiliated, his family name ruined. The security plan will then fail. Best yet, the Emperor will be lulled into a false sense of security, thinking an assassination plot had already been discovered and foiled.', ""It's a small town, with one rather unique feature -- it houses Skyrim's only Penitus Oculatus outpost. It was established by Commander Maro when he first arrived in Skyrim, several months ago. When he began preparing for the Emperor's initial visit."", ""No, so your best plan is to follow him after he leaves Dragon Bridge. However, there is one other option... We know there's an actual written travel schedule, somewhere in the Penitus Oculatus outpost. Securing that would, obviously, be most beneficial... Walk in Gaius Maro's shadow, and deliver to him the judgment of Sithis."", ""Ah, at last. I've been anxiously awaiting your return."", ""Yes, I know. As does Astrid. • You have done well, and have earned both your reward, and a bonus, as I may have mentioned. • And you've earned your payment, though the bonus is forfeit, as I'm sure you're aware. But you should know that we have a more pressing matter to deal with. It's...Cicero. There's been an incident. You should proceed into the Sanctuary. I'll let Astrid explain."", 'It was a truly terrifying scene. Beautiful, in some respects.', 'I feel only pity for Cicero. He must die, of course, but can any of us truly blame him for his actions? We mocked him, disrespected the Old Ways. Our actions were shameful. Surely the Night Mother weeps this day.', ""You've been directed to dispose of the Gourmet's body, is that correct? I often find water to be a suitable hiding place. A lake, a pool...the sea."", 'What an honor, the assassination of an Emperor. And all because you are the Listener, favored by the Night Mother, anointed by Sithis. I am so very happy for you. If not a bit...envious.']",NPC
Elder Scrolls Skyrim,2011,US,Gaius Maro,Male,"['Stop right there. The tower is off limits until further notice.', 'What\'s this now? ...order of his eminence... ...possessor of these papers...the ""Gourmet""... By Azura. The Gourmet! I...I\'m sorry! I didn\'t realize! We...we had no idea when to expect you, you understand.', ""You're not dressed as I would have expected..."", 'Your clothes... of course... I should have realized...', ""But please, don't let me keep you. Proceed to the kitchens straight away. Gianna, the castle chef, has been eagerly awaiting your arrival."", 'That man was, by far, the most insufferable decoy the Emperor has ever employed. I\'m glad he\'s dead. Ah, but I\'m even happier that you killed him. You, an assassin for the Dark Brotherhood, have just made an attempt on the Emperor\'s life. Would have succeeded, had it been the real man. Surprised? So was I, when a member of your ""Family"" came to me with the plan. We worked out a deal, you see. An exchange. I get you, and the Dark Brotherhood gets to continue its existence. But you know what? I\'ve changed my mind. How about this? I kill you, and butcher each and every one of your miserable little friends? Your Sanctuary\'s being put to the sword right now. That\'s what I think of this ""deal."" You killed my son! All of you! And now you\'ll pay the price. Kill him. And make sure there\'s nothing left to bury.', ""By the gods...you! But it can't be. You're dead. You... Yeaaaahhhh!"", 'The leader of the Dark Brotherhood? You mean Astrid? Dead? And this is no jest? Ha! This is a stroke of good fortune. Long have I watched the Dark Brotherhood\'s movements...waiting for the time to strike. That time is now! My agents have recently acquired the passphrase to their Sanctuary. It is, ""Silence, my brother."" Every assassin in that hole must be put down! You, my friend. You\'ve slain their leader. This honor should be yours. Do this, and you will be rewarded most handsomely!', ""By all I hold holy... Can it be true? Have you actually done it? This is a great day, my friend. You have struck a blow against darkness that will not soon be forgotten! Here, as promised -- a most generous reward! I'll make sure the Emperor himself hears of all you've accomplished. You've made Skyrim a better place."", ""Father, you worry too much. I'll be fine."", ""I understand. But you're being paranoid. I'm inspecting security, not charging off into battle. There's not a lot that can go wrong."", ""Farewell, father. I'll return as soon as I'm able."", ""Oh, Faida. I may travel alone, but you know I carry you always in my heart. I'll see you soon."", 'Keep back, citizen. I have important business I must attend to.', ""What? Filthy assassin! We'll see who lies dead!"", ""Is that a threat? Back off, or by the Eight I'll cleave that arrogant head off its shoulders."", ""I'm sorry, but I really don't have time for this. Move along.""]",NPC
Elder Scrolls Skyrim,2011,US,Gallus Desidenius,Male,"[""I didn't recognize you, but I sense you are one of us. Who are you?"", ""The last of the Nightingale Sentinels, I'm afraid. I've defended the Sepulcher alone for what seems like an eternity."", ""We were betrayed by one of our own kind. In fact, I'm to blame for what's happened here."", ""I was blinded. Blinded by dark treachery masquerading as friendship. Perhaps if I had been more vigilant, then Mercer Frey wouldn't have lured me to my fate and stolen the Skeleton Key."", ""I haven't heard that name in a long time. How do you know of me?"", ""The Key! You have the Skeleton Key! I never thought I'd see it again. And Mercer Frey?"", ""Then...it's over and my death wasn't in vain. I owe you a great deal, Nightingale."", ""That's quite a noble sentiment for someone in our...well, in your line of work."", ""You've done the Guild a great deed. And although they may not show it, I'm certain they appreciate your sacrifices."", ""Were I able to provide it, I'd shower you in wealth for what you've done. My only regret is that you had to undertake this task alone."", ""Karliah...she's still alive? I feared she'd befallen the same fate, ending up a victim of Mercer's betrayal."", ""Nothing would bring me more pride than to return the Key, but I'm afraid it's impossible. From the moment I arrived here, I've felt myself...well...dying."", ""The Sepulcher isn't merely a temple or a vault to house the Key. Within these walls is the Ebonmere...a conduit to Nocturnal's realm of Evergloam. When Mercer stole the key, that conduit closed, severely limiting our ties to her."", ""I'm afraid so. I'm weakening, and I can feel myself slipping away. The years without restoration of my power have taken their toll. Whatever damage has been caused can only be corrected by following the Pilgrim's Path to the Ebonmere and replacing the Key."", 'The Ebonmere is a conduit through which Nocturnal influences our world. Not through magic or blessings, but purely through luck.', ""Yes, absolutely. Your skill is your own...don't let anyone ever tell you otherwise. But Nocturnal, she influences our luck; nearly imperceptible assistance we get when we ply our trade."", ""Think about the Guild...about the state it was in when you began. Think about all the little things you might have heard. A pick breaking when it shouldn't have, the clouds in the nighttime sky clearing at the wrong moment... Our access to those bits of luck are what separates us from common bandits."", 'Precisely. There are still a few who call Nocturnal ""Lady Luck"" and for good reason.', ""I wish I could help you, but I've been a prisoner in this very chamber for the last quarter century. The only possible help I've come across are the remains of some poor fellow who was trying to follow in your footsteps. Perhaps his journal can help?"", ""With the Ebonmere closed, and the sudden severance from the realm of Evergloam, I fear they've undergone a drastic change. They're shadows of their former selves. They no longer remember their true purpose or their original identities."", ""My spirit didn't manifest itself in the Sepulcher immediately, so fortunately I wasn't present when the Ebonmere was sealed. However, ever since that day, I've felt my power waning...slowly draining away."", ""Whatever is affecting the Nightingale Sentinels is starting to affect me too. As I get closer to the Ebonmere I begin to feel myself slipping away. Even right this moment, I feel strange...when I don't think I should be feeling anything at all. Good luck, Nightingale."", 'Karliah?', 'If it were not for the actions of this Nightingale, your fears would have come true. He honors us all.', 'Nocturnal calls me to the Evergloam. My contract has been fulfilled.', ""When your debt to Nocturnal has been paid, we'll embrace once again."", 'Goodbye, Karliah.']",NPC
Elder Scrolls Skyrim,2011,US,Galmar Stone-Fist,Male,"['When has any good ever come from talking to the Empire?', ""I don't know how you convinced Ulfric to talk to the Empire. Worse than a waste of time, if you ask me."", 'Hear, hear!', 'Ha! Skyrim will never bow to the Thalmor! Unlike your Imperial friends here.', ""Shor's bones, where will these demands end?"", 'Damned Imperial lies! My men would never stoop to such methods, even in retaliation for your butchery at...', '• You see what talking to them gets us? • Damn Imperial arrogance!', 'Damn right we do.', ""Don't play dumb, Tullius!"", ""I don't much like this truce. Feels like a betrayal to me."", ""The look on Tullius's face while the Greybeard read the terms was worth the trip."", 'Dragonborn, even in death you dog my steps? How come you here? The king of this realm will cast you out -- cursed be your name by all sons of Skyrim, with scorn unceasing.', ""Not while I'm still standing, it's not."", 'Well? What are we waiting for?', ""If he's not with us, he's against us."", 'How long are you going to wait?', 'If by message you mean shoving a sword through his gullet.', ""So we're ready to start this war in earnest then?"", 'I still say you should take them all out like you did Deadking Torygg.', ""We're ready when you are."", 'The people are behind you.', 'Then let them die with their false kings.', ""What's left of Skyrim to wager?"", 'How many of their sons and daughters follow your banner? We are their families.', ""I'd follow you into the depths of Oblivion, you know that."", ""I'll die before elves dictate the fates of men. Are we not one in this?"", ""Your words give voice to what we all feel, Ulfric. And that's why you will be High King. But the day words are enough, will be the day soldiers like us are no longer needed."", 'Aye. But in the meantime, we have a war to plan.', ""Hmm. Helgen, eh? Ulfric told us quite the story. If you made it through that, you're likely worth something to me. But first, tell me. Why's a foreigner want to fight or Skyrim?"", 'Fair enough. But are you willing to die for your home?', ""Can't fault anyone for that! As long as you hate the Empire as much as I do, that I can work with."", 'All right. But before I can put you to use, I need to know how much you can take. I have a little test for you.', ""That's what I like to hear. So long as you can back up those words with steel."", ""The kind men use to measure themselves. I'm sending you to Serpentstone Island. If you survive, you pass. If you die, well, you weren't going to be much use to me anyway."", ""It's where men have tested their mettle for ages. There's a strange rock formation there, built by the ancients. Something about that place attracts the Ice Wraiths. You kill an Ice Wraith out there, and I'll have the proof I need about you."", ""Only the ones I'm not sure about. This will prove your abilities, but more importantly, it will prove your commitment."", 'Not so sure of yourself after all?', 'At the end of the day, every warrior is alone. Before you can stand next to your shield brother, you need to be able to stand on your own.', ""When you kill that Ice Wraith, then we'll talk about you becoming a Stormcloak."", ""We'll see about that, won't we?"", ""The Jarls are upset. They don't all support you."", 'They demand the Moot.', 'All the more reason then. The crown would legitimize your claim.', 'No, but this one...', ""It exists. And it'll be the symbol of the righteousness of our cause. Think about it. The Jagged Crown! It heralds back to a time before jarls and moots. Back to a time when a king was a king because his enemies fell before him, and his people rose because they loved him. Skyrim needs that king. You will be that king, Ulfric. You must be."", 'When have I ever been false with you?', ""It'll be there. You'll see."", ""You're alive. I owe Ulfric a drink. I have to admit, I didn't think we'd be seeing you again. I misjudged you. You're definitely Stormcloak material. It's time we made this official. You ready to take the Oath?"", ""Not at all. That was as much a test of your abilities as it was your resolve. I wasn't sure your heart was in it. But you've proven me wrong. And I respect that. Now, if were done being sentimental, it's time for you to take the Oath."", ""Before you're one of us, you must swear fealty to Jarl Ulfric Stormcloak, future High King of Skyrim. You must also pledge unswerving loyalty to your fellow Stormcloaks, to Skyrim and to her people."", ""You can stick a sword through an Imperial any day you want. But that doesn't make you a Stormcloak. We're not just fighting Imperials. We're fighting to restore Skyrim to her glory and give her the king she deserves."", ""Don't take too long figuring it out. Might mistake your hesitation for Imperial sympathies. Come back when you're committed to the cause, or go join the Legion. They're taking anyone with a pulse these days."", ""That's the spirit."", ""Now you're one of us. Which means you get to tag along on a little trip with me. Oh, and here. You're a Stormcloak now, you ought to look the part."", 'Have you not heard that ancient verse? ""Maw unleashing razor snow, Of dragons from the blue brought down, Births the walking winter\'s woe, The High King in his Jagged Crown."" Going way back to King Harald\'s time or even before, the High King always wore the Jagged Crown. It was the symbol of his might and power. The crown is made from the bones and teeth of ancient dragons, and it is said to contain a portion of the power of every king who has worn it. True or not, who would dare deny Ulfric\'s claim, when the legendary Jagged Crown sits upon his brow?', ""It's true, the location of the crown was lost with King Borgas. After the Great Hunt killed him, while he was off on his damned Alessian campaigns. But legend holds, his body was secretly returned to Skyrim and buried with the crown. Its exact whereabouts lost in the following Wars of Succession. Through sources that shall remain nameless, I've tracked down what I believe to be the final resting place of King Borgas -- Korvanjund. If the crown exists, it will be there."", ""Aye. The Great Hunt killed old King Borgas. Gods only know with what profane arts those elves cursed his remains. Curses nonwithstanding, the tombs of kings are always full of traps to ward off grave robbers, are they not? But nothing a band of Stormcloaks can't handle, I assure you."", 'Hail, Ilfhild.', ""What's the situation?"", ""Imperials? Well, if they're keeping themselves comfortable, let's slip in and send them to their graves that way."", ""What's the Legion doing here? Damn Imperial spies... Well, should be fun for us, at least. They don't seem to know we're here yet. Ready to spill some Imperial blood for Skyrim?"", 'Even the Imperials might eventually decide to patrol their perimeter. Get yourself ready!', ""That's what I like to hear. Listen up. Those Imperials aren't here by coincidence. Their spies must have found out we know about the Crown, and they don't want us to have it. But they won't stand in our way. I know some of you are ex-legion and may know men on the other side. But remember this. They are the enemy now and they will not hesitate to kill you. Keep your wits about you and watch your shield brother's back. Ulfric Stormcloak is counting on us to bring him back that crown, and that's exactly what we are going to do. Follow me. Quickly and quietly now. I want their guts on the ground before they even know we're here."", ""Pick a man and put him down. We attack on my signal. Time to show what you're really made of. For Skyrim!"", ""Gretta, Engar, stay and guard the entrance. We don't want any Imperial reinforcements taking us by surprise. The rest of you lot are with me."", ""I don't like the look of this. Perfect spot for an ambush. Ten to one they're just waiting for us on the other side."", ""You sure about that? Then please, be my guest and go strolling on in there. We'll stay here and watch your back... Not so sure? Oh, then perhaps we should take a moment to look around a little, eh? You there, Unblooded, see if you can find another way through. We'll charge in to help as soon as we hear fighting. There may be some way to get through on the level above. Hurry!"", ""Careful, boys. There's bound to be more up ahead."", ""Steady. A few dusty bonewalkers aren't going to stop us anymore than the Imperials could. We're not leaving until we get what we came for. Now let's keep moving."", 'Ah! The Hall of Stories...we must be getting close now.', ""One thing at a time. We're here for the Crown. Any of these carvings show a crown?"", ""Hmm, looks like this is as far as the Imperials got. Even if one of these pictures tells us where the Crown is, I'm betting we're going to have to find a way through that door. See what you can figure out, Unblooded. I'm going to check out these carvings over here. Let me know if you find something."", ""Hmm...that looks like some kind of claw from a statue. I wonder what it's used for."", ""Good job! Alright everyone! Keep your guard up. No telling what we'll find down here."", ""Come on, boys. Let's spread out and see what we've got. Unblooded, do what you do best. See if you can find some way to get that gate open."", ""That's done it! Alright, boys, let's get moving. We've got more..."", ""Steady now! They may be uglier than Imperials but they'll go down just the same."", ""Let's hope that's the last of them. Come on, let's see what's down this way."", 'The crown must be around here somewhere. Spread out, and keep your eyes open.', 'Ralof...get away from there, fool!', ""Get to Windhelm with the crown as quick as you can. Tell Ulfric he owes me a drink. We'll stick around here for a while and see if we can find anything else useful."", 'Again?', 'Give the word, my lord, and Whiterun is yours.', ""I've toured our camps. We're ready, Ulfric... Whenever you are."", ""No. But neither is every man able to give that order when he must. But you are that man, Ulfric. You've been that man before, and you'll be him again. And these men and women -- they call themselves Stormcloaks because they believe in you... They are the meanest, toughest sons of bitches Skyrim has to offer. And they want this. They want this as much as you do. Perhaps they want it more."", ""We're ready. And I might be old myself, but I'll kick those damn walls down with my bare feet! -- if you would only ask me to do it!"", 'Yes!', 'Aye, and the sons of Skyrim will greet that dawn teeth and swords flashing.', ""We're taking the city. Meet the brothers gathering for the attack. Fight well or die well. Talos be with you."", 'This is it, men!', 'Enough! Both of you! There is a burning city out there that needs a government.', 'Get over to Windhelm. Tell Ulfric of our victory here.', ""You're going to Fort Neugrad. They have some of our boys locked up there. But with a little luck, we can turn that to our advantage. I've sent some men to scout the area. Meet them, see if you can't find a way to slip in, free our men, and take over the fort. They'll never suspect an attack from the inside. This won't be easy. But that's why I'm sending you. You got the grit to get this done?"", 'I see. Well, make it quick, or do you have better things to do than fight for the people of Skyrim?', 'We all have faith in you.', ""Good. You've got real fire in you. I like that... Talos guide you."", 'Get over to Markarth. Rumor has it the Jarl\'s steward, Raerek, is a faithful Talos worshipper, if not a true son of Skyrim -- he still supports the Empire, after all. But, if confronted with proof of his belief, you might be able to ""persuade"" him to aid our cause, indirectly of course. Wouldn\'t want to sully his reputation, would we? You\'ll need to be careful with this one. The Jarl\'s men won\'t look kindly on you rummaging through the steward\'s quarters.', 'I see. Well, make it quick, or do you have better things to do than fight for the people of Skyrim?', ""I can always count on you, can't I?"", ""Good job. I knew you'd come back with something for me. It just so happens, I've got some scouts along the road. Meet up with them, and together see if you can't overpower the caravan."", ""Well done! I'll send men with a wagon to collect our prize. We'll put the weapons to use here, and I'll send the coin back to Windhelm."", 'Need you to deliver some false orders to the Imperial Legate in Morthal. But first we need to get our hands on some Imperial orders to make the forgeries. The inns at Dragonbridge and Rorikstead are frequent stops for Imperial runners. See if you can\'t ""convince"" one of those innkeepers to help you. One way or another, get me those documents. What do you say?', 'I see. Well, make it quick, or do you have better things to do than fight for the people of Skyrim?', ""Don't screw this up."", 'Excellent. Put the fear of the Nine into those motherless dogs.', 'Good work! Let\'s see what you got. Hmm... They know more of our plans than I thought... Not good... Oh, what\'s this? Fort Snowhawk is in need of reinforcements... We\'ll make sure they won\'t be getting those... Give me a moment while I make a few, um, ""corrections"" to these reports... There we go. Make sure those forged documents get to the Legate in Morthal. That should give them the wrong idea...and us the advantage.', ""Good job! Ulfric was right about you. I'm glad to have you with us!"", ""You're going to Fort Snowhawk. Meet the brothers preparing for the attack. Then join them in wiping out the Imperials. Once you prevail we will garrison the fort. What do you say? Can you do this?"", 'I see. Well, make it quick, or do you have better things to do than fight for the people of Skyrim?', ""Good. You've got real fire in you. I like that... Talos guide you."", ""You're going to the fort. Meet the brothers preparing for the attack. Then join them in wiping out the Imperials. Once you prevail we will garrison the fort. What do you say? Can you do this?"", 'I see. Well, make it quick, or do you have better things to do than fight for the people of Skyrim?', ""Good. You've got real fire in you. I like that... Talos guide you."", ""Good job! Ulfric was right about you. I'm glad to have you with us!"", ""We're taking the city. Meet the brothers gathering for the attack. Fight well or die well. Talos be with you."", 'Already done.', 'You were there with us. You saw it. The day the Empire signed that damn treaty was the day the Empire died.', ""Stand aside woman. We've come for the General."", 'Damnit woman, stand aside!', 'What who wanted?', 'Heh.', 'It makes us right.', 'That Empire is dead. And so are you.', ""Just kill him and let's be done with it already."", ""By the gods! If it's a good ending to some damn story you're after -- perhaps the Dragonborn should be the one to do it."", ""Good. It's done."", ""I'll go gather the men in the courtyard."", ""Don't you worry about her. I've sent my best men to round her up."", 'Eh, not so bad. Nice touch about the High King.', ""It's a foregone conclusion, you know."", ""The Imperials aren't going to leave us alone. They still have camps in the hills. They'll continue to strike out at us, whenever and wherever they are."", 'Aye.', 'May the gods preserve us all.', ""No. I trust you'll do more good out there in the world, wherever you damn well please to go. You're a true son of Skyrim. You'll know what to do. To begin with, killing any Legionnaire you find out in the wilderness. I've reports they've hidden military camps out there."", ""Heh. Ulfric's put me in charge of keeping an eye on the new Jarls. You know, make sure they're generally following orders. Can't say I'm looking forward to that. But, I'll also be training men and women for their new armies. The Empire might send over a few Legionnaires to make sure we're serious, and of course, we'll be taking the fight to the elves soon enough. We'll need trained, disciplined and creative warriors ready for all that.""]",NPC
Elder Scrolls Skyrim,2011,US,Garan Marethi,Male,"[""Lord Harkon. Remember your place. Now, what is our Lord's wish?"", ""Well, well. He wants the Chalice, then. You've heard of the Bloodstone Chalice?"", 'It is a rather well-kept secret.', ""No. Don't try and impress me. It only leaves you looking foolish. The Chalice has been in Lord Harkon's possession for quite some time now. It is, when used properly, able to increase the potency of our powers. He has neglected using it for ages. If he wants it filled now, then grander things are afoot. This is good. Follow me. I'll take you to it."", 'Lord Harkon has never cared to use the Chalice, relying on his more than adequate powers until now. This is an intriguing change.', 'Excuse us. I need to fetch the Bloodstone Chalice.', ""Lord Harkon's orders, Orthjolf. Calm yourself. Our friend here has been ordered to fill the Chalice."", ""Indeed. He's off to Redwater Den."", ""Vingalmo and Orthjolf are Harkon's primary advisors. I'm sure they're quite surprised to learn that you're taking the Chalice. And here we are."", ""Now, this Chalice needs to be filled directly from the bloodspring that is the source of Redwater Den. But that's not enough. Once that's done, the blood of a powerful vampire needs to be added to it. Keep in mind that Redwater Den has fallen into...well, let's just say less reputable members of society now dwell there. It's your choice whether to attempt to deal with them or force your way through. Hurry back. You don't want to keep Lord Harkon waiting."", 'I see you have returned. Lord Harkon will be pleased. You met Stalf and Salonia, I assume? Lord Harkon and I suspected they might follow you there.', 'Well of course they did.', ""As well you should have. Welcome to the politics of Lord Harkon's court. Vingalmo and Orthjolf both long for our Lord's throne, but cannot make overt moves against him. Each sought to gain power by using his underling to kill you and keep the Chalice for himself. By ensuring the Chalice reaches our Lord, you have increased his power over them, and at the same time deprived them of their little pets. You've done Lord Harkon two great services. Take what you've learned to heart, and be careful who you trust. Now, I believe Lord Harkon wishes to speak with you."", 'It will be done my lord!', ""Auriel's Bow. Well done, indeed."", 'Find Lord Harkon. Let him know the time of the prophecy is at hand.', ""Lord Harkon, defeated. I never imagined I'd see the day. My lady, you have my deepest sympathies. I am sure this was not easy for you."", 'Of course, my dear. All will be well now.', 'My congratulations on defeating Harkon. Clearly, you are the superior vampire.', 'Well, now that the Castle is yours, I was wondering. Would you be interested in having the passage to the Courtyard restored? Harkon clearly never cared much for it.', 'It would be my pleasure.', 'Then I think I shall see to the repairs. Thank you for your time.', 'My apologies. I shall not trouble you with it again.']",NPC
Elder Scrolls Skyrim,2011,US,Garthar,Male,"[""They're waiting for you in the cistern. No tricks."", ""If I find Mercer first, I'm going to crush his skull with my bare hands!"", 'Glad to see they picked the right person for the job.']",NPC
Elder Scrolls Skyrim,2011,US,Gavros Plinius,Male,['Crystal...gone... Find...Paratus...in Oculory... Gah...'],NPC
Elder Scrolls Skyrim,2011,US,General Tullius,Male,"[""Good. Let's get this over with."", ""Ulfric Stormcloak. Some here in Helgen call you a hero, but a hero doesn't use a power like the Voice to murder his king and usurp his throne."", 'You started this war, plunged Skyrim into chaos and now the Empire is going to put you down, and restore the peace.', ""It's nothing. Carry on."", 'What in Oblivion is that?', ""Don't just stand there, kill that thing! Guards, get the townspeople to safety!"", ""Hadvar! Into the keep, soldier, we're leaving!"", 'The Greybeards? What do those old hermits want with me?', ""There's nothing to discuss as long as that traitor Ulfric is in arms against his rightful Emperor."", ""They are getting to be a problem. But I wasn't sent to Skyrim to fight dragons. My job is to quell this rebellion, and I intend to do just that, dragons or no dragons."", ""You may have a point. It's getting difficult to even move troops around without attracting a dragon attack. By all accounts the Stormcloaks are suffering just as badly. Even Ulfric might see the sense of a truce under these conditions."", ""I'll be the judge of that. Besides, by all reports the Stormcloaks are suffering just as much a we are from these dragon attacks."", ""Fair enough. We're driving the Stormcloaks back well enough at the moment, but we're already overstretched. That's what comes from trying to win a war with bare handful of legions. If the Emperor would just give me the reinforcements I've requested!"", ""Most of the Legion is tied down on the border with the Aldmeri Dominion. The Emperor can't afford to risk weakening Cyrodiil's defenses. From the Imperial City, our war here is just a sideshow. An interlude before the main event against the Thalmor resumes."", ""Hmm. You may have a point. I'm always surprised by how seriously the Nords take these things."", ""Yes. Yes, fine, I'll come to this Greybeard council. For all the good it will do."", ""Is everyone here? Let's get this started."", ""She's part of the Imperial deligation. You can't dictate who I bring to this council."", 'Legate. We represent the Emperor here.', 'Are you done? Did you just come here to make speeches? Or can we get down to business?', ""Jarl Elisif, I'll handle this."", ""Elisif! I said I'd handle it. Ulfric, you can't seriously expect us to give up Markarth at the negotiating table. You hope to gain in council what you've been unable to take in battle, is that it?"", ""Enough! First, let's be clear. This council wasn't my idea. I think it's a waste of time. You are a traitor to the Empire, and deserve a traitor's death. But I at least will negotiate in good faith. Since we're all here at your request, I'd like to hear what you think Markarth is worth."", ""Hmm. The Rift would help secure our communications with Cyrodiil... and threaten Ulfric's southern flank... You heard the man, Ulfric. We've made you a fair offer. Are you serious about these talks, or are you just here to posture?"", ""In exchange for Markarth, the source of most of Skyrim's silver? Hardly. Riften seems like a better choice to me. Well-fortified, easily resupplied across Lake Honrich. Plus all the mead we can drink."", ""Fair enough. I was hoping you could put aside your loyalties for the greater good, but I see you're firmly in Ulfric's camp. Still... Winterhold would allow us to directly threaten the rebel supply lines out of Windhelm... Better than nothing, I suppose. But Ulfric will need to offer a lot more if he wants me to give up Markarth without a fight."", 'Not enough to outweigh the loss of Markarth. With the Reach in enemy hands, our whole position in Solitude would be threatened.', ""I'm glad you agree. I was starting to wonder whose side you were on here."", ""• I don't blame you, Dragonborn. You made the best of a bad situation. But I can see now that this is not a negotiation at all. • You disappoint me, Dragonborn. I accepted your invitation on trust in your good name. But it seems you intend to favor Ulfric. I can see now that this is not a negotiation at all. I know you, Ulfric. If I hand over Markarth, you'll be ready with a new demand. You'll never defeat the Empire, and you know it. But you're willing to sacrifice thousands for your own selfish ambition. Soon enough I'll have you back under the headsman's axe, and this time there won't be any dragon to save you."", ""You always were a fool, Ulfric. You're no better at diplomacy than you are on the battlefield."", ""I don't know about the end of the world, but this dragon situation has gotten out of hand. If this truce will help the Dragonborn put an end to that menace, we both gain. Remember that, Ulfric. Now, back to the matter at hand..."", ""You know as well as I do we can't hand over Markarth on these terms."", 'We want compensation for the massacre at Karthwasten.', 'So, Dragonborn. What do you say?', ""Well said. For once, you'll actually pay for your crimes."", 'I should have known better than to expect you to give us a fair hearing. Once again, the Empire takes the blame for the crimes of others.', ""You know I can't agree to these terms. The Emperor would repudiate this treaty and I would be recalled."", 'We want the Pale returned to Imperial control. The traitor Skald the Elder will be replaced with a more loyal candidate.', ""I guess I have no choice but to let the Dragonborn decide. Although I'm starting to doubt your fairness. So, Dragonborn. What do you say?"", 'I knew I could count on you.', 'As I expected, you favor your friends.', ""I'm sure you have something in mind."", 'Where do these demands stop, Ulfric? Do you expect me to surrender all of Skyrim?', ""I'm listening."", ""Don't hand me a mug of sheep's piss and call it Colovian brandy. These terms are still not acceptable."", ""Never mind. I can see that these are the best terms we'll get from this council. So be it. The Empire at least puts the greater good above our own interests."", 'Thank you, Jarl Elisif. I appreciate your loyalty. • The Empire can live with these terms, yes. For a temporary truce, until the dragon menace is dealt with. • These terms blatantly favor the rebels. Everyone here knows that. But the Empire will accept them, until the dragon menace is dealt with. After that, Ulfric...there will be a reckoning. Count on it.', ""Well, that's an excellent question. You haven't overlooked that little detail, did you?"", ""You'd better be able to deliver, Dragonborn. I sacrified a lot here today."", ""That could have gone worse. Now it's up to you to deliver."", ""He'd be insane to try. He doesn't have the men."", ""It's not a cause. It's a rebellion."", 'Jarl Balgruuf...', 'Well, if he wants to stand outside the protection of the Empire, fine. Let Ulfric pillage his city.', 'You people and your damn Jarls.', ""If Ulfric's making a move for Whiterun, then we need to be there to stop him. Draft another letter with the usual platitudes, but this time share some of your intelligence regarding Ulfric's plans. Embellish if you have to. We'll let it seem like it's his idea."", 'You Nords and your bloody sense of honor.', 'Are my men now giving free reign to anyone who wanders into the castle? Do you have some reason to be here, citizen?', 'Have we? Oh. Of course... You were at Helgen!', 'Right... Helgen... One of the prisoners, if I recall correctly.', ""I suppose that's true. Fine. Why don't you have a chat with Legate Rikke? I suspect we might have use for someone resourceful like you. Not many survived Helgen. Besides, I'm sure your being imprisoned was all a terrible misunderstanding."", ""Tell me again why I'm wasting men chasing after a fairy tale."", ""Don't you Nords put any stock in your own traditions? I thought the Moot chose the king. We're backing Elisif. When the Moot meets, they'll do the sensible thing."", ""So what -- Ulfric gets this crown and then suddenly he's High King?"", 'And we gave it to Elisif?', ""Perhaps... I'm entrusting you with what resources I can spare. But I'm warning you, if this turns out to be a waste of time and men..."", 'Make sure you take the Auxiliary here. You can send him back when you get there and find nothing but old bones and cobwebs.', ""In joining the Legion, you'll be taking an oath binding you to the service of the Emperor and thus to every citizen of the Empire. Are you prepared to make that commitment?"", ""I see... Well, the Legion will still be here when you change your mind. Rikke believes in you. And I'm starting to see why. Consider this. What greater glory than to serve the Emperor and his citizens here in Skyrim, in these days of greatest need?"", ""Welcome to the Imperial Legion, soldier. Just remember, we take care of our own. Once you're in the Legion, you're in it for life. Speak to Beirand, he's normally out by the forge. He'll get you outfitted. Now, if I'm not mistaken, Legate Rikke has a special assignment for you."", 'Excellent work, soldier. I have to admit, I had my doubts it even existed. Did you run into any trouble?', ""That's what I like to hear. I'll get the full report from Legate Rikke."", ""That's not for you to decide. Soldier. I wouldn't have sent you in the first place if it wasn't going to be worth it."", ""Yes. Well, I didn't respond as quickly to the Legate's suggestion as perhaps I should have. But at least we ended up with the damn crown. Now then... I need someone I can trust to deliver a message of great import to Jarl Balgruuf of Whiterun. We have it on good authority that Ulfric has raised enough men to attack the city of Whiterun. The Jarl, however, refuses the Legion's support. This missive should convince him. Be aware soldier, these documents contain sensitive intelligence for the Jarl's eyes only."", ""By defeating Ulfric at Whiterun we have solidified the allegiance of the Jarl. Perhaps the Stormcloaks will soon lose heart for this little rebellion of theirs once and for all. I'm promoting you to Quaestor. Take this blade, a symbol of your new station and responsibility. I'll keep an eye on your progress. The Empire rewards excellence, and so do I."", ""You'd be wasted as a regular soldier. I have special plans for you. You'll be of greater use to me with greater flexibility. Make your way to our hidden military camp in the Pale. Rikke will have important tasks for you, and will need you when we reclaim the capital."", ""You'll be doing whatever Rikke tells you to do. And, I expect you to find creative ways to disrupt the Stormcloaks along the way."", 'For the Emperor!', 'Gods be with you.', ""Taking the Pale gives us another port in Dawnstar, and puts us within striking distance of Windhelm. That should make Ulfric a bit more cautious, eh? Battles are won by trained and disciplined men. Wars are won by talented and exceptional individuals. I'm raising you to Praefect. Take this blade, as a gift and symbol of your new rank. You've earned it."", 'Make your way to our camp in the Rift. We have a few surprises for the Stormcloaks lined up.', ""You'll be doing whatever Rikke tells you to do. And, I expect you to find creative ways to disrupt the Stormcloaks along the way."", 'For the Empire!', 'Taking control of the Rift was a great victory. Ulfric must be rather nervous with us so close to his door step.', ""You're needed in Winterhold. Report to our hidden camp there."", ""You'll be doing whatever Rikke tells you to do. And, I expect you to find creative ways to disrupt the Stormcloaks along the way."", 'Gods be with you.', 'For the Empire!', ""There's not much up there, but if we can regain Winterhold, our proximity to Windhelm should keep Ulfric wary and wasting troops garrisoned at home. By holding onto Falkreath, we control access to the Reach, Whiterun, and the Rift. Ulfric will try for it soon. We'll be there to stop him."", ""Ulfric Stormcloak's head rolling away from his lifeless body."", ""Now that we have Winterhold, I can garrison some troops there until I'm ready to march on Windhelm. I have come to rely heavily on you. It is only fitting that you join the upper eschelon. I am hereby elevating you to the rank of Legate. On behalf of the Empire, and myself, please accept this gift along with your new rank. Congratulations."", ""You've little time to glory in your accomplishments. We're gathering for our final assault on Windhelm. Report to our camp in Eastmarch."", ""All right! It's time to deliver the final blow to the Stormcloak rebellion! You have all fought bravely, and sacrificed much to bring us to this point. Ulfric thinks he can hide behind the walls of his castle. But we will fight our way in and drag him out through the rubble to face justice. Because this is the end for them, the Stormcloaks will fight like cornered rats. They will be fierce and crafty. But they are no match for Legionnaires. You are the best and the brightest warriors in Tamriel. Professional soldiers, fearless and devastating. The Emperor will be paying close attention to what happens here today. Men who distinguish themelves will be well rewarded. Ready now! Everyone, with me! For the Empire! For the Legion! Rrrrrraaaaaaaaaaaaaahhhhhhh!!!!"", 'Secure the door.', ""Ulfric Stormcloak! You are guilty of insurrection, murder of Imperial citizens, the assassination of King Torygg, and high treason against the Empire. It's over."", ""Enough! You are traitors and will die traitors' deaths. Stand down and face public execution, or advance and face summary execution by my hands. It matters little to me. Either way I'll be sending your heads back to Cyrodiil."", 'Die villain!', ""Well Ulfric, you can't escape from me this time. Any last requests before I send you to...to wherever you people go when you die."", 'Right. Well?', 'Song or not, I just want it done.', ""Well, I'm not quite done myself."", 'Fine by me.', 'Here, use my sword to do it. I made sure to sharpen it for the occasion.', 'What was that, Legate?', ""Well, the men will be expecting some kind of speech. And we'll need to hand the city over to that Free-Winter fellow."", ""The Legion will be staying here for quite some time. I don't expect there to be any further violence."", ""Oh, and Legate. It's been an honor to have you at my side. As a token of my appreciation, I want you to keep my sword. And now, to deliver a speech."", 'His head will be sent to Cyrodiil where it will adorn a spike on the walls of the Imperial City. Let this day be a final warning to all who would still call themselves Stormcloaks. We are turning the city over to Brunwulf Free-Winter, an honorable and faithful man. Many of you will be staying in Windhelm to aid the Jarl in restoring order and stamping out any embers of rebellion that may still smolder here. In appreciation for your exemplary service, I am doubling your pay and compensation to the widows of your fallen comrades.', 'I am proud of all of you. All hail the Emperor! All hail his Legionnaires!', 'I hate giving speeches.', ""I hope we haven't just created a martyr."", ""I pray you're right, Legate. In the meantime, we'll continue to root them out and put them to the sword."", ""We couldn't have done this without you. The Empire glories in your accomplishments... Come, Rikke. There's still much to be done."", ""The fiercest of the remaining rebels will continue to harass us, but by in large, the people here desire peace. What I'm not so sure about is the peace we've made with the Thalmor. But we'll kee that between the two of us, alright?"", ""No, I suspect Skyrim to be my home for many years. Can't say I'll ever get used to the damn cold, or understand these Nords...but, I've come to respect them. The harshness of Skyrim has a way of carving a man down to his true self."", ""Ulfric is dead and his army destroyed. There's not much more I could ask of you. The gods, however, I suspect, may have plans for you elsewhere. That said, Stormcloak true believers are still operating out of hidden military camps in the hills. If you encounter any on you travels, kill them. With luck, they'll soon lose heart and return to their homes and families. If not, we'll be forced to put them all to the sword."", 'Enough...enough...', 'You realize this is exactly what they wanted.', 'The Thalmor. They stirred up trouble here. Forced us to divert needed resources and throw away good soldiers quelling this rebellion.', ""We aren't the bad guys you know."", ""Perhaps you're right. But then what does that make you?"", 'And if I surrender?', 'So be it.', 'Aghh..']",NPC
Elder Scrolls Skyrim,2011,US,Gerdur,Female,"[""Brother! Mara's mercy, it's good to see you!"", 'But is it safe for you to be here? We heard that Ulfric had been captured...', ""Are you hurt? What's happened? And who's this? One of your comrades?"", ""Helgen? Has something happened...? You're right. Follow me. Hod! Come here a minute. I need your help with something."", 'Hod, just come here.', 'Hush, Frodnar. This is no time for your games. Go and watch the south road. Come find us if you see any Imperial soldiers coming.', 'The cowards!', ""You don't mean a real, live..."", 'Nobody else has come up the south road today, as far as I know.', ""Nonsense. You and your friend are welcome to stay here as long as you need to. Let me worry about the Imperials. Any friend of Ralof's is a friend of mine. Here's a key to the house. Stay as long as you like. If there's anything else you need, just let me know. There's something you can do for me. For all of us here. The Jarl needs to know if there's a dragon on the loose. Riverwood is defenseless... We need to get word to Jarl Balgruuf in Whiterun to send whatever soldiers he can. If you'll do that for me, I'll be in your debt."", ""I ought to get back to work before I'm missed, but...did anyone else escape? Did Ulfric..."", ""Hmph, help them drink up our mead, you mean... Good luck, brother. I'll see you later.""]",NPC
Elder Scrolls Skyrim,2011,US,Gianna,Female,"['Not another delivery. I told you people, our stocks are fine. Now put whatever you have over there, then get out!', ""The...Gourmet? Oh! Finally! When I heard the Gourmet was being brought in to cook for the Emperor, I could hardly believe it. It's just..."", ""• You're a Nord! I never would have guessed it! But where in the world did you learn to cook like that? Here in Skyrim? Or maybe somewhere less... • I guessed right! I...I always imagined the great Gourmet was a Wood Elf. You see, only someone with a knowledge of woodland herbs could combine... • Well, I just never expected the Gourmet to be a Breton. It almost seems too obvious. Some of the greatest cooks have been Bretons, and... • You...you're an Argonian! Where did you learn to cook like that? Surely not in Black Marsh. Why even the... • You're a High Elf! I...I never would have guessed it. So many of your recipes are clearly aimed at the commonfolk. It just seems... • I... Well, I just can't believe the Gourmet is a Dark Elf. How difficult it must have been for you in Morrowind. The food there is... • Well, I don't mean to seem disappointed, but...I just never figured the Gourmet was an Imperial. I had dreamed of something more exotic, maybe... • It's just... Well...you're an Orc! Ha ha ha! If the people of the Empire only knew! I mean, now I understand your need for secrecy. Most would... • Oh, well, it's just...I never imagined the Gourmet was a Khajiit. You know, because of all the fur, and the potential for getting hair in the... • Well, I'm just surprised the Gourmet is a Redguard. I had you pegged for a Wood Elf, honestly. You know, because of your use of..."", ""Oh. Well, um, actually...you're not. Wearing a chef's hat, I mean. There's one right over there on the shelf. You can't very well cook without it. Oh, just look at you. Absolutely brilliant. Now...now you're just as I imagined."", ""Oh! Yes, but of course. Ahem. The Emperor has requested your signature dish -- the Potage le Magnifique. I've taken the liberty of getting it started. But the cookbook only says so much, and everyone makes the Potage differently. I would be honored if we could make it...the Gourmet's special way. The base broth is already boiled. We can get started right now. So... Which ingredient should I add next?"", 'Carrots? Really? Okay... What next?', 'Ooooh...how decadent. I never would have guessed it. What next?', 'Oh, I get it. This is a test, right? You want to see how well I know the Potage le Magnifique. Well then, I think a pinch of frost salts should do the trick, right? Now what?', 'Vampire dust? Seriously? Hmm... Yes, I guess I can see how that would add a more...earthy texture. And, oddly enough, we do have some on hand... All right, what next then?', 'Ah, of course. I suspected as much.', 'My choice, then? Very well. I think we should add some Chaurus eggs. For additional flavor.', ""A...giant's toe? You're...sure about that?"", ""Of course! I...I'm sorry. One giant's toe... There. What, um... What next?"", 'Really? Oh, I use Nirnroot as a special seasoning all the time as well. What a wonderful idea. Okay, now what?', ""Ooookay... Um... Let me see. Thistle? Yes, let's try that. Just a sprig or two..."", 'A Septim? As in...a gold coin? Really? Ah, I see now. The would give the Potage le Magnifique a slightly metallic -- but delicious -- aftertaste. Simply Brilliant. I have to say, the stew seems done.', ""Hmmm...horker. So delicious. I swear, is there a soul alive who doesn't enjoy the taste of... Sorry, I didn't mean to get carried away. There we go, one cup of diced horker meat. I have to say, the stew seems done."", ""My choice, hmm? All right, then -- tomatoes. Simple, yet infinitely flavorful. Don't you agree? Well, I have to say the stew seems done. Add anything else, and we may dilute the distinct flavors. So...is that it?"", 'Excellent. They should be ready for us now.', 'Oh? What is this, some kind of herb? Are you sure? The Potage tastes perfect as it is. Any other ingredient might...', ""Heh, I'm sorry. Of course. It's your most famous recipe, after all. All right then, your secret ingredient's been added. And I may say so...it has been an honor, getting a chance to prepare a meal with, well...the best chef in the entire Empire."", ""I'll carry the stew pot, and lead the way up to the dining room. I'm sure the Emperor and his guests are dying to meet you."", ""Here we are. Gods, I'm nervous. We'll go in in just a moment. Please, I'll serve. You just stand there and...be amazing."", ""Help! What? No. No, you don't understand! There's been some kind of mistake! I... Agghhhhh!"", 'Maybe when this is all over, you could sign one of your cookbooks for me?']",NPC
Elder Scrolls Skyrim,2011,US,Girduin,Male,"[""You would care about that, since you're the Arch-Mage's favorite!""]",NPC
Elder Scrolls Skyrim,2011,US,Gissur,Male,"['But, I need that money! I earned it. I have my own expenses you know...', ""But no one else has brought you such valuable information, have they? Etienne, he's talked, hasn't he? He knows where that old man is you're looking for, he told me himself."", 'So he has talked! I knew it!', ""Can I...I could help you. He'd talk to me. He trusts me."", ""No, no. I'll...I'll wait outside."", ""He's in the Flagon right now. Get ready."", ""Of course I'm sure! He was asking about Esbern.""]",NPC
Elder Scrolls Skyrim,2011,US,Gjalund Salt-Sage,Male,"[""If you're looking for passage to Solstheim, too bad. I'm not going back there anymore."", ""Sure. Yeah. That's me. Why? Who sent you?"", ""Now hold on! That wasn't my fault...I didn't know they were going to attack anybody. I don't even know how I got here."", ""It's hard to explain. I remember those people with the masks coming on board, then... Next thing I remember, I was here and they were gone. That's not right, losing whole days like that. There's been something strange going on there for a while, but after this...I'm done. I'm not going back to Solstheim."", ""Have you been listening to me? I'm not going back there."", ""Well...a man's got to make a living, after all. Fine. We'll cast off immediately."", ""That's a tempting offer...when you actually have the gold, I might be willing to consider it."", ""Alright, you have a point. Taking you back to find them is the least I can do. Besides, maybe you can put a stop to whatever's going on over there. I owe them a bit of payback myself."", ""Look, I'm sorry about your troubles, but I've got to look out for myself. I'm not going to risk it."", ""Hold on, now. I'm just a simple sailor. I never wanted to get mixed up in any of this. Alright, I'll take you. But we leave immediately."", ""Yeah, well, and I don't want them trying to kill me. So the answer is still no."", ""Whatever you want. The answer isn't going to be any different later though."", ""Surprised you've never heard of it. It's an island northeast of here. Has a small dark elf town called Raven Rock and a handful of Nords living in Skaal Village. But I'm not going back there. There's something wrong with about that place."", ""Well, here we are. This is Raven Rock. Can't say I'm all that glad to see it again. Good luck. Maybe you can figure out what's going on around here.""]",NPC
Elder Scrolls Skyrim,2011,US,Gormlaith Golden-Hilt,Female,"['Hyah!', 'Know that Gormlaith sent you down to your death!', 'Hakon! A glorious day, is it not!', 'What else is there?', 'You worry too much, brother. Victory will be ours.', ""We've bloodied him well. Four of his kin have fallen to my blade alone this day."", 'They did not have Dragonrend. Once we bring him down, I promise I will have his head.', 'We shall see soon enough. Alduin approaches!', 'Let those that watch from Sovngarde envy us this day! Gormlaith/Felldir/Hakon: Joor...Zah...Frul!', 'If I die today, it will not be in terror. You feel fear for the first time, worm. I see it in your eyes.', 'Skyrim will be free!', ""At long last! Alduin's doom is now ours to seal -- just speak the word and with high hearts we'll hasten forth to smite the worm wherever he lurks."", 'To battle, my friends! The fields will echo with the clamor of war, our wills undaunted.', 'Clear Skies -- combine our Shouts!', 'Lok...Vah...Koor!', 'Again!', 'Lok...Vah...Koor!', 'Stand fast! His strength is failing! Once more, and his might will be broken!', 'Lok...Vah...Koor!', 'No escape this time, foul worm!', ""For Skyrim! For Shor! For Sovngarde's freedom!"", 'All hail the Dragonborn! Hail him with great praise!', 'Even here, where heroes throng, few can match this mighty deed. What glory! The gods themselves must envy us this well-earned honor!']",NPC
Elder Scrolls Skyrim,2011,US,Grelod the Kind,Female,"['Those who shirk their duties will get an extra beating. Do I make myself clear?', ""And one more thing! I will hear no more talk of adoptions! None of you riff-raff is getting adopted. Ever! Nobody needs you, nobody wants you. That, my darlings, is why you're here. Why you will always be here, until the day you come of age and get thrown into that wide, horrible world. Now, what do you all say?"", ""That's better. Now scurry off, my little guttersnipes."", 'What do you want? You have no business being here.', 'The what? Why how dare you! I will not be intimidated in my own orphanage! Get out! Get out this instant!', ""Aretino? Why that little bastard! You tell him I'm coming for him! And when I find him, it will be the beating of his miserable life!"", 'What are you staring at, you worthless piece of gutter trash? I simply must start locking the doors again...', ""You don't scare me."", ""You're trying to frighten me, hmm? Do your worst!"", 'Think you can intimidate me? In my own orphanage? Ha! Not bloody likely.']",NPC
Elder Scrolls Skyrim,2011,US,Gulum-Ei,Male,"[""So, what do we have here? Hmm...let me guess. By your scent, I'd say you were from the Guild. But that can't be true, because I told Mercer I wouldn't deal with them anymore."", ""I don't deal in land or property. Now, if you're looking for goods, you've come to the right person."", ""Oh, wait...did you say Goldenglow Estate? My apologies. I'm sorry to say I know very little about that...bee farm, was it?"", ""Maybe I did, maybe I didn't. I can't be expected to remember every deal I handle."", ""I don't care what you promise. If I tell you the buyer's name and word gets around, it could ruin me!"", ""Well, now that you mention it, there is something I've been trying to get my hands on. I have a buyer looking for a case of Firebrand Wine. There just so happens to be a single case in the Blue Palace. Bring it to me, and we'll talk about Goldenglow Estate."", ""Hasn't Mercer Frey taught you people anything? You kill me and your only contact with the East Empire Company vanishes. That's not smart for business."", ""Ah, I see you have the wine. Hand it over and we'll talk. Good. Can't have the buyer getting impatient and looking elsewhere for this, can we? Here, take this. I certainly can't use it, but I suppose I need to pay you something for the goods."", ""Not at all. I consider it an investment in prolonging my life. As far as Goldenglow Estate goes, I'll tell you what I know. I was approached by a woman who wanted me to act as the broker for something big. She flashed a bag of gold in my face and said all I had to do was pay Aringoth for the estate. I brought him the coin and walked away with her copy of the deed."", ""Not at all. I tend not to ask too many questions when I'm on the job. I'm sure you understand. However, I did notice she was quite angry and it was being directed at Mercer Frey."", 'In this business we rarely deal in names; our identity comes from how much coin we carry.', ""Look, that's all I know. I never promised you I'd have all the answers. Now, since our transaction is done, I'll be on my way."", ""Now, there's no need to do anything rash... This isn't as bad as it seems. I was going to tell Mercer about everything, honestly! Please...he'll have me killed!"", 'I see you wish to be reasonable. Perhaps I misjudged you. The name of the person you want is Karliah.', ""Alright, alright... It's Karliah...her name is Karliah."", ""No, please! There's no need for that! I'll tell you everything. It's Karliah...her name is Karliah."", ""Mercer never told you about her? Karliah is the thief responsible for murdering the previous Guild Master, Gallus. Now she's after Mercer."", ""Help...? No, no! Look, I didn't even know it was her until after she contacted me. Please, you have to believe me!"", 'I don\'t know. When I asked her where she was going, she just muttered ""where the end began"". Here, take the Goldenglow Estate deed as proof. And when you speak to Mercer, tell him I\'m worth more to him alive.', ""Now you're speaking my language. Tell you what, if you need any stolen goods fenced, you bring them to me and I'll pay you good money for them. Consider me your new friend in the north."", ""Consider it a gift to ensure your silence. That thing seems to be bringing me nothing but trouble anyway. Karliah didn't even want it, she wanted to keep the sale a secret. I can see how well that went."", ""I asked her the same thing and she wouldn't come out and tell me. But now that I know who she is, I'd say she's trying to hit the Thieves Guild where it hurts."", ""Maven Black-Briar needs Goldenglow's honey for her mead. She's been using the Guild to keep the Estate under her thumb. If the owner cuts the Guild out of the picture, he's cutting Maven out of the picture...which she can't afford. If I was Maven, I'd blame the Guild for weakening and not being able to handle the place."", ""Exactly. For the Guild to survive, they need Maven's support. This Karliah must have spent a lot of time and resources planning this. Now, you won't forget to tell Mercer I cooperated, will you?""]",NPC
Elder Scrolls Skyrim,2011,US,Gunmar,Male,"[""• You there, hold fast! I've tracked this damned bear for two weeks; I'll not let it have any more victims. • For two weeks I've tracked that bear, and now find that you've killed it on your own. I'm not sure whether that makes you brave or foolish. What brings you here?"", ""Isran? Needing someone else's help? Never thought I'd hear that. I'm afraid he's a few years too late. I've moved on. I have more important business to attend to. Besides, he can handle anything alone! He assured me so himself. What could he possibly need my help with?"", ""Vampires? That...well, that might change things. Tell me more about what's going on."", ""By the Eight... • All right, look. I'll consider it, but I just can't leave this bear to prey on more innocent people. Once it's dealt with, then perhaps I'll see what Isran expects of me. • All right. I'll hear out Isran, see if there's anything I can do to help. Where do you expect me to go? Dragonborn: Isran's at Fort Dawnguard. He's been working on that place for years now. Never lets anyone in. His own little fortress. Well, I guess I'll get to see what he's been up to all this time. I'll meet you there."", ""Don't know how well I'd have managed by myself. You have my thanks. You've helped me, so I suppose the least I can do is find out what Isran wants. He's still at that fort near Stendarr's Beacon, I assume?"", 'Of course he did.', ""If Isran is anything, he's stubborn. He's been working on that place for years now. Never lets anyone in. His own little fortress. Well, I guess I'll get to see what he's been up to all this time. I'll meet you there."", ""All right Isran, you've got us all here. Now what do you want?"", 'Send them to Oblivion!']",NPC
Elder Scrolls Skyrim,2011,US,Gunnar Stone-Eye,Male,"['Gods guide you, Hadvar.']",NPC
Elder Scrolls Skyrim,2011,US,Hadring,Male,"['Ah, hello there, traveler. Come to the Nightgate for food or lodging?', ""I tend to keep my patrons' privacy."", ""It is? Well that's different."", ""Yeah, sure it is. You don't fool me."", 'Well, if you insist...', 'Seems your purse is lighter than you thought.', ""Now, now! That won't be necessary."", ""Hmph. He was here, but he left. If you leave now, you can probably catch him. Or, you can just wait here. He'll be back soon enough.""]",NPC
Elder Scrolls Skyrim,2011,US,Hadvar,Male,"['Ulfric Stormcloak. Jarl of Windhelm.', 'Ralof of Riverwood. Lokir of Rorikstead.', 'Wait, you there. Step forward. Who are you?', ""• You picked a bad time to come home to Skyrim, kinsman. • Not many wood elves would choose to come alone to Skyrim. • You from Daggerfall, Breton? Fleeing from some court intrigue? • You from one of the strongholds, Orc? How did you end up here? • Are you a relative of one of the Riften dock workers, Argonian? • Another refugee? Gods really have abandoned your people, dark elf. • You're a long way from the Imperial City. What're you doing in Skyrim? • What are you doing here, Redguard? You a sellsword? A sailor from Stros M'kai? • You with one of the trade caravans, Khajiit? Your kind always seems to find trouble. • You're not with the Thalmor Embassy, are you, high elf? No, that can't be right... Captain, what should we do? He's not on the list."", ""By your orders, captain. • I'm sorry. At least you'll die here, in your homeland. • I'm sorry. We'll make sure your remains are returned to Elsweyr. • I'm sorry. We'll make sure your remains are returned to Cyrodiil. • I'm sorry. We'll make sure your remains are returned to Orsinium. • I'm sorry. We'll make sure your remains are returned to High Rock. • I'm sorry. We'll make sure your remains are returned to Morrowind. • I'm sorry. We'll make sure your remains are returned to Valenwood. • I'm sorry. We'll make sure your remains are returned to Hammerfell. • I'm sorry. We'll make sure your remains are returned to Black Marsh. • I'm sorry. We'll make sure your remains are returned to the Summerset Isle. Follow the Captain, prisoner."", 'What was that?', 'There it is again. Did you hear that?', 'To the block, prisoner. Nice and easy.', ""Haming, you need to get over here now! Thataboy. You're doing great! Torolf! Gods...everyone get back!"", 'Still alive, prisoner? Keep close to me if you want to stay that way. Gunnar, take care of the boy. I have to find General Tullius and join the defense.', 'Stay close to the wall!', 'Quickly, follow me!', ""It's you and me, prisoner, stay close!"", 'Ralof! You damned traitor, out of my way!', 'Fine. I hope that dragon takes you all to Sovngarde.', ""With me, prisoner! Let's go! Come on! We need to get inside!"", ""Looks like we're the only ones who made it. Was that really a dragon? The bringers of the End Times? We should keep moving. Come here. Let me see if I can get those bindings off. There you go. Take a look around, there should be plenty of gear to choose from. I'm going to see if I can find something for these burns. You better get that armor on. Give sword a few swings, too. Let's keep moving. That thing is still out there. Come on, this way."", 'Hear that? Stormcloaks. Maybe we can reason with them. Hold on now, we only want to...', 'If you want to die, so be it.', ""That's the end of that. Let's see if I can get that door open."", ""Look out! Damn, that dragon doesn't give up easy."", 'An old storeroom. See if you can find some potions. Might come in handy.', 'Done then? This way!', ""A torture room. Gods, I wish we didn't need these..."", ""Don't you even know what's going on? A dragon is attacking Helgen!"", 'Come with us. We need to get out of here.', ""Didn't you hear me? I said the keep is under attack!"", ""Wait a second, looks like there's something in this cage."", ""See if you can get it open with some picks. We'll need everything we can get."", ""Grab what you can and let's go."", ""Alright, let's see if we can find a way out. Let's see where this goes."", ""Damn it. No going back that way. I guess we're lucky that didn't come down on top of us. We better push on. I'm sure the others will find another way out."", ""Hmm, that doesn't go anywhere. I guess we'd better try this way."", 'What next, giant snakes?', ""Hold up. There's a bear just ahead. See her? I'd rather not tangle with her right now. We might be able to sneak by. Just take it nice and slow, and watch where you step. Or if you're feeling lucky, you can take this bow. Might take her by surprise. Go ahead. I'll follow your lead and watch your back."", ""This looks like the way out! I was starting to wonder if we'd ever make it."", 'Wait!', ""Looks like he's gone for good this time. But I don't think we should stick around to see if he comes back. Closest town from here is Riverwood. My uncle's the blacksmith there. I'm sure he could help you out. It's probably best if we split up. Good luck. I wouldn't have made it without your help today. Listen, you should go to Solitude and join up with the Imperial Legion. We could really use someone like you. And if the rebels have themselves a dragon, General Tullius is the only one who can stop them."", ""See that ruin up there? Bleak Falls Barrow. When I was a boy, that place always used to give me nightmares. Draugr creeping down the mountain to climb through my window at night, that kind of thing. I admit, I still don't much like the look of it. These are the Guardian Stones, three of the thirteen ancient standing stones that dot Skyrim's landscape. Go ahead, see for yourself. • Mage, eh? Well, to each his own. It's not for me to judge. • Thief, eh? It's never too late to take charge of your own fate, you know. • Warrior, good! I knew you shouldn't have been in that cart the minute I laid eyes on you. Listen, as far as I'm concerned, you've already earned your pardon. But until we get that confirmed by General Tullius, just stay clear of other Imperial soldiers and avoid any complications, all right? I'm glad you decided to come with me. We're almost to Riverwood."", ""Things look quiet enough here. Come on, there's my uncle. Uncle Alvor! Hello!"", ""Shh, uncle. Keep your voice down. I'm fine, but we should go inside to talk."", ""He's a friend. Saved my life in fact. Come on, I'll explain everything, but we need to go inside."", ""I don't know where to start. I was assigned to General Tullius's guard. We were stopped in Helgen when we were attacked...by a dragon."", ""Not much more to tell. This dragon flew over and just wrecked the whole place. Mass confusion. I don't know if anyone else got out alive. I doubt I'd have made it out if not for my friend here. I need to get back to Solitude and let them know what's happened. I thought you could help us out. Food, supplies, a place to stay."", ""It's nice to be back in a friendly spot, huh? Listen, I'm going to lay up here for awhile. You can make your own way to Solitude from here. I recommend heading to Whiterun, just down the road from here. From there you can take a carriage to Solitude."", 'I remember you...you were with us at Helgen, and Whiterun. Glad to have you with us. How are you?', 'Good to hear.', ""These are dark days. But at least we know we're doing our part to make things better, eh? I guess I'm doing all right. I need this to go well. This is my first real command since they promoted me after Whiterun. You know, some nights when I close my eyes, I see the battle stretched out before me, like I'm still there... Do the men you've killed haunt you? Mine do..."", ""I suppose you're right...they say it gets easier... I'm not sure if that's a good thing..."", ""That's what I keep telling myself. But, never mind all that. What brings you out this way?"", ""Really? It just so happens we've been tracking a wagon! For about a day now. So that's what's in there? Coins and weapons? How do you know that?"", ""That was crafty. I'm sure having a steward in the pocket will come in handy. Lucky for us, that wagon recently had a little accident."", ""Oh, fine. Keep your secrets. I see how it is. That wagon recently had a little accident. They're stranded now. Just up the road! We're outnumbered, but I have a plan. You got here just in time."", ""First, we're going to take out their sentry, then we'll situate ourselves overlooking their camp. Next, you'll infiltrate their position and get their attention while we hit them with a barrage of arrows. With a bit of luck, we'll catch them completely off guard and even the odds a little."", ""All right, if you insist. But we'll come running if it sounds like things have gotten out of hand."", ""Let me know when you're ready."", 'Good.', ""There's a sentry patrolling the hill. We'll go in quiet and drop him a combined arrow barrage. Keep low, fire on my word. Fire!"", ""All right. You infiltrate their camp, we'll cover you from the ridge."", ""We make quite a team, eh? I'll stay here and guard the shipment. You get back to camp with news. Have them send some men -- with a new wagon. This one isn't going anywhere."", ""Hey there! Can you believe this place? So cold my breath turns to icicles! What are we even doing up here? Guess Tullius wants to make sure everything's locked down before launching a serious campaign for Eastmarch. Anyway, I'm glad you're here. We're outnumbered again, more so than when we took that wagon. But if we work together, we can pull this off."", ""There's a grate outside the wall. Looks like it used to be buried in snow. I don't think they know it's there. From the look of it, I'd bet it leads straight into the prison. I need you to sneak in there, and free our men, killing anyone inside as you go. Once you've rescued the prisoners, head out to the courtyard. We'll stand guard out here and rush in as soon as we hear fighting."", 'Talos preserve you.', ""I have faith in you. But, if you find more trouble than you can handle, run out to the courtyard. We'll come as soon as we hear fighting."", ""Great work! Get back and report our success. I'll stay here and clean up the mess. Glad you were here. Couldn't have done it without you!""]",NPC
Elder Scrolls Skyrim,2011,US,Haelga,Female,"[""What does he want now? I already explained to him that you can't get blood from a stone."", ""Look, I can't make the coin appear out of thin air. Please, be reasonable. I'll...I'll pay next month."", ""And so have I. What's the point of paying anyway? Your outfit can't even fend for itself. I could do better tossing the gold into the sewer. You can't scare me with your tough talk. I'm not paying you a single coin."", ""Ha! We'll see about that."", 'Here...take your damn coin and get out of here!', ""Please! Don't take the statue! It's the only thing of value I have left!"", 'You...you have my statue! What are you going to do with it?', ""Not Lady Dibella! No, please! I can't lose her! I get the message. Here, take your gold. I hope you choke on it!"", ""It's you! Please, don't hurt me!"", ""I know who you are. You've been terrorizing the entire city. Please, there's no need for that here. Message understood. Here, I even have the payment!""]",NPC
Elder Scrolls Skyrim,2011,US,Hafnar Ice-Fist,Male,"[""Let's just get inside, see what's in there."", ""You keep talking like you're sure we'll find something useful in here."", 'We barely made it out alive, and you want to go back in?', 'Dead. Something grabbed her from behind. Gone before I could do anything.', ""I don't think going back is a good idea."", 'This is it, you know. Through this door. Can you feel it?', 'We stay together, no matter what. Agreed?']",NPC
Elder Scrolls Skyrim,2011,US,Hakon One-Eye,Male,"[""Gormlaith! We're running out of time! The battle..."", 'For Skyrim!', 'Have you no thought beyond the blooding of your blade?', 'The battle below goes ill. If Alduin does not rise to our challenge, I fear all may be lost.', ""Why does Alduin hang back? We've staked everything on this plan of yours, old man."", 'Felldir! We agreed not to use it!', 'No. We will deal with Alduin ourselves, here and now.', 'So be it.', 'It worked...you did it...', 'Felldir speaks wisdom -- the World-Eater, coward, fears you, Dragonborn. We must drive away his mist, Shouting together, and then unsheathe our blades in desperate battle with our black-winged foe.', 'Lok...Vah...Koor!', 'Lok...Vah...Koor!', 'Does his strength have no end? Is our struggle in vain?', 'Lok...Vah...Koor!', ""Stand fast! The fell worm's death is ours at last, the light returns!"", 'Nowhere to hide! Hunter becomes our prey!', ""I'll look for you, friend, when at last you return to Shor's hall. The honor will be ours when you rejoin the ranks of Sovngarde.""]",NPC
Elder Scrolls Skyrim,2011,US,Haming,Male,"['Who are they, daddy? Where are they going?', 'Why? I want to watch the soldiers.']",NPC
Elder Scrolls Skyrim,2011,US,Headsman,Male,['Nngh!'],NPC
Elder Scrolls Skyrim,2011,US,Hermaeus Mora,Male,"['Come closer. Bask in my presence.', 'I am Hermaeus Mora. • I am the guardian of the unseen, and knower of the unknown. I have been watching you, mortal. Most impressive. • I have been watching you since you defeated Miraak. Your progress is most impressive.', 'Your continuing aid to Septimus renders him increasingly obsolete. He has served me well, but his time is nearing its end. Once that infernal lockbox is opened, he will have exhausted his usefulness to me. When that time comes, you shall take his place as my emissary. What say you?', 'Indeed. Speak with me when the box has been opened, and all shall be revealed.', 'Be warned. Many have thought as you do. I have broken them all. You shall not evade me forever.', 'Come, my champion.', ""Who do you think brought Septimus here? Who do you think protected you on your journey to open the box and loose my knowledge on this world? Your free will is an illusion. Whether you acknowledge me or not is your own business. But I will be in your mind. Now you have my Oghma Infinium. It contains the knowledge of the ages as revealed to Xarses, my loyal servant. For hundreds of years it's been shut away from the world. Septimus was a useful tool for unleashing it. Now it is in your hands. Let us work wonders together..."", '• So, another seeker after knowledge enters my realm. • I know you, champion. The Oghma Infinium was only the beginning.', 'This is Apocrypha, where all knowledge is hoarded.', '• Perhaps you will prove clever enough to uncover the secrets hidden here. If so, welcome. Perhaps you are a fool or a coward. If so, you are in peril. Read your book again and escape before Apocrypha claims you forever. • Sate your thirst for knowledge in the endless stacks of my library. If you tire of your search, read your book again to return to your mortal life. For a time. The lure of Apocrypha will call you back. It is your fate.', '• All seekers of knowledge come to me, sooner or later. • Well done, my champion. Your journey towards enlightenment has finally lead you here, to my realm, as I knew it would.', 'I am Hermaeus Mora, the Gardener of Men, knower of the unknown, master of fates. You stand in my realm, mortal.', 'You have entered my realm. You have sought out the forbidden knowledge that only one other has obtained. You are Dragonborn, like Miraak before you. A seeker of knowledge and power.', ""Your progress since obtaining my Oghma Infinium has been rapid. And now, I find you here, following in my servant Miraak's footsteps. You also are Dragonborn. You also seek how to bend the world to your will."", 'No. Not yet. I have watched your progress through my realm with growing interest. You are following in the footsteps of my servant, Miraak. Like him, you are Dragonborn, and seek the power that is your birthright.', 'All that he knows he learned from me.', 'You will serve me, willing or not. All who seek after the secrets of the world are my servants.', 'No. Look around you. You have done nothing here on your own. You could spend a hundred lifetimes searching my library, and you will never find what you seek. I know what you want: to use your power as Dragonborn to bend the world to your will. Here then is the knowledge you need, although you did not know you needed it. The second Word of Power. Use it to bend the will of mortals to your purpose. But this is not enough. Miraak knows the final Word of Power. Without that, you cannot hope to surpass him. Miraak served me well, and was rewarded. I can grant you the same power as he wields, but all knowledge has its price.', 'Knowledge for knowledge.', 'You please me, champion. Your loyalty will be richly rewarded. The Skaal have withheld their secrets from me for many long years. The time has come for this knowledge to be added to my library.', 'I know you will. And then I will give you the knowledge that you seek.', ""Yes, I know. And then Miraak's power will be yours as well."", 'My servant Miraak would have found a way to bring me what I want. So will you, if you wish to surpass him.', 'My word is as true as fate, as inevitable as destiny. Bring me what I want, and I will give you what you seek.', ""Even dragons submit to Miraak's Voice. Without that power, you cannot face him. So say I, Hermaeus Mora, master of the tides of Fate."", 'He has served me long and well. But he grows restless under my guidance. His desire to return to your world will spread my influence more widely. But it will also set him free from my direct control. It may be time to replace him with a more loyal servant. One who still appreciates the gifts that I have to offer. Send the Skaal shaman to me. He holds the secrets that will be mine.', 'At last, the Skaal yield up their secrets to me.', 'Dragonborn, you have delivered me the gift I requested. In return, I keep my promise, as befits a Prince of Oblivion: I give you the Word of Power that you need to challenge Miraak. You will be either a worthy opponent or his successor, as the tides of fate decree.', 'Did you think to escape me, Miraak? You can hide nothing from me here. No matter. I have found a new Dragonborn to serve me.', 'Miraak harbored fantasies of rebellion against me. Learn from his example. Serve me faithfully, and you will continue to be richly rewarded.']",NPC
Elder Scrolls Skyrim,2011,US,Hern,Male,"['Well now. What have we here? A lost little lamb?', ""Well then, you won't be leaving here alive!"", 'Ah, so the Brotherhood has come for old Hern, has it? Well then, let us meet as equals.', ""Hmph. Don't say much, but there's a strange aura about you. You walk in the shadow of death... Leave here. Leave here and never return.""]",NPC
Elder Scrolls Skyrim,2011,US,Hestla,Female,"[""You've served us all well, friend."", ""Auriel's Bow is ours. Deliver it to Lord Harkon at once, so we can reap the benefits of this prophecy."", 'No one will soon forget that you were the one to defeat Harkon.']",NPC
Elder Scrolls Skyrim,2011,US,Hircine,Male,"['Well met, hunter.', 'I am the spirit of the hunt, just one glimpse of the glorious stalker that your kind calls Hircine.', 'Your fealty is precious to me. I will make good use of it. You bear my ring.', 'I may consider it. But you must first do a service for my glory. The one who stole it has fled to what he thinks is his sanctuary. Just as a bear climbs a tree to escape a hunt, but only ends up trapping himself. Seek out this rogue shifter. Tear the skin from his body, and make it an offering to me.', ""Fly, my hunter. There are others who vie for my favor. A bit of competition. Don't dally while the prey flees."", 'There is no retribution in the hunt. It is not vengeance I seek, but the blood course of a living hunt. There are others who would gladly accept my favor. They will hunt him while you delay. Your choice.', ""And skillfully, too. I've been watching you for ages, it seems. You have the makings of a fine hunter. You may even be my champion. Perhaps."", ""You've done well, hunter."", ""And found my favor. That skin will serve you well, child. Look more closely at it. My glories shall protect you from all this world's grievances. Good hunting."", 'Well met again, Hunter.', 'Not a failure, my servant.', 'So you may think. By bringing down my other Hunters, you turned the chase inside out. And they were no base prey. You continue to amuse and impress. Go forth, with my blessing.']",NPC
Elder Scrolls Skyrim,2011,US,Hod,Male,"['What is it, woman? Sven drunk on the job again?', ""Ralof! What are you doing here? Ahh...I'll be right down."", ""Now, Ralof, what's going on? You two look pretty well done in."", ""I'll let them into the house, and, you know, show them where everything is.""]",NPC
Elder Scrolls Skyrim,2011,US,Hogni Red-Arm,Male,"['Now this is going to be a good feast.', '""The bloodiest beef in the Reach!"" Ha ha ha.']",NPC
Elder Scrolls Skyrim,2011,US,Hroar,Male,['Someone has killed Grelod! Ha ha ha ha ha!'],NPC
Elder Scrolls Skyrim,2011,US,Hrongar,Male,"['We were just talking about you. My brother needs a word with you.', ""Didn't you hear the thundering sound as you returned to Whiterun? That was the voice of the Greybeards, summoning you to High Hrothgar! This hasn't happened in...centuries, at least. Not since Tiber Septim himself was summoned when he was still Talos of Atmora!"", 'Nord nonsense? Why you puffed-up ignorant...these are our sacred traditions that go back to the founding of the First Empire.']",NPC
Elder Scrolls Skyrim,2011,US,Hulda,Female,"[""Been hearing some strange tales of the Jarl's children. Say the one's turning wicked, and the others have an ill-favored look to them. Best to keep clear.""]",NPC
Elder Scrolls Skyrim,2011,US,Iddra,Female,"[""No, you don't want to go up there! A dragon...it's attacking!"", ""Well, I don't know. Not yet...it flew over the town and landed on the old dragon mound!"", ""It flew over the town and landed on the old dragon burial mound. I don't know what it's doing up there, but I'm not waiting around to find out!""]",NPC
Elder Scrolls Skyrim,2011,US,Idgrod Ravencrone,Female,"['If your eyes and your ears are open and your mind is free of judgment and expectation, you might learn much in this chamber.', 'Fair faces and fine food are well and good, but honesty is rarely so pleasing.', 'There are words spoken, and words unspoken. Beware these Thalmor, for they are adept in both languages. For this reason, I avoid them when I can.', 'Now here is a face I did not expect to see. Be mindful, for you walk among adders.', ""Nothing would please me more. I'll keep their eyes away while you do what you came here for. An old woman can get away with almost anything."", 'No harm is meant to you, happy fool.', 'Right here! I see it in your face! The snakes writhe behind your eyes! Get away, get away from me!', 'Begone, serpent! Begone from this house and trouble it no more! Beware of the serpent in your midst! Beware, oh people of Skyrim!', ""Dear me. All this trouble over me? I think I was confused. There's no harm in him. Please, let him go.""]",NPC
Elder Scrolls Skyrim,2011,US,Ingrid,Female,['Death to the Stormcloaks!'],NPC
Elder Scrolls Skyrim,2011,US,Irgnir,Female,"[""It's a curse! It has to be! I've got to get out of this town."", ""It's the same dream over and over. You think that's normal? It's evil I tell you!"", 'I...I will. Thank you...']",NPC
Elder Scrolls Skyrim,2011,US,Irileth,Female,"[""What's the meaning of this interruption? Jarl Balgruuf is not receiving any visitors."", 'Well, that explains why the guards let you in. Come on then, the Jarl will want to speak to you personally. Alvor sent me. Riverwood is in danger.', 'As Housecarl, my job is to deal with all dangers that Jarl or his people. So, you have my attention. Now, explain yourself.', 'You know about Helgen? The Jarl will want to speak with you personally. Approach.', ""Whatever you have to say to the Jarl, you can say to me. I'm starting to think... Balgruuf: It's all right, Irileth. I want to hear what he has to say."", ""My lord, we should send troops to Riverwood at once. It's in the most immediate danger. If that dragon is lurking in the mountains..."", 'Yes, my Jarl.', ""Farengar! Farengar, you need to come at once. A dragon's been sighted nearby. You should come, too."", ""I'd take this a bit more seriously if I were you. If a dragon decides to attack Whiterun I don't know if we can stop it. Let's go."", 'Tell him what you told me. About the dragon.', ""I've already ordered my men to muster near the main gate."", ""Don't worry, my lord. I'm the very soul of caution."", ""Here's the situation. A dragon is attacking the Western Watchtower."", ""You heard right! I said a dragon! I don't much care where it came from or who sent it. What I do know is it's made the mistake of attacking Whiterun!"", ""That's a fair question. None of us have ever seen a dragon before, or expected to face one in battle. But we are honorbound to fight it, even if we fall. This dragon is threatening our homes...our families. Could you call yourselves Nords if you ran from this monster? Are you going to let me face this thing alone?"", ""But it's more than our honor at stake here. Think of it -- the first dragon seen in Skyrim since the last age. The glory of killing it is ours, if you're with me! Now what do you say? Shall we go kill us a dragon?"", ""Let's move out."", ""No signs of any dragon right now, but it sure looks like he's been here. I know it looks bad, but we've got to figure out what happened. And if that dragon is still skulking around somewhere. Spread out and look for survivors. We need to know what we're dealing with."", ""Guardsman! What happened here? Where's this dragon? Quickly now!"", 'Here he comes! Find cover and make every arrow count!', 'Come down here and fight, you coward!', ""Let's make sure that overgrown lizard is really dead. Damned good shooting, boys!"", 'Everybody get back!', ""Hmph. Some of you would be better off keeping quiet than flapping your gums on matters you don't know anything about. Here's a dead dragon, and that's something I definitely understand. Now we know we can kill them. But I don't need some mythical Dragonborn. Someone who can put down a dragon is more than enough for me."", ""I've been all across Tamriel. I've seen plenty of things just as outlandish as this. I'd advise you all to trust in the strength of your sword over tales and legends."", ""That was the hairiest fight I've ever been in, and I've been in more than a few. I don't know about this Dragonborn business, but I'm sure glad you're with us. You better get back to Whiterun right away. Jarl Balgruuf will want to know what happened here."", 'Farengar, very bad idea. Even for you.', 'By all the gods...', ""You are either the bravest person I've ever met, or the biggest fool."", 'Prey awaits.', 'He was rather straight forward with Torygg.', 'That ""boy"" was High King of Skyrim.', ""True. He's already proven his personal strength. Now he seeks to prove his army's."", 'Ulfric is the one who has offended. But, Proventus has a point. Ulfric has made it clear. In his mind, to refuse his claim is to side with the Empire.', 'Was it cowardly then to accept the White-Gold Concordat?', ""It's time to decide."", 'Finally.', 'Prey waits.', 'He was rather straight forward with Torygg.', 'That ""boy"" was the High King of Skyrim.', ""True. He's already proven his personal strength. Now he seeks to prove his army's."", 'Ulfric is the one who has offended. But, Proventus has a point. Ulfric has made it clear. In his mind, to refuse his claim is to side with the Empire.', 'Was it cowardly then to accept the White-Gold Concordat?', ""It's time to decide."", 'Finally.', 'Halt in the name of the Jarl, Balgruuf the Greater!', 'Stay back, lord!']",NPC
Elder Scrolls Skyrim,2011,US,Isran,Male,"['Why are you here, Tolan? The Vigilants and I were finished with each other a long time ago.', ""And now you want to come running to safety with the Dawnguard, is that it? I remember Keeper Carcette telling me repeatedly that Fort Dawnguard is a crumbling ruin, not worth the expense and manpower to repair. And now that you've stirred up the vampires against you, you come begging for my protection?"", 'Yes, well...I never wanted any of this to happen. I tried to warn all of you... I am sorry, you know.', 'So who are you? What do you want?', ""Got a fire in your belly to kill vampires, eh? Good for you. But look around -- there's really not much to join yet. I've only just started rebuilding the order."", ""You heard right. I'm glad word's finally starting to get around. But that means it won't be long before the vampires start to take notice as well."", 'Why do I even post guards? This is the headquarters of the Dawnguard. Well, it used to be, a long time ago. As you can see, we have some work to do to restore it to its former glory. But maybe you want to help me with that?', ""I need someone out in the field, taking the fight to the damn vampires, while we're getting the fort back in shape... Tolan was telling me about some cave that the Vigilants were poking around in. Seemed to think it was more related to these recent vampire attacks."", ""We hunt down and kill vampires. Haven't you been paying attention? In the old days, the Dawnguard kept all of Skyrim safe from those bloodsucking scum. Then people stopped taking the threat seriously, the Dawnguard was disbanded, and the vampires came creeping back. Now I'm trying to reestablish the Dawnguard. Take the fight to the vampires for a change. I hope it isn't too late."", ""While you're thinking about it, the vampires will be gathering strength in the shadows, waiting to strike."", 'Tolan, tell him about, what was it, Dimhollow?', ""That's good enough for me. Go see what the vampires were looking for in this Dimhollow Crypt. With any luck, they'll still be there. Here, you should take a crossbow. Good for taking out those fiends before they get close. Feel free to poke around the fort and take what you need. There isn't much yet, but you're welcome to anything you can use."", ""Tolan, I don't think that's a good idea. You Vigilants were never trained for..."", ""You there, boy. Stop skulking in the shadows and step up here. What's your name?"", 'Do I look like a ""sir"" to you, boy? I\'m not a soldier, and you\'re not joining the army.', ""Didn't I tell you to step forward? Hmm... Farm boy, eh? What's your weapon?"", '""My pa\'s axe,"" Stendarr preserve us. Don\'t worry, I think we can make a Dawnguard out of you. Here, take this crossbow and let\'s see how you shoot.', ""Yes, a crossbow. Best thing for killing vampires. Just take a few shots at those crates over there. Take a deep breath and let it out as you fire. You need to concentrate, boy. Try it again. You'll get the hang of it. That's it."", 'So, any luck? Was Tolan right about the vampires being interested in Dimhollow Crypt?', 'Good. I assume you took care of that little infestation. Did you figure out what they were looking for in there?', 'Damn fool. I told him not to go. The Vigilants always had more bravery than sense. Did you at least find out what the vampires were looking for in there?', ""That doesn't make much sense. Where is this woman? Who is she?"", ""Home? Where's that?"", ""Well I don't know what that means. But we need to find out. She must either have something the vampires want, or be someone important to them."", ""That would fit with the rest of it... I don't like it, but you did right to play along. We need to find out what this is all about. I won't lie -- if this were any other situation, I'd put her down just on the chance she might be a vampire. But this is something different. I'd say do what she wants. Take her home, and see who else is in this castle."", ""Look at this. I should have known it was only a matter of time before they found us. It's the price we pay for openly recruiting. We'll have to step up our defenses. I don't suppose you have some good news for me."", 'Damn. Well what do you know?', 'Of course. Why did I suppose differently. Fine, tell me what you know.', ""And so we delivered her right to them. I should've kept her here until we were certain..."", ""A woman? Trapped in there? That doesn't make any sense. Who is she? More importantly, where is she?"", ""I'm waiting to hear what any of this means."", 'And so you delivered her to them.', ""They what? And you didn't stop them? You didn't secure the scroll?"", 'Right. So they have this woman, and an Elder Scroll.', ""So they have everything they wanted, and we're left with nothing."", ""I suppose you're lucky you're not dead. Or worse, one of them. By the Divines, this couldn't get much worse. This is more than you and I can handle."", 'When did I say that? We just need...we need help.', ""Well of course we do. I'm old, not stupid. We're just going to need some help. If they're bold enough to attack us here, then this may be bigger than I thought. I have good men here, but... There are people I've met and worked with over the years. We need their skill, their talents, if we're going to survive this. If you can find them, we might have a chance."", ""Right to the point, aren't you. I like that. Not like those fools in the order. We should keep it small. Too many people, and we'll draw unwanted attention to ourselves. I think we'll want Sorine Jurard. Breton girl, whip-smart and good with tinkering. Fascination with the Dwemer. Weapons in particular. Last I knew, she was out in the Reach, convinced she was about to find the biggest dwarven ruins yet."", ""Might need a little convincing first, but she should. You'll also want to find Gunmar. Big brute of a Nord, hates vampires almost as much as I do. Got into his head years back that his experience with animals would help. Trolls in particular, from what I hear. Last I knew he was out scouring Skyrim for more beasts to tame. Bring the two of them back here, and we can get started on coming up with a plan. Watch your back."", 'Hold it right there.', ""Making sure you're not vampires. Can't be too careful."", ""So, welcome to Fort Dawnguard. I'm sure you've heard a bit of what we're up against. Powerful vampires, unlike anything we've seen before. And they have an Elder Scroll. If anyone is going to stand in their way, it's going to be us."", ""We'll get to that. For now, get acquainted with the space. Sorine, you'll find room to start your tinkering on that crossbow design you've been working on. Gunmar, there's an area large enough for you to pen up some trolls, get them armored up and ready to use."", ""In the meantime, we're going to get to the bottom of why a vampire showed up here looking for you. Let's go have a little chat with it, shall we?"", ""This vampire showed up while you were away. I'm guessing it's the one you found in Dimhollow Crypt. Says it's got something really important to say to you. So let's hear it."", ""All right, you've heard what it has to say. Now tell me, is there any reason I shouldn't kill this bloodsucking fiend right now?"", 'Why, because of that story about the prophecy? About some vampire trying to put the sun out? Do you actually believe any of that?', ""Who knows, maybe it has a death wish. Maybe it's just insane. I don't really care."", ""Set my hatred aside? Not a chance. It's what keeps me strong."", ""You'd better know what you're doing. It can stay for now, but if it so much as lays a finger on anyone here, I'll hold you responsible. Got it?"", ""You hear me? Don't feel like a guest, because you're not. You're a resource. You're an asset. In the meantime, don't make me regret my sudden outburst of tolerance and generosity, because if you do, your friend here is going to pay for it."", ""Some Imperial scholar arrived in Skyrim a few days ago. I was staking out the road when I saw him pass by. Maybe that's your Moth Priest."", ""No, and I'm not going to waste men looking. We're fighting a war against your kind, and I intend to win it. You want to find him, try talking to anyone who'd meet a traveler. Innkeepers and carriage drivers in the big cities maybe. But you're on your own."", ""I'm impressed you could find a Moth Priest so quickly."", ""For the reading? Yeah. Just let the old man know when you're ready."", 'Come on, old man. You should get some rest.', ""The bow...you have Auriel's Bow! I've heard it described in tales, but I could never have imagined its beauty."", ""Indeed. The day hasn't been won while Harkon still walks Tamriel. But what of Serana? Can she be trusted to lift a blade against her own kind? Her own family?"", ""I suppose that's as much as I can hope for. Let me address the Dawnguard, and then we'll be off. The men deserve to know we've finally gained the upper hand. Everyone! Gather 'round! Come on then, we haven't got all day! For too long we've allowed these vampires to poison the night and kill our people! Now, we finally have the means to strike back! We now have Auriel's Bow. The gods themselves have favored us and we must answer with action. The time has come to finally put an end to Harkon and his unholy prophecy! We will march on their land and destroy those wretched abominations so they can no longer corrupt our world! This is our fight and this is our fate! This is the time of the Dawnguard!"", 'This is it!', ""It's time we take the fight to their door. Gather your things and rest well, my friend. We meet outside Castle Volkihar."", ""It's over. He's dead, and the prophecy dies with him. I...I suppose this is difficult for you."", 'I think perhaps...I think you did more than that. You have my thanks.', ""So, the beast is destroyed. Not only that, but Auriel's Bow is in safe hands. The Dawnguard will now be dedicated to safeguarding it, making sure that prophecy will never come to pass. You've served Skyrim well. Even with these vampires gone, the fight isn't completely over. Once we're settled back in at the fort, there will be more work to do. We'd be honored to have you join us.""]",NPC
Elder Scrolls Skyrim,2011,US,J'Kier,Male,"['Has the Bloodmoon called you, fellow hunter?', 'The prey is strong. Stronger than the hunters. But more will come. Bring him down, for the glories of Lord Hircine.']",NPC
Elder Scrolls Skyrim,2011,US,J'zargo,Male,"[""Then what are we waiting for? Let's get started!"", ""J'zargo finds nothing but dust in these ruins."", ""Do you think there's treasure here? Something to make J'zargo a powerful wizard?""]",NPC
Elder Scrolls Skyrim,2011,US,Jorgen,Male,"[""Don't know what you're talking about, stranger."", ""I've heard of him. My father had suspicions about his connection to the Mythic Dawn. Guess they were true. I don't need this. My family wasted 8 generation keeping that Razor safe from a dead cult. As far as I care, it can stay locked in my house."", ""You want the hilt that bad? Fine. Here's the keys. It's locked in a chest inside my house."", ""Divines know the mill could use some new blades. All right. It's yours. Here's the keys. It's locked in the chest inside my house."", ""Easy. Here. These are the keys. The hilt is in a chest in my house, just don't hurt anyone."", 'Best leave the past buried, I say.']",NPC
Elder Scrolls Skyrim,2011,US,Jyrik Gauldurson,Male,['Qiilaan us dilon!'],NPC
Elder Scrolls Skyrim,2011,US,Karliah,Female,"['Give me a reason to try.', '""To ensure an enemy\'s defeat, you must first undermine his allies."" It was the first lesson Gallus taught us.', 'Not quick enough, otherwise Gallus would still be alive.', 'Did you forget the oath we took as Nightingales? Did you expect him to simply ignore your methods?', ""I'm no fool, Mercer. Crossing blades with you would be a death sentence. But I can promise the next time we meet, it will be your undoing."", ""Easy, easy. Don't get up so quickly. How are you feeling?"", ""No, I saved your life. My arrow was tipped with a unique paralytic poison. It slowed your heart and kept you from bleeding out. Had I intended to kill you, we wouldn't be having this conversation."", 'My original intention was to use that arrow on Mercer, but I never had a clear shot. I made a split-second decision to get you out of the way and it prevented your death.', ""More than you'll ever realize."", ""Without the antidote I administered, you'd be as still as a statue. I treated your wounds and didn't leave you defenseless."", 'I promise you, the thought crossed my mind. The poison on that arrow took me a year to perfect; I only had enough for a single shot. All I had hoped was to capture Mercer alive.', ""Mercer must be brought before the Guild to answer for what he's done. He needs to pay for Gallus' murder."", ""My purpose in using Snow Veil Sanctum to ambush Mercer wasn't simply for irony's sake. Before both of you arrived, I recovered a journal from Gallus' remains. I suspect the information we need is written inside."", ""I wish I knew. The journal is written in some sort of language I've never seen before."", ""Enthir...Gallus' friend at the College of Winterhold. Of course... It's the only outside Gallus trusted with the knowledge of his Nightingale identity."", ""There were three of us: Myself, Gallus and Mercer. We were an anonymous splinter of the Thieves Guild in Riften. Perhaps I'll tell you more about it later. Right now, you need to head for Winterhold with the journal and get the translation. Here, take these as well, they may prove useful for your journey."", ""I'm afraid not. There are preparations to make and Gallus' remains to lay to rest. I promise to join you there as soon as I can."", 'He was a scholar, a master thief and a natural leader. Everyone respected him and followed him without question. It was Gallus who inducted me into the Nightingales and honed my skills to a razor-sharp point. I owe everything to him. We were...very close.', ""Gallus once said he felt comfortable around me; able to let his guard down. I can't help but think that I'm responsible for what happened to him."", ""Mercer lied to the Guild, branded me a murderer and slandered my name across his network of contacts. For twenty-five years I ran, never sleeping in the same place twice and carefully covering my tracks. Mercer doesn't need to die...he needs to feel the cold sting of fate as his life crumbles in front of him and he's hunted by the Guild."", ""I can promise you if it comes to that, and my back's to the wall, I won't hesitate. Remember, speak only to Enthir. Trust no one else."", 'Does the journal say where this wealth came from?', 'Anything else, Enthir? Anything about...the Nightingales?', ""Shadows preserve us. So it's true..."", ""I'm sorry, Enthir. I can't say. All that matters is we deliver your translation to the Guild immediately. Farewell, Enthir...words can't express..."", 'You must hasten to Riften before Mercer can do any more damage to the Guild.', ""You've come this far, so I see no harm in concealing it any longer. The Twilight Sepulcher is the temple to Nocturnal. It's what the Nightingales are sworn to protect at all costs."", ""Everything that represents Nocturnal's influence is contained within the walls of the Sepulcher. Now it seems Mercer's broken his oath with Nocturnal and defiled the very thing he swore to protect."", ""I felt the same way when Gallus first revealed these things to me. I think given time, you'll understand what I mean."", ""As a Nightingale, I've been sworn to secrecy regarding the Sepulcher. I know the Guild doesn't do much to foster faith, but I'm going to have to ask that you continue to trust me."", ""I'll make for Riften and scout the situation; see if I can discover what Mercer's up to. When you're ready, meet me at the Ragged Flagon. In the meantime, I wanted you to have this. It belonged to Gallus, but given the circumstances I think he'd approve."", ""If the Guild isn't willing to listen to reason, you might have to."", ""I'm glad you're here. I think some of these people are beginning to suspect who I am. Are you ready to face the Guild?"", ""Keep your eyes open. I'm not sure what to expect when we enter the cistern."", ""Then we'll show them Gallus' journal and hope for the best. Remember, we've got proof and all he's got is his word."", 'Time is of the essence here, please hurry back.', ""Please, lower your weapons so we can speak. I have proof that you've all bee misled!"", ""I have Gallus' journal. I think you'll find its contents disturbing."", ""It's true, Brynjolf. Every word. Mercer's been stealing from the Guild for years, right under your noses."", ""He didn't need to pick the lock."", ""Brynjolf, the time has come to decide Mercer's fate. Until a new Guild Master is chosen, the decision falls to you."", 'We have to be very careful, Brynjolf. Mercer is a Nightingale, an Agent of Nocturnal.', ""Yes. That is why we need to prepare ourselves and meet Mercer on equal footing. Just outside of Riften, beyond the Southeast Gate, is a small path cut up the mountainside. At the end of that path is a clearing and an old standing stone. I'd ask you both to meet me there."", ""I'm glad you're here."", ""This is the headquarters of the Nightingales, cut into the mountainside by the first of our kind. We've come to seek the edge we need to defeat Mercer Frey."", ""If you'll follow me, I'll try to explain on the way."", 'Gallus, Mercer Frey and I were once members of what is known as the Nightingale Trinity. The Trinity disbanded twenty-five years ago when Mercer Frey betrayed us by slaying Gallus and dumping his body in the ruins of Snow Veil Sanctum.', 'Indirectly. The Trinity is usually selected from the ranks of the Guild, although its existence is a closely-guarded secret.', 'The Nightingales protect the Temple of Nocturnal, a place known as the Twilight Sepulcher.', ""She's the mistress of night and darkness and the patron of every thief in Tamriel."", ""Nocturnal isn't one for worship and reverence. There are no priests and no sermons, no services and no alms. She influences our luck and in return demands payment."", ""You're closer to understanding than you realize. The only difference is she doesn't demand payment in the traditional sense, and sometimes the cost can be quite high. Whether you know it or not, Nocturnal dictates how well we perform as rogues."", ""Again, you have to think differently. Haven't you ever noticed how our luck behaves? Like a novice picking an impossible lock or a blind man suddenly turning to face you as you reach for his pocket? It's through these subtle means that Nocturnal influences us."", ""Nocturnal's whim is the greatest mystery to everyone. There have been volumes written on the subject. Does she exact payment when we die? When we suffer does she revel in our misery? No one knows. The return certainly seems worth the risk though."", ""It's my hope that you will, yes."", ""From the moment you were struck with my poisoned arrow at Snow Veil Sanctum, my path changed its course. Perhaps I couldn't bring Mercer back alive, but together, we were able to clear my name and to put Gallus's remains to rest. I'd always intended Mercer's fate to ultimately be decided by the Guild, and it seems they've spoken. This way, please."", ""The assumption that the Nightingales were just a myth was seeded within the Guild on purpose. It helped avert attention from our true nature. What's wrong, Brynjolf? I can almost hear your brow furrowing."", ""This isn't about religion, Brynjolf...it's business. This is Nightingale Hall. You're the first of the uninitiated to set foot inside in over a century. Now, if you'll both proceed to the armory to don your Nightingale Armor, we can begin the Oath."", 'You appear ready for the Oath.', 'Beyond this gate is the first step to becoming a Nightingale.', 'To hold any hope of defeating Mercer, we must have Nocturnal at our backs. If she is to accept you as one of her own, an arrangement must be struck.', 'The terms are quite simple, Brynjolf. Nocturnal will allow you to become a Nightingale and use your abilities for whatever you wish. And in return, both in life and death, you must serve as a guardian of the Twilight Sepulcher.', 'What about you? Are you ready to transact the Oath with Nocturnal?', 'Good. After I open the gate, please stand on the western circle.', ""By transacting the Oath with Nocturnal, you're entering into a business deal. You'll be provided all the power and knowledge befitting a Nightingale. You're free to use those powers as you see fit, to further your own goals or the goals of the Thieves Guild."", ""In return, you'll be required to defend the Twilight Sepulcher and everything within when the need arises. More importantly, upon your death, your spirit will be bound to the Twilight Sepulcher as one of its guardians."", 'Once the Oath has been struck, the terms are binding. Knowing this, are you ready to undergo the ceremony?', 'I call upon you, Lady Nocturnal, Queen of Murk and Empress of Shadow. Hear my voice!', 'My lady, I come before you to throw myself at your mercy and to accept responsibility for my failure.', 'I have two others that wish to transact the Oath; to serve you both in life and in death.', ""My appetite for Mercer's demise exceeds my craving for wealth, Your Grace."", 'Lady Nocturnal, we accept your terms. We dedicate ourselves to you as both your avengers and your sentinels. We will honor our agreement in this life and in the next until your conditions have been met.', ""Now that you've transacted the Oath, it's time to reveal the final piece of the puzzle to you; Mercer's true crime."", ""Mercer was unable to unlock the Guild's vault without two keys because of what he stole from the Twilight Sepulcher...the Skeleton Key. By doing this, he's compromised our ties to Nocturnal, and in essence, caused our luck to run dry."", ""Well, yes. But the key isn't only restricted to physical barriers. All of us possess untapped abilities; the potential to wield greater power, securely sealed within our minds. Once you realize the key can access these traits, the potential becomes limitless."", 'Although it would benefit the Guild more than you could imagine, in the end, it would do more harm than good.', ""I'm afraid that's impossible."", ""Good, then you understand why this is about more than Mercer's lust for power. If the Key isn't returned to its lock in the Twilight Sepulcher, things will never be the same for the Guild. As time passed on, our luck would diminish to the point of non-existence. And whether you know it or not, our uncanny luck defines our trade."", ""Very true. In our line of work, it's quite rare we set out to return a stolen item to its rightful owner."", 'Before we depart, Brynjolf has some business to discuss. I suggest you listen to him.', ""With the Skeleton Key missing from the Twilight Sepulcher, I'm afraid afraid Mercer's seen to it that none of us can benefit from Nocturnal's gifts."", ""You merely transacted the Oath; signed the unwritten contract with Nocturnal. In order for us to receive our abilities...our end of the bargain, I'm afraid the Key must be returned."", ""If Nocturnal was truly displeased with me...with any of us, she wouldn't have answered my call. I have no doubt that we still hold her favor and I believe it gives us enough of an edge to defeat Mercer Frey."", ""Yes. Now that you're a Nightingale, you may consider this your new home. You'll find that this place offers many things that will help you in your endeavors as well as a wealth of information for you to learn. Once the Skeleton Key has been restored to the Twilight Sepulcher, I'll make this place my home as well."", ""Mercer's been here...I hope we're not too late."", ""Brynjolf and I found them like that. Mercer's doing. We have to catch up to him before it's too late."", ""We should tread carefully. I wouldn't be surprised if he's left behind a few surprises for us."", ""If Mercer leaves here with the Eyes, we'll never see him again."", ""Mercer's been careful so far. I don't think he'd just leave those plans behind unless he had his reasons. For someone in possession of the Skeleton Key, stealing the Eyes of the Falmer would be child's play. No, he means to ambush us down here, I'm almost certain of it."", ""Alright, but don't wander ahead too far or else we'll be forced to come find you."", ""Lead on, we're ready. Keep as quiet as you can. The Falmer are blind but they can still hear us."", ""Wait a moment...what's that? It's Mercer! Look...down there!"", ""He's toying with us. He wants us to follow."", ""Can't say that I have. Imagine the riches hidden within these walls."", ""The only reason to do that would be to block pursuit. It must be Mercer. We'll have to find another way around."", ""It's a Dwarven Centurion. Very tough and very deadly."", 'This is where we saw Mercer. We must be getting close.', ""Even the Falmer don't deserve the pain these implements must have inflicted. The dwarves were a cruel race."", ""There's a mass of the Falmer in this chamber. We can sneak through or take them down...I don't care. As long as we get to Mercer."", 'I can hear water rushing through these pipes. We must be beneath a lake.', ""He's close. I'm certain of it. We must prepare ourselves."", ""He's here and he hasn't seen us yet. Brynjolf, watch the door."", ""Fight it, Brynjolf...he's taken control of you!"", 'Damn you, Mercer!', 'Damn! This place is coming down! Quick, get the Skeleton Key and the Eye and lets get out of here!', 'We have to find another way out of here before the place fills with water!', ""I can't believe it's over. After twenty-five years in exile and just like that, it's done. All that remains is to ensure the safe return of the Skeleton Key."", ""I'm afraid it's not that simple. When the Skeleton Key was stolen from the Twilight Sepulcher, our access to the inner sanctum was removed. The only way to bring it back will be through the Pilgrim's Path."", ""It wasn't created for the Nightingales. It was created to test those who wished to serve Nocturnal in other ways. As a consequence, I have no knowledge of what you'll be facing."", ""Brynjolf is needed back at the Thieves Guild to keep order while you're away. And I...I can't bear to face Nocturnal after my failure to protect the Key. I'm afraid you'll have to face the end of your journey alone."", ""Take this with you. I'm not certain if it will help within the walls of the Sepulcher, but I certainly don't need it as much as you. I've had this bow almost my entire life, and it's never let me down. I hope it brings you the same luck."", ""I've been a Nightingale for a very long time. I sold my allegiance to Nocturnal in exchange for many profitable years of thieving. Falling in love with Gallus was wrong. It was a distraction that allowed the Sepulcher to be desecrated and it likely cost him his life. Until the Key is returned, I will never set foot inside that place again."", 'Even though Nocturnal doesn\'t desire worship in the traditional sense, the Twilight Sepulcher propagated a small group of priests. Of course, they\'d never come into direct contact with Nocturnal but they insisted they had her favor. As part of their ""duties,"" the priests created all sorts of baseless rituals and ceremonies, all on Nocturnal\'s behalf.', 'These priests weren\'t threat to the Skeleton Key or the conduit to Nocturnal\'s realm, so they were tolerated. One of the ceremonies involved the Pilgrim\'s Path, a so-called ""test of worthiness"". If a pilgrim was able to complete the path, it was said they would live forever in twilight. What that means is anyone\'s guess.', ""The conduit to Nocturnal's realm, the realm of Evergloam, has been in Skyrim...well, longer than recorded history. The Twilight Sepulcher was constructed around it by man and mer in order to shield it from those who would exploit its power. It's through this conduit that we're given Nocturnal's greatest gift, our luck. What she gains in return is a complete mystery."", ""I'm glad you were able to bring the Key back safely. Nocturnal seemed quite pleased with your efforts."", ""I wouldn't take that to heart. It's her way. Think of her as a scolding mother continually pushing you harder to be successful; outwardly sounding angry but silently content. I assure you, had she been displeased with you, we wouldn't be having this conversation."", 'The circles at the base of the Ebonmere imbue you with powers befitting a Nightingale Agent. The crescent moon represents the Agent of Shadow, the half moon for the Agent of Subterfuge and the full moon for the Agent of Strife.', ""This is Nocturnal's way of maintaining balance. If you ever feel the need to change your abilities, you can return to the Sepulcher and step onto a different circle. Be warned that once you've chosen, you can't reselect for at least a day."", ""Now, your life as a Nightingale begins. Should the need arise, you'll be summoned to the Sepulcher in order to defend it."", ""The Guild has welcomed me back with open arms. I feel like a void in my life has finally been filled. I only hope this isn't an ending to things, but actually the beginning."", ""Why, perhaps the greatest crime spree Skyrim's ever known. There are pockets brimming with coin and coffers overflowing with riches ripe for the picking. We may be Nightingales, but in our hearts we're still thieves and we're damn good at what we do."", 'The Agent of Stealth is the master of remaining unseen. They are able to manipulate the darkness and use it to their advantage. On moonlit nights or in darkneed rooms, this agent literally becomes invisible.', ""This Agent of Strife can send forth a tendril of pure darkness into the heart of another, causing great injury to them. At the same time, this tether will bolster the agent's own life force, making him stronger."", 'The Agent of Subterfuge utilizes shadow to cloud the judgment of those around him. By weaving the darkness to their will, this Agent can manipulate others into fighting for the Nightingale for a limited time. Choose your path and your journey will be complete.', ""Gallus! I feared I would never see you again. I was afraid you'd become like the others."", 'What will you do now, my love?', 'Will I ever see you again?', 'Farewell, Gallus. Eyes open...walk with the shadows.', 'If this place is in danger ever again, the shadows will call. Should the need arise, a portal connects the Sepulcher and Nightingale Hall. Use it whenever you wish.', 'I\'ve decided to make my home at Nightingale Hall. Since it\'s your home as well, I hope to see you and Brynjolf there. Of course, I may visit some of Skyrim\'s cities to ""acquire"" things from time to time. Can\'t afford to get rusty now, can we?', ""Gallus's oath has been paid. His actions have satisfied the terms. Now his spirit becomes one with the Evergloam...the realm of perpetual twilight and the cradle of shadow."", ""No, not gone...he's become one with the shadows. This is the greatest honor a Nightingale can hope to achieve. In death, he's become part of that which we use to live."", 'Absolutely. When we say ""walk with the shadows,"" we are asking those Nightingales who have passed on to protect us. It\'s believed that they are literally what guides our uncanny luck...by placing their hands in ours. That\'s why the Ebonmere needed to be reopened. Without it, there\'s no way Nocturnal was able to allow them through.', 'Absolutely.', ""I can't think of a better person for the job, Nightingale."", ""I think by now, most within the Guild are well aware of what transpired between Mercer Frey and ourselves. The notion that the Nightingales are a fictive group has long since passed. If you wish to wear your Nightingale Armor within the Guild, I'm certain that no one would give it a second thought."", ""I'm feeling a sense of inner peace...something I haven't felt in a very long time. Instead of being clouded with thoughts of revenge and retribution, I feel only serenity and fulfillment. Of course, I've been also dabbling in my old pastimes as well. Take a look around, and feel free to share the fruits of my labor.""]",NPC
Elder Scrolls Skyrim,2011,US,Keerava,Female,"[""I've already told that buffoon I'm not paying you people a single coin!"", ""Look around you, I'm barely keeping this rathole together. The war's seen to that."", ""Good, and take this little message back to your bosses: I'm not paying any of you a single septim...ever! Now get out of my inn!"", 'Come on, give it your best shot!', ""Please, stop! I'll pay up! Take it."", 'No, and I never will. Now get out of my inn.', ""How could you possibly know about... Please. My family means too much to me. Don't hurt them."", ""Very well. Here. Take this back to Brynjolf and tell him he'll have no more trouble from me."", ""Look, everything was all just a misunderstanding. I didn't mean to tell Brynjolf to go jump off the pier. You'll tell him I'm sorry, yes? Take this. Every single coin I owe is there, I swear.""]",NPC
Elder Scrolls Skyrim,2011,US,Kesh the Clean,Male,"['Ah, a wanderer, yes? No? Pilgrim, perhaps? You have come to commune with Peryite, Taskmaster and blighted Lord, yes?', ""Not everyone has the stomach required to entreat my Lord. But Kesh likes you, friend. There is a way Peryite may speak to us who will take Him in. If you wish to commune with Him, we'll need the incense."", 'Yes, the incense. Fetch for me a deathbell flower, one silver ingot, a flawless ruby, and some vampire dust. Then I will show you how.', ""He is the pus in the wound. Oh, proper ones curl their noses, but it's pus that drinks foul humors and restores the blood. I worship Peryite, yes, because sometimes the world can only be cleansed by disease."", 'Ah, have you? Let Kesh have them. Yes, yes. This will create a fine fume.', 'That should do. Now -- inhale deeply.', ""Orchendor? Kesh knew him. He's an Overseer. Shepherd. Gathers the Afflicted, contains the festering wound. Orchendor and his Afficted are meant to stand ready, awaiting Peryite's command to cover the world with his blessing."", 'Not far, not far. This one looks upon it on clear days. Look to the west, at the foot of the mountain. The Dwarven ruins there. Bthardamz.']",NPC
Elder Scrolls Skyrim,2011,US,Knight-Paladin Gelebor,Male,"['Come forward. You have nothing to fear here.', 'I am Knight-Paladin Gelebor. Welcome to the Great Chantry of Auri-El.', 'Auriel, Auri-El, Alkosh, Akatosh...so many different names for the sovereign of the snow elves.', 'I prefer snow elf. The name ""Falmer"" usually holds a negative meaning to most travelers. Those twisted creatures you call Falmer, I call the Betrayed.', ""Of course. You're here for Auriel's Bow. Why else would you be here? I can help you get it, but first I must have your assistance."", 'I need you to kill Arch-Curate Vyrthur...my brother.', 'Absolutely. You could turn around and travel back from wherever you started empty handed, or you could assist me.', ""For the thousands of years I've served as the Chantry's sentinel, there hasn't been a single visitor here for any other reason. They request Auriel's Bow, and I request their assistance. It's been repeated so many times, I can't imagine it any other way."", ""The kinship between us is gone. I don't understand what he's become, but he's no longer the brother I once knew. It was the Betrayed... they did something to him, I just don't know why Auri-El would allow this to happen."", 'They swept into the Chantry without warning and began killing everyone without pause.', ""The Chantry was a place of peaceful worship. I led a small group of paladins, but we were no match for the Betrayed's sheer numbers. They slaughtered everyone and stormed the Inner Sanctum where I believe they corrupted Vyrthur."", ""He's alive. I've seen him. But something's wrong. He never looks as though he's in pain or under duress. He just...stands there and watches, as though waiting."", 'Leaving the wayshrines unguarded would be violating my sacred duty as a Knight-Paladin of Auriel. And an assault on the Betrayed guarding the Inner Sanctum would only end with my death.', 'Yes, let me show you.', 'This structure is known as a wayshrine. They were used for meditation and for transport when the Chantry was a place of enlightenment. Prelates of these shrines were charged with teaching the mantras of Auri-El to our Initiates.', ""Once the Initiate completed his mantras, he'd dip a ceremonial ewer in the basin of the wayshrine's center and proceed to the next wayshrine."", ""Well, once the Initiate's enlightenment was complete, he'd bring the ewer to the Chantry's Inner Sanctum. Pouring the contents of the ewer into the sacred basin of the Sanctum would allow him to enter for an audience with the Arch-Curate himself."", ""It's symbolic. I don't expect you to understand."", ""I know how it all sounds, but if there was another way I'd have done it long ago. The only way to get to my brother is by following in the Initiates' footsteps and traveling from wayshrine to wayshrine just as they did. The first lay at the end of Darkfall Passage, a cavern that represents the absence of enlightenment."", 'There are five in total, spread far across the Chantry.', ""Caves? Oh, no. The Chantry encompasses far more than a few caves, as you'll soon discover. But before I send you on your way, you'll need the Initiate's Ewer."", ""Once you've located a wayshrine, there will be spectral Prelate tending to it. They will allow you to draw the waters from the shrine's basin as if you've been enlightened."", ""This may be the last time we're able to converse. If you have any questions before you leave, I suggest you ask them. Otherwise, all I can do now is grant you my hopes for a safe journey."", 'Questions? I expected as much.', ""They're ghosts of the snow elf priests that tended the wayshrines before being slaughtered by the Betrayed. Through the grace of Auri-El, they were restored to their spectral form to enable them to continue their duties."", ""I'm afraid in their current form, they still believe the Chantry to be an active center of worship. They won't respond to you in any way other than believing that you're an Initiate and you're undertaking the journey to the Inner Sanctum."", 'This is, or was, the epicenter for our religion. Most of the snow elf people worshipped Auri-El. The Chantry was constructed near the beginning of the First Era to provide a retreat to those that wished to become enlightened.', 'Our empire had temples to some of the other deities: Trinimac, Syrabane, Jephre and Phynaster rounded out the rest. But those temples paled in comparison to the glory of the Chantry and its wayshrines.', 'Oh yes. They were an important part of the process here. They represented the steps the Initiates took on the path to total enlightenment. Sadly, the magic used to construct these wonders were lost long before I arrived here.', 'We were once a wealthy and prosperous society that occupied a portion of Skyrim. Unfortunately, we were constantly at war with the Nords who claimed the land as their ancestral home.', 'In a manner of speaking. We had always maintained an uneasy alliance with the underground-dwelling dwarves, and when faced with extinction we turned to them for help. Surprisingly, they agreed to protect us but demanded a terrible price...the blinding of our race.', ""There were splinter groups that resisted the agreement, and even some that sought alternate alliances. But when it was all said and done, those elves were either slaughtered, vanished or gave up and took the dwarves' bargain."", ""I've often asked myself the same question. The blinding of my race was supposedly accomplished with a toxin. Certainly not enough to devolve them into the sad and twisted beings they've become."", ""The Chantry is quite isolated, so it took some time for word of the dwarves' offer to reach us here. By the time the compact had been completed, it was too late for us to even attempt to intervene."", 'Correct. We only numbered perhaps a hundred at the time, so our presence remained a secret to the dwarves and the Nords. Ironically, our undoing came at the hands of our own people.', 'Yes. They swarmed the Chantry in vast numbers until we were completely overrun. We never really stood a chance. I assume that the Arch-Curate was corrupted by them when they found a way to breach the Inner Sanctum.', 'Vyrthur and myself are the only two snow elves that remain.', 'So, the deed has been done. The restoration of this wayshrine means that Vyrthur must be dead and the Betrayed no longer have control over him.', 'What? What are you talking about?', ""A vampire? I see. That would explain much. Deep inside, it brings me joy that the Betrayed weren't to blame for what happened here."", ""Because that means there's still hope that they might one day shed their hatred and learn to believe in Auri-El once again. It's been a long time since I felt that way and it's been long overdue. My thanks, to both of you."", ""You risked everything to get Auri-El's Bow, and in return, you've restored the Chantry. I can't think of a more deserving champion to carry it than you. If you wish to learn more about the bow, or obtain Sunhallowed Arrows for it, I'd be more than happy to help. You've but to ask."", ""Please, take the bow...it's yours."", ""Even with Vyrthur gone and the Inner Sanctum destroyed, my duty as a Knight-Paladin of Auri-El remains. I've been sworn to protect this vale and everything it represents until I die."", 'For the time being, they will remain open. If remnants of our kind who escaped the betrayal at the hands of the dwarves exist out there, perhaps they will find this place one day.', 'The bow was said to be carried by Auri-El himself into battle against the forces of Lorkhan in ancient and mythic times. Its craftsmanship has no equal anywhere within Tamriel and possibly beyond.', 'The bow draws its power from Aetherius itself, channeling it through the sun. Therefore, when an arrow is loosed from the bow, it produces a magical effect very similar to being burned by fire.', ""That's actually only a fraction of its potential. With Sunhallowed Arrows, you would be able to produce a much more spectacular effect... causing bursts of sunlight to envelop your foes. The sunbursts would certainly hurt anything, but is especially devastating to the undead."", ""Well, using an arrow with the bow that's been dipped in blood may cause it to function differently...corrupting its purpose. That's of course if you're foolish enough to try it."", 'I can actually assist you in that regard. If you were to bring me some good quality elven arrows, I could imbue them with the proper incantations and rituals.', ""I feel nothing but sympathy for the Betrayed, despite my actions against them. But I'm afraid that they're well beyond a cure at this point."", ""The twisted forms you've seen didn't occur overnight. It isn't a plague or a disease that ravaged our species. The dwarves may have stolen their sight, but it took many generations for them to become what they are today."", ""Perhaps they'll never return to their former appearance, but over the centuries, I've noticed a rise in their intellect. If a line of communication could be established with them, maybe they can find peace. It's the only way they'll discover that they weren't always malignant...they were once a proud and prosperous race."", ""While it would fill me with joy to see the Chantry back to its former glory, that time has long since passed. Now that my brother's dead, it's quite possibly I'm the last of our kind."", ""There's no need for that kind of talk. I said it was possible. It's also quite possible that there are some other isolated conclaves of snow elves nestled elsewhere on Nirn. I'll also assume Vyrthur didn't exactly give you the option to stay your hand."", ""For the time being I will remain here, on the overlook and continue trying to keep the Sanctum free of the Betrayed. You're always welcome to return here at any time, of course.""]",NPC
Elder Scrolls Skyrim,2011,US,Kodlak Whitemane,Male,"[""When I woke from cold death, my doom was lifted -- there was Shor's Hall, my heart's desire. But now I wander, weary and lost. Alduin hunts me as we once hunted our prey -- a bitter payment for many bloody deeds."", 'I hear your heart beat like the Harbingers of old. Your glories in Skyrim are seen and honored.', 'We all do. It is our burden to bear. But we can overcome.', 'Leave that to me.', 'Would you now? Here, let me have a look at you? Hmm. Yes, perhaps. A certain strength of spirit.', ""I am nobody's master, Vilkas. And last I checked, we had some empty beds in Jorrvaskr for those with a fire burning in hearts."", 'Sometimes the famous come to us. Sometimes men and women come to us to seek their fame. It makes no difference. What matters is their heart.', 'Of course. How are you in a battle, boy?', 'That may be so. This is Vilkas. He will test your arm.', ""Calm down there, whelp. Don't feel like you need to show off for our sake. Vilkas, here, will be the one testing your mettle."", ""That's the spirit. Vilkas, here, will get started on that. Vilkas, take him out to the yard and see what he can do."", 'Brothers and sisters of the Circle, today we welcome a new soul into our mortal fold. This man has endured, has challenged, and has shown his valor. Who will speak for him?', 'Would you raise your shield in his defense?', 'And would you raise your sword in his honor?', 'And would you raise a mug in his name?', 'Then the judgment of this Circle is complete. His heart beats with fury and courage that have united the Companions since the days of the distant green summers. Let it beat with ours, that the mountains may echo and our enemies may tremble at the call.', ""Well, boy, you're one of us now. I trust you won't disappoint."", ""I see you've been allowed to know some secrets before your appointed time. No matter. Yes, it's true. Not every Companion, though. Only members of the Circle all share the blood of the beast. Some take to it more than others."", ""Well, I grow old. My mind turns towards the horizon. To Sovngarde. I worry that Shor won't call an animal to glory as he would a true Nord warrior. Living as beasts draws our souls closer to the Daedric Lord Hircine. Some may prefer an eternity in his Hunting Grounds, but I crave the fellowship of Sovngarde."", ""Yes, but it's no easy matter. But you don't need to share the worries of an old warrior. This day is to rejoice in your bravery! And speak to Eorlund if you want a better weapon than...whatever that is."", 'Thank you for coming.', ""Yes, youngling. Have a seat. I hear you've been busy of late."", 'Your hearts are full of grief, and my own weeps at the loss of Skjor. But his death was avenged long ago. You have taken more lives than honor demanded. The cycle of retaliation may continue for some time.', ""Lad, I know what you've been up to. Mind you, it's no business of what each Companion does . But this sneaking around. It doesn't befit warriors of your stature. Aela knows this, and so should you. In any case, I have a task for you. Have you heard the story of how we came to be werewolves?"", 'Aye, that sounds like him. As in all matters of faith, though, the reality is more complicated than one believer would tell you.', 'The boy has a nugget of truth, but the reality is more complicated than that. It always is.', 'The Companions are nearly five thousand years old. This matter of beastblood is only troubled us for a few hundred. One of my predecessors was a good but short-sighted man. He made a bargain with the witches of Glenmoril Coven. If the Companions would hunt in the name of their lord Hircine, we would be granted great power.', 'They did not believe the change would be permanent. The witches offered payment, like anyone else. But we had been deceived.', ""The witches didn't lie, of course. But it's more than our bodies."", ""We'll get to that. It's not so simple as just killing them, though. The disease, you see, affects not just our bodies. It seeps into our spirit. Upon death, werewolves are claimed by Hircine for his Hunting Grounds. For some, this is paradise. They want nothing more than to chase prey with their mastery for eternity. And that is their choise. But I am a true Nord. I wish for Sovngarde as my spirit home."", ""That's what I've spent my twilight years trying to find out. And now I think I've found an answer. The witches' magic ensnared us, and their magic can release us. They won't give it willingly, but we can extract their foul powers by force. I want you to seek them out. Go to their coven in the wilderness. Strike them down as a true warrior of the wild. And bring me their heads. The seat of their abilities. From there, we may begin to undo centuries of impurity."", 'You shall have no Shield-Brother this time. But the spirit of Ysgramor goes with you, to restore the honor of his legacy. Talos guide you, lad.', ""Good. Now move quickly. And don't leave any of them alive. Talos guide you, lad."", 'This is not about your desires, lad. Your own fate will be your own choice, just as always. Now be gone.', 'Greetings, Shield-Brother.', 'Of course. My fellow Harbingers and I have been warming ourselves here. Trying to evade Hircine.', ""You see only me because your heart knows only me as the Companions leader. I'd wager old Vignar could see half a dozen of my predecessors. And I see them all. The ones in Sovngarde. The ones trapped with me in Hircine's realm. And they all see you. You've brought honor to the name of the Companions. We won't soon forget it."", ""Did he now? I can only hope. You still have the witches' heads? Excellent. Throw one of them into the fire. It will release their magic, for me at least."", ""And so slain the beast inside of me. I thank you for this gift. The other Harbingers remain trapped by Hircine, though. Perhaps from Sovngarde, the rest of the heroes of old can aid me in their rescue. The Harrowing of the Hunting Grounds. It would be a battle of such triumph. And perhaps someday, you'll join us in that battle. But for today, return to Jorrvaskr. Triumph in your victory. And lead the Companions to further glory.""]",NPC
Elder Scrolls Skyrim,2011,US,Krosulhah,Male,"['When Miraak returns, all will bow before him!']",NPC
Elder Scrolls Skyrim,2011,US,Legate Quentin Cipius,Male,"['Take a moment to breathe, soldier.', 'Breathe!', 'They have catapults.', ""My scouts tell me they're loading them with fire."", 'The men will be fighting in flames.', 'If you prefer I took my men and left...', 'Already taken care of.', ""Not long. They're hiding in the country side."", 'What?!', ""Why didn't you say so immediately?!"", 'The men are already gathering at the gates. Move it soldier. Spread the word. Go. Go. Go.', 'The Stormcloaks are here. In force. Get down to the front line. This is it. We must hold the city. Now move it!']",NPC
Elder Scrolls Skyrim,2011,US,Legate Rikke,Female,"[""I'm glad I finally got a chance to see this place."", ""That didn't take long."", ""She's supposed to be on our side?"", ""You're lucky I respect the Greybeards' council, Galmar!"", ""Sorry, sir. It won't happen again."", 'Here we go.', ""I knew he wouldn't be able to resist."", ""Yes, that'd be entirely out of character."", 'You slaughtered the very people you claimed to be fighting for! True sons of Skyrim would never do such things.', ""I hope this truce gives you what you need. It won't last."", ""I'd give a week's pay to see the look on Ulfric's face again, when he had to swallow the terms of the truce."", ""The bitter war of the world beyond was all for naught. We are all trapped in Alduin's web -- for our allegiance he cares not, but devours us equally -- doom unescapable. Shor as well -- he welcomes all heroes to his kingly hall, if we could but reach it."", ""I'm telling you, Ulfric's planning an attack on Whiterun."", ""That's not what my scouts report, sir. Every day more join his cause. Riften, Dawnstar, and Winterhold support him."", ""Call it whatever you like, General. The man's going to try to take Whiterun."", ""Jarl Balgruuf refuses the Legion's right to garrison troops in his city. On the other hand, he also refuses to acknowledge Ulfric's claim."", 'General.', ""Sir? You can't force a Nord to accept help he hasn't asked for."", 'Yes, sir.', 'Sir.', ""You survived Helgen? General Tullius told me what happened. Not many made it out alive... I've got a good feeling about you. And I don't often get good feelings about anything. A warrior knows to trust her gut... I'm not going to go through the normal process with you. I've got a little test lined up. Pass that, and we'll talk about you joining the Legion."", ""Is that confidence, or bravado? Confidence I can use. Bravado gets soldiers killed. We'll soon find out."", ""The kind that evaluates your usefulness during...duress. I'm sending you to clear out Fort Hraagstad. If you survive, you'll pass. If you die, then I'll have no further use for your corpse."", ""The ancients built many of the fortresses that dot the landscape of Skyrim. Sadly, most have fallen into disrepair. And nearly all have been overrun by bandits or other vagabonds. Fort Hraagstad is one of the few that remains mostly intact. We're going to install a garrison there, but first, your going to clean out the bandits that have moved in."", 'Oh, not so confident now, are we?', ""Yes. This is a test. I don't think you're regular militia material. I want to see what you're capable of."", 'Well, if you change your mind, you know what to do.', ""Good. That's what I want to hear. Now go make it happen, soldier."", ""If Ulfric gets his hands on that crown, it won't be a fairy tale. It'll be a problem."", ""Not everyone's agreed to the Moot. You've been here long enough to know that Nords aren't always sensible. We follow our hearts."", ""No, it's not as simple as that, but the Jagged Crown would be a potent symbol for his cause to rally around. But, if we found it first..."", 'In the absence of the Moot, it would further legitimize her claim.', ""It won't be a waste."", ""The Stonefist's no fool. He's found the Crown. But we'll get to it first."", ""Welcome back, soldier. I'm glad you made it in one piece. I'll send men to garrison the fort right away. You did well. I'm impressed. But before we go any further, it's time for you to officially join the Legion. Speak with General Tullius. He'll administer the oath."", ""Welcome to the Legion, auxiliary. Listen up. Ulfric's right-hand man, Galmar Stonefist, has located what he believes is the final resting place of the Jagged Crown. We're going to make sure he doesn't get his hands on it. The rest of my men are already assembling outside Korvanjund. I'll meet you there as soon as as I finish up here."", ""A legendary crown, dating back to King Harald's time, or before. A powerful relic of a golden age, long since passed. Legend has it that the crown is made from the bones and teeth of ancient dragons, and is said to increase the power of the wielder. Whatever the truth, if Ulfric get's his hands on it, it would be a powerful symbol around which to rally support for his cause."", ""Well, to be frank, we don't. Its location was lost with King Borgas, when the Great Hunt killed him while off on his Alessian campaigns. Supposedly, his body was brought back to Skyrim and secretly buried with the crown. Knowledge of that location was lost, in the Wars of Succession. But my agents report that Galmar is pretty damned convinced Korvanjund is the tomb of King Borgas. I know Galmar. We fought in many wars together. He's not a sentimental man taken to fancy. If he believes the crown is there...he's likely found it."", ""I am a loyal citizen to the Empire. My parents were Legionnaires, and I've followed in their footsteps. But more importantly, I am a daughter of Skyrim and wish to see her made whole again."", 'I\'ve been a daughter of Skyrim all my life. I love this land and her people. So do all the Nords that serve the Empire. Ulfric, too, once. He wasn\'t always a self-serving ego-maniac. He fought in the Imperial army in the War against the Dominion. But Ulfric and his ""Stormcloaks"" are deluding themselves. If there\'s any hope of a long term victory against the Dominion, it\'s in the Empire. The rebels are only inflaming the tension and weakening the Empire by distracting it from its ultimate aim.', 'I consider this conversation over.', ""I'm a soldier, not a politician. And my personal beliefs are not yours to question."", ""I hope Ulfric will come to his senses. But I fear he's in too far to stop now. Likely only Ulfric's death, or the overthrow of the Jarls supporting him will end this. Either way, much blood will be spilt."", ""What's the situation?"", ""Well, that's something at least."", 'Looks like the damned rebels got here first. No matter, we have the element of surprise. Prepare to move out.', ""This isn't a damn summer picnic! Hurry up. We need to hit them before they know we're here."", ""Follow me. Listen up, legionnaires. Those Stormcloaks are here for the same reason we are. Ulfric the Pretender wants that crown, but we're not going to let him have it. I realize some of you may know men on the other side. But remember this. They are the enemy now and will not hesitate to end your lives either. General Tullius is counting on us to bring back the Jagged Crown, and that's exactly what we're going to do. Let's show these rebels what real soldiers look like."", ""Everybody ready? We charge on my signal. Time to show what you're really made of. For the Empire!"", ""You two, stay and guard the entrance. We don't want any Stormcloak reinforcements taking us by surprise. Everyone else, with me."", ""I don't like the look of this. Perfect spot for an ambush. Ten to one they're just waiting for us on the other side."", ""Let's not jump to conclusions, soldier. The Legion always finds a way. I'd rather take a moment and look around than walk blindly into an ambush. Auxiliary, see if you can find another way through. We'll charge in to help as soon as we hear fighting. There may be some way to get through on the level above. Hurry!"", ""Steady now. The Legion has faced down worse than a few dusty old bonewalkers. We're not leaving here until we get what we came for. Now let's keep moving."", 'And this must be the Hall of Stories.', ""One thing at a time soldier. Focus on our primary mission. We're searching for the crown."", ""Looks like we weren't the first ones here, either. Even if these carvings tell us where the crown is, I'm sure we're going to have to find a way through this door. See what you can figure out auxiliary, I'm going to check out these carvings over here. Let me know if you find something."", ""Hmm...what is that? Some kind of stone claw? I wonder what it's used for?"", ""Good job! Alright everyone! Keep your guard up. Let's move out!"", ""Alright legionnaires! Spread out and see what we've got. Auxiliary, do what you do best. See if you can find some way to get that gate open. This may sound obvious, but do you see a lever anywhere?"", ""Alright, let's move, men! We've got more..."", ""Steady, legionnaires! We've been through worse. Just keep your guard up!"", ""Follow me! Let's see where this leads."", 'The crown should be around here somewhere. Spread out, and keep your eyes open.', ""Well, King... If you don't mind, we'll just take that crown of yours and be on our way."", ""Have it your way. Let's get that crown, men!"", 'Alright, get that crown off that draugr!', ""Take that crown back to Solitude, soldier. We'll stay here and see if we can find anything ele that could be of use."", 'This is it men! This is an important day for the Empire and for the Legion. And for all of Skyrim. This is the day we send a message to Ulfric Stormcloak and the rebel Jarls who support him. But make no mistake. What we do here today, we do for Skyrim and her people. By cutting out the disease of this rebellion, we will make this country whole again! Ready now! Everyone, with me! For the Empire! For the Legion!', 'I need you to deliver some false orders to the Stormcloak commander in Dawnstar. But first we need to get our hands on some rebel orders to make the forgeries. The Nightgate and Candlehearth Inns are frequent stops for Stormcloak runners. See if you can\'t ""convince"" one of those innkeepers to help you. One way or another, get me those documents. But don\'t do anything rash if you go to Windhelm. Well, soldier? Can you do this?', ""Don't take too long figuring it out. I've got a war to run here."", 'Good luck out there.', 'Good. Make it happen, soldier.', 'Very good... Let\'s see what you have here. Interesting... They know more of our plans than I expected... It would seem Fort Dunstad is in need of reinforcements... We\'ll make sure they won\'t be getting those... One moment while I ""correct"" some of these documents... That should do it. Make sure those forged documents get to the Stormcloak commander in Dawnstar. It\'ll throw him off our trail, allowing us to maneuver more freely.', 'Good job! I knew I gave the mission to the right person.', 'Your objective is Fort Dunstad. Meet the soldiers preparing for the attack. Then join them in wiping out the rebels. Once you prevail we will garrison the fort. Well, soldier? Are you up to the task?', ""Don't take too long figuring it out. I've got a war to run here."", 'I knew I could count on you, soldier.', 'You\'re going to Riften. My spies report the Jarl\'s steward, Anuriel, has arrangements with the Thieves Guild that would be rather embarrassing if made public. I need you to find evidence of her corrupt activities, and use it to gain a measure of her ""cooperation."" This will require stealth and discretion. The Jarl\'s guards won\'t take kindly to anyone rummaging through her Steward\'s private quarters.', ""Don't take too long figuring it out. I've got a war to run here."", ""Good. I can always count on you, can't I?"", 'Something to report?', ""Excellent work. I knew you'd bring back something useful. It just so happens, I've got some scouts along the road. Meet up with them, and together see if you can't overpower the caravan."", ""Good work. I'll send some men with a wagon to collect the prize. We can use the weapons here, and I'll pass on the coin to Solitude."", 'Your objective is Fort Greenwall. Meet the soldiers preparing for the attack. Then join them in wiping out the rebels. Once you prevail we will garrison the fort. Well, soldier? Are you up to the task?', ""Don't take too long figuring it out. I've got a war to run here."", 'I knew I could count on you, soldier.', ""Your objective is Fort Kastav. The rebels are keeping some of our men prisoner there. I aim to turn that into an advantage. I've sent men to scout the area. You are to meet them, find a way to slip in, free our men, and take over the fort. They won't be expecting an attack from the inside. This won't be easy, but that's why I'm sending you. Think you can handle it?"", ""Don't take too long figuring it out. I've got a war to run here."", 'I knew I could count on you, soldier.', 'Show the rebels the futility of their cause.', 'Your objective is the enemy held fort. Meet the soldiers preparing for the attack. Then join them in wiping out the rebels. Once you prevail we will garrison the fort. Well, soldier? Are you up to the task?', ""Don't take too long figuring it out. I've got a war to run here."", 'I knew I could count on you, soldier.', 'Good job! I knew I gave the mission to the right person.', ""We're taking the city. Meet the soldiers gathering for the attack. Move it!"", 'Already done, sir.', ""Step aside, Galmar. We're here to accept Ulfric's surrender."", ""Skyrim doesn't belong to you, Ulfric."", 'Sovngarde...sir.', 'Talos be with you...', 'Nothing. Just saying goodbye.', ""Brunwulf. Yes, I've sent men to protect him and bring him here. Windhelm will need a government quickly if we are to prevent more violence."", ""It wasn't so bad."", ""There's bound to be resistance. There are many Stormcloak camps tucked away in the hills. They'll no doubt strike whenever and wherever they can. But without Ulfric to inflame their passions, they'll settle down and return to their homes eventually."", 'There are those who still call themselves Stormcloaks, who continue to fight us, and bring misery to the people...but they are few in number. The ordinary citizen will be happy to get back to life as normal, to have their families return home. And they should enjoy it while they can...I suspect all of Tamriel will againb e called to arms in the not too distant future.', ""The General's put me in charge of assisting the new governments. I may understand things here in Skyrim better than the General, but I'm a soldier at heart, not a politician. But I'll do my best. This is the land of my birth, the land that shaped me. I'm proud to have any part in making it strong again."", ""The Legion's work is far from finished, but you are free to roam. I suspect you'll be of greater good to Skyrim out there, in the world. If while you're out there, you stumble into any Stormcloak military camps, I expect you to destroy them. I've reports they are hiding in the hills."", 'Dragonborn... Perhaps this is the fate of Skyrim after all. To be destroyed from the inside.', ""A true Nord never fears death. It's the how and why of it one needs consider."", ""If that must be, then it will. And why should I be any different? So many lives have already been lost. What's one more?"", 'Ulfric. Stop.', ""You're wrong. Ulfric. We need the Empire. Without it Skyrim will assuredly fall to the Dominion."", ""You're a damn fool."", 'He has given up. But I have not.', ""I'm also free to stay and fight for what I believe in."", 'This is what you wanted? Shield brothers and sisters killing each other? Families torn apart? This is the Skyrim you want?!', ""That's not the Skyrim I want to live in."", ""You've left me no choice... Talos preserve us.""]",NPC
Elder Scrolls Skyrim,2011,US,Legate Taurinus Duilis,Male,"[""• Is that so? Lost your uniform along the way did you, soldier? Dragonborn: Ditched it for this. Easier to sneak past the enemy. I suppose it would be. Good thinking. Thank you, soldier. Let's take a look at these reports... I'm waiting on word about reinforcements for the fort... Good, they're on the way. And we have some information on enemy troop movements. Excellent. Stormcloak scouts are making it difficult to move around. It's good you made it here in one piece. Why don't you have yourself a drink at the Moorside before you head back?""]",NPC
Elder Scrolls Skyrim,2011,US,Lisbet,Female,"[""I'm so glad Eola invited you to dinner."", 'One of my customers? Did you know I inherited the store from my late husband? Shame what happened to him. He had such good taste.']",NPC
Elder Scrolls Skyrim,2011,US,Lob,Male,"[""By the Ashpit, we can't go on like this.""]",NPC
Elder Scrolls Skyrim,2011,US,Lod,Male,"[""Did you see a hound on the road? A fine, strong creature that's been wandering near town."", ""There's one out on the road."", 'I asked the gate guards to look for him.', ""No, no, this one's alone on the road outside of town. I can't afford to chase him down but I could use a fierce, loyal beast to keep me company. If you were willing to retrieve him for me, I'd give you some fresh meat to attract him out on the road."", ""Good! There's some gold in it for you if you succeed. Here's the meat -- check the road just outside of town."", ""It's a smart man that demands something up front for his work. Some gold now and some when I have my dog. Here's the meat.""]",NPC
Elder Scrolls Skyrim,2011,US,Logrolf the Willful,Male,"['You there. Are you here to kill me? Slay the mighty Logrolf while he sits tied and helpless?', 'Rescue? No one knew where I was, when I was taken. Who sent you?', ""The Dark Mistress? She sent you? Wait. Molag Bal's altar. Of course. I have to get to Markarth at once. Cut me loose."", 'The Dark Mistress? Sent you? Ha. Now tell me the one about the Troll who gives gifts to good little boys and girls.', ""Fine. I won't ask questions. Cut me loose."", ""You think it's money I need? I'm a prisoner, not a beggar."", ""So. The King of Corruption sends his messenger to challenge me. Very well. I will meet with Molag Bal, and I will venerate his altar in Boethiah's name, as I did before. Cut me loose, minion of the Hated One. I need to get to Markarth."", ""You? A servant of the King of Corruption? Has the beast's standards fallen so far? Tell me another one."", 'I have a choice?', 'Ah, freedom. Now get out of my way. I have a task to attend to.', ""That's all I can do, you idiot. What are you waiting for?"", ""Coward. You're nothing. Nothing!"", ""Molag Bal. You think you can best Boethiah's faithful? I have won this contest before!"", 'What? You!', 'No more... No more... I submit, Molag Bal. I submit!', 'Yes!', 'Yes!', 'Yes!']",NPC
Elder Scrolls Skyrim,2011,US,Lokil,Male,"[""I believe you, Vigilant. And I don't think you even know what you've found here. So go and meet your beloved Stendarr."", 'He knew nothing. He served his purpose by leading us to this place. Now it is up to us to bring Harkon the prize. And we will not return without it. Vingalmo and Orthjolf will make way for me after this.', 'I never forget who my friends are. Or my enemies.']",NPC
Elder Scrolls Skyrim,2011,US,Lokir,Male,"[""Damn you Stormcloaks. Skyrim was fine until you came along. Empire was nice and lazy. If they hadn't been looking for you, I could've stolen that horse and been half way to Hammerfell. You there. You and me -- we should be here. It's these Stormcloaks the Empire wants."", ""And what's wrong with him?"", ""Ulfric? The Jarl of Windhelm? You're the leader of the rebellion. But if they captured you... Oh gods, where are they taking us?"", ""No, this can't be happening. This isn't happening."", 'Why do you care?', ""Rorikstead. I'm...I'm from Rorikstead."", 'Shor, Mara, Dibella, Kynareth, Akatosh. Divines, please help me.', 'Why are they stopping?', ""No! Wait! We're not rebels!"", ""You've got to tell them! We weren't with you! This is a mistake!"", ""No, I'm not a rebel! You can't do this!"", ""You're not going to kill me!""]",NPC
Elder Scrolls Skyrim,2011,US,Lord Harkon,Male,"[""I can't believe it."", 'My long-lost daughter returns at last. I trust you have my Elder Scroll?', ""Of course I'm delighted to see you, my daughter. Must I really say the words aloud? Ah, if only your traitor mother were here, I would let her watch this reunion before putting her head on a spike. Now tell me, who is this stranger you have brought into our hall?"", ""For my daughter's safe return, you have my gratitude. Tell me, what is your name?"", 'Very well. I am Harkon, lord of this court. By now, my daughter will have told you what we are.', 'Not just vampires. We are among the oldest and most powerful vampires in Skyrim.', 'Not quite, though I can see how an outsider might arrive at that conclusion. No, we are vampires, among the oldest and most powerful in Skyrim.', 'Perhaps you should. I count some of the oldest and most powerful vampires in Skyrim among the members of my court. For centuries we lived here, far from the cares of the world. All that ended when my wife betrayed me and stole away that which I valued most.', 'I was about to suggest that very thing. Yes, you most certainly deserve a reward.', 'You have done me a great service, and now you must be rewarded. There is but one gift I can give that is equal in value to the Elder Scroll and my daughter. I offer you my blood. Take it, and you will walk as a lion among sheep. Men will tremble at your approach, and you will never fear death again.', 'Then you will be prey, like all mortals. I will spare your life this once, but you will be banished from this hall.', 'You contracted a disease, perhaps, but you are no true vampire. Accept my gift and I promise that you will learn the difference. Refuse me, and I will banish you from this castle. I will spare your life this once, but after that, you are prey.', 'Yes, I can smell it on you. The power of my blood will purge that filth and make you whole again.', 'I will banish you from this castle. I will spare your life this once, but after that, you are prey. Perhaps you still need convincing? Behold the power!', 'This is the power that I offer! Now, make your choice!', 'Be still!', 'So be it! You are prey, like all mortals. I banish you!', 'Awake at last, good. The power is growing within you, and now you must learn to wield it.', 'With my guidance you will become a deadly instrument, striking terror into the hearts of mortals wherever you tread. Now, listen to my words and do as I instruct. The true power of the ancient blood is found in the form of the Vampire Lord. Assume the mantle of the Vampire Lord, and we will continue.', 'My blood is potent. At first, the body is overwhelmed by it. After my bite, you collapsed and felt into a slumber. Now your flesh has acclimated to the new blood that courses through your veins. I assure you, no harm was done. In truth, your strength surprises me. Not all mortals can withstand my embrace.', 'A shrine to Molag Bal, the mighty Daedra Prince who is father to all our kind. Our power is a blessing from him. It is he who first bestowed the power of the ancient blood upon me.', 'In an age long forgotten to history, I ruled as a mighty king. My domain was vast, my riches endless and my power infinite. And yet, as my mortal life neared an end, I faced a seemingly invincible enemy -- my own mortality. I pledged myself to Molag Bal, and in his name I sacrificed a thousand innocents. In reward, he gave everlasting life to myself, my wife and my daughter. And so I have defeated mortality itself.', 'In this form, you can drain the life from your foes with your right hand. With your left hand, you can wield the power of blood magic to raise the dead. You can also call upon the powers of night to turn into a swarm of bats and reappear some distance away. Should you run out of magicka, you can descend to the ground and fight as the beasts do. Do so now and we will continue.', 'Good. You are weaker while on the ground, because you cannot access the blood magic. However, the night powers are still yours to command, and your claws are still formidable weapons. Over time, your powers will grow in strength and you will find new ways to use your gifts. There is much to learn, but if you master the powers of the Vampire Lord, few enemies will be able to stand against you. There is one last thing you must know. Slaying mortal men with your life drain grants you new night powers and blood magic. I keep a stable of thralls in the castle should you need to feed like the baser vampires to stave off the sun. That is all I have to teach you. If you wish to be reminded of these lessons, you need only ask. I have a task that will test your new powers, but first, do you have any questions?', 'Good. Go and speak to Garan Marethi. Tell him it is time. He will understand.', 'As a vampire, you will gain new powers, but also a weakness to sunlight. With each passing day that you do not feed, that weakness will become more deadly, but your powers will also become stronger. Feed upon those who are sleeping, and your vulnerability to sunlight will diminish along with your powers.', 'When you first transform into a Vampire Lord, you will hover in the air. While you do, you will command the powers of Blood and Night. Descend to the ground, and you can attack with your claws and feed upon your prey to regain your strength. With experience, your powers will grow and you will discover new ways to use them.', 'Ah, you are here. Good.', ""Yes, I did. When I told you that I was grateful for my daughter's safe return, I told the truth. But I did not tell you everything."", 'Good. Strong instincts and a cunning mind will serve you as well as blade, spell or claw.', ""Do not presume to tell me who I can and cannot trust. I possess the wisdom of a dozen lifetimes, and I will make my own judgements. Now be silent, and hear what I have to say. As you know, vampires are powerful but we have limits. Our great enemy is the sun, and until recently it's an enemy we've had no way to fight. For centuries I searched for an answer to this problem. I found an old prophecy written by a Moth Priest, those scholars who read the Elder Scrolls. The prophecy tells of a time in which vampires will gain power over the sun, and will no longer fear its tyranny. I believe the secret to unraveling that prophecy is written in Serana's Elder Scroll. I have ordered the court to assemble. I have a new task for us all to carry out, and that includes you. Come now, and hear my proclamation."", 'Scions of the night! Hear my words! The prophesied time is at last upon us. Soon we will claim dominion over the sun itself, and forge a new realm of eternal darkness. Now that I have reclaimed one of my Elder Scrolls, we must find a Moth Priest to read it. I have spread false rumors about the discovery of an Elder Scroll in Skyrim to lure a Moth Priest here. Now it is time to see if those efforts have borne fruit. Go forth, and search the land for rumors of a Moth Priest within our borders. Look to the cities. Speak to the innkeepers, carriage drivers, anyone who would meet a traveler. Go now, and carry out this task. This is my command!', 'Well done! Somehow I knew it would be you and Serana who found our moth priest.', 'Yes, I see that. I trust his capture was not too difficult a task?', 'I wish I could have been there to hear the sounds of their screams.', 'They are determined and well-armed, but foolish if they think they can defy us. We will deal with them in time.', 'We both know that a band of fools with crossbows is no match for a scion of the ancient blood. I admit, I do not entirely understand your sense of humor. Well, your thrall awaits and we have given him the Elder Scroll. Command him to read it, and let us hear the words of prophecy together.', 'That was...not as useful as I would have liked. Even so, you did well.', 'My traitor wife stole one of them away and then disappeared. As for the other, the last that I heard, it was lost in the bowels of a Dwemer ruin. It seems our work is not yet done. But I have waited this long, and we are so very close now. I can wait a bit longer.', ""• So, you've returned. Is your...pet keeping you entertained? • Serana, my darling. I see you still favor keeping a pet."", ""Of course I do. You disappoint me, Serana. You've taken everything I've provided for you and thrown it all away for this • ...pathetic half-breed vampire. • ...pathetic being."", ""So, I see this dragon has fangs. Your voice drips with the venom of your mother's influence. How alike you've become."", ""• your ambition outgrew your loyalty. • she'd return with hatred in her heart."", 'A small price to pay for the betterment of our kind.', ""• Oh, come now...spare me your notions of kinship. You've simply used Serana in an attempt to take away what should rightfully be mine. • Yes, yes. Always the noble vampire hunter. And what happens when you've slain me? Is Valerica next? Is Serana?"", ""The vampire is eternal, and with immortality comes the revelation that these bonds never endure... It's fleeting, momentary at best."", 'Then my daughter is truly lost. She died the moment she accepted a mortal into her life.', ""Ah, I see you've been speaking to Valerica and she's convinced you that eternal night will plunge us into war with daytime dwellers. If only it were so. With the world in shadow, we would never tire, never weaken...more than a match for their pitiful armies."", 'I see. Interesting that you can set aside your morals when it suits you.', ""Ah, of course. The prophecy. You've come here to stop me from taking Auriel's Bow and shrouding the world in darkness."", ""Finally, a trace of honesty in our little conversation. How does it feel to hold the fate of the vampire in your grasp? Exhilarating, isn't it?"", ""Yes, quite. I'm growing weary of speaking to you and my traitorous daughter. I'll give you a single chance to turn over the bow to me. There will not be a second."", 'Very well then, you leave me no choice!', ""Pitiful. Simply pitiful. I expected more from the defiant fool that beguiled my daughter. No matter. Serana will sacrifice her blood for the sake of the prophecy, and I will feast upon yours in Molag Bal's honor!"", ""Little patience for talk? Good. Let's end this!"", ""Auriel's Bow will be mine!"", 'I will darken the skies!', 'No...Serana...your own father...']",NPC
Elder Scrolls Skyrim,2011,US,Lurbuk,Male,"[""Is the line for my next performance starting already? Come on, don't be shy. Plenty of room for everyone."", ""Ha! Oh, that's a good one, friend. Killing Lurbuk...I mean, can you imagine something so ludicrous? Depriving the world of my unique talents?"", 'Hmmm... All right... How about this? ""Shadow creep and, and...phantoms leap! A man got...he got scared. And the demons dared! To um...visit upon him all which they feared!"" Brilliant, I know. It\'s a gift.']",NPC
Elder Scrolls Skyrim,2011,US,Madena,Female,"[""Your ancestors wouldn't want this, Silus!"", ""It's the past! Dead oaths on dead lips. Let it stay there.""]",NPC
Elder Scrolls Skyrim,2011,US,Madesi,Male,"[""That's what you said about the Wisp Essence and it turned out to be crushed Nirnroot mixed with water!"", ""How did you get that then? No one's seen them in years!"", 'Why would you even listen to him?', 'What a waste of time.']",NPC
Elder Scrolls Skyrim,2011,US,Malacath,Male,"['You pathetic weakling!', 'You dare summon me, Yamarz?', ""You don't deserve to call yourself an Orc! You're weak, you're small, and you're an embarrassment. You let giants...Giants!...overrun my shrine! Bring me their leader's club, as an offering and I might release you from this curse!"", ""Yamarz was a fool. Always trying to scheme his way out of responsibility. But, you took care of him and the giants. Two problems solved at once. Now, take Shagrol's hammer back to Largashbur, and we'll see about whipping the rest of them into shape."", 'Yamarz was a coward and a weakling. His deceitful ways have cost you all greatly.', ""You'll have to prove yourselves, but I'm willing to give you a chance. Gularzob's in charge now. Let's hope he's a better chief. You, place that hammer on the shrine. You're the only one who's proven worthy in all this...""]",NPC
Elder Scrolls Skyrim,2011,US,Malborn,Male,"[""Really? You're who she picked? I hope she knows what she's doing. Here's the deal. I can smuggle some equipment into the Embassy for you. Don't plan on bringing anything else with you. The Thalmor take security very seriously. Give me what you can't live without, and I'll make sure it gets into the Embassy. The rest is up to you."", ""You're asking me? She promised that she was sending someone who knew what they were doing... If you actually want to get out alive, I'd bring whatever you need to move quietly, and kill quickly."", ""I'll give you a few more minutes. I can't wait here all day. It's my neck on the line, remember."", ""Madame Ambassador, I'm so sorry to interrupt..."", ""It's just that we've run out of the Alto wine. Do I have your permission to uncork the Arenthia red..."", 'Yes, Madame Ambassador.', ""You made it in. Good. As soon as you distract the guards, I'll open this door and we can get you on your way. Let's hope we both live through this day."", ""Of course. Let me see if we have another bottle of that. I'll be waiting by the door for everyone to be distracted."", ""Let's go, let's go! Before anyone notices us."", ""So far, so good. Let's hope nobody saw us slip out. We need to pass through the kitchen. Your gear is hidden in the larder. Just stay close and let me do any talking, got it? Follow me."", 'A guest, feeling ill. Leave the poor wretch be.', ""Rules, is it, Tsavanni? I didn't realize that eating Moon Sugar was permitted. Perhaps I should ask the Ambassador..."", ""Your gear is in that chest. I'll lock the door behind you. Don't screw this up. Good luck."", ""Help! I'm being attacked!"", 'Now the Thalmor will be hunting me for the rest of my life. I hope it was worth it.']",NPC
Elder Scrolls Skyrim,2011,US,Malkus,Male,"['The more you fight me, the more you will suffer, mortal.', ""How much longer can you keep this up, Moth Priest? Your mind was strong, but you're exhausted from the struggle."", 'Yes, I can feel your defenses crumbling. You want it to end. You want to give in to me. Now, acknowledge me as your master!']",NPC
Elder Scrolls Skyrim,2011,US,Mallus Maccius,Male,"[""Can't a man drink in peace?"", ""I'm going to keep this short 'cause we've got a lot to do. Honningbrew's owner, Sabjorn, is about to hold a tasting for Whiterun's Captain of the Guard, and we're going to poison the mead."", ""No, no. That's the beauty of the whole plan. We're going to get Sabjorn to give it to us. The meadery has quite a pest problem and the whole city knows about it. Pest poison and mead don't mix well, you know what I mean?"", ""You're going to happen by and lend poor old Sabjorn a helping hand. He's going to give you the poison to use on the pests, but you're also going to dum it into the brewing vat."", 'Maven and I spent weeks planning this. All we need is someone like you to get in there and get it done. Now get going before Sabjorn grows a brain and hires someone else to do the dirty work.', ""Both of the buildings are connected by tunnels made by the pests infesting the meadery. There's an entrance to it in the basement storeroom of the warehouse that used to be boarded over. I've already removed the boards so the meadery would be infested. That's where you should start."", 'Sabjorn keeps that locked up tight. If you can get through that way, go right ahead.', ""I made the mistake of borrowing coin from Sabjorn. He's allowing me to pay it back, but he's working my fingers to the bone! He treats me like a slave...I have to do every nasty, dirty job in the meadery."", ""If this plan works, not only is my debt gone, but I'll be set up for life. Maven and I worked out a little deal. If Sabjorn ends up in jail, she's going to take over his meadery. And guess who gets to run the Black-Briar Meadery in Whiterun? You're looking at him."", ""Once Sabjorn is out of the way, Maven has plans for this place. One way or another, we don't want the pests coming back. Consider it just more of the dirty work. I did my part getting them in there, now you need to clear them out. Remember, Sabjorn will be needing a helping hand. Make it look good."", 'It will be my pleasure.', 'Look, I assure you, this is all just a huge misunderstanding!', 'Farewell, Sabjorn.', ""I don't think that could have gone any better. Anything else you need before you head back to Riften?"", ""So, Maven wants to hunt down Sabjorn's private partner, huh? You're welcome to take a look around Sabjorn's office. He keeps most of his papers stashed in his desk. Here, this should help."", ""Start changing it over to the Black-Briar Meadery as soon as possible. That was Maven's part of the deal. She's put me in charge of keeping the mead flowing, so that's exactly what I'm going to do. If you're in the area and you ever need anything fenced, you just let me know."", ""I thought it would be better to leave some of the details out of our previous discussion. Didn't want to risk you walking away from the job. Besides, you've done Maven a favor getting rid of him and saved me from wasting coin hiring someone else to do it later. Remember to put in a good word with Maven for me.""]",NPC
Elder Scrolls Skyrim,2011,US,Malyn Varen,Male,"[""Ah, my disciples have sent me a fresh soul. Good. I was getting... hungry. Wait. There's something different about you. This experiment of yours is over!"", ""And who are you to challenge me? I have conquered mortality itself. I've spat in the eyes of the Daedric Lords. This is my realm now. I've sacrificed too much for let you take it from me!"", 'No. Not like this.']",NPC
Elder Scrolls Skyrim,2011,US,Mathies,Male,"['A sad time.', ""Our daughter. Our little girl. She hadn't seen her tenth winter."", 'She was...he ripped her apart. Like a sabre cat tears a deer. We barely found enough of her bury.', ""Sinding. Came through as a laborer. Seemed like a decent man. He's stewing in the pit while we figure out what to do with him, if you've got the stomach to look at him. What could drive a man to do something like this? I just don't understand what kind of man does that.""]",NPC
Elder Scrolls Skyrim,2011,US,Maven Black-Briar,Female,"[""I don't recall seeing you at one of these before. And I know everyone who's anyone in Skyrim."", ""Have you learned nothing about me? I have dealings with everyone. Now, leave me. I don't want to arouse suspicion by talking to someone that clearly does not belong here."", ""Don't mention the Guild. In fact, it's better if you don't speak to me at all. This is not the place."", ""So you're the one who burned down Goldenglow Estate. Do you have any idea what that little stunt you pulled is going to cost me? I'm amazed you even bothered to show your face here."", ""The only reason we're having this conversation is due to Brynjolf's assurance you won't botch another assignment. He claims you possess some sort of uncanny aptitude for your line of work. Quite frankly I find that hard to believe."", ""So, you're the one. Hmm. You don't look so impressive."", ""Is that confidence I hear...or arrogance? Strange how often they're confused."", ""This is exactly what I'm talking about. Once again Brynjolf sends me someone with no backbone, no determination."", ""You have to understand, it's been a long time since Brynjolf's sent me anyone I can rely on."", ""Faith? I don't have faith in anyone. All I care about is cause and effect. Did the job get done and was it done correctly. There's no gray area."", 'I hope not. This is an important job. I have a competitor called Honningbrew Meadery that I want to put out of business. I also want to know how they got the place up and running so quickly.', ""Head to the Bannered Mare in Whiterun and ask for Mallus Maccius. He'll fill you in on all the details."", 'Some layabout named Sabjorn. Been a thorn in my side for the last few years now.', ""Not a day goes by that I don't regret letting Sabjorn get as far as he did. In only a few short years, he's taken that bile he calls mead to market and a chunk of my profits with it! I can't imagine where he found the gold to take it to market so quickly."", 'Exactly. With Sabjorn in prison, his meadery will be forced to close. Then I swoop in and take over the place. No more competition.', ""The Goldenglow Estate job has undoubtedly interrupted the supply of honey that I need to make my mead. Sabjorn could use this interruption to his advantage and take a larger share of the market. I can't have that."", 'The Black-Briar family has always been allied with the Guild. Our connections with the Empire and within Skyrim make for a perfect fit. I dare say the Guild owes its survival as much to my family as it does to its own people.', ""One more time in case I wasn't clear. You butcher this job and you'll be sorry."", 'I trust you have good news for me.', ""This doesn't tell me much. The only thing that can identify Sabjorn's partner is this odd little symbol."", ""Well, whoever this mysterious marking represents, they'll regret starting a war with me. You should bring this information to the Thieves Guild immediately. There's also the matter of your payment. I believe you'll find this more than adequate for your services."", ""Vald? Why would you want to help that idiot? He owes me a steep debt. In fact, he's lucky all I did was force him to work for Mercer."", 'A few years back, I commissioned a unique quill from a good friend of mine in Winterhold. Vald was tasked with getting it here safely and it ended up at the bottom of Lake Honrich.', ""The wizards call it the Quill of Gemination and demanded a tremendous amount of gold to have it made. If you can locate the quill and return it to me, something Vald was too stupid to do himself, I'll consider the debt satisfied."", ""The quill was supposed to allow me to duplicate any writing I'm viewing in exacting detail. I'm sure you understand how useful that would prove in a business situation, especially where signatures were involved."", ""Fortunately, the quill required an ink with a unique formula known only to myself. So if you're getting any ideas abou selling it to someone else or keeping it, you'll find it would hold little value."", ""I had Vald meet the caravan from Winterhold on the western end of the lake so he could avoid the roads. The idiot got lost in the mist and ran his boat right over some rocks, sending it straight to the bottom. He's too stupid to remember where he was, and any attempt I've made to find it in the past has been unsuccessful."", ""Vald said his rowboat struck some rocks...I'd check under the water near one of the small islands in the lake. Perhaps you should start at the docks and work your way out towards Goldenglow Estate. I believe we're done."", 'Really? I wrote that off a long time ago. Well, I suppose I need to fulfill my end of the bargain. Give this document to Vald. It frees him from the debt, but I never want to see him in Riften again.', ""I suppose congratulations are in order. Now don't screw it up.""]",NPC
Elder Scrolls Skyrim,2011,US,Mehrunes Dagon,Male,"['You. Mortal. You are worthy of speaking to. You have claimed the pieces of my Razor. It has been an amusing game to witness. But Dagon does not declare a winner while there is a pawn on the board. Kill Silus. He and his family have served their purpose.', 'Kill him. Take your rightful place as my champion, or I will crush you.', 'Only Dagon can declare if a pawn is worth keeping. I. Have. Spoken. Kill him. Take your rightful place as my champion, or I will crush you.', 'I am pleased, mortal. I will give you my Razor. Use it to wreak havoc on Tamriel!', 'You have been a worthy tool. Fill the world with destruction in my name.', 'Spare me your pitiful pride. You are but a tool for my ambitions, mortal. Never forget that. Place your hands on my altar one last time, and you will witness the power of Mehrunes Dagon for yourself.', 'Before you go, mortal. One final challenge. Ha ha ha.', 'You think to betray Mehrunes Dagon? Suffer!']",NPC
Elder Scrolls Skyrim,2011,US,Mephala,Female,"[""At last. I've been waiting for someone more fit to carry out my will. The child is spirited, but lacks...agency."", 'Regrettably, I cannot reach your plane so directly. But I forgive you for not knowing who I am. Few hear my whispers anymore. I am Mephala, the Lady of Whispers. I tug at the web of connections between mortals. Love, hatred, loyalty, betrayal. The boy was good at sussing out secrets. You, I expect to take a more active role.', 'The boy is good at sussing out secrets, but the corruptibility of children is ultimately too limited for my purposes. You, though, I expect will prove far more malleable.', 'I forgive your not knowing my name. Few can hear my whispers anymore. I am Mephala, the Lady of Whispers. I tug at the web of connections between mortals. Love, hatred, loyalty, betrayal.', 'You may think so. But in the end, you mortals will always flit like fire with the winds of your desires and conveniences. And those winds issue from my whispers.', ""First, you must open this door. A piece of my power has been locked away behind it, and even my eyes cannot see past the seals. I'd much rather it be in the hands of an ambitious and talented person such as yourself."", 'Suit yourself. But those who listen at doors always wonder what is beyond them. Eventually your curiosity will drive you back to me.', ""The whole of Whiterun is ripe with paranoia and tensions. The Jarl's court is right to fear the power I hold behind this door. The Jarl trusts few, and they will be his undoing. The dark child knows of what I speak. Let him guide your path."", ""Excellent work. Now, I trust you're sharp enough to see that the sword doesn't match the description of the Ebony Blade you may know. It has languished too long outside the winds of alliance and betrayal. To return to its past glory, it must first drink the blood of deceit. Your world is admirably seeped in lies and inclinations. My blade is a darling leech that feeds on deceptions, and nourishes its master. Seek out those closest to you. The final pluck of their misguided heartstrings will accompany my blade in a song of your grandeur.""]",NPC
Elder Scrolls Skyrim,2011,US,Mercer Frey,Male,"[""This better not be another waste of the Guild's resources, Brynjolf. Before we continue, I want to make one thing perfectly clear. If you play by the rules, you walk away rich. You break the rules and you lose your share. No debates, no discussions... you do what we say, when we say. Do I make myself clear?"", ""Good. Then I think it's time we put your expertise to the test."", ""If you're not sure maybe you don't belong here. I'll ask again, are we clear on all of this?"", ""I'll let that comment go because you're new here. Ask things out of turn again, and we have a problem. Now, are we clear on all of this?"", 'You claim this recruit possesses an aptitude for our line of work. If so, let him prove it. Goldenglow Estate is critically important to one of our largest clients. However, the owner has suddenly decided to take matters into his own hands, and shut us out. He needs to be taught a lesson. Brynjolf will provide you with the details.', ""Hmm? Oh, yes... Since Brynjolf assures me you'll be nothing but a benefit to us, then you're in. Welcome to the Thieves Guild."", ""Ah, there you are. I've consulted my contacts regarding the information you recovered from Goldenglow Estate, but no one can identify that symbol."", 'It would see our adversary is attempting to take us apart indirectly by angering Maven Black-Briar. Very clever.', ""They're well-funded and they've been able to avoid identification for years. I'm surprised it reached this point. Just don't mistake my admiration for complacency; our nemesis is going to pay dearly."", ""You just, but they've been able to avoid detection for years. They're obviously well-funded, driven and patient. Just don't mistake my admiration for complacency; our nemesis is going to pay dearly."", ""Don't dismiss our adversary so easily. They're well-funded, patient and have been able to avoid identification for years. However, don't mistake my admiration for complacency; our nemesis is going to pay dearly."", 'Because, even after all their posturing and planning, they\'ve made a mistake. The parchment you recovered mentions a ""Gajul-Lei"". According to my sources, that\'s an old alias used by one of our contacts. His real name is Gulum-Ei. Slimy bastard.', ""Gulum-Ei is our inside man at the East Empire Company in Solitude. I'm betting he acted as a go-between for the sale of Goldenglow Estate and that he can finger our buyer. Get out there, shake him down and see what you come up with. Talk to Brynjolf before you leave if you have any questions. Aringoth was a fool to think he could get away with this."", 'Did Gulum-Ei give up any information on our buyer?', ""No, it...it can't be. I haven't heard that name in decades. This is grave news indeed, she's someone I hoped to never cross paths with again."", ""Karliah destroyed everything this guild stood for. She murdered my predecessor in cold blood and betrayed the Guild. After we discovered what she'd done, we spent months trying to track her down, but she just vanished."", ""Karliah and I were like partners. I went with her on every heist. We watched each other's backs. I know her techniques, her skills. If she kills me, there'll be no one left that could possibly catch her. If only we knew where she was..."", ""There's only one place that could be. The place where she murdered Gallus...a ruin called Snow Veil Sanctum. We have to go out there before she disappears again."", ""Yes, I'm going with you and together we're going to kill her. Here's your payment for Solitude. Prepare yourself and meet me at the ruins as soon as you can. We can't let her slip through our fingers."", ""Good, you're finally here. I've scouted the ruins and I'm certain Karliah is still inside."", ""No, I found her horse. Don't worry, I've taken care of it...she won't be using it to escape. Let's get moving, I want to catch her inside while she's distracted. Take the lead."", ""I'm sorry, I was under the impression I was in charge. You're leading and I'm following. Does that seem clear to you?"", ""Just make certain you keep your eyes open. Karliah is as sharp as a blade. The last thing I need is you blundering into a trap and warning her that we're here."", ""Twenty-five years ago, I was standing outside these very same ruins. Gallus told me to meet here but he wouldn't say why. When I arrived, Gallus stepped from the shadows. Before he uttered a sound, an arrow pierced his throat. Before I could even draw my blade, her second arrow found its mark in my chest."", ""Karliah was a master marksman and her greatest weapon was the element of surprise. I was lucky...she missed my heart by mere inches. I staggered away from the ruins and my vision began to blur. It's then that I realized the bitch had poisoned her arrows."", ""The last thing I saw was Karliah dumping his body into an opening atop the ruins; an unceremonious end for a remarkable man. To this day, I've regretted letting her escape, even if it had meant I died trying. I owed Gallus that much."", ""The Guild was thrown into disarray. Several stepped up and tried to claim Gallus' former position as Guild Master. Sides quickly formed behind these men and the Ratway became a bloodbath."", ""I saw what they did to Gallus. I wanted to use the Guild's resources to hunt down Karliah. The others didn't even care he was gone. Fortunately, I perservered and the other groups were either killed or they left Skyrim."", 'The in-fighting had taken months to subside, which gave her time to go into hiding and carefully cover her tracks. I spent thousands of septims and used every contact at my disposal, but it was as if she had simply vanished...like I said before, she was the best.', 'She was a stubborn Dunmer...always had to do everything her way. But she was also the best...bringing in more coin a month than some thieves heist in a year. Gallus trusted her too much and let her get too close.', 'If you want to call it that, yes. Me? I think she was softening him for the kill. Gallus would call her his ""little nightingale"". He was absolutely smitten by her.', ""Greed? Jealousy? Spite? Who can say what drove her to such an iniquitous act. One thing's certain: I intend to find out before she draws her last breath."", ""I have a long-standing arrangement with the Dark Brotherhood. If I need someone in the Guild taken care of, we do it ourselves. We both agree it's best to keep these matters in-house. Let's get going. I want her head on my mantle."", ""They say that these ancient Nordic burial mounds are sometimes impenetrable. This one doesn't look too difficult. Quite simple, really. I don't know what all the fuss is about these locks. All it takes is a bit of know-how and a lot of skill. That should do it. After you."", 'The stench in here...this place smells of death. Be on your guard. Pull the chain over there and watch out for the spikes. Looks like Karliah reset all the traps.', ""Karliah always was a nimble minx...slipping past these draugr must be child's play for her. We're on the right track. She's been through here as well."", 'That door up ahead...looks perfect for hiding an ambush. Be ready.', ""Ah, it's one of the infamous Nordic puzzle doors. How quaint. Without the matching claw, they're normally impossible to open. And since I'm sure Karliah already did away with it, we're on our own. Fortunately, these doors have a weakness if you know how to exploit it. Quite simple, really."", ""Karliah's close, I'm certain of it. Now let's get moving."", 'Do you honestly think your arrow will reach me before my blade finds your heart?', ""You're a clever girl, Karliah. Buying Goldenglow Estate and funding Honningbrew Meadery was inspired."", 'You always were a quick study.', 'Gallus had his wealth and he had you. All he had to do was look the other way.', ""Enough of this mindless banter! Come, Karliah! It's time for you and Gallus to become reunited!"", ""How interesting. It appears Gallus's history has repeated itself. Karliah has provided me the means to be rid of you, and this ancient tomb becomes your final resting place. But do you know what intrigues me the most? The fact that this was all possible because of you. Farewell. I'll be certain to give Brynjolf your regards."", ""Karliah, when will you learn you can't get the drop on me?"", 'When Brynjolf brought you before me, I could feel a sudden shift in the wind. And at that moment, I knew it would end with one of us at the end of a blade.', ""What's Karliah been filling your head with? Tales of thieves with honor? Oaths rife with falsehoods and broken promises? Nocturnal doesn't care about you, the Key or anything having to do with the Guild."", 'Then it appears the shadows shroud more than your presence...they blind your wisdom as well. Our actions have always been one and the same; both of us lie, cheat and steal to further our own end.', 'Revenge is it? Have you learned nothing from your time with us? When will you open your eyes and realize how little my actions differ from yours? Both of us life, cheat and steal to further our own end.', 'Wait a moment...do I detect a hint of genuine avarice from this noble thief? Perhaps Karliah and Brynjolf misjudged you and your true nature is no different than my own.', ""It's clear you'll never see the Skeleton Key as I do...as an instrument of limitless wealth. Instead you've chosen to fall over your own foolish code."", ""Then the die is cast, and once again my blade will taste Nightingale blood! Karliah, I'll deal with you after I deal with your irksome companions. In the meantime, perhaps you and Brynjolf should get better acquainted."", 'Shadows take me...']",NPC
Elder Scrolls Skyrim,2011,US,Meridia,Female,"['A new hand touches the Beacon. Listen. Hear me and obey. A foul darkness has seeped into my temple. A darkness that you will destroy.', 'You have found my beacon. But it is not time for rejoicing. The defiler continues to profane my temple. Return to my figure on Mount Kilkreath, and I shall make you the instrument of my cleansing light.', 'A new supplicant approaches. Listen. Hear me and obey. A foul darkness has seeped into my temple. A darkness that you will destroy. But first, you must restore to me my beacon. I shall guide you unto it. Find it and return here. And great shall be your reward.', 'Look at my temple, lying in ruins. So much for the constancy of mortals, their crafts and their hearts. If they love me not, how can my love reach them?', 'It is time for my splendor to return to Skyrim. But the token of my truth lies buried in the ruins of my once great temple, now tainted by a profane darkness skittering within. The Necromancer Malkoran defiles my shrine with vile corruptions, trapping lost souls left in the wake of this war to do his bidding. Worse still, he uses the power stored within my own token to fuel his foul deeds. I have brought you here, mortal, to be my champion. You will enter my temple, retrieve my artifact, and destroy the defiler.', 'Mortals call it Dawnbreaker, for it was forged in a holy light that breaks upon my foes, burning away corruption and false life. You will enter my shrine, destroy Malkoran, and retrieve this mighty blade.', 'But a single candle can banish the darkness of the entire Void. If not you, then someone else. My beacon is sure to attract a worthy soul. But if you are wise, you will heed my bidding.', 'Of course you will. I have commanded it! Go now, the artifact my be reclaimed and Malkoran destroyed. Malkoran has forced the doors shut. But this is my temple, and it responds to my decree. I will send down a ray of light. Guide this light through my temple and its doors will open.', 'It is done. The defiler is defeated. Take Dawnbreaker from its pedestal.', ""Malkoran is vanquished. Skyrim's dead shall remain at rest. This is as it should be. This is because of you. A new day is dawning. And you shall be its herald. Take the mighty Dawnbreaker and with it purge corruption from the dark corners of the world. Wield it in my name, that my influence may grow."", 'It matters not. The plant cares nothing for the rays that bring it the warmth of the sun. As you carry Dawnbreaker, so will my light touch the world.', 'May the light of certitude guide your efforts.']",NPC
Elder Scrolls Skyrim,2011,US,Miraak,Male,"['The time comes soon when... What?', 'Who are you to dare set foot here? Ah... You are Dragonborn. I can feel it. And yet... You have done little beyond killing a few dragons. You have no idea of the true power a Dragonborn can wield! Mul...Qah Diiv! This realm is beyond you. You have no power here. And it is only a matter of time before Solstheim is also mine. I already control the minds of its people. Soon they will finish building my temple, and I can return home. She can await my arrival with the rest of Tamriel.', ""This dragon's soul belongs to me. One step closer to my return."", 'Sahrotaar, are you so easily swayed?', 'No. Not yet. We should greet our guest first. And so the First Dragonborn meets the Last Dragonborn at the summit of Apocrypha. No doubt just as Hermaeus Mora intended. He is a fickle master, you know. But now I will be free of him. My time in Apocrypha is over. You are here in your full power, and thus subject to my full power. You will die. And with the power of your soul, I will return to Solstheim and be master of my own fate once again. Kruziikrel! Relonikiv! Now!', 'So easily you betray me, after all these years.', 'Kruziikrel, ziil los dii du!', 'Relonikiv, ziil los dii du!', 'Fate decreed that you had to die so that I could win my freedom.', 'Sahrotaar, ziil los dii du!', 'May he be rewarded for her service as I am!']",NPC
Elder Scrolls Skyrim,2011,US,Mirabelle Ervine,Female,"[""I believe I've made myself rather clear."", ""You may be used to the Empire bowing to your every whim, but I'm afraid you'll find the Thalmor receive no such treatment here. You are a guest of the College, here at the pleasure of the Arch-Mage. I hope you appreciate the opportunity."", ""Very good. Then we're done here."", 'Welcome to the College.', ""Another new student...I'm surprised at how many of you there are lately. Well, first you'll need these. While you're not required to wear them, you may find them more to your liking than your current clothes. I'll give you a brief tour, and then we'll get you to your first class. Are you ready to begin?"", ""Wonderful. Please follow me, and don't wander off."", 'I see. Well, please let me know when you are.', ""The College of Winterhold has been a fixture in Skyrim for thousands of years. The prominent feature here is the Hall of the Elements. It's our primary location for lectures, practice sessions, and general meetings. The Arcanaeum is located above the hall, and the Arch-Mage's quarters above that. While technically in charge of the College, the Arch-Mage's responsibilities often keep him occupied. Thus, I run the day-to-day operations. Now, if you'll please follow me, I'll show you to the living quarters. Unfortunately, we've had to implement more stringent entry procedures, due to some problems with the local Nords. We don't anticipate any real violence, but it never hurts to be prepared. Our newest members are housed here at the Hall of Attainment. I'll ask that you please keep your voice down while inside, as others may be working on research or...delicate experiments. Now, I'll show you to your quarters. You're going to be sharing space with your fellow Apprentices, who you'll meet shortly. This is where you'll be staying. This bed and desk are yours. Please try and be considerate of others. Now, let's go back to the Hall of the Elements, where most of the members gather for lectures and study sessions. Initially, you'll be learning from Tolfdir, one of our most esteemed Wizards. Tolfdir is likely already addressing the new Apprentices. Go on in, and if you have any problems, let one of our senior members know."", 'There are no expectations. The College is a place to study and practice magic freely. Hopefully any discoveries made in your pursuits will be shared with members of the College first. That way we all benefit.', ""Well, that depends on what you're looking for. Faralda can teach Destruction spells, and offers training in that school. Phinis is one of the best Conjurers in all Skyrim, and can help with spells from that school. Don't let Tolfdir fool you; he's the pre-eminent scholar in Alteration. One of the best in Tamriel, and always willing to pass on his knowledge. If you can find him and focus his attention, there's a great deal Drevis can teach you about Illusion magic. And finally, there's Colette. She may be...difficult to get along with, but she's very knowledgeable when it comes to Restoration magic."", ""Well now that's an odd question. Why in the world would you be asking?"", ""I see. Well yes, I suppose I did mention it, though I'm not sure what he expects me to tell you. I only brought it to his attention a few months back when the Synod showed up here looking for it. They were apparently under the impression we were keeping it in a closet somewhere."", 'The ""Eye of Magnus""? I can appreciate that this...thing, this Orb... It\'s very impressive. Very unique, and definitely worth studying. But let\'s not jump to any conclusions, or assign it importance beyond what we\'re certain of.', ""The Augur? Just what have you gotten yourself involved in? Whatever is going on, whatever you're up to... Be very careful."", ""Well, it's said to be very powerful. Has the capacity to store an incredible amount of magical power, as the story goes. But it's more myth than anything at this point. I've no doubt it actually exists, but no one has seen it in what, decades? Longer? I'm not sure. The only time I've heard it mentioned was when those Synod characters showed up some months ago looking for it."", ""Mages based out of Cyrodiil. They fancy themselves the Imperial Authority on magic these last few hundred years. My understanding is that all they really do is make noise in an attempt to curry favor from the Emperor. Lots of politics, little magic. I was quite surprised to find them on our doorstep. They seemed amiable enough, but their line of questioning made me...uneasy. It became clear they're trying to hoard powerful artifacts, looking to consolidate power."", ""No one here does. The Synod seemed convinced it was somewhere here in Skyrim. They inquired about the ruins of Mzulft, but that's all I remember. It sounded like they were heading there, though they were rather secretive about why. I suppose if you're intent on looking for the staff, there's a chance they might be in Mzulft yet. Just don't expect them to be cooperative."", ""I'm not really sure. Made and used by Magnus himself, if you believe those sorts of things. I believe I've heard it said that it's the only thing that could adequately contain his power. The sort of embellishment wizards of ancient times loved to make."", ""I don't know. It's like a ward, but who's casting it? Ancano? How?"", ""What's going on?!"", ""Don't go near him!"", ""Are you all right? Can you walk? I need you on your feet. We're in trouble here."", ""Ancano is doing something with that thing...the Eye. We can't stop him! I haven't seen Savos since the explosion. He must've been blown clear, and he may have be injured. I need you to find the Arch-Mage, and I need you to do it quickly! Get moving!"", ""I'll be fine. I just need a minute to catch my breath. Find Savos..."", 'Well? Is everything out there all right?', 'Wish I could say the same for us. Tolfdir and I can try and keep this contained. You need to get your hands on the Staff of Magnus. Now.', ""I've got to stay here, to see if we can get to Ancano and stop this. I need someone I can trust to do it. Besides, you're the one having all of these visions, aren't you?"", ""You were told to find it, weren't you? If the stories about the staff are true, if it really can absorb a tremendous amount of power, maybe we can break through Ancano's magic."", ""What? Are you... Are you sure? The staff is there? That can't be a coincidence."", 'The Arch-Mage.', ""Savos. Before...before he died. He... He gave me something just a little while ago. He told me it was from Labyrinthian, and that I would know what to do with it when the time came. I think...I think he meant this for you, then. I'm not sure why, but there was something very personal about it for him. Also, I think you should take this amulet. It belonged to Savos, but I think it would do you the most good now. Take it, and get out of here. Bring back that staff before Ancano brings the whole College down around us.""]",NPC
Elder Scrolls Skyrim,2011,US,Mirmulnir,Male,['Dovahkiin! No!!'],NPC
Elder Scrolls Skyrim,2011,US,Moira,Female,"[""Darling! I've been waiting for you to return, to consummate our love!"", ""What? You want it for that hussy Esmerelda, with the dark feathers –- don't you? I won't let her have you!""]",NPC
Elder Scrolls Skyrim,2011,US,Molag Bal,Male,"['Fool! Did you think Molag Bal, the Lord of Domination, would so easily reward you? What do you see from that little cage? Speak.', ""Yes. It's an altar. Men would come and sacrifice the wretched in my name. The weak would be punished by the strong. But a Daedric Lord has his enemies, and my rival Boethiah had her priest desecrate the altar. Until you came."", 'Rusted. Dry. There was a time when this mace dripped with the blood of the feeble and the worthless. But a Daedric Lord has his enemies, and my rival Boethiah had her priest desecrate it. Left it here to decay. Until you came.', ""Sharp, aren't they? This was the last thing many saw before they were sacrificed in my name. But a Daedric Lord has his enemies, and my rival Boethiah had her priest desecrate it. So long since it's tasted blood. Until you came."", ""Revenge? No. I want submission. I want the priest who did this to bend his knee and give me his soul. He comes by to perform Boethiah's insulting rites at my altar, but he's been missing. Captured and bound. Left to rot. Save him. Let him perform his rite one more time. And when he does, we will be waiting for him."", ""Fine. I offered you a reward. You'll get the freedom your kind enjoys so much. But Boethiah's priest is imprisoned as well. But not by me. He is hurt. Suffering. Save him. Let him perform his rites one more time. And when he does, I will be waiting for him."", 'Ah. But I have my own champion this time, Logrolf.', ""Mortal. I give you my mace, in all its rusted spitefulness. Crush the spirit from Logrolf's bones. Make him bend to me."", 'Ah ha ha! You mortals and your frail, limp, pathetic bodies. Try it again.', 'You bend to me?', 'You pledge your soul to me?', 'You forsake the weak and pitiful Boethiah?', ""You're mine now, Logrolf. Kill him."", 'The Mace of Molag Bal! I give you its true power, mortal. When your enemies lie broken and bloody before you, know that I will be watching.', ""Now, I have a soul in Oblivion that needs claiming. Take care of the house while I'm gone. Ha ha ha!"", 'Know your place, mortal. Or Molag Bal may just send another challenger to reclaim his mace from your broken corpse.']",NPC
Elder Scrolls Skyrim,2011,US,Morokei,Male,"['Wo meyz wah dii vul junaar?', 'Nivahriin muz fent siiv nid aaz het. You do not answer... Must I use this guttural language of yours? Have you returned, Aren? My old friend?', 'Do you seek to finish that which you could not? You only face failure once more... You... You are not Aren, are you? Has he sent you in his place? Did he warn that your own power would be your undoing? That it would only serve to strengthen me?', 'Come. Face your end.', ""Weak. He's weak. You're strong. Crush him."", 'You will kill. You will kill, or you will die!', 'Yes. Your reward is waiting for you, mortal. Further down. Yes. Further. Into the bowels. So close. Your prize is waiting.']",NPC
Elder Scrolls Skyrim,2011,US,Morwen,Female,"[""I don't really understand what you did, but I trust you did it for the good of the village. So...thank you.""]",NPC
Elder Scrolls Skyrim,2011,US,Mralki,Male,"[""I tend to keep my patrons' privacy."", ""It is? Well that's different."", ""Yeah, sure it is. You don't fool me."", 'Well, if you insist...', 'Seems your purse is lighter than you thought.', ""Now, now! That won't be necessary."", ""Hmph. He was here, but he left. If you leave now, you can probably catch him. Or, you can just wait here. He'll be back soon enough.""]",NPC
Elder Scrolls Skyrim,2011,US,Muiri,Female,"['Why are you looking at me like that?', ""The Dark Brotherh... Oh. Oh! I...my goodness, you're really here! The Black Sacrament. It actually worked?"", ""What I need? What I need is for Alain Dufont to die! I want him hunted down and murdered like the dog he is! (Remain silent) I'll need more to go on than that..."", ""I didn't know when we were...with each other...but Alain is actually a leader of a band of cutthroat bandits. They're holed up in some old dwarven ruin -- Raldbthar. It's near Windhelm. They use it as their base. It's where they stage their raids. I want you to go to that ruin, find Alain Dufont, and kill him. I don't care about his friends. Do whatever you want with them. But Alain has to die!"", ""What? Alain is...is dead? I...I'm grateful. It's just this...this isn't at all how I imagined things would play out. There was Alain, but I was considering more, and... Ah, well. Dead is dead. Right? My thanks to you, assassin. Here's the gold I was going to pay you for the job. You earned it, after all."", ""Excellent. Once Alain is dead, I'll pay you. In gold. I've saved up a bit. I hope that'll do. But, well... There is one more thing. If you're interested?"", ""If you can...I want you to kill someone else, as well. You don't have to -- it's not part of our deal. But if you do...I'll pay you even more. It's Nilsine Shatter-Shield, in Windhelm. If Nilsine dies, too...I'll make it worth your while."", 'I went to Windhelm to see the Shatter-Shields. They were old and dear friends, and...in mourning. Friga was killed recently. Murdered... I met Alain at the tavern, while I was...drinking my sadness away. He was handsome, and charming. He said I was the ""beautiful lily"" of his dreams. Alain made all the pain just...go away. But it was all lies! Alain used me. He ruined my name, destroyed my friendship with the Shatter-Shields... Do you know why Alain was in Windhelm? He heard about Friga\'s murder. He wanted to befriend the family in their grief ...and rob them blind. Alain used me to get close to my friends. And now they all think I\'m some kind of...monster. Alain Dufont took my life. And now I\'m taking his.', ""Don't you see? I was like a daughter to Tova. A sister to Nilsine and Friga. But the family refuses to believe my innocence. No matter what I say. Couldn't they understand that I was used? That I was grieving for Friga, too? No...they treated me like garbage, threw me away. With Nilsine dead, maybe then Tova will realize what she's lost, hmm? Maybe then she'll see that I was just as much a daughter as the others. And if not, may she drown in her own tears."", ""I planned to kill Alain myself, you know. Nilsine, too. But lost my nerve. I even brewed a special poison, Lotus Extract. Maybe you could use it? Just coat your weapon with it. Then...you get the idea. Make them all pay for what they've done to me..."", 'Well, what news? Is Alain...', ""That bastard got exactly what he deserved. • But last I heard, Nilsine is still alive. So I guess you decided not to kill her as well. I have to admit...I'm disappointed. Here's the payment for killing Alain. And nothing for letting Nilsine live. Just remember, that was your decision. • And...I heard about Nilsine. You have more than fulfilled your part of the bargain. Please, take this -- as payment, and a symbol of my affection. I'll never forget you.""]",NPC
Elder Scrolls Skyrim,2011,US,Namira,Female,"[""Mortal. I am Namira, the Lady of Decay. Your consumption of the blood and bile of Arkay's own is pleasing to me. I give you my ring. Wear it, and when you feast on the flesh of the death, I will grant you my power."", 'Wallow in your wretchedness, my newest champion.', 'Your mockery will be the end of you. And on that day, another servant will feast on your entrails and discover a ring clenched in her teeth. Be grateful for what time I give you until then.']",NPC
Elder Scrolls Skyrim,2011,US,Narfi,Male,"['Who are you? What do you want?', 'No! Oh, by the gods, please no!', ""Oh... Oh no... Please, please...I ain't never harmed no one... Old Narfi just wants to be left alone..."", ""Do...do you want something? Look, if you ain't gonna talk, or spare no coin, just go away...""]",NPC
Elder Scrolls Skyrim,2011,US,Nazir,Male,"['What about you, Festus? How did that last contract turn out?', 'Ha ha ha ha ha ha ha ha ha!', 'Ha ha ha ha ha ha ha ha ha!', ""So, you're the newest member of our dwindling, dysfunctional little Family. I've heard quite a bit about you."", ""Save the niceties for now. I have no intention of getting invested in someone who may be dead tomorrow. If you're still breathing in a few weeks, I'm sure we'll be the best of friends."", ""Ooh, cocky. I give you three days before you screw up and someone runs a knife across your throat. But who knows? I've been proven wrong beofre."", ""Ahh, going for the mysterious and brooding thing, hmm? That may work for your targets, but you'll find I'm not so easily impressed."", ""Did she, now? Well, as it turns out, there are a few lingering we haven't had the chance to complete just yet. And more, dribbling in from time to time. I'll assign them to you as they become available. To be completed at your leisure."", ""It is. These aren't particularly glamorous assassinations, I'll be honest. Don't pay much, either. But they'll keep you busy. Just do them as you're able. There's no real time limit -- the targets aren't going anywhere. You can turn each one in as it's completed, or wait and turn in the whole group when all the targets have been eliminated. Whichever works for you."", ""Ah, well, I'm a Redguard, as I'm sure you've noticed. Though not like most of my kind in Skyrim, that's for damned sure. I am a child of Hammerfell, born on the sands of the mighty Alik'r. In that great desert, blood is a shade of crimson I can scarce describe. My past is long and storied, and not altogether proud. The Dark Brotherhood saved me from myself. And I have never looked back."", ""Well then, let's get started. I've got three available right now. Your targets are the beggar Narfi, an ex-miller named Ennodius Papius, and Beitild, a mine boss. When you've completed all those, we'll see if I might have some more."", ""He's a hapless beggar living in some ruins just outside the village of Ivarstead. Easy even for you."", ""He lives just outside Anga's Mill, in the woods. He was once the miller. Now Papius is just a paranoid recluse who thinks someone is out to get him. And he's right."", ""She separated from her husband several months ago. Now the two run competing mining operations. Beitild's angry and desperate. A fighter. Happy hunting."", ""Congratulations. You slaughtered an emaciated beggar in cold blood. You are truly an opponent to be feared. Here's your payment."", 'Good. And I hope you were careful in that lumber mill. Those splinters and rusty nails can be quite nasty. Your payment, for a job well done.', ""Of course she is. I hear the mining business is extremely cutthroat. And those hours...they're murder. I could do this all day. Here's your payment."", ""The contracts I dole out are fairly simple -- go to a location, and kill the target. But this is different. The jobs Astrid gives you will be more important, and usually more complex. Just keep your wits about you. And for Sithis' sake, don't get killed."", ""I don't like mimes, minstrels, thespians, acrobats, jugglers, troubadours or tumblers. Flutists give me a headache. I particularly hate jesters. As a rule, I'm also not crazy about the corpses of old women. For the Night Mother, I'll make an exception. But Astrid is the only mistress I serve."", 'Does she? Listen, brother... Astrid is my mistress, and I worship the ground she walks on. But this Cicero business has her a bit...paranoid.', ""Well then, your timing couldn't be better. As it turns out, I've got two new contracts. One rather easy assignment, and another that should prove quite a challenge. Your first target is an orc bard named Lurbuk. The other is a vampire by the name of Hern. Happy hunting."", ""He's a vampire, and has blended into human society for years. He's never far from his female companion, Hert. Also a vampire. The contract is for the male, Hern. But you'll probably have to contend with the female, too. So for Sithis' sake, watch yourself."", ""He is, by all accounts, the worst bard in Skyrim. Apparently, so many people sought his death, Astrid had to hold a lottery to determine the client. You've got people to kill, my friend. Best get to it."", ""No sarcasm this time. You faced a vampire, and lived to tell the tale. Well done. And if you contracted Sanguinare Vampiris, be sure to get that taken care of. Else you'll end up like our own Babette. Unless, of course, that was your goal all along. Here's your payment."", ""Wonderful. The only good bard is a dead one, as far as I'm concerned. All that singing and...mirth. Your payment, as per the usual."", ""You may be the Listener, or you may just be a lunatic who's started hearing voices. Either way, Astrid is still your mistress. Not the Night Mother."", ""Slaughtering the Emperor's cousin? At her wedding? Those guards will be out for blood. Wouldn't surprise me if the crowd jumped in too."", 'Killing Gaius Maro in a city will be challenging because of all the guards, but fights, even murder, are fairly common. Killing him secretly will certainly make things easier on you, but if there are witnesses, so be it.', 'Should have figured the little lunatic would completely snap.', ""Going after Cicero now would be a fool's errand. That little jester is currently being digested in Arnbjorn's stomach, mark my words."", ""Hmph. I wouldn't worry too much about this Virane giving you the information you need. Give him a good scare, and he'll squawk like a Hagraven. That said... If your attack on Virane is witnessed, those Markarth guards are going to be none too happy..."", ""Yes. You're killing the Emperor himself. The Dark Brotherhood will get one shot at this, and you've been given the honors. So don't screw up."", ""If I am to die today, so bet it. But you'll not soon forget the Dark Brotherhood. Yeargh!"", 'So you are alive. I was starting to wonder.', ""Considering most of us are now dead, I assumed as much. And before you ask, no -- I don't think it was you. Well, maybe I did, but you saving my sorry hide just now sort of erased any doubts. So thanks."", ""You've got that right. Only a matter of time before we're roasted alive. Come on!"", ""Damn it! There's got to be a way out of here."", ""I'm going...as fast...as I can, you stupid she-devil. I don't see you...helping..."", 'One more...pull... Yeaahhhh! There.', 'I think so. Just hold on a moment.', ""Whoa, whoa, whoa. Slow down. It's all right. You've been through a lot. Maybe you should just sit down for a bit..."", ""She's here? By Sithis, I thought we'd lost her. Let's go!"", ""Oh! Well in that case, lead on. I'm right behind you."", ""I don't know, Babette. Looks like he may have suffered a head wound. Best not let him out of our sight..."", ""Astrid did the right thing, and now it's your turn. End her suffering."", ""Astrid... By the sands, I still can't wrap my head around it..."", 'By Sithis, what a mess. I guess this is the end.', 'What? Well -- what did she say?', 'Amaund Motierre? But that would mean...', ""You mean...there's still a chance? But how? Our plan has gone to ruin, everyone is dead, the Family..."", ""Hmph. All right, then. Go. Go, my Listener. Find out what that slimy bastard Motierre has to say, then send the Emperor to Sithis. Ah, but when you're done, there's no use returning here, is there? I was thinking...the Dawnstar Sanctuary. We could make a proper home there. Listen, when you're finished with this Emperor business, meet Babette and me there. I'll find some way to move the Night Mother. Don't worry! Now go! And come back with a barrel full of gold, hmm? Babette, my girl -- pack your things. We're moving."", 'Well? What word of the Emperor?', ""Truly? Could you have brought us more wondrous news? Recent events nonwithstanding, this is a happy day for us, my friend. Despite your misfortunes, you stayed true to the Dark Brotherhood. You've saved us all, and for this you have my eternal thanks. Now, of course I must ask... Killing the Emperor...how much did Motierre pay for such a thing?"", ""Ha! Remarkable! Well, the old bastard certainly made it worth your while, didn't he? Now, might I offer some advice? You should go to Riften and find Delvin Mallory. I believe Astrid had you visit him once before?"", 'Ha! Clearly, we should have killed that old bastard years ago! Now, might I offer some advice? You should go to Riften and find Delvin Mallory. I believe Astrid had you visit him once before?', ""Oh. Is that all? Really? Come now! You're joking with old Nazir! Surely the Emperor's life was worth more than that."", 'Ha! I knew it, you rascal! By Sithis, the old man was worth the trouble. Now, might I offer some advice? You should go to Riften and find Delvin Mallory. I believe Astrid had you visit him once before?', 'Pfft. You\'d think an Emperor would fetch at least twice that. Damn that motherless cheapskate, Motierre. In any event, here\'s my advice. Go to Riften\'s Ratway, find Delvin Mallory. I believe Astrid had you visit him once before, no? Mallory is an expert ""obtainer of goods."" We can use this money to repair and refit this Sanctuary. Make a true home for us, eh? You do that and I\'ll see what I can do about recruiting some new additions to our Family...', ""Why am I not surprised to learn Cicero is alive? I still can't stomach the little clown, but if you've welcomed him here, I won't question it.""]",NPC
Elder Scrolls Skyrim,2011,US,Nelacar,Male,"[""I don't deal with any College applicants these days, so don't bother asking."", 'Who sent you? Was it the College? The Jarl? We agreed there would be no more questions.', ""Azura? Gods, it's all finally coming back to haunt me."", ""You're working with the Daedra? Right. Now tell me the one about the Argonian Maid and the lusty baron."", 'A few coins for my soul? If only you understood the irony.', ""I don't think you understand. I'm not answering questions."", ""Just calm down. I'll tell you everything."", ""Do you think muscling me is going to work? I'm a wizard. An old. Elven. Wizard. Think about it."", ""That's for the best."", 'What do you know about soul gems?', ""They are. Except the gem is always consumed. They're frail. Except for one."", ""That's what caused all the trouble. Soul gems are used in enchanting, but they break afterwards. Except one."", ""Soul gems are the subject, friend. They're used in enchanting, then they break. Except one. Azura's Star. A Daedric artifact that allows any number of souls to pass through it. Some of us wanted to find out how. I was working under Malyn Varen, then. If only we knew what he was really planning. Get to the point."", ""Malyn wanted to alter the Star. He was dying. Disease. He thought he could store his own soul inside. Become immortal. It drove him mad. Students started dying. Eventually, the College exiled him. He took a few loyal disciples to Ilinalta's Deep and vanished. Look, I don't care who asked you to find the Star, but don't take it back to Azura. The Daedra are evil. They're the reason Malyn went insane."", ""I mentioned how the Star is a soul gem, only it never gets depleted? There's another rule the artifact follows. You can only store white souls in the Star, belonging to the lesser creatures. Azura's magic won't allow black souls to enter it. As a mortal, Malyn's soul was black, so part of his work was breaking past Azura's rules. He was close before...well, I already told you."", ""Azura is no ordinary Daedra. She commands an entire realm in of Oblivion. The more Malyn worked on the Star, the more she was able to damn him. It started slowly at first. Malyn would see things that weren't there. Then he would yell at students over words they hadn't said. Then one day I walked in and Malyn had...killed a student, and in a horrific moment of inspiration, he started using her soul for his work."", ""The College would agree with you, but do you have any idea how many innocent lives were cut short, just so Azura could have revenge? We're nothing to the Daedra. Pawns to move around, praise, and punish as they see fit."", ""Stendarr's Mercy. You found it. Azura's Star. Maybe this is my chance to make things right. I can finish Malyn's work, the way we had meant to before his madness. It would mean cutting the Star off from Azura. Only black soul would be able to enter it once we finished."", ""Give me a minute to examine the Star. I'll see what we need to do."", ""All right, but hurry. Who knows if Azura is watching us? These fissures and cracks aren't encouraging. Malyn was obviously growing more desperate once he left the College. He did it. He actually managed to trap his own soul inside the Star, but it's falling apart. It needs more and more souls to sustain itself. The Star is being used to sustain Malyn's soul. I can't fix it while that fragment of him is inside."", ""Precisely. But it's not as simple as enchanting Malyn away. He's put up barriers. Souls are only allowed in, not out. If we were to... somehow...send a soul inside the Star. One that was ready to overpower Malyn from the inside..."", 'I could soul trap you. Place you inside the Star. Then bring you back once Malyn has been dealt with.', ""A special type of soul trap. Placing you within the Star without fully killing you. Once Malyn has been dealt with, I'll bring you back. I understand if you need some time to prepare. Let me know when you're ready."", ""He's already dead. Worse, the enchantment keeping him intact requires black souls. I don't know how many people he must have killed. If we don't do something, the enchantment will eventually fade, and the Star will slip back into Oblivion. Azura will have the last laugh."", ""Malyn's soul should be in the Star. Theoretically, purging him will be just like killing a ghost anywhere else. I'll have a magical tether to your soul while you're inside. Once you're done, it'll be as simple as pulling you back into your body."", ""Malyn's soul is beyond home because his body is dead. But I'll be keeping you just slightly alive on this end. But be careful. If you die inside the Star, your soul will be disrupted. There's nothing anyone can do for you if that happens."", ""Okay. Stand still. This might sting. First, I'll need to grab hold of your soul. Now, take a deep breath."", ""Malyn's enchantments are broken. Hold on. I'm going to pull your soul out of there. Brace yourself."", ""Easy there. The numbness will pass. Just don't strain yourself. We've done it. The Star has been cut from Azura, and Malyn's soul finally has some measure of peace, even if it is in non-existence."", 'Now? You could use it for what we meant it for. Using black souls for enchanting. The Black Star will never decay, but it can no longer hold the white souls of lesser creatures. You keep it.', ""Go ahead. Take it. I'd sooner finally put this chapter of my life behind me. Congratulations. You've altered the fate of a Daedric artifact and lived.""]",NPC
Elder Scrolls Skyrim,2011,US,Nelkir,Male,"[""So the disgusting pig sent you to bother me? One day, I'll tear his face apart so he can leave me alone. My father doesn't know anything about me. But I know about him. And about the war. More than he might think."", ""I know that he still worships Talos. That he hates the Thalmor almost as much as the Stormcloaks do. That he worries about being chased from Whiterun. That he...that I'm...that I don't have the same mother as my brother and sister."", ""This castle is old. Lots of places nobody's been in a long while. Places where you can overhear things. See things. And the Whispering Lady."", ""She won't tell me her name. I've gotten good at listening to keyholes. At the door in the basement, I hear her talking to me. I thought I was caught, but she started telling me even more secrets. But I can't open the door."", ""In the basement. Trust me, you'll see it. I bet she'll talk to you, too."", ""You...you know the Whispering Lady, don't you. I can tell."", 'I told you, I know everything about this castle. For some reason that door is special. Only two people can open it, Balgruuf and Farengar, the court wizard. How you get it from them is up to you. Nobody would notice if Farengar went missing, I promise you.']",NPC
Elder Scrolls Skyrim,2011,US,Neloth,Male,"[""You there... You don't seem to be in quite the same state as the others here. Very interesting. May I ask what it is you're doing here?"", ""Miraak...Miraak... It sounds familiar, and yet I can't quite place... Oh. Wait, I recall. But that makes very little sense. Miraak's been dead for thousands of years."", ""I'm not sure, but it is fascinating, isn't it? Perhaps it has some relation to what's going on here. Quite unexpected. I'm afraid I can't give you any answers. But there are ruins of an ancient temple of Miraak's toward the center of the island. If I were you, I'd look there."", ""Building something, clearly. And yet they don't seem to have much to say about it. I'm very interested to find out what happens when they finish."", 'Certainly not! Doing so would interfere with whatever is going on, and I would be unable to see how this all turns out.', 'When the city of Vivec was destroyed, it took decades for us to rebuild. We are still but a shadow of our glorious past, but some day we will rise again.', 'You are too young to remember the Nerevarine. He defeated Dagoth Ur and saved us all from the blight.', 'The ignorant think it is only a place of ash and lava. It had rolling green plains and swamps and verdant hills too.', 'It is the only place where silt striders can be found. Although I managed to transplant a few here when I arrived.', ""There is the big island of Vvardenfell, and the coastal mainland. House Telvanni has its properties on Vvardenfell. I've never been to the mainland myself."", ""It's the home of the dunmer. The lesser races call us dark elves. We built great works there, like Vivec and Ald'ruhn. Many of them are destroyed now, either by Red Mountain or the argonian invasion."", 'Red Mountain dominates the island. Every now and then ash and debris from an eruption land on our shores.', ""You again? Didn't I see you in Raven Rock?"", 'You refer to the tomes of esoteric knowledge that old Hermaeus Mora has scattered throughout the world? Is this somehow connected to your search for Miraak?', ""Found one? Yes, and you read it, too, didn't you? Don't try to deny it, you've got the look. I can see it now. Dangerous knowledge is still knowledge and therefore useful. Usually turns out to be the most useful, in my experience."", ""You didn't know? Hmm, I thought it was obvious. Hermaeus Mora has always tried to seduce mortals into his service with the lure of forbidden knowledge. Where the Black Books actually came from...no one really knows. Some appear to have been written far in the past, others might be from the future. Apparently time is more malleable if you're the Daedric Prince of fate and destiny."", ""If you have to ask that, you'd probably be best leaving his books to wiser heads than yours. Like all Daedric Princes, he's not to be trifled with. But he is subtler than most of his ilk, appropriate for the prince of knowledge and fate. Many scholars and loremasters have been ensnared by the lure of learning secrets that only Hermaeus Mora possesses. But don't worry. I have no intention of joining them in their endless search though the infinite halls of Apocrypha."", 'Now that is a dangerous path indeed. Hermaeus Mora gives nothing away for free. You may end up like Miraak, of course. Two power-mad Dragonborn. It could be very interesting.', ""Oh yes. They're not hard to locate once you know how to look for them. I have one here that I've been using to locate more."", ""Yes. I haven't been idle while this fascinating madness engulfed Solstheim. But my book isn't what you're looking for. I'm quite sure it's unconnected with this Miraak. But I do know where to find a Black Book that can help you."", ""Yes, I do. I haven't been able to get it, though. But maybe together we can unlock the secrets the Dwemer left behind."", ""Forbidden knowledge was somewhat of a specialty of the dwarves, eh? You don't think they would just leave it alone, do you?"", 'I\'m afraid it isn\'t that simple. If it was, I would have the book already. It seems the ancient Dwemer discovered this book and took it to study. I found their ""reading room"" in the ruins of Nchardak. The book is there, but it\'s sealed in a protective case which I wasn\'t able to open. But perhaps the two of us together will be able to get at the book. To Nchardak, then. Follow me.', ""Oh, it is clearly not associated with the same power that has overtaken the island. And I'm not talking about Hermaeus Mora. These Black Books are all his, of course. No, what you're looking for is a specific book. Presumably because Miraak's power derives from it."", ""The Dwemer certainly know how to build for the ages. These towers have outlasted their creators by millenia. The book is housed inside that dome. I'll need to unlock the door for us. Let's get on with it."", 'I had to clean out the riff-raff last time I was here, too. Where do they come from?', 'The Dwemer of Nchardak appear to have been fond of these control pedestals. Luckily I found a cube to operate it inside on my last visit. I sealed the door when I left to keep out ignorant meddlers. Let me unlock it. The book is just inside.', ""You can see the book right there. So tantalizingly close...but trust me, no magic will open that. I'd have had the book already if it could. No, we'll have to do this the hard way. If we can restore the steam supply to this room, I'm certain I can open it. As you'll see, that's easier said than done. This way to the boilers. Follow me."", 'The last time I was here, I only explored a small portion of the ruins. I was here alone then, and I find an assistant is absolutely essential for this kind of dirty, dangerous work. Nchardak. The ""City of a Hundred Towers"". In its day, it was the largest of the great Dwemer Archives, and perhaps the most advanced. In the old stories, when the Nords came to conquer it, it\'s said the Dwemer submerged the entire city beneath the sea until the invaders gave up. I have my doubts. But the city was a marvel of Dwemer engineering. Now...reduced to this. As you can see, most of the lower levels of the city are flooded. But it isn\'t hopeless -- the old Dwemer pumps still seem to work. Watch.', ""But the pumps only operate when a cube is in the pedestal. And unfortunately, I only have one cube. These four boilers provide steam to the room upstairs. They're shut down, but they still respond to the control cubes. So, if we can find four more cubes, we can turn these boilers back on and restore steam power to the room upstairs. Then I should be able to open the book's protective case. Bring that cube. We'll need it."", ""Yes...here we are. This device shows the location of four more cubes in this section of the city. It looks like most of the cubes were moved to the lower levels; perhaps to try to control the flooding before the city was abandoned. Interesting. That would suggest that the city must have originally sunk during the first cataclysm of Red Mountain. Or that the Dwemer's servitors continued to try to preserve the city after their creators' disappearance."", 'Three of the cubes are through here. This seems like a sensible place to start. You should be able to unseal this door with the control cube I gave you.', 'I hope the rest of the cubes arethis easy to find. Although knowing the Dwemer, I rather doubt it.', 'These must be the ""Great Workshops of Nchardak"". Impressive even in ruins. In the city\'s days of glory, it was reputed to be able to assemble a complete automaton in a single day. Much of the Dwemer army at the Battle of Red Mountain must have come from here. It looks like we\'ll need to lower the water level to make any more progress.', 'Ah, good. Now we can see if we can find a way to get that next cube.', 'There seems to be an inexhaustible suply of these Dwemer contraptions.', ""Unfortunately, each cube we retrieve shuts down the corresponding pumps, raising the water level. We'll have to be careful."", ""Let's see where this leads. With the water level this high, we can swim right across the collapsed part of the passage and reach the other side."", ""Very good. By my count, we've found a total of four cubes. Assuming you haven't dropped any anywhere."", ""You'll need to lower the water level before we can proceed any further."", ""The last cube is somewhere in here. I hope it won't require more swimming around in this filth. I'd guess that must be the pump activator up there. But how to reach it? We'll need to get all three of these bridges down in order to reach the pump control."", ""That's it! Don't touch anything else. Quickly now."", ""What a mess. I'm getting tired of wading around in this muck. I have an idea. I'll wait here and retrieve this cube once you find the last one we need. Good luck!"", ""Do you have the cube? Good, good! Then I'll take this cube and we can be on our way. Watch out. The water's rising even higher with both pumps shut down. That was easier than I expected. I'm glad you were here to do all the hard work. With the cube I retrieved from the pumping pedestal, we should now have five cubes -- exactly what we need. Now we can finally see about getting those boilers started."", ""You'll need the cube I picked up to start all the boilers. Here, I picked this up this cube for you."", ""That seems to have done it. Good. It took longer than I'd hoped, but at least it's finally done. Look out, another Steam Centurion!"", ""I'm going to head back upstairs and see if the reading room has steam. If so, it should be a simple matter to release the book."", 'Yes, it worked! The steam is flowing. Now it should be as simple as... That should do it.', 'At last. I hope it was worth it. Please...be my guest. You deserve the first look. Besides, it could be very dangerous. These books are known to drive many people insane.', 'Oh good. Be sure to say hello to Hermaeus Mora for me, if you see him.', 'What happened? What did you see? Different people have very different experiences when reading these books.', ""You're still surprisingly sane, too. What did he have to say? He must have wanted something from you."", ""No wonder the Dwemer were so interested in that book. It was indeed one that Miraak used to advance his power as Dragonborn. But I assume there's some bad news. It would be unlike Hermaeus Mora to allow anyone to gain such knowledge without exacting a price."", 'Hmph. What secrets could they have worth keeping from old Mora? Sounds like a bargain to me. Hermaeus Mora learns some fascinating new ways to skin a horker, and you become the second most powerful Dragonborn that ever lived. Well, that gives me a lot to think about. I need to get back to Tel Mithryn. I have some ideas about how to locate more of these Black Books...', 'Hold still. Let me get a good look at you.', ""Incipient madness. Loss of self-awareness. Black spots in the whites of the eyes. Any of the documented indications of Hermaeus Mora's permanent influence. Hmm, no, you look fine. Well, at least no different than when I first saw you."", 'Who? Oh him. Well, I assume you killed him. Or Hermaeus Mora turned on him when you looked like the winning bet. Or a bit of both.', ""I wasn't worried. Just interested. I don't get to observe first-hand many people who've spoken to Hermaeus Mora.""]",NPC
Elder Scrolls Skyrim,2011,US,Nerien,Male,"['Know that you have set in motion a chain of events that cannot be stopped. Judgment has not been passed, as you had no way of knowing. Judgment will be passed on your actions to come, and how you deal with the dangers ahead of you. This warning is passed to you because the Psijic Order believes in you. You, mage, and you alone, have the potential to prevent disaster. Take great care, and know that the Order is watching.']",NPC
Elder Scrolls Skyrim,2011,US,Night Mother,Female,"['Poor Cicero. Dear Cicero. Such a humble servant. But he will never hear my voice. For he is not the Listener.', 'Oh, but I will speak. I will speak to you. For you are the one. Yes, you. You who shares my iron tomb, who warms my ancient bones. I give you this task -- journey to Volunruud. Speak with Amaund Motierre.', 'Listener. I am your only salvation. Come. Embrace me.', 'Sleep.', 'You must speak with Astrid. Here, in the Dark Brotherhood Sanctuary.', ""Astrid is dead. It is as it should be. May she find redemption in the Void. But while you live, the Dark Brotherhood lives. We must fulfill our contract. Emperor Titus Mede II must be eliminated. Speak with Amaund Motierre at the Bannered Mare in Whiterun. He will know the true Emperor's location. But first, inform Nazir of your plans. For you are the Listener, and must bind this Family together."", 'It is done. Emperor Titus Mede II lies dead, and the Dark Brotherhood yet lives. But our work is just beginning. Approach me, Listener, and hear my words.']",NPC
Elder Scrolls Skyrim,2011,US,Nikulas,Male,['Frea...what happened? What was that thing? I thought the village was safe now.'],NPC
Elder Scrolls Skyrim,2011,US,Nilsine Shatter-Shield,Female,"['What? Did...you need something?', ""Muiri? I can't believe my family trusted that backstabbling little strumpet. You tell her she's dead to us. You hear me? Dead!"", ""What kind of cruel, horrible person are you? My sister was murdered. Do you have any idea what that's like? What I'm going through?"", ""You just going to stand there, gawking? Go away. You're starting to ...frighten me.""]",NPC
Elder Scrolls Skyrim,2011,US,Nimphaneth,Female,"[""You've brought us quite the meal.""]",NPC
Elder Scrolls Skyrim,2011,US,Niruin,Male,"[""Vex better leave a piece of Mercer for us. It's payback time."", ""We're all rich thanks to you. Cheers!""]",NPC
Elder Scrolls Skyrim,2011,US,Njada Stonearm,Female,['Going to enjoy killing you!'],NPC
Elder Scrolls Skyrim,2011,US,Nocturnal,Female,"[""Ah, Karliah. I was wondering when I'd hear from you again. Lose something, did we?"", ""You're already mine, Karliah. Your terms were struck long ago. What could you possibly offer me now?"", 'You surprise me, Karliah. This offer is definitely weighted in my favor.', 'Revenge? How interesting... Very well, your conditions are acceptable. You may proceed.', ""Very well. I name your initiates Nightingale and I restore your status to the same, Karliah. And in the future, I'd suggest you refrain from disappointing me again."", 'My, my. What do we have here? It\'s been a number of years since I\'ve stepped foot on your world. Or perhaps it\'s been moments. One tends to lose track. So...once again the Key has been stolen and a ""champion"" returns it to the Sepulcher. Now that Ebonmere has been restored, you stand before me awaiting your accolades; a pat on the head...a kiss on your cheek. What you fail to realize is your actions were expected and represent nothing more than the fulfillment of your agreement. Don\'t mistake my tone for displeasure, after all, you\'ve obediently performed your duties to the letter. But we both know this has little to do with honor and oaths and loyalty. It\'s about the reward; the prize. Fear not. You\'ll have your trinkets, your desire for power, your hunger for wealth. I bid you to drink deeply from the Ebonmere, mortal. For this is where the Agent of Nocturnal is born. The Oath has been struck, the die has been cast and your fate awaits you in the Evergloam. Farewell, Nightingale. See to it the Key stays this time, won\'t you?']",NPC
Elder Scrolls Skyrim,2011,US,Nura Snow-Shod,Female,['Aiiiieeeeeeee!'],NPC
Elder Scrolls Skyrim,2011,US,Odahviing,Male,"['Dovahkiin! Here I am!', 'Ni fas, Dovahkiin!', 'Nid!', ""Horvutah med kodnaav. Caught like a bear in a trap... Zok frini grind ko grah drun viiki, Dovahkiin. Ah. I forget. You do not have the dovah speech. My...eagerness to meet you in battle was my... undoing. Dovahkiin. I salute your, hmm...low cunning in devising such a grahmindol -- strategem. Zu'u bonaar. You went to a great deal of trouble to put me in this...humiliating position. Hind siiv Alduin, hmm? No doubt you want to know where to find Alduin?"", ""Rinik vazah. An apt phrase. Alduin bovul. One reason I came to your call was to test your Thu'um for myself. Many of us have begun to question Alduin's lordship, whether his Thu'um is truly the strongest. Among ourselves, of course. Mu ni meyye. None were yet ready to openly defy him."", ""Unslaad krosis. Innumerable pardons. I digress. He has travelled to Sovngarde to regain his strength, devouring the sillesejoor...the souls of the mortal dead. A privilege he jealously guards... His door to Sovngarde is at Skuldafn, one of his ancient fanes high in the eastern mountains. Mindoraan, pah ok middovahhe lahvraan til. I surely do not need to warn you that all his remaining strength is marshalled there. Zu'u lost ofan hin laan...now that I have answered your question, you will allow me to go free?"", 'Aam? Serve you? ...no. Ni tiid. If and when you defeat Alduin, I will reconsider.', 'Ah. Well. Hmm...krosis. There is one...detail about Skuldafn I neglected to mention.', ""Only this. You have the Thu'um of a dovah, but without the wings of one, you will never set foot in Skuldafn. Of course...I could fly you there. But not while imprisoned like this."", 'Indeed. Orin brit ro. I cannot leave here until you defeat Alduin, which you cannot do without my help.', ""Ahraan. You wound me, Dovahkiin. I may not tell the whole truth, but I am no liar. Go and see for yourself. Zu'u ni bo nol het. I will be here...unless Alduin returns before you do."", ""Onikraan koraav gein miraad. It is wise to recognize when you only have one choice. And you can trust me. Zu'u ni tahrodiis. Alduin has proven himself unworthy to rule. I go my own way now. Free me, and I will carry you to Skuldafn."", 'Begone, mage. Do not test my promise to the Dovahkiin.', 'Joor mey! What are you doing back there? Yol...Toor...Shul!', 'Faas nu, zint dein ruthi ahst vaal.', 'Saraan uth -- I await your command, as promised. Are you ready to see the world as only a dovah can?', ""Zok brit uth! I warn you, once you've flown the skies of Keizaal, your envy of the dov will only increase. Amativ! Mu bo kotin stinselok."", 'Kreh zini! The freedom of the sky beckons! Yet I stay here, nau gol, as promised.', ""This is far as I can take you. Krif voth ahkrin. I will look for your return, or Alduin's."", 'Pruzah wundunne wah Wuth Gein. I wish the old one luck in his... quest. But I doubt many will wish to exchange Alduin\'s lordship for the tyranny of Paarthurnax\'s ""Way of the Voice"". As for myself, you\'ve proven your mastery twice over. Thuri, Dovahkiin. I gladly acknowledge the power of your Thu\'um. Zu\'u Odahviing. Call me when you have need, and I will come if I can.']",NPC
Elder Scrolls Skyrim,2011,US,Ondolemar,Male,"['The degeneracy of the Empire is on display here in this room.', ""There are those in the Empire who would wish to evade their obligations to help root out the Talos heresy. Fortunately, those most opposed to the Emperor's wise policy have no branded themselves traitors as well as heretics. I am here to remind the ruling classes of Skyrim that their loyalty to the Emperor requires cooperation with the Thalmor."", 'What is it, my friend?', ""This is very irregular. I trust that whatever you're doing doesn't compromise my position in any way?"", ""Don't presume upon our friendship. My first loyalty is to the Thalmor, as you well know."", ""Hmm. Very well. I'm putting my reputation on the line for you."", ""This is neither the time nor the place for such things. I'm surprised you would ask it of me."", 'How dare you speak of the Thalmor in such a disgusting manner!', ""Your insults and provocations have gone far enough! I'd kill you where you stand if I wasn't bound by my oath as an officer of the Aldmeri Dominion."", 'Forgive me, Ambassador. I allowed this...fool to provoke me. The fault is mine. There is no need for further disruption on my account.']",NPC
Elder Scrolls Skyrim,2011,US,Onmund,Male,"[""But we've only just arrived here -- you've no idea what any of us are capable of. Why not give us a chance to show you what we can do?"", 'Can you imagine what it was like, living here so long ago? The first men in Tamriel, here...', 'I wonder if everyone else would be so happy to rifle through the bones of their ancestors.']",NPC
Elder Scrolls Skyrim,2011,US,Orgnar,Male,"['Right. Happy trails.', 'Yeah, sure.', ""Well, now. That's something to think about."", 'Yeah...sure. You, too, Delphine. You be safe.']",NPC
Elder Scrolls Skyrim,2011,US,Orthjolf,Male,"['What are you up to, Garan?', 'Well, then... Best of luck to you.', 'All of Skyrim will tremble before us.', ""Don't keep our master waiting. Take him the bow immediately.""]",NPC
Elder Scrolls Skyrim,2011,US,Orthorn,Male,"[""Please! Help me! Don't leave me here!"", ""Yes, yes! Did Arch-Mage Aren send you? He sent you to rescue me, didn't he?"", ""What? The bo... Oh. Oh dear. I shouldn't have taken them, I know! It was stupid. I was stupid. It won't happen again. Help me get out of here, and I'll help you find them. Please!"", ""See? I knew Aren wouldn't leave me in here! Hurry and get me out of this cage before they come for me!"", ""I don't have them anymore. She took them... The Caller. She's the one who put me in here! Please, let me out of here!"", ""They threw me in here until they were ready to use me in one of their experiments. This wasn't supposed to happen. I thought they wanted my help, not to use me as a test subject!"", ""No, it's the levers in the center there. Just make sure you don't pull the wrong one. Please, hurry. I don't like being in here!"", ""Thank you, thank you! I promise I'll help. And then I'll go back to the College and I'll beg them to let me back in."", ""Ah. I see. Well, then I'll just stay behind you a little bit, and follow along quietly."", ""Yes, of course. I said I'd tell you, didn't I? The Caller will have them. She was most interested in one of the volumes. Although not interested enough to keep me from being locked up."", ""Oh, you saved me! Thank you so much. Who knows what they'd have done if you hadn't come along. I promise I'll help you get out of here."", ""Don't you need my help?"", ""Well, I... If you're sure... I'll just be on my way then. Please do be careful, and thank you."", ""Well, I was only trying to help. Fine, I'll just save myself then. Thank you for letting me out of that cage."", 'I was only trying to help you, you know! I hope the Caller turns you inside out!', 'I shall do my best.', 'I, uhh... Wait, what?', 'But why?', ""You wouldn't do that, would you? You wouldn't leave me here with her!"", 'How could you just leave me here?', ""Well, everything worked out nicely, didn't it?"", ""Yes, you certainly do. You'll be going back to the College, then? I, uhh...I think perhaps I'll wait a bit before venturing there myself. Let this whole thing blow over, you know. Give certain parties a chance to forget what I may have done. Still, you've gotten me out of that cage, and I won't forget it. Thank you again, and good luck to you.""]",NPC
Elder Scrolls Skyrim,2011,US,Orthus Endario,Male,"[""I'm ready for this party to be over."", ""Ill luck. I'm a busy man and I don't have time for this sort of frivolity. But at the same time, I don't dare refuse an invitation from Elenwen."", ""Is it that obvious? I should take pains to seem more happy. I wouldn't want to upset our host. But the truth of it is, I have a mountain of paperwork back in Windhelm and it's not getting any smaller. I just hope this party doesn't drag on all night."", ""Of course! I mean...assuming you don't want me to kill someone for you. I might have to draw the line there."", ""That's it? Sure. Shouldn't be too hard. I usually end up making a fool out of myself without even trying. Watch this."", ""Hey, Razelan, remember when you told me I'd never amount to anything? Well, I don't think you should say things like that about the Ambassador!"", ""I know you're drunk as usual, but that's no excuse for insulting our hostess. I don't think anyone deserves that kind of abuse! I've known plenty of elves who were perfectly decent people."", ""I'm sorry, Ambassador. I didn't mean to cause such a commotion. There's no need to have him thrown out on my account.""]",NPC
Elder Scrolls Skyrim,2011,US,Paarthurnax,Male,"['Drem Yo Lok. Greetings, wunduniik. I am Paarthurnax. Who are you? What brings you to my strunmah...my mountain?', 'I am as my father Akatosh made me. As are you...Dovahkiin.', 'They see me as master. Wuth. Onik. Old and wise. It is true I am old...', 'Yes. Vahzah. You speak true, Dovahkiin. Forgive me. It has been long since I last tinvaak with a stranger. I gave in to the temptation to prolong our speech.', 'Evenaar bahlok. There are many hungers it is better to deny than to feed. Dreh ni nahkip. Discipline against the lesser aids in qahnaar...denial of the greater. Tell me. Why do you come here, volaan? Why do you intrude on my meditation?', ""Drem. Patience. There are formalities which must be observed, at the first meeting of two of the dov. By long tradition, the elder speaks first. Hear my Thu'um! Feel it in your bones! Match it, if you are Dovahkiin! Yol...Toor...Shul!"", 'The Word calls you. Go to it.', 'A gift, Dovahkiin. Yol. Understand Fire as the dov do.', ""Now, show me what you can do. Greet me not as • mortal, • khajiit, but as dovah! Do not be afraid. Faasnu. Let me feel the power of your Thu'um."", 'Aaah...yes! Sossedov los mul. The dragonblood runs strong in you. It is long since I had the pleasure of speech with one of my own kind. So. You have made your way here, to me. No easy task for a joor...mortal. Even for one of Dovah Sos. Dragonblood. What would you ask of me?', 'Ah. I have expected you. Prodah. You would not come all this way for tinvaak with an old dovah. No. You seek your weapon against Alduin.', ""Alduin komeyt tiid. What else would you seek? Alduin and Dovahkiin return together. But, I do not know the Thu'um you seek. Krosis."", ""Hmm. Yes. They are very protective of me. Bahlaan fahdonne. But I do not know the Thu'um you seek. Krosis."", 'Krosis. Sorrowfully, no. It cannot be known to me. Your kind -- joorre -- mortals -- created it as a weapon against the dov...the dragons. Our hadrimme, our minds cannot even...comprehend its concepts.', ""Drem. All in good time. First, a question for you. Why do you want to learn this Thu'um?"", 'Nid. If you wish me to answer your question, you must answer mine.', 'Yes. Alduin...zeymah. The elder brother. Gifted, grasping and troublesome as is so often the case with firstborn. But why? Why must you stop Alduin?', 'True... But qostiid -- prophecy -- tells what may be, not what should be. Qostiid sahlo aak. Just because you can do a thing, does not always mean you should. Do you have no better reason for acting than destiny? Are you nothing but a plaything of dez...of fate?', 'Pruzah. As good a reason as any. There are many who feel as you do, although not all. Some would say that all things must end, so that the next can come to pass. Perhaps this world is simply the Egg for the next kalpa? Lein vokiin? Would you stop the next world from being born?', ""Hahaha! You have much to learn of the dov, then. There is nothing else but philosophy to a dovah. It is no accident that we do battle with our Thu'um, our Voices. There is no distinction between debate and combat to a dragon. Tinvaak los grah. For us it is one and the same."", ""Paaz. A fair answer. Ro fus...maybe you only balance the forces at work to quicken the end of this world. Even we who ride the currents of Time cannot see past Time's end. Wuldsetiid los tahrodiis. Those who try to hasten the end, may delay it. Those who work to delay the end, may bring it closer."", 'And so, perhaps, your destiny will be fulfilled. Who can say? Dez motmahus. Even to the dov, who ride the currents of Time, destiny is elusive. Alduin believes that he will prevail, with good reason. Rok mul. And he is no fool. Ni mey, rinik gut nol. Far from it. He began as the wisest and most far-seeing of us all. But you have indulged my weakness for speech long enough. Krosis. Now I will answer your question. Do you know why I live here, at the peak o the Monahven -- what you name Throat of the World?', 'True. But few now remember that this was the very spot where Alduin was defeated by the ancient Tongues. Vahrukt unslaad... perhaps none but me now remember how he was defeated.', 'This is the most sacred mountain in Skyrim. Zok revak strunmah. The great mountain of the world. Here the ancient Tongues, the first mortal masters of the Voice, brought Alduin to battle and defeated him.', 'Drem. Patience. I am answering, in my way. This is the most sacred mountain in Skyrim. Zok revak strunmah. The great mountain of the world. Here the ancient Tongues, the first mortal masters of the Voice, brought Alduin to battle and defeated him.', 'Yes and no. Viik nuz ni kron. Alduin was not truly defeated, either. If he was, you would not be here today, seeking to... defeat him. The Nords of those days used the Dragonrend Shout to cripple Alduin. But this was not enough. Ok mulaag unslaad. It was the Kel -- the Elder Scroll. They used it to...cast him adrift on the currents of Time.', 'Hmm. How to explain in your tongue? The dov have words for such thing that joorre do not. It is an...artifact from outside time. It does not exist, but it has always existed. Rah wahlaan. They are...hmm...fragments of creation. The Kelle...Elder Scrolls, as you name them, they have often been used for prophecy. Yes, your prophecy comes from an Elder Scroll. But this is only a small part of their power. Zofaas suleyk.', 'Not intentionally. Some hoped he would be gone forever, forever lost. Meyye. I knew better. Tiid bo amativ. Time flows ever onward. One day he would surface. Which is why I have lived here. For thousands of mortal years I have waited. I knew where he would emerge but not when.', 'Tiid krent. Time was...shattered here because of what the ancient Nords did to Alduin. If you brought that Kel, that Elder Scroll back here...to the Tiid-Ahraan, the Time-Wound... With the Elder Scroll that was used to break Time, you may be able to...cast yourself back. To the other end of the break. You could learn Dragonrend from those who created it.', 'Krosis. No. I know little of what has passed below in the long years I have lived here. You are likely better informed than I.', 'Trust your instincts, Dovahkiin. Your blood will show you the way.', ""Return it here, to the Tiid-Ahraan. Then... Kelle vomindok. Nothing is certain with such things. But I believe the Scroll's bond with the Tiid-Ahraan will allow you a...a seeing, a vision of the moment of its creation. Then you will feel -- know -- Dragonrend, in the power of its first expression. You will see them...wuth fadonne...my friends -- Hakon, Gormlaith, Felldir."", ""The first mortals that I taught the Thu'um -- the first Tongues. The leaders of the rebellion against Alduin. They were mighty, in their day. Even to attempt to defeat Alduin...sahrot hunne. The Nords have had many heroes since, but none greater."", 'Vomindok. I do not know. Perhaps in the very doing they erased the knowing of it from Time itself. The dov are children of Akatosh. Thus we are specially...attuned to the flow of Time. Perhaps also uniquely vulnerable. I warned them against such a rash action. Even I could not foresee its consequences. Nust ni hon. They would not listen.', ""Yes. There were a few of us that rebelled against Alduin's thur... his tyranny. We aided the humans in his overthrow. But they did not trust us. Ni ov. Their inner councils were kept hidden from us. I was far from here on the day of Alduin's downfall. But all dov felt the...sundering of Time itself."", ""I cannot tell you in detail. I never heard it used. Kogaan. It was the first Thu'um created solely by mortals. It was said to force a dragon to experience the concept of Mortality. A truly vonmindoraan...incomprehensible idea to the immortal dov."", 'You have it. The Kel -- the Elder Scroll. Tiid kreh...qalos. Time shudders at its touch. There is no question. You are doom-driven. Kogaan Akatosh. The very bones of the earth are at your disposal. Go then. Fulfill your destiny. Take the Scroll to the Time-Wound. Do not delay. Alduin will be coming. He cannot miss the signs.', 'Lost funt. You are too late, Alduin!', 'Dovahkiin! Use Dragonrend, if you know it!', 'Unslaad hakoron! Never again!', 'This is your chance, Dovahkiin! Strike with all your force!', 'Dovahkiin, vosaraan! Use Dragonrend before Alduin consumes you!', ""Lot krongrah. You truly have the Voice of a dovah. Alduin's allies will think twice after this victory."", 'Ni liivrah hin moro. True, this is not the final krongrah -- victory. But not even the heroes of old were able to defeat Alduin in open battle. Alduin always was pahlok -- arrogant in his power. Uznahgar paar. He took domination as his birthright. This should shake the loyalty of the dov who serve him.', ""Yes...one of his allies could tell us. Motmahus... But it will not be easy to...convince one of them to betray him. Perhaps the hofkahsejun -- the palace in Whiterun...Dragonsreach. It was originally built to house a captive dovah. A fine place to trap one of Alduin's allies, hmm?"", ""Hmm, yes. But your su'um is strong. I do not doubt that you can convince him of the need."", 'Yes. This was ages ago, you understand. There were more of us then. Before the bruniikke -- the Akaviri -- came and killed all my zeymah. I used to visit him from time to time. Nearly crazed by loneliness and captivity. Tiiraz sivaas. He did not even remember his own name. I do not know how he came to be caught. But the bronjun...the Jarl...was very proud of his pet. Paak! The hofkahsejun has been known as Dragonsreach ever since.', ""I have taught the Way of the Voice for centuries and the Thu'um since long before that. But no, Dovahkiin. Others do not come here to train anymore. Saraan. You are the first in over a hundred years. I meditate on the Rotmulaag -- the Words of Power. I counsel in their use. It is enough for me."", 'Knowing a Word of Power is to take its meaning into yourself. Contemplate the meaning of a Rotmulaag. You will become closer to that Word, as it fills your inner self. Will I teach you, Dovahkiin? What Word calls you to deeper understanding? There are three to master: Fus, Feim, and Yol.', 'It is called ""Force"" in your tongue. But as you push the world, so does the world push back. Think of the way force may be applied effortlessly. Imagine but a whisper pushing aside all in its path. That is ""Fus."" Let its meaning fill you. Su\'um ahrk morah. You will push the world harder than it pushes back.', '""Fade"" in your tongue. Mortals have greater affinity for this word than the dov. Everything mortal fades away in time, but the spirit remains. Ponder the meaning of spirit. Unslaad zii. Where mortal flesh may wither and die, the spirit endures. That is ""Feim."" Let that meaning fill you. Su\'um ahrk morah. You will find that your spirit will give you more strength.', 'In your tongue, the Word simply means ""fire."" It is change given form. Power at its most primal. That is the true meaning of ""Yol."" Suleyk. Power. You have it, as do all dov. But power is inert without action and choice. Think of this as the fire builds in your su\'um, in your breath. Su\'um ahrk morah. What will you burn? What will you spare?', ""Hmm, yes. I have been pondering on exactly that question. Lingrah morah. I have tasted the voices of Alduin's allies on the wind. Pogaan nahlaas, vokrii wah jun. There is one who I remember well. Odahviing. He is the one to tell us where Alduin has gone."", ""Ah, I forget how little you know of the dov. Our names are always made of us three Rotmulaag -- Words of Power. You see -- Paar-thur-nax -- a Thu'um -- a Shout, yes?"", ""He is not compelled to come, but the dov are prideful by nature. Few could resist such a challenge. Especially from you, Dovahkiin. But Odahviing, he is...headstrong? Boziik. Rash. Even among the dov, he was known for this. He will not resist the challenge of your Voice, Dovahkiin. He will come. Now -- hear his name. Odahviing. Taste it on the wind. Od-ah-viing. Know it in your su'um. Od-ah-viing!"", 'The Blades are wise not to trust me. Onikaan ni ov. I would not trust another dovah.', 'Dov wahlaan fah rel. We were made to dominate. The will to power is in our blood. You feel it in yourself, do you not? I can be trusted. I know this. But they do not. Onikaan ni ov dovah. It is always wise to mistrust a dovah. I have overcome my nature only through meditation and long study of the Way of the Voice. No day goes by where I am not tempted to return to my inborn nature. Zin krif horvut se suleyk. What is better -- to be born good, or to overcome your evil nature through great effort?', 'So, it is done. Alduin dilon. The Eldest is no more, he who came before all others, and has always been.', ""Happy? No, I am not happy. Zeymahi lost ont du'ul Bormahu. Alduin was once the crown of our father Akatosh's creation. You did what was necessary. Alduin had flown far from the path of right action in his pahlok -- the arrogance of his power."", 'Of course. Alduin wahlaan daanii. I would not have helped you if I thought otherwise. You did what was necessary. Alduin had flown far from the path of right action in his pahlok -- the arrogance of his power.', ""Indeed. Alduin wahlaan daanii. His doom was written when he claimed for himself the lordship that properly belongs to Bormahu -- our father Akatosh. But I cannot celebrate his fall. Zu'u tiiraaz ahst ok mah. He was my brother once. This world will never be the same."", 'Indeed, you saw more clearly than I -- certainly more clearly than Alduin. Rok funta koraav. Perhaps you now have some insight into the forces that shape the vennesetiid...the currents of Time. Perhaps you begin to see the world as a dovah.', ""I am glad you believe that. At least it will continue to exist. Grik los lein. Even I cannot see past Time's ending to what comes next. Niid koraav zeim dinoksetiid. We must do the best we can with this world."", ""Perhaps. At least it will continue to exist. Grik los lein. And, as you told me once, the next world will have to take care of itself. Ful nii los. Even I cannot see past Time's ending. But I forget myself. Krosis. So los mid ahdon. Melancholy is an easy trap for a dovah to fall into. You have won a mighty victory. Sahrot krongrah -- one that will echo through all the ages of this world for those who have eyes to see. Savor your triumph, Dovahkiin. This is not the last of what you will write upon the currents of Time. Goraan! I feel younger than I have in many an age."", ""Many of the dovahhe are now scattered across Keizaal. Without Alduin's lordship, they may yet bow to the vahzen...rightness of my Thu'um. But willing or no, they will hear it! Fare thee well, Dovahkiin!""]",NPC
Elder Scrolls Skyrim,2011,US,Pantea Ateia,Female,['The bride has been murdered! Somebody help!'],NPC
Elder Scrolls Skyrim,2011,US,Paratus Decimius,Male,"[""G...Gavros? Is that you? I'd almost given up hope. Let me get the door..."", ""What the... What are you doing here? What've you done with Gavros?"", ""It was the Falmer, wasn't it? Curse them! They've ruined everything! If Gavros is gone, there's no hope. He was supposed to return with the crystal... Without that, all our efforts are wasted. And you. If you're here for treasure, or wisdom, or anything, I'm afraid you've wasted your time."", ""And just why would you be doing that? Oh, it doesn't matter now. Gavros is never coming back, and he was supposed to have the crystal. Without that, we're lost. It's all been for nothing. So congratulations, whoever you are, you've found the Synod. Just me, alone, surrounded by angry machines and angrier Falmer."", 'It didn\'t work the first time. I tried to tell Gavros, but he wouldn\'t listen. ""No, it won\'t be too cold"" he said. Well, I was right, wasn\'t I? Focused completely wrong by the time we got here! The cold had warped it! Gavros had to cart it all the way back to Cyrodiil. Left the rest of us here to fend off the damnable Falmer.', ""It was a brilliant idea, really. Mostly mine, though Gavros took the credit. Secret, though. Official Synod business. Can't talk about it."", ""I don't know what sort of help you expect from me, but if you can actually find the crystal I'd certainly be grateful."", ""You found...how in the world... That's it. That's it! I don't know who you are, but you may have just saved this little project... In fact, who are you, anyway?"", ""You are, are you? Savos wouldn't even grant us an audience when we came to you, but now you come here expecting something from me? I don't much like this, I'll tell you. But you saved my skin, so maybe I can overlook the past for now. Come on, I'll explain on the way."", ""I am on official business of the Grand Council of the Synod. That's all you need to know. I might well ask the same of you, running around by yourself in this dangerous place."", ""Are you? Well. I'm afraid I can't help you with that. I need the crystal to do anything useful, and I don't have it."", ""Please, tell me you have the crystal. I've no wish to die in this place."", ""Ha! So you did. I was almost beginning to think Gavros had gone and gotten himself killed just to spite me. Well, with the Falmer skulking around I can't very well do this on my own. I guess you'll have to come with me. I'll explain on the way."", ""No matter what Gavros said, this was my idea first. The Council is going to know that when I get back. I was the one who thought of using this...this Oculory. I don't know what the dwarves called it. Something unpronounceable, I'm sure. From all our research, it seems they were intent on discerning the nature of the divine. This machinery, all of it, was designed to collect starlight, and then... I'm not sure. Split it, somehow? It was my idea to replace one of the key elements with our focusing crystal. Months of enchantments went into it. Let's just hope they got it right this time."", ""Here it is. Magnificent, isn't it? Took an incredible amount of work to get it running again. Now I'm hoping it'll all be worth it. Place the crystal in the central apparatus, and we can start the process for focusing it."", ""Now the crystal needs to be focused. It was created so far away, we knew that some adjustments would have to be made. Heating and cooling the crystal will cause it to expand or contract, which will change how the light passes through it. You'll need to use spells to do that. Being from the College, I assume you know them already. There should be a few basic tomes around here somewhere in case your training is even more substandard than I've heard."", ""Years of work, finally going to pay off... ...but what's this? These results... They're not at all what they should be. This projection should be lit up like the night sky... Something is creating an incredible amount of interference. Something in Winterhold, it looks like. What are you playing at? Is this some attempt to stall my work?! So, what is it? What have you done? Did you know what we were attempting? Are you here to make sure your plan worked, that our efforts have been for nothing? Well, explain yourself!"", ""You and your College have ruined years of my work, I've lost friends and colleagues to the Falmer, and you want me to calm down?"", 'Go wrong? Go wrong? Everything is wrong! Everything! Whatever you have at that College has completely interfered with our work here.', ""You show up here just as our work nears completion, and now I can't get any results from this because of something at your College. Do you think me a fool? Do you think I'm too stupid to make the connection? You've ruined my work! How did you do it?"", ""But it must be something you're doing. There's no other explanation..."", ""Either you're lying to me, or..."", ""Just look! This should be lit up brighter than the night sky, and it's not! Clearly you've interfered somehow. Or... You have something at your College, don't you? Something immensely powerful. Beyond anything I'd anticipated. What is it?"", ""The Eye of Magnus? Well, I suppose if that means what I think it does... Well, that's interesting..."", ""Well, now. This I hadn't considered. If that's taken into account, these results make more sense."", 'So you do have something, then. Whether this was intentional or not, it suggests some interesting results.', 'Yes, the staff. Interesting...', ""You're looking for something, yes? The...Staff of Magnus. Well, even if you are trying to ruin my work, there's still something to be learned here. I can't explain the details. That would mean giving away many secrets the Synod have learned over the years. Also, I doubt you'd be able to comprehend the details. Have you seen the Orrery in the Imperial City? It was the inspiration for this idea. Instead of projecting the sky, we project all of Tamriel, and then harness the latent energies to overlay the positions of... What's important is that all of this work was designed to reveal to us sources of great magical power. Purely to help safeguard the Empire, of course. And yet, in the end, only two locations have been revealed to us. One is your College. The other... Well, that can only be Labyrinthian. So, mage from Winterhold, despite your intentions I've beaten your little game. Even if all you've said here is lies, I know you have something in Winterhold the Synod Council will be very interested in. So fine, trudge off to Labyrinthian in search of your Staff. I shall return to Cyrodiil and deliver my full report to the Council. This is not over, I assure you."", ""Well, yes. Probably. I mean, yes. Certainly it is, but that doesn't matter now, because I know you're hoarding something even more important at your College. The Council will be informed of this. They will find out what you're up to."", ""Am I? Am I? I think I've discovered more here than I could've hoped to. Your trickery won't confuse me! I think we're done here.""]",NPC
Elder Scrolls Skyrim,2011,US,Pelagius the Mad,Male,"[""Oh, I couldn't. Goes right through me. Besides, I have so many things to do... So many undesirables to contend with. Naysayers. Buffoons. Detractors. Why, my headsman hasn't slept in three days!"", ""Yes, yes, as you've said, countless times before..."", 'Yes, yes, go. Leave me to my ceaseless responsibilities and burdens...']",NPC
Elder Scrolls Skyrim,2011,US,Peryite,Male,"['Breath deep, mortal. I would have you hear me well, so let these vapors fill your lungs.', ""I have watched you for some time, you know. The decisions you've made intrigue me, and I wonder if you are the proper agent for a task of mine."", 'In a sense, but no more poisoned than a fool after too much wine.', 'I sent a blessing to Mundus, a wasting plague that infected a scattering of Breton villages. One of my monks, the elf Orchendor, was sent to gather these Afflicted. He shepherded them into Bhtardamz for me, but has since lost his way. I will not stand for betrayal. I want you to go to Bthardamz and kill Orchendor, in my name.', 'The pettiness of mortals. I had almost forgotten. I can grant you a powerful token for this task. An escutcheon of Dwemer make, capable of shielding you from both the spell and sword. Return when the elf lies dead and it will be yours.', 'An impertinent question. The elf must die. Either carry out my will or do not. You are not the only mortal agent I could choose.', 'So you have, mortal. Go now. Kill Orchendor.', 'Well done, mortal. All things are in their order, and Orchendor roams the Pits. His betrayal will be punished, and your obedience is rewarded.', 'Go, seek your fate. I will be watching, and perhaps we will meet again -- afterwards.', 'Did you leave any alive? The Afflicted are mere vessels for my Blessing. It will spread to others through their touch and my own. Another Overseer will replace Orchendor, when the time comes. For now all is cleansed and ordered.', 'And yet you have done my bidding. Why, I wonder?', 'Embrace order and hard truth, mortal. Good bye.']",NPC
Elder Scrolls Skyrim,2011,US,Phinis Gestor,Male,['Is he dead?'],NPC
Elder Scrolls Skyrim,2011,US,Prelate Athring,Male,"['Welcome, Initiate. This is the Wayshrine of Sight. Are you prepared to honor the mantras of Auri-El and fill your vessel with His enlightenment?', ""Then behold Auri-El's gift, my child. May it speed your journey to the Inner Sanctum. May Auri-El's light guide you in your darkest hours.""]",NPC
Elder Scrolls Skyrim,2011,US,Prelate Celegriath,Male,"[""You've reached the Wayshrine of Learning, Initiate. Are you prepared to honor the mantras of Auri-El and fill your vessel with His enlightenment?"", ""Auri-El bless you, child. For you are a step closer to the Inner Sanctum and everlasting wisdom. May Auri-El's warmth imbue your body with strength.""]",NPC
Elder Scrolls Skyrim,2011,US,Prelate Edhelbor,Male,"[""You've found the Wayshrine of Radiance, Initiate. Are you prepared to honor the mantras of Auri-El and fill your vessel with His enlightenment?"", ""May the blessings of Auri-El protect you as you climb the road to the Inner Sanctum and final enlightenment. May Auri-El's radiance fill your heart with joy.""]",NPC
Elder Scrolls Skyrim,2011,US,Prelate Nirilor,Male,"[""You've arrived at the Wayshrine of Resolution. Are you prepared to honor the mantras of Auri-El and fill your vessel with His enlightenment?"", ""Then go forth, child. May the enrichment of Auri-El strengthen your resolve as you undertake your journey to the Inner Sanctum. May Auri-El's glow shield you from your enemy.""]",NPC
Elder Scrolls Skyrim,2011,US,Prelate Sidanyis,Male,"['Welcome, Initiate. This is the Wayshrine of Illumination. Are you prepared to honor the mantras of Auri-El and fill your vessel with His enlightenment?', ""Then behold Auri-El's gift, my child. May it light your path as you seek tranquility within the Inner Sanctum. May Auri-El's brilliance illuminate your path.""]",NPC
Elder Scrolls Skyrim,2011,US,Priestess of Arkay,Female,['As you wish...'],NPC
Elder Scrolls Skyrim,2011,US,Proventus Avenicci,Male,"['I only council caution. We cannot afford to act rashly in times like these.', 'My lord, please. This is no time for rash action. I just think we need more action before we act. I just...', ""If you'll excuse me, I'll return to my duties."", ""Good. You're finally here. The Jarl's been waiting for you."", ""I meant no disrespect, of course. It's just that...what do these Greybeards want with him?"", 'Yes, my lord.', 'As in all things, my lord, caution...I urge us to wait and see.', 'You plan to march on Windhelm?', ""He'll do no such thing!"", 'Torygg? He simply walked up to the boy and murdered him!', ""Then might I urge you to consider General Tullius's request? I mean, if you are bent on offending Jarl Ulfric..."", 'And what harm is there in letting a few Legionnaires die in place of your own men?', ""The chests of gold didn't hurt."", 'Lord, wait. Let us see if Ulfric is serious.', 'Are we writing a letter, my lord?', 'As in all things, Lord, caution...I urge us to wait and see.', 'You plan to march on Windhelm?', ""He'll do no such thing! A dagger in the back is all you could expect!"", 'Torygg? He simply walked up to the boy and murdered him!', ""Then might I urge you to consider General Tullius's request? I mean, if you are bent on offending Jarl Ulfric..."", 'And what harm is there in letting a few Legionnaires die in place of your own men?', ""The chests of gold didn't hurt."", 'Lord, wait. Let us see if Ulfric is serious.', 'Are we writing a letter, Lord?']",NPC
Elder Scrolls Skyrim,2011,US,Quaranir,Male,"['Please do not be alarmed. I mean you no harm. It is good to meet you in person.', ""I'd simply like to talk to you."", 'I merely wish to talk to you.', ""--- I've given us a chance to speak privately, but I'm afraid I can't do this for long. We must be brief. The situation here at your College is of dire importance, and attempts to contact you as we have previously have failed. I believe it is due to the very source of our concern. This object...the Eye of Magnus as your people have taken to calling it. The energy coming from it has prevented us from reaching you with the visions you have already seen. The longer it remains here, the more dangerous the situation becomes. And so I have come here personally to tell you it must be dealt with."", ""I'm afraid it's not that simple."", ""You set this chain of events in motion at Saarthal. You must understand, the Psijic Order does not typically...intervene directly in events. My presence here will be seen as an affront to some within the Order, and as soon as we have finished, I will be leaving your College. I'm all too aware that my presence has aroused suspicion, especially in Ancano, you Thalmor associate. Nevertheless, my Order will not act directly. You must take it upon yourself to do so."", 'As you may have learned, this object...The Eye...is immensely powerful. The world is not ready for it. If it remains here, it will be misused. Indeed, many in the Order believe it has already... Rather, something will happen soon, something that cannot be avoided.', 'We believe that your efforts should be directed toward dealing with the aftermath, but we cannot predict what that will be.', 'Unfortunately, the future is as obscured to us as it is to you. The overwhelming power of the Eye makes it difficult for us to see. I fear I have already overstepped the bounds of my Order, but I will offer this: seek out the Augur of Dunlain here in your College. His perception may be more coherent than ours.', 'He was once a student here at the College. Now he is...something different.', 'I...I am unsure. He is somewhere within the College. Surely one of your colleagues must know his location. I am sorry I cannot provide you with further help, but this conversation requires a great deal of effort on my part. Now, I am afraid I must leave you. We will continue to watch over you, and guide you as best we can. It is within you to succeed. Never forget that.', ""I presume you refer to Ancano's distaste for the Psijic Order? The Thalmor see our Order as a threat because we have power, and we will not allow them to control us. I assure you that we mean you no harm."", ""I'm sorry, I'm afraid I don't understand."", ""There's been a misunderstanding. Clearly I should not be here. I shall simply take my leave."", 'I am not ""up to"" anything. I apologize if I have offended you in any way.', 'We knew you would succeed. Your victory here justifies our belief in you. You have proven yourself more than worthy to guide the College of Winterhold.', ""The Eye has grown unstable. It cannot remain here, or else it may destroy your College and this world. It must be secured. Ancano's actions prove the world is not ready for such a thing. We shall safeguard it...for now. You now have the opportunity to maintain your College, and carry on with your lives. You have our gratitude, Arch-Mage."", 'A great many things obscured to you are quite clear to us. We have long believed you would prevail.']",NPC
Elder Scrolls Skyrim,2011,US,Raerek,Male,"['Not here. Come with me. Stay close and the guards will leave you alone.', ""I suppose you're here to extort something from me? Is that it? Well, what is it you want?"", ""So. You're one of Ulfric's spies... I can't deny the man is right about a few things... But I've seen first hand what Ulfric is capable of, given the chance. Suffice it to say, he is no friend of Markarth, and no friend of mine. My first and only loyalties are to my nephew, and to this city."", ""The Thalmor would need to make an example of me...I'd be thrown into prison, but our family's honor would be stained for generations. I'm the Jarl's uncle. He, his father, and I, swore oaths to the Empire to abandon Talos, as conditions of our return to the city."", 'What if I told you about a large shipment of silver and weapons?', ""Oh, no. I won't tell you anything more until we have an agreement."", ""Well I...I suppose I'm not left much choice in the matter, am I? Very well. I trust a hefty purse of septims will suffice?"", 'Enough to make a significant difference in the war.', ""They're taking it by wagon to Solitude. If you hurry, you'll catch them before they get far. It'll be a fairly slow moving caravan. The shipment is quite heavy, and guarded by many men. Now, let's pretend we never had this discussion.""]",NPC
Elder Scrolls Skyrim,2011,US,Ralof,Male,"[""Hey, you. You're finally awake. You were trying to cross the border, right? Walked right into that Imperial ambush, same as us, and that thief over there."", ""We're all brothers and sisters in binds now, thief."", ""Watch your tongue! You're speaking to Ulfric Stormcloak, the true High King."", ""I don't know where we're going, but Sovngarde awaits."", 'Hey, what village are you from, horse thief?', ""A Nord's last thoughts should be of home."", 'Look at him, General Tullius the Military Governor. And it looks like the Thalmor are with him. Damn elves. I bet they had something to do with this. This is Helgen. I used to be sweet on a girl from here. Wonder if Vilod is still making that mead with juniper berries mixed in. Funny...when I was a boy, Imperial walls and towers used to make me feel so safe.', ""Why do you think? End of the line. Let's go. Shouldn't keep the gods waiting for us."", 'Face your death with some courage, thief.', 'Empire loves their damn lists.', 'It has been an honor, Jarl Ulfric!', 'As fearless in death as he was in life.', ""• Hey, Argonian. Get up! Come on, the gods won't give us another chance! • Hey, Breton. Get up! Come on, the gods won't give us another chance! • Hey, dark elf. Get up! Come on, the gods won't give us another chance! • Hey, high elf. Get up! Come on, the gods won't give us another chance! • Hey, you! Get up! Come on, the gods won't give us another chance! • Hey, Khajiit! Get up! Come on, the gods won't give us another chance! • Hey, kinsman. Get up! Come on, the gods won't give us another chance! • Hey, Orc! Get up! Come on, the gods won't give us another chance! • Hey, Redguard! Get up! Come on, the gods won't give us another chance! • Hey, wood elf! Get up! Come on, the gods won't give us another chance! This way!"", 'Jarl Ulfric! What is that thing? Could the legends be true?', ""Up through the tower. Let's go! This way, friend! Move!"", 'Get back!', ""See the inn on the other side? Jump through the roof and keep going! Go! We'll follow you when we can!"", ""We're escaping, Hadvar! You're not stopping us this time."", 'You, come on! Into the keep!', ""We'll meet again in Sovngarde, brother. Looks like we're the only ones who made it. That thing was a dragon. No doubt. Just like the children's stories and the legends. The harbingers of the End Times. We better get moving. Come here, let me see if I can get those bindings off. There you go. May as well take Gunjar's gear...he won't be needing it anymore. Alright, get that armor on and give that axe a few swings. I'm going to see if I can find some way out of here. This one's locked. Let's see about that gate. Damn. No way to open this from our side."", ""It's the Imperials! Take cover!"", 'Imperial dogs!', ""Maybe one of these Imperials had the key. Let's see here... Here we are, found a key. Let's see if it opens that door. That's it! Come on, let's get out of here before the dragon brings the whole tower down on our heads."", ""Look out! Damn, that dragon doesn't give up easy."", ""A storeroom. See if you can find any potions. We'll need them. Done? Let's get moving."", ""Troll's blood! It's a torture room. Hear that?"", 'Is Jarl Ulfric with you?', ""Wait a second. Looks like there's something in this cage. It's locked. See if you can get it open with some picks. We might need that gold once we get out. Grab anything useful and let's go."", ""Let's go on ahead. See if the way is clear. Let's see where this goes."", ""No going back that way, now. We'd better push on. The rest of them will have to find another way out."", ""Hmm, that doesn't go anywhere. I guess we'd better try this way."", 'I hate those damn things. Too many eyes, you know?', ""Hold up. There's a bear just ahead. See her? I'd rather no tangle with her right now. Let's try to sneak by. Just take it nice and slow, and watch where you step. Or if you're feeling lucky, you can take this bow. Might take her by surprise. Go ahead. I'll follow your lead and watch your back."", ""That looks like the way out! I knew we'd make it!"", ""Wait! There he goes. Looks like he's gone for good this time. No way to know if anyone else made it out alive. But this place is going to be swarming with Imperials soon enough. We'd better clear out of here. My sister Gerdur runs the mill in Riverwood, just up the road. I'm sure she'd help you out. It's probably best if we split up. Good luck. I wouldn't have made it without your help today. You know, you should go to Windhelm and join the fight for free Skyrim. You've seen the true face of the Empire here today. If anyone will know what the coming of the dragon means, it's Ulfric."", ""See that ruin up there? Bleak Falls Barrow. I never understood how my sister could stand living in the shadow of that place. I guess you get used to it. These are the Guardian Stones, three of the thirteen ancient standing stones that dot Skyrim's landscape. Go ahead, see for yourself. • Mage, eh? Well, to each his own. It's not for me to judge. • Warrior, good! Those stars will guide you to honor and glory. • Thief, eh? It's never too late to take charge of your own fate, you know. Remember, this isn't Stormcloak territory. If we're ahead of the news from Helgen, we should be fine as long as we don't do anything stupid. If we run into any Imperials, just let me do the talking, alright? I'm glad you decided to come with me. We're almost to Riverwood."", ""Looks like nobody here knows what happened yet. Come on. Gerdur's probably working in her lumber mill."", 'Gerdur!', 'Gerdur...', ""Gerdur, I'm fine. At least now I am."", ""Not a comrade yet, but a friend. I owe him my life, in fact. Is there somewhere we can talk? There's no telling when the news from Helgen will reach the Imperials..."", ""Look at you, almost a grown man! Won't be very long before you'll be joining the fight yourself."", ""I can't remember when I last slept... Where to start? Well, the news you heard about Ulfric was true. The Imperials ambushed us outside Darkwater Crossing. Like they knew exactly where we'd be...that was two days ago, now. We stopped in Helgen this morning, and I thought it was all over. Had us lined up to the headsman's block and ready to start chopping."", ""They wouldn't dare give Ulfric a fair trial. Treason, for fighting for your own people! All of Skyrim would've seen the truth then. But then, out of nowhere...a dragon attacked!"", ""I can hardly believe it myself, and I was there. As strange as it sounds, we'd be dead if not for that dragon. In the confusion, we managed to slip away. Are we really the first to make it to Riverwood?"", 'Good. Maybe we can lay up for a while. I hate to put your family in danger, Gerdur, but...', 'Thanks, sister. I knew I could count on you.', ""Don't worry, I'm sure he made it out. It would take more than a dragon to stop Ulfric Stormcloak."", ""Don't worry about me. I know how to lay low."", ""Ha, I knew you'd join up! Great news. We'll take back Skyrim together, eh? I'm glad I'll have you beside me in there. This place chills my blood, and I don't care who knows it."", ""These old ruins... My father always told me to stay away from them. Good advice, I'd say. But never mind all that. We've got a job to do, and nothing's going to stand in our way."", ""Hey, I found a crown over here on this corpse. Is this the one we're looking for?"", 'So, do you get that weird taste in your mouth before battle, too? What is that?', ""I'm pretty sure I killed more than you. I was counting."", 'Well, well. Look who it is! How have you been?', 'Good to hear.', ""These are dark days. But at least we know we're doing our part to make things better, eh? I guess I'm doing all right. I need this to go well. This is my first real command since they promoted me after Whiterun. You know, some nights when I close my eyes, I see the battle stretched out before me, like I'm still there... Do the men you killed still haunt you? Mine do..."", ""I suppose you're right...they say it gets easier... I'm not sure if that's a good thing..."", ""That's what I keep telling myself. But, never mind all that. We've got a job to do."", ""Straight to business with you, huh? Well, it just so happens I have the perfect mission for you. We found a cave under the lake. With luck, it'll lead into the prison. I need you to sneak in there, free our men, killing anyone inside as you go. Once you've rescued the prisoners, head out to the courtyard. We'll stand guard out here and rush in as soon as we hear fighting. Should be fun."", 'You should wait until night fall before trying to sneak in.', 'Talos preserve you.', 'I have faith in you.', ""Great work! Get back and report our success. I'll stay here and clean up the mess. Glad you were here. Couldn't have done it without you!"", ""Hey there! I was wondering when I'd run into you out here. The Reach is a beautiful but dangerous place, eh? One false step and you'll fall to your death, that is if those Forsworn don't get you first. Have you seen those Briarheart men? That's some evil magic right there. What brings you? You have the look of purpose in your eyes."", ""Really? It just so happens we've been tracking a wagon! For about a day now. So that's what's in there? Coins and weapons? How do you know that?"", ""That was crafty. I'm sure having a steward in the pocket will come in handy. Lucky for us, that the wagon recently had a little accident. They're stranded now. Just up the road!"", ""Oh, fine. Keep your secrets. I see how it is. That wagon recently had a little accident. They're stranded now, just up the road. We're outnumbered, but I have a plan. You got here just in time."", ""First, we're going to take out their sentry, then we'll situate ourselves overlooking the camp. Next, you'll infiltrate their position and get their attention while we hit them with a barrage of arrows. With a bit of luck, we'll catch them completely off guard and even the odds a little."", ""All right, if you insist. But we'll come running if it sounds like things have gotten out of hand."", ""Let me know when you're ready."", 'Good.', ""There's a sentry patrolling the hill. We'll go in quiet and drop him with a combined arrow barrage. Keep low, fire on my word. Fire!"", ""All right. You infiltrate their camp, we'll cover you from the ridge. Good luck!"", ""We make quite a team, eh? I'll stay here and guard the shipment. You get back to camp with news. Have them send some men -- and a new wagon. This one isn't going anywhere.""]",NPC
Elder Scrolls Skyrim,2011,US,Rargal Thrallmaster,Male,"[""Who'll need thralls when the very sun is at our mercy?"", 'Go find Lord Harkon. Tell him of your success.', 'My lord.']",NPC
Elder Scrolls Skyrim,2011,US,Ravyn Imyan,Male,"['Vex is ready to tear you apart. I hope you have a good excuse for bringing Karliah here.', 'I promise to live up to your expectations.']",NPC
Elder Scrolls Skyrim,2011,US,Razelan,Male,"[""Ah! A fellow latecomer for Elenwen's little soiree. And arriving by carriage, no less! I salute you, sir! My lateness is due more to getting lost on the way up this gods-forsaken mountain than to any desire to actually arrive late. I prefer to arrive early. Often the day before the party. So as not to miss out on any of the drinking. There's not enough drinking in the world today, wouldn't you agree?"", ""Now then. Here's my invitation, I don't have a poisoned dagger strapped to my thigh, et cetera, et cetera."", 'Yes, yes. Now to find myself a drink.', 'Inside, my friend, inside! Where only the women and drinks are cold.', 'What does a fellow need to do to get a drink around here?', ""My friend, you are very perceptive! I have a powerful thirst that cannot be slaked! And none of the waiters will bring me a drink. Elenwen must have told them to cut me off, the frigid bitch. Afraid I'll cause another scene, I suppose..."", ""Ah, the one generous soul among a gathering of pinch-pennies and lick-spittles! If there's anything I can ever do for you, do not hesitate to call upon me!"", ""Your wish is my command! As long as it doesn't involve much physical activity. I seem to be having trouble standing on my feet at the moment."", 'Wonderful! I can begin to repay your generosity immediately. Say on, friend.', ""Is that all? My friend, you've come to the right person. You could say that causing a scene is somewhat of a specialty of mine. Stand back and behold my handiwork."", 'Attention, everyone! Could I have your attention, please! I have an announcement to make! I propose a toast to Elenwen! Our mistress! I speak figuratively, of course. Nothing could be more unlikely than someone would actually want her in their bed.', ""Although...most of you are already in bed with her! But again...I speak figuratively, of course! Fine, fine. Get your hands off me. I'll be a good boy now. Wouldn't want to offend our Thalmor overlords, would we? Someone bring me a drink, quick!"", ""What? I didn't...hmm? No listen, you must have misunderstood... I would never openly insult your...that is to say..."", ""I protest! This is an insult to the dignity of my person! This time I'm completely innocent!"", ""That is absolutely untrue! Uh, that is, yes, of course. What...I don't understand why everyone...never mind."", ""What? I didn't...hmm? No, listen, you must have misunderstood... I would never openly insult your...that is to say..."", ""I protest! This is an insult to the dignity of my person! This time I'm completely innocent!"", ""Absolutely not! I protest...uh, that is, yes, of course. I still don't understand what just...oh never mind."", 'Hmm? Did you say snakes? Where? I hate them, always slithering they way they do...what? Are they on me?', ""I protest! This is an insult to the dignity of my person! This time I'm completely innocent!"", ""That is absolutely untrue! Uh, that is, yes, of course. What...I don't understand why everyone...never mind.""]",NPC
Elder Scrolls Skyrim,2011,US,Rexus,Male,['Here. Here.'],NPC
Elder Scrolls Skyrim,2011,US,Rissing,Male,"[""What the...we've been betrayed! Look out!""]",NPC
Elder Scrolls Skyrim,2011,US,Ronthil,Male,"['A Moth Priest?', 'I knew you would be victorious.', ""Our lord will be most pleased, I'm sure. I knew you could do it.""]",NPC
Elder Scrolls Skyrim,2011,US,Rulindil,Male,"['Silence! Do not presume, Gissur. You are most useful, but do not presume. We have other informants who are less...offensive.', ""You'll get the rest of your money when we confirm his story. As agreed."", 'Everyone talks, in the end. Now, I have work to do. Leave me to it, if you ever want to see the rest of your payment.', ""You'd like to come downstairs with me, is that it, Gissur? Shall we loose his bonds and put you in a cell together? You can ask him anything you like, and see how he answers."", 'That would probably be best. Now get out!', ""Let's begin again."", 'You know the rules.', ""Start at the beginning, as usual. If you persist in this stubbornness I'll have..."", 'And his name is...?', 'You know the rules. Just answer the questions. And where can we find this nameless old man?', 'That will be all for now. I must say I continue to be disappointed in your lack of cooperation. I hope next time you will do better.']",NPC
Elder Scrolls Skyrim,2011,US,Runa Fair-Shield,Female,['Grelod is dead! Aventus did it! Ha ha ha ha ha!'],NPC
Elder Scrolls Skyrim,2011,US,Rune,Male,['How can Karliah remain so calm when Mercer had her on the run for that long? Amazing.'],NPC
Elder Scrolls Skyrim,2011,US,Runil,Male,"['The god Arkay was once like us, bound to winding mortality. But he willingly gave up this existence that we might better understand the vagaries of life and death. It is through the ebb and flow of this cosmic tide that we find renewal and, in the end, peace. May the spirit of Lavinia and all those who have left this world and its suffering know the beloved serenity of Aetherius...and may we one day join them in eternity.']",NPC
Elder Scrolls Skyrim,2011,US,Sabjorn,Male,"[""What are you gawking at? Can't you see I have problems here?"", ""Are you kidding me? Look at this place. I'm supposed to be holding a tasting of the new Honningbrew Reserve for the Captain of the Guard. If he sees the meadery in this state, I'll be ruined."", ""Oh really? And I don't suppose you'd just do it out of the kindness of your heart, would you? I hope you're not expecting to be paid until the job's done."", ""Well that's not how I operate, so forget it."", ""Okay, okay. No need to make rash decisions. Here's half. You get the rest when the job's done. My only demand is that these vermin are permanently eliminated before my reputation is completely destroyed."", 'My only demand is that these vermin are permanently eliminated before my reputation is completely destroyed.', ""I bought some poison. I was going to have my lazy, good-for-nothing assistant Mallus handle it, but he seems to have vanished. If you plant this in the vermin's nest, it should stop them from ever coming back."", ""Don't come back until every one of those things are dead."", ""Why are you standing here then? I've told the Captain of the Guard we'll have the meadery cleared for the tasting and he could be here any minute."", ""Mallus is the best deal I've ever made. Lent him a bit of gold some time ago I knew he'd never be able to pay back. Nothing like free labor to make operating costs cheaper. Now I've got to clean up this mess."", ""Well it's about time! I had to stall the captain until you were finished."", ""You'll just have to wait until after the captain's finished. I suppose you can wait around if you must."", ""Help yourself, milord. It's my finest brew yet...I call it Honningbrew Reserve. I think you'll find it quite pleasing to your palate."", ""I...I don't know. What's wrong?"", ""No, please! I don't understand..."", 'I beg you...please! This is not what it seems!']",NPC
Elder Scrolls Skyrim,2011,US,Sahloknir,Male,"['Alduin, thuri! Boaan tiid vokriiha suleysksejun kruziik?', 'I am Sahloknir! Hear my Voice and despair!', 'Dovahkiin, your Voice is no match for mine!']",NPC
Elder Scrolls Skyrim,2011,US,Sahrotaar,Male,"[""Hail, thuri. Your thu'um has the mastery. Climb aboard and I will carry you to Miraak."", 'Beware. Miraak is strong. He knew you would come here.']",NPC
Elder Scrolls Skyrim,2011,US,Salonia Caelia,Female,"[""It's really too bad, you know. The little accident you had here, completely unexpected...""]",NPC
Elder Scrolls Skyrim,2011,US,Salonia Carvain,Female,"[""We're just lucky I was here to return the Chalice to Vingalmo, so he could make sure Harkon gets it back."", ""Idiot. You didn't really think I'd let you walk out of here either, did you? Vingalmo wants you both dead.""]",NPC
Elder Scrolls Skyrim,2011,US,Sam Guevenne,Male,"[""If you're looking for a challenge, you've come to the right place. A few drinks, a few laughs and a contest. What could be better?"", 'Well come back when you do, my friend. Come back when you do.', ""Ha! We'll see about that. This is a special brew, very strong stuff. Let's get started. I'll start round one. Down the hatch! Your turn."", 'One down, my friend. One down.', 'Sorry to hear that.', 'And another one for me. And how about you?', ""So says you. I think I've hit my limit on these things. Tell you what, one more and you win the contest."", 'Awww, well, maybe next time.', ""Wow. You've really done it. The staff is yours."", ""You know, you're a fun person to drink with. I know this great little place where the wine flows like water. We should head there. Hey, you don't look so good..."", ""You're here! I was beginning to think you might not make it."", ""I thought you might not remember your first trip here. You had a big night. I think you've definitely earned the staff."", 'Oh, the Hagraven feather and so on. You can throw all those out. You see...']",NPC
Elder Scrolls Skyrim,2011,US,Samuel,Male,"[""Hooray! Grelod the Kind is dead at last! We're saved!""]",NPC
Elder Scrolls Skyrim,2011,US,Sanguine,Female,"[""I really just needed something to encourage you to go out into the world and spread merriment. And you did just that! I haven't been so entertained in at least a hundred years!"", 'Just a prank? Just a prank? The Daedric Lord of Debauchery does not deal in mere ""pranks."" This may have begun as a minor amusement, but it wasn\'t long before I realized you\'d make a more interesting bearer of my not-quite-holy staff.', ""I am Sanguine, Daedric Prince of Debauchery! I know, I know, how could I lie to you? Well, how could I trust you until we've shared a few drinks? But it wasn't long before I realized you'd make a more interesting bearer of my not-quite-holy staff than this waste of flesh."", ""My pleasure. But I think it's time for you to go. No fun keeping you locked up in here with the staff."", ""Let's be honest, here. I don't always think my decisions through. But you...you're going places. Maybe a little influence from your old uncle Sanguine could help adjust your course a bit...""]",NPC
Elder Scrolls Skyrim,2011,US,Sanyon,Male,"['Ah, the new disciple. I hear you have quite the appetite.']",NPC
Elder Scrolls Skyrim,2011,US,Sapphire,Female,"[""I dare Mercer to come back here! He takes one step in the cistern and I'll cut it off!"", ""Well, looks like you're running the show now. Good luck.""]",NPC
Elder Scrolls Skyrim,2011,US,Savos Aren,Male,"['You are relatively new here, are you not? I have noticed you, but we have not spoken.', 'Then allow me to introduce myself.', '""Sir""? How quaint. I am Savos Aren, Arch-Mage of the College of Winterhold. I am quite content to see nearly any aspect of magic explored and investigated here. But I do not and will not approve of any research or experiments that cause purposeful harm to your fellow members of the College. Are we clear?', ""Please don't tell me that another one of the apprentices has been incinerated. I have enough to deal with right now."", 'I...see. I trust that Tolfdir will provide a more...specific explanation.', ""Very well, I trust you wouldn't be here were it not significant. Thank you for bringing this to my attention. Tolfdir normally looks after your little group, yes? Since he's apparently occupied, and I will need to see this discovery for myself, I think perhaps you should begin researching the subject. Speak with Urag in the Arcanaeum. See if he is aware of anything that matches your discovery. And...good work. The next time you find yourself exploring Nordic ruins, perhaps this will be helpful."", 'Not often, no. Some risks must be taken, to be sure. I am simply trying to avoid untimely deaths. We also must make an effort to avoid worsening what Skyrim thinks of us.', ""Purpose? I should think it's self-evident. Magic is a true power, not something to be shunned by commoners or treated as an amusing diversion by politicians. It shapes worlds, creates and destroys life... It deserves proper respect and study. The College is a place where we can focus on that, without the pressures of the world weighing down on us."", ""I've seen documents dating back to the late Second Era. Beyond that, it's hard to say. Events in the last several hundred years resulted in a significant loss of our history, I'm afraid."", 'The Great Collapse, as it has come to be known. An unfortunate natural disaster that ravaged the area. The College fared far better than the city of Winterhold, but it was not left untouched.', 'No one is sure of the cause. Some believed the eruption of Red Mountain had far-reaching consequences that were only felt years later. I know there are some who have blamed the College, said that we were responsible. I assure you this is not the case.', ""The Sea of Ghosts practically came alive. No one was expecting it. Monstrous waves battered the shore for weeks on end. Winterhold was ancient and weathered, but it couldn't withstand the sea's fury. Entire districts of the city were lost overnight. The waves receded in time, but the damage was irreversible. Most residents of Winterhold abandoned what was left of the city. The College survived, and so here we remain."", 'Personally? No, not I. One of their number used to advise the Arch-Mage when I was but an Apprentice here. But that was a great many years ago, before all the members of the order were called back to the Isle of Artaeum, and it disappeared entirely.', ""I'm sorry, were you about to say something?"", ""I'm...I'm not sure what happened. A monk from the Psijic Order, here, after all these years, and then he just leaves. I hope we didn't offend him somehow."", ""Has Tolfdir been telling stories again? I thought I made it quite clear that this was a subject inappropriate for conversation. Please don't allow him to continue to discuss the subject."", 'Really? And what might that be?', ""I'm sorry, what? Well...I'd certainly love to have such a powerful staff, but I'm not really sure that any of us need it."", 'And how do you know of this?', ""Did you really? And he specifically mentioned the Staff of Magnus? I... I'm impressed with your initiative. Of course, someone will need to follow up on this."", ""A most impressive attitude. Keep this up, and you'll do quite well for yourself."", ""I certainly do. Since you went so far as to seek out the Augur for advice, I thought you'd be more enthusiastic. Something as specific and ancient as the Staff of Magnus...I'm not sure we'd ever find something like that... I seem to recall Mirabelle mentioning the staff somewhat recently. Why don't you see if she can tell you anything? I'm quite pleased with your progress, you know. You've certainly proven yourself to be more than a mere Apprentice. Well done. This circlet once proved invaluable to me. I hope it can be of use to you know."", ""I don't care what it is, I want it down now! I want to know what he's doing in there!"", ""Ancano. He's in there, doing...something. We don't know what. We're trying to get in now. I will have his head for this, I assure you. Help take this down, will you? We're throwing everything we can at it."", ""Now's not the time. We need to put a stop to whatever it is that's going on."", 'Ancano! Stop this at once! I command you!', ""Come on, we're finally here! Let's not waste any more time!"", ""Don't forget, this whole idea was Atmah's to begin with."", 'Can you imagine the looks on their faces when we come back?', ""Enchanted weapons, tomes of ancient knowledge, Shalidor's secrets themselves -- who knows what we could find!"", ""We can't go back. Might as well go forward. We can still do this."", ""Come on, we can't stop now. We have to keep moving!"", ""Going back would be the end of all of us. We keep pushing forward, and we'll make it. We will!"", ""What else could we do? Stay there and die with her? She refused to go on, we didn't have a choice!"", 'Agreed. We all stay together.', ""...I'm sorry, friends. I'm so sorry! I had no choice! It was the only way to make sure that monster never escaped! I promise you, I'll never let this happen again! I'll seal this whole place away...""]",NPC
Elder Scrolls Skyrim,2011,US,Senna,Female,"[""Wake up! That's right, it's time to wake up, you drunken blasphemer!"", ""Of course! You don't remember getting here."", ""I see. So you don't remember fondling the statuary, then?"", ""Yes, your head hurts and you don't remember where you are. I'm guessing you also don't remember coming in here and blathering incoherently about marriage or a goat. Which means you don't remember losing your temper and throwing trash all over the temple."", ""Dibella teaches love and compassion, but that doesn't mean we're just going to tell you what you want to know and let you walk away from this. Pick up your mess, then apologize, and if we think you're sincere we'll consider lending you aid."", 'Well, you were deep in your cups when you got here. You were ranting but most of it was slurred. You said something about Rorikstead.', ""Oh, I'd love to help you figure it out, but I'm so busy cleaning up the mess you made of our temple... Now if you were to help tidy up and perhaps apologize afterwards...I might be able to help you."", 'Well, we can always use contributions. You were ranting but most of it was slurred. You did say something about Rorikstead. Maybe you should take a look there.', ""Oh you must be nobility of some sort. Running around partying and paying others to clean it up. I don't think so. Clean up your own mess."", ""I suppose that'll do. Dibella teaches us forgiveness, after all. Even for a drunk like you."", 'You were ranting when you got here, but most of it was slurred. You did say something about Rorikstead. Maybe you should take a look there.']",NPC
Elder Scrolls Skyrim,2011,US,Septimus Signus,Male,"[""Dig, Dwemer, in the beyond. I'll know your lost unknown and rise to your depths. When the top level was built, no more could be placed. It was and is the maximal apex."", 'Elder Scrolls. Indeed. The Empire. They absconded with them. Or so they think. The ones they saw. The ones they thought they saw. I know of one. Forgotten. Sequestered. But I cannot go to it, no poor Septimus, for I...I have arisen beyond its grasp.', 'The ice entombs the heart. The bane of Kagrenac and Dagoth Ur. To harness it is to know. The fundaments. The Dwemer lockbox hides it from me. The Elder Scroll gives insight deeper than the deep ones, though. To bring about the opening.', ""I've seen enough to know their fabric. The warp of air, the weft of time. But no, it is not in my possession."", ""Here. Well, here as in this plane. Mundus. Tamriel. Nearby, relatively speaking. On the cosmological scale, it's all nearby."", 'One block lifts another. Septimus will give you what you want, but you must bring him something in return.', 'Oh, a brutish one. Septimus has no fear of you. But as one block raises another, perhaps ourselves could help us each.', 'Oh, I am well. I will be well. Well to be within the will inside the walls.', 'Under deep. Below the dark. The hidden keep. Tower Mzark. Alftand. The point of punture, of first entry, of the tapping. Delve to its depths, and Blackreach lies just beyond. But not all can enter there. Only Septimus knows the hidden key to loose the lock to jump beneath the deathly rock.', 'Two things I have for you. Two shapes. One edged, one round. The round one, for tuning. Dwemer music is soft and subtle, and needed to open their cleverest gates. The edged lexicon, for inscribing. To us, a hunk of metal. To the Dwemer, a full library of knowings. But...empty. Find Mzark and its sky-dome. The machinations there will read the scroll and lay the lore upon the cube. Trust Septimus. He knows you can know.', 'The deepest doors of Dwemer listen for singing. It plays the attitude of notes proper for opening. Can you not hear it? Too low for hearings?', 'To glimpse the world inside an Elder Scroll can damage the eyes. Or the mind, as it has to Septimus. The Dwemer found a loophole, as they always do. To focus the knowledge away and inside without harm. Place the lexicon into their contraption and focus the knowings into it. When it brims with glow, bring it back and Septimus can read once more.', 'Ooooh, an observant one. How clever to ask of Septimus. This Dwemer lockbox. Look upon it and wonder. Inside is the heart. The heart of a god! The heart of you. And me. But it was hidden away. Not by the Dwarves, you see. They were already gone. Someone else. Unseen. Unknown. Found the heart, and with a flair for the ironical, used Dwarven trickery to lock it away. The Scroll will give the deep vision needed to open it. For not even the strongest machinations of the Dwemer can hold off the all-sight given by an Elder Scroll.', 'You look to your left, you see one way. You look to your right, you see another. But neither is any harder than the opposite. But the Elder Scrolls...they look left and right in the stream of time. The future and past are as one. Sometimes they even look up. What do they see then? What if they dive in? Then the madness begins.', ""Give it, quickly. Extraordinary. I see it now. The sealing structure interlocks in the tiniest fractals. Dwemer blood can loose the hooks, but none alive remain to bear it. A panoply of their brethren could gather to form a facsimile. A trick. Something they didn't anticipate, no, not even them. The blood of Altmer, Bosmer, Dunmer, Falmer, and Orsimer. The elves still living provide the key. Bear you hence this extractor. It will drink the fresh blood of elves. Come when the set is complete."", 'The box contains a heart. The essence of a god. I have devoted my life to the Elder Scrolls, but their knowledge is a passing awareness when compared to the encompassing mind of divinity. The Dwemer were the last to touch it. It was thought to have been destroyed by the Nerevarine, but my lord told me otherwise.', ""The Daedric prince of the unknown. Hermaeus Mora. I thought there were no secrets left to know. Until I first spoke to him. He asks a price -- to work his will. A few murders, some dissent spread, a plague or two. For the secrets I can endure. In time, he brought me here. To the box. But he won't reveal how to open it. Maddening."", 'I can almost...hear them. I feel their life energy. Come, I will make the mixture.', ""What is this...it's...it's just a book?! I can see. The world beyond burns in my mind. It's marvelous...""]",NPC
Elder Scrolls Skyrim,2011,US,Serana,Female,"['Unh...where is...who sent you here?', 'I was expecting someone...like me, at least.', ""I was expecting someone from my family. I don't recognize you. Are you one of my father's little acolytes?"", ""He's a very powerful man. Or he was at one point. I'm surprised another vampire hasn't heard of him."", ""That's not a name I know. And it doesn't sound like a name a group of vampires would choose."", ""I...I don't know who that is. Is he...like me?"", ""I think it is, actually. Why would someone who isn't...like me...come all the way down here?"", ""A...can't you tell just from looking at me? A vampire."", 'Vampire, yes.', ""You think I can't tell my own kind? I smelled you almost before my eyes were open."", ""Can't you tell your own kind? I smelled you almost before my eyes were open."", ""Not fond of vampires, are they? Well look. Kill me, you've killed one vampire. But if people are after me, there's something bigger going on. I can help you find out what that is."", ""Don't think that'll keep them from turning on you eventually. They'll figure out what you are."", ""That's...complicated. And I'm not totally sure if I can trust you. But if you want to know the whole story, help me get back to my family's home."", 'I was going to say the same thing to you. My family used to live on an island to the west of Solitude. I would guess they still do. By the way...my name is Serana. Good to meet you.', 'Your guess is as good as mine. This place looks pretty different from when I was locked away.', ""Yes, it is, and it's mine."", ""It's...complicated. I can't really talk about it. I'm sorry."", 'Ha. Nothing can destroy an Elder Scroll. Worry more about protecting your hide, and let me worry about my things.', ""Good question. Hard to say. I...I can't really tell. I feel like it was a long time. Who is Skyrim's High King?"", ""Oh, wonderful. A war of succession. Good to know the world didn't get boring while I was gone. Who are the contenders?"", ""I've...never heard of him. Is he well supported?"", ""I don't know that name. You say she's Jarl of Solitude? Who supports her?"", 'Empire? What...what empire?', ""Cyrodiil is the seat of an empire? I must have been gone longer than I thought. Definitely longer than we planned. Please, let's hurry. I need to get home so I can figure out what's happened."", ""I'd...rather not get into that with you. If that's all right. I'm sorry, it's not that...it's just that I don't know who I can trust just yet. Let's get to my home, and I'll have a better sense of where we all stand."", ""It's on an island near Solitude. Hopefully we can find a boat to take us there. It's my family home. Not the most welcoming place, but depending on who's around, I'll be safe there."", ""Let's just say that my mother and father had a bit of a falling out. Don't worry, I'm not in any danger or anything like that. It'll just be more unpleasant to run into my father."", 'My father and I don\'t really get along. Ugh, saying it out loud makes it sound so...common. ""Little girl who doesn\'t get along with her father."" Read that story a hundred times.', ""I'll hang back a bit, but you're not leaving me behind. This is too important."", ""Sorry, I'm not that easy to get rid of. If you want to run ahead, I won't stop you, but I'll be following."", ""If you think I'm going to let you have all the fun, you're crazy. I'll let you lead ahead, but I'll be keeping an eye on you."", ""Let's go."", ""Thought you'd never ask."", ""Whenever you're ready."", 'Hands to yourself.', 'Not going to happen.', ""Why don't you keep your things, and I'll keep mine."", 'I disagree.', ""You can't get rid of me that easily."", ""And go where? You can't just leave me alone whenever you feel like it. I'm coming with you, like it or not."", ""This feels like the right way. I was starting to worry. Does the air feel...heavy down here? I'm a little woozy, but it might just be from waking up."", ""Ah, it's so good to breathe again! Even in this weather, it's better than the cave."", ""I don't like the feel of this place. I'll wait for you back by the entrance."", ""That's it, out there to the north. We used to keep a boat around here to get there and back."", 'This is it. Home sweet...castle.', ""I didn't want you to think I was one of those...you know, the women who just sit in their castle all day? I don't know. Coming from a place like this, well...it's not really me. I hope you can believe that."", ""It's something all right."", 'Hey, so...before we go in there...', ""I wanted to thank you for getting me this far. But after we get in there, I'm going to go my own way for a while. I think... I know your friends would probably want to kill everything in there. I'm hoping you can show some more control than that. Once we're inside, just keep quiet for a bit. Let me take the lead."", ""Fine, don't worry about it. When we get in, you won't have to babysit about me any more."", ""After all these years, that's the first thing you ask me? Yes, I have the scroll."", 'This is my savior, the one who freed me.', ""You probably weren't expecting to see me again."", ""I'd rather not be here either, but I needed to talk to you. It's important, so please just listen before your friend, here, loses his patience. It's...well, it's about me. And the Elder Scroll that was buried with me."", 'The reason I had it...and why I was down there. It all comes back to my father.', ""The reason I was down there...and why I had the Elder Scroll. It all comes back to my father. I'm guessing you figured this part out already, but my father's not exactly a good person. Even by vampire standards. He wasn't always like that, though. There was...a turn. He stumbled onto this obscure prophecy and just kind of lost himself in it."", ""It's pointless and vague, like all prophecies. The part he latched onto said that vampires would no longer need to fear the sun. That's what he's after. He wants to control the sun, have vampires control the world."", ""He just became absorbed...obsessed. It was kind of sick, actually. The prophecy said that vampires would no longer need to fear the sun. For someone who fancied himself as vampire royalty, that's pretty seductive. Anyway, my mother and I didn't feel like inviting a war with all of Tamriel, so we tried to stop him. That's why I was sealed away with the Scroll."", ""I'm sorry, I had heard there were vampire hunters here. I thought they might want to know about a vampire plot to enslave the rest of the world. Was I wrong?"", ""I did. But something about you makes me think I can trust you. I hope I'm not wrong."", ""Well, let's move then. I'm nothing if not persuasive."", ""That was the plan, yes. Assuming the rest of them can trust a vampire. Come on, I'll need you to help convince them."", ""Thank you for your kindness. I'll remember it the next time I'm feeling hungry. So, in case you didn't notice the giant thing I have on my back, I have the Elder Scroll with me. Whatever it says, it will have something that can help us. But of course, neither of us can read it."", ""Well, the Moth Priests are the only ones I've heard who can do it. They spend years preparing before they start reading, though. Not that it helps us, anyway, because they're half a continent away in Cyrodiil."", ""Do you know where he's staying now?"", ""Any idea on how you're going to find a Moth Priest? Skyrim's a pretty big place. Do you have any ideas?"", ""Well, back before I...you know. The College of Winterhold was the first place I'd think to go for any kind of magic or historical thing. The wizards know about all kinds of things that people probably shouldn't know about."", ""Actually, now that I think of it...I'm going to come along with you. I've been really wanting to get out and explore a bit."", ""I'd...well, I'd come with you, but I don't know if I can trust your friend. Let me know if you want me along."", ""Any idea on how you're going to find a Moth Priest? Skyrim's a pretty big place. Do you have any ideas?"", ""Well, back before I...you know. The College of Winterhold was the first place I'd think to go for any kind of magic or historical thing. The wizards know about all kinds of things that people probably shouldn't know about."", ""Actually, now that I think of it...I'm going to come along with you. I've been really wanting to get out and explore a bit."", ""I'd...well, I'd come with you, but I don't know if I can trust your friend. Let me know if you want me along."", 'Do you have a moment to talk?', 'That Moth Priest, Dexion. He said we needed two other Elder Scrolls. I think I know where we can start looking.', 'Well, you could waste a lot of time trying to figure out our next move, or you could let me help. Your choice.', ""Didn't want that lot getting wind of it. Especially my father."", ""Half the people in your little crew would just as soon kill me as talk to me. That doesn't exactly make me want to open up. I got a warmer welcome from my father, and that's saying something."", 'Ever since he decided to make that prophecy his calling, we kind of drifted apart.', ""It's not a question of trust...he's just obsessed with the prophecy. And from what I can tell, an thousand extra years of obsession haven't made him any better. We should have found him a hobby."", ""You know, I've asked myself the same thing. I thought...I hoped that if he saw me, he might feel something again. But I guess I don't really factor in at this point. I don't think he even sees me as his daughter anymore. I'm just...a means to an end."", ""We need to find my mother, Valerica. She'll definitely know where it is, and if we're lucky, she actually has it herself."", 'The last time I saw her, she said that she\'d go somewhere safe... somewhere that my father would never search. Other than that, she wouldn\'t tell me anything. But the way she said it...""someplace he\'d never search."" It was cryptic, yet she called attention to it.', ""Maybe. What I can't figure out is why she said it that way."", ""If you have a better lead than this, I'm all ears."", ""That's always a possibility. She was almost as obsessed as my father by the time she shut me in. But I can't worry about that now. We need the scroll, and she's our only lead. Besides, I can't imagine a single place my father would avoid looking. And he's had all this time, too. Any ideas?"", 'I doubt my mother would waste her time with those fools. They probably would have tried to kill her, and that has a way of souring relationships. Any other ideas?', ""They'd be even less welcoming to her than they've been to me. It would have been a bloodbath. And since the Dawnguard are still around, that must not have happened. Any other ideas?"", ""I don't think so. She said she wanted to stay awake in case the situation was resolved. It had to be one of us, and, well, she's so much more powerful than I am. It just made sense for her to be out there. Anything else?"", 'Wait...that almost makes sense!', 'I used to help my mother tend a garden in the courtyard here.', ""There's a courtyard in the castle. I used to help her tend a garden there."", ""All of the ingredients for our potions came from there. She used to say that my father couldn't stand the place. Too...peaceful."", ""Oh, absolutely. But my mother's not a coward. That is...I don't think we'll actually trip over her there. But it's worth a look."", 'Trust me. I lived here for a very long time and I know every nook and cranny.', ""True. But I know a way we can get to the courtyard without arousing suspicion. There's an unused inlet on the northern side of the island that was used by the previous owners to bring supplies into the castle. An old escape tunnel from the castle exits there. I think that's our way in."", ""Come on. It's just around the side."", ""It's around the side of the castle. Let's move."", ""Well, I don't take just anyone into the secret parts of the place I grew up. Get rid of this interloper and you and I can be on our way. I'll wait for you at the dock."", ""Don't let me stand in your way, then. I'll be at the dock whenever you're ready."", 'Yeah, just around this bend. Castle looks so big from down here. I mean, it is big, but, well, even bigger.', ""The old water cistern. One some days, this smell would just...be glad you weren't here then. Take a left up here. This is one of those weird double-barred security measures that my father put in when he got more paranoid. If we follow that path around, we can find the other switch. This leads out to the courtyard. Just head for the door."", ""We've made it to the courtyard. Oh no... What happened to this place? Everything's been torn down... The whole place looks...well, dead. It's like we're the first to set foot here in centuries. This used to lead into the castle's great hall. It looks like my father had it sealed up. I used to walk through here after evening meals. It was beautiful, once. This was my mother's garden. It...do you know how beautiful something can be when it's tended by a master for hundreds of years? She would have hated to see it like this. Wait... Something's wrong with the moondial here. Some of the crests are missing and the dial is askew. I didn't even know the crests could be removed. Maybe my mother's trying to tell us something? I'm telling you, there's something strange with the moondial."", ""If I had to guess, I'd say the moment mother fled the castle, father went on a rampage. Knowing him, anything at all that reminded him of her was just destroyed."", 'It appears that way. I suppose he wanted to put the past behind him. Perhaps if he had spent more time with us, he would have recognized the beauty for himself.', ""Well, as far as I'm aware it's the only one in existence. The previous owners of the castle had a sundial in the courtyard, and obviously that didn't appeal to my mother. She persuaded an elven artisan to make some improvements. You can see the plates that show the phases of the moons, Masser and Secunda."", ""That's the thing...what's the point of a moondial? I always wondered why she didn't just have the whole thing ripped out. But she loved it. I don't know. I guess it's like having a piece of art, if you're into that sort of thing."", 'Hard to say. Maybe if we found the missing crests, we could figure it out. Look around for the missing crests. Even in this mess, they should stick out.', ""Very clever, mother. Very clever. I've never been in those tunnels before, but I'd bet they run right under the courtyard and into the tower ruins. Well, at least we're getting closer. Let's go."", ""I've never even seen this part of the castle before. Be careful. I don't know what might be around."", ""I don't think we've reached the top yet. I'd bet there's some kind of secret passage around here."", 'Leave it to my mother...always smarter than I gave her credit for.', ""Look at this place. This has to be it! I knew she was deep into necromancy. I mean, she taught me everything I know. But I had no idea she had a setup like this. Look at all this. She must have spent years collecting these components. And what's this thing?"", ""I'm not sure about this circle, but it's obviously...something. Let's take a look around. There has to be something here that tells us where she's gone."", 'My mother was meticulous about her research. If we can find her notes, there might be some hints in there.', ""Not that I ever saw. My mother had a bit of a thing for magical constructs. Not...not what you're thinking. She just found them fascinating."", ""I had no idea that her laboratory even existed. She had an alchemy setup in her drawing room, but nothing that even comes close to what's here."", 'Looking at the equipment and materials, it looks like she was trying to advance her necromancy.', ""I don't know. Certainly not longevity. Kind of a waste of time for a vampire. I remember she used to keep a small journal. See if you can dig it up."", 'You did? Let me see them.', ""I only know what she told me. She had a theory about soul gems. That the souls inside of them don't just vanish when they're used...they end up in the Soul Cairn."", 'The Soul Cairn is home to very powerful beings. Necromancers send them souls, and receive powers of their own in return. My mother spent a lot of time trying to contact them directly, to travel to the Soul Cairn itself.', ""That circle in the center of the room is definitely some type of portal. If I'm reading this right, there's a formula here that should give us safe passage into the Soul Cairn."", 'A handful of soul gem shards, some finely-ground bone meal, a good bit of purified void salts... Oh...damn it...', ""We're also going to need a sample of her blood. Which...if we could get that, we wouldn't even be trying to do this in the first place."", ""Hmmm. Not bad. We'd better hope that's good enough. Mistakes with these kinds of portals can be...gruesome. Anyway, enough of that. Let's get started."", 'Oh, definitely. Mother would have plenty of those materials in her laboratory, you just need to find them.', ""Oh, good. Well then...let's head over to the portal vessel and I'll do the rest."", ""Then the rest is up to me. Are you ready to go? I'm not entirely sure what this thing is going to do when I add my blood."", 'Of course. What is it?', ""I've been asking myself the same thing since we came back to the castle. She was so sure of what we did to my father, I couldn't help but go along with her. I never thought of the cost."", 'Possibly. I guess even a vampire mother is still a mother. She worried about me. About all of us. But she wanted to get me as far away from my father as possible before he really went over the edge.', 'Neither do I. She always seemed happy, before we heard the prophecy. Then it all changed. She became a different person. They both did.', ""She wasn't, always. But I think you're right. She was practically smirking as we left home. Almost like she was proud of herself. Like she didn't just want to stop my father...she wanted to stick it to him, too."", ""Yes...yes, you're right. I'm sorry. I just didn't expect anyone to care how I felt about her. Thank you. Are we ready then?"", 'All right. Here goes.', ""I'll be here. Don't take too long, now!"", 'Okay, here goes.', 'By the blood of my ancestors... She actually did it...created a portal to the Soul Cairn. Incredible.', 'Are you alright? That looked painful.', ""Now that I think about it...I should have expected that. Sorry. It's hard to describe. The Soul Cairn is...well, hungry, for lack of a better word. It's trying to take your life essence as payment."", ""There might be, but I don't think you're going to like it. Vampires aren't counted among the living. I could probably go through there without a problem."", ""Not your first choice, I'd guess."", 'Maybe. We could just ""pay the toll"" another way. It wants a soul, so we give it a soul. Yours.', ""My mother taught me a trick or two. I could partially soul trap you, and offer that gem to the Ideal Masters. It might be enough to satisfy them. It would make you a bit weaker when we travel through the Soul Cairn, but we might be able to fix that once we're inside. Maybe."", ""I'm sorry. I wish I knew a better way, something that would be easier for you. Just know that...whatever path you choose, I won't think any less of you. Sometimes things just have to be done. I know that better than anybody."", ""Are you sure? I'm willing to turn you, but you need to think it through. You'd become the very thing you'd sworn to destroy. I don't know how the Dawnguard will react."", 'I understand. Take your time.', ""Turning someone is a very...personal thing for vampires. It's intimate. For us. I don't want you to feel like I'm forcing you into this."", ""Let's not waste too much time, then."", 'Good.', 'As you wish. I promise to try and make this as painless as possible. Hold still.', ""Are you sure? I'm willing to do it, but you need to think it through. You'll remain mortal, but you'll find yourself weakened within the Soul Cairn."", 'I understand. Take your time.', ""I know this is difficult for you. I hope you trust me. I'd never do anything that could hurt you."", 'Thank you.', 'Oh. Good.', ""As you wish. I promise to make this as painless as possible. Hold still. Let's go. My mother must be waiting on the other side of that thing."", ""• Let's keep moving. I feel like we're being watched. • I'd heard stories about the Soul Cairn, but never thought I'd see it myself. So far it's...about what I imagined."", 'Mother!', ""Is it really you? I can't believe it! How do we get inside? We have to talk."", ""He doesn't know we're here. I don't have time to explain."", ""No, you've got it all wrong. We're here to complete the prophecy our way, not his."", ""No, you don't..."", 'This ""stranger"" has done more for me in the brief time I\'ve known him than you\'ve done in centuries!', ""Yes, he's a fanatic...he's changed. But he's still my father. Why can't you understand how that makes me feel?"", ""So to protect me, you decided to shut me away from everything I cared about? You never asked me if hiding in that tomb was the best course of action, you just expected me to follow you blindly. Both of you were obsessed with your own paths. Your motivations might have been different, but in the end, I'm still just a pawn to you, too. I want us to be a family again. But I don't know if we can ever have that. Maybe we don't deserve that kind of happiness. Maybe it isn't for us. But we have to stop him. Before he goes too far. And to do that, we need the Elder Scroll."", ""Let's kill those...Keeper things and get back to the prison."", 'Wait...I hear something!', ""Come on, she's leading us to the scroll."", ""That's it. That's the last scroll. Come on, let's take it to Dexion."", ""I'm glad we found the scroll, but I...I wish she could come with us."", 'The sooner we get the scroll home, the sooner we can deal with my father.', 'This must be the place. Hmph...not very impressive, is it? If this ends up being a wasted trip, your friend Dexion and I are going to have some words when we get back.', ""Wow. Look at this place. No one's been here in centuries. I doubt there's any other place like it in Skyrim. It's beautiful."", 'Well, we got the knife...now all we need to do is track down one of those Canticle Trees.', ""Hope those moths like that bark as much as Dexion said they would. Dexion didn't really give us a lot to go on, did he?"", ""Look at them...they've definitely taken a liking to you. And unless I'm seeing things, you're starting to...glimmer."", ""Woah! I think that might have been what we were waiting for. Let's head back up there and see if we can read the scrolls."", 'Nervous?', 'Are you okay? Almost thought I lost you there...you went as white as the snow.', 'I never trusted those damn scrolls. Who knows what those things could have done to you...just look at Dexion.', 'I could see it in your eyes. You looked about a thousand leagues away.', ""After everything we've been through, it had damn well better work. What about Auriel's Bow? Do you know where we can find it?"", ""Then let's get going. I want to get there before my father has a chance to track us down."", 'These people were...why would anyone want to set up camp here? I wonder what happened to them.', ""What's that? I can feel some kind of power from it..."", 'So, this is snow elf magic. Incredible.', ""What's that basin in the center signify?"", 'So these Initiates had to lug around a heavy pitcher of water. Marvelous. How long would they have to do that?', 'All that just to end up dumping it out? Makes no sense to me.', ""So, let's get this straight. We need to do all that nonsense to get into the temple, so we can kill your brother and claim Auriel's Bow?"", ""Well...that wasn't as unpleasant as I thought it would be. Kind of soothing, actually. I feel a little warmer, now."", ""Hmmm. Pull chains and traps. Be careful here. Whatever's on the other side of this, the Falmer wanted to keep there."", ""This is the kind of thing I've been wanting to see. Makes everything worth it. I think that's another wayshrine up there. Here we go."", ""This is incredible. It's like a whole other world. Come on, the bow has to be in this valley somewhere. Is that another one of those wayshrines up there? I wonder where this one goes..."", 'Is that another one of those wayshrines up there? I wonder where this one goes...', ""If we open that one, we'll be able to move around this valley a lot faster."", 'Poor thing. I know it would have tried to kill us, but still...', ""Not the most solid construction. About what I'd expect from...creatures like this. Looks like they're better at making traps than they are at making bridges. A strange race, these Falmer."", ""That...that has to be the place. I've never seen a building like that before. It looks like some kind of temple. Never saw anything like this back on the island."", ""That is a statue of Auriel, but it's using the older signs of his power. This temple must be ancient. The bow has to be in here."", ""These Falmer are...they're frozen in the ice. I wonder how long they've been like this. And I thought the Soul Cairn was creepy."", 'Wait, is he talking about me?', ""Watch out! He's pulling down the ceiling!"", 'Surrender and give us the bow!', ""Are you alright? Come on, we can do this. I know we can. He's up there, on the balcony. Come on!"", 'Enough, Vyrthur. Give us the bow!', 'Until the ""Betrayed"" corrupted you. Yes, yes. We\'ve heard this sad story.', ""You're...you're a vampire? But Auriel should have protected you..."", 'You want to take revenge...on a god?', ""The blood of a vampire...Auriel's Bow... It...it was you? You created that prophecy?"", ""You were waiting...all this time for someone with my blood to come along. Well, too bad for you...I intend on keeping it. Let's see if your blood has any power to it!"", ""It's...not as shiny as I was expecting. Still, it's beautiful."", ""• Well, before we spoke to my mother in the Soul Cairn, I would have said we bring the bow to my father. But after everything with her...I don't think we can trust him. • I think we both know...it's time to face my father. If we don't, he'll keep chasing us for the rest of our lives."", ""I keep thinking that there's got to be another way, but he'll turn on us the moment he gets the chance."", ""I've been thinking about this for a long time. It's...it's not easy. But I don't think we have much of a choice."", ""Have you been paying attention to everything that's happened? He'll betray us the second our backs are turned."", ""Have you been paying attention? It's obvious my father's well beyond reason."", ""Are you out of your mind? The moment you hand over the bow your usefulness ends. He'll kill you and then he'll take my blood for the damn prophecy."", ""There's nowhere to run. And I'm certainly not moving in with my mother, if that's what you're implying."", 'No. He has to die. We have no choice.', 'No. This has to end here and now.', ""• Thank you. Somehow I knew you'd understand. • If we head back to the castle and kick the front door in, we're going to be knee-deep in his friends. Let's head back to Isran and let him see what we've got first. I'm betting he'll lend us a sword or two."", ""It sounds like...that's the last bit of the prophecy. The blood of a Daughter of Coldharbour can corrupt the bow."", ""Sure...do you have any arrows, though? They would have to be of elven quality, I'd guess."", ""So I am. I guess we could use my blood. Do you have any arrows? Elven arrows. I'm not going to just bleed on any old thing."", ""Let's just get this over with."", ""I think you'll need to find some arrows, first. Only elven ones will work for this, remember?"", 'Oh. All right, then.', ""I don't think you can ever be ready to kill your parent. I'm doing my best to not think of him as my father anymore."", 'I hope so.', ""We've got enough to worry about right now. You stay focused, and I'll worry about me."", ""Just...leave me alone for now. I'll be fine."", ""You know why we're here."", ""Provided for me? Are you insane? You've destroyed our family. You've killed other vampires. All over some prophecy that we barely understand. No more. I'm done with you. You will not touch him."", ""No... Because unlike her, I'm not afraid of you. Not anymore."", 'Tough day for you!', 'The bow! Use the bow!', ""You can't hide from us!"", 'Sorry it had to be this way!', 'This day was always coming!', 'I still remember how to fight!', ""Well, now that's done."", ""I'm not sure. • I'll probably stay here, for as long as they'll let me. I think we can rebuild here. Make my family's legacy something more respectable. • I'll probably stay with the Dawnguard, for as long as they let me. They're respectable fighters, and I think they see the benefits of having a vampire on their side, now."", ""Of course, if you've got any more adventures planned..."", ""That's what I wanted to hear."", 'Suit yourself.', ""He was out of control, Garan. It had to be done. I'm not happy about this. He...he was still my father. But I suppose my father really died a long time ago. This was just the end of something else."", 'I think my father really died a long time ago. This was just...the end of something else. I did what needed to be done. Nothing more.']",NPC
Elder Scrolls Skyrim,2011,US,Sergius Turrianus,Male,"[""What's happened? He's not...""]",NPC
Elder Scrolls Skyrim,2011,US,Sheogorath,Male,"['More tea, Pelly my dear?', ""You are far too hard on yourself, my dear, sweet, homicidally insane Pelagius. What would the people do without you? Dance? Sing? Smile? Grow old? You are the best Septim that's ever ruled. Well, except for that Martin fellow, but he turned into a dragon god, and that's hardly sporting... You know, I was there for that whole sordid affair. Marvelous time! Butterflies, blood, a Fox, a severed head... Oh, and the cheese! To die for."", ""Hafrumph! Well then, if you're going to be like that... Perhaps it's best if I take my leave. A good day to you sir. I said good day!"", ""How rude! Can't be bothered to host an old friend for a decade or two."", ""Reeeaaalllyyyy? Ooh, ooh, what kind of message? A song? A summons? Wait, I know! A death threat written on the back of an Argonian concubine. Those are my favorite. Well? Spit it out, mortal. I haven't got an eternity! Actually...I do. Little joke. But seriously. What's the message?"", ""Were you now? By whom? Wait! Don't tell me. I want to guess! Was it Molag? No, no...Little Tim, the toymaker's son? The ghost of King Lysandus? Or was it... Yes! Stanley, that talking grapefruit from Passwall. Wrong on all accounts, aren't I? Ha! No matter! Honestly, I don't want to know. Why ruin the surprise? But more to the point. Do you -- tiny, puny, expendible little mortal -- actually think you can convince someone like me to leave? Because that's...crazy. You do realize who you're dealing with here?"", ""Oh, no no no! No mistake at all. What you made was a choice. Granted, not a very wise choice, but these things happens. Ah, the folly of youth... You know, you remind me of myself at a young age. All I cared about was riding narwhales and sleeping in honeycombs and drinking babies' tears... Word of advice if you ride a Narwhale. Mind the pointy end. Ah, but there I go, waxing poetic about my misspent youth. Now where were we? Ah yes. You're the mortal messenger. An I am...? Honestly. Have you any idea?"", ""Wrong! Actually, you do. Sort of. I am a part of you, little mortal. I am a shadow in your subconscious, a blemish on your fragile little psyche. You know me. You just don't know it. Sheogorath, Daedric Prince of Madness. At your service."", ""apologize, it's just that I find myself suddenly and irrevocably... Bored! I mean, really. Here you stand, before Sheogorath himself, Daedric Prince of Madness, and all you deem fit to do is...deliver a message? How sad."", ""Jolly good guess! But only half right. I'm a mad god. The Mad God, actually. It's a family title. Gets passed down from me to myself every few thousand years. Now you. You can call me Ann Marie. But only if you're partial to being flayed alive and having an angry immortal skip rope with your entrails. If not... Then call me Sheogorath, Daedric Prince of Madness. Charmed."", ""Emperor Pelagius III. Now surely even you know about Pelagius' decree? On his deathbed -- oh, and this was inspired -- he forbade...death! That's right! Death! Outlawed!"", 'Inside the mind of Pelagius, silly. Oh. Is it your...first time?', ""Now that's the real question, isn't it? Because honestly, how much time off could a demended Daedra really need? So here's what I'm going to do. I'm going to leave. That's right. I'm done. Holiday... complete. Time to return to the hum drum day-to-day. On one condition. You have to find your way out first. Good luck with that."", 'Is it?', ""Ha! I do love it when the mortals know they're being manipulated. Makes things infinitely more interesting. Care to take a look around? This is not, I dare say, the Solitude botanical gardens. Have you any idea where you are? Where you truly are? Welcome to the deceptively verdant mind of Emperor Pelagius III. That's right! You're in the head of a dead, homicidally insane monarch. Now, I know what you're thinking. Can I still rely on my swords and spells and sneaking and all that nonsense? Sure, sure. Or...you could use...The Wabbajack! Huh? Huh? Didn't see that coming, did you?"", ""You've headed down the path of dreams. Unfortunately for you, Pelagius suffered night terrors from a young age. All you need to do is find something to wake our poor Pelagius up. You'll find his terrors easy to repel...but persistent."", ""Well, now that's something to crow about. With Pelagius up and about you're moving right along. We'll both be home in no time."", ""Ah, now this is a sad path. Pelagius hated and feared many things. Assassins, wild dogs, the undead, pumpernickel... But the deepest, keenest hatred was for himself. The attacks he makes on himself can be seen here fully. They are always carried out on the weakest part of his fragile self. The self-loathing enhances Pelagius' anger! Ah, but his confidence will shrink with every hit. You must bring the two into balance."", 'Wonderfully done. Pelagius is finally ready to love himself...and continue hating everyone else.', 'Oh, good choice. Well, good for me. I find everyone being out to get you so terribly entertaining. You might find it...less so. You see, Pelagius\' mother was...well...let us say ""unique."" Although, I suppose in the grand scheme of things, she was fairly average for a Septim. That woman wielded fear like a cleaver. Or did she wield a cleaver and make people afraid? I never get that part right... Oh, but she taught her son well. Pelagius learned at a very young age that danger could come from anywhere. At any time. Delivered... by anyone.', 'The objective here is simple, you simpleton! Use your Wabbajack to defeat the enemy, while they do the same!', ""Oho! I thought you'd never figure it out. With the threat gone, Pelagius is under the delusion that he is safe, which means you've helped him out...sort of. And we're that much closer to home."", 'Hmmmm... ""Fixed"" is such a subjective term. I think ""treated"" is far more appropriate, don\'t you? Like one does to a rash, or an arrow in the face. Ah, but no matter. Heartless mortal that you are, you\'ve actually succeeded and survived. I am forced to honor my end of the bargain. So congratulations! You\'re free to go! I... have been known to change my mind. So...go. Really.', ""Pelagius Septim the III, once the Mad Emperor of Tamriel, now so boringly sane. I always knew he had it in him! Well, I suppose it's back to the Shivering Isles. The trouble Haskill can get into while I'm gone simply boggles the mind... Let's make sure I'm not forgetting anything. Clothes? Check. Beard? Check! Luggage? Luggage! Now where did I leave my luggage?"", ""Yes, yes, that's quite enough celebration. Let's send you ahead, shall we?"", 'And as for you, my little mortal minion... Feel free to keep the Wabbajack. As a symbol of my... Oh, just take the damn thing. You take care of yourself, now. And if you ever find yourself up in New Sheoth, do look me up. We can share a strawberry torte. Ha ha! Ta ta!']",NPC
Elder Scrolls Skyrim,2011,US,Sigrid,Female,"[""Hadvar! We've been so worried about you! Come, you two must be hungry. Sit down and I'll get you something to eat."", 'Husband, let him tell his story.', ""Hush, child. Don't pester your cousin.""]",NPC
Elder Scrolls Skyrim,2011,US,Silus Vesuius,Male,"[""Why should I hide from it? This is my family's legacy!"", 'The museum is opening, Madena.', 'And here comes my first visitor. The Museum of the Mythic Dawn is open, friend!', 'Yes. My collection of artifacts from a group that toppled an Empire.', ""Never mind that. Madena is a good woman, but I have my own reasons for opening this museum, and I'm not changing my mind. I have a collection of artifacts from the group that toppled an Empire. Their importance to history cannot be forgotten. Why don't you come in? You can browse the displays, and we can talk. I have a job you look perfect for."", ""Let's talk inside."", ""Your loss, but if you change your mind, I'll be here."", ""Feel free to look around. Come talk to me when you're ready to discus that job I mentioned."", ""The tapestries hung here and outside were found in hideouts where members of the Mythic Dawn would meet and plot. The cult's greatest accomplishment was the assassination of the Septim Dynasty and the opening of the Oblivion Gates."", ""Those robes were worn during the Mythic Dawn's secret meetings, where they plotted to bring the Daedra Mehrunes Dagon into Tamriel. Each bolt of yarn used to make the robe was colored with a dye made from sacrificial blood."", ""That burned paper is all that remains of the fabled Mysterium Xarxes. The blasphemous book written by Mehrunes Dagon himself. It's said that Mankar Camoran used the book to open a portal to a Paradise where all his followers would live forever."", ""The commentaries on the Mysterium Xarxes were written by the Mythic Dawn cult leader, Mankar Camoran. He promised a paradise awaited his followers when they died, that they would be reborn by Mehrunes Dagon's side."", 'Ah, yes. That scabbard. Notice the insignia? An Oblivion Gate. A key symbol of Mehrunes Dagon, the patron Daedra of the Mythic Dawn.', 'Did you have any questions about the museum, or would you rather talk business?', ""A little history, first. After the Oblivion Crisis, a number of groups cropped up dedicated to wiping out the remnants of the Mythic Dawn. One of these groups found Mehrunes' Razor, the artifact of Dagon. They split it into three fragments and pledged to keep them apart forever. That was almost 150 years ago, and the pieces are still being kept by the descendants of that group. And they're right here, in Skyrim."", ""At least two of the owners, Ghunzul and Drascua, are dangerous marauders. And the third owner, Jorgen, I only know he lives in Morthal. Here are my notes about them. I'll gladly pay you for getting the pieces any way you can. No questions asked."", ""Fine. I can't force you to help me, but the offer is open."", ""It's no secret that my family were once members of the Mythic Dawn. One of my forefathers was even chosen to assassinate Uriel Septim himself. We hid from our past for years, became tradesmen, people of coin and influence. But I realized that the Mythic Dawn's importance -- our importance -- to history cannot be denied. I'll see everyone in Tamriel remember that for a moment, we held the fate of the world in our hands, for good or ill."", ""They were worshippers of Mehrunes Dagon, the Daedric Lord of Destruction and Change. The Mythic Dawn killed Uriel Septim VII and his heirs, triggering the events that lead to the Oblivion Crisis, when the Daedra invaded Tamriel. All that remains of the infamous cult, I've gathered in my museum."", ""Ah, an excellent question. Mehrunes Dagon is the Daedric Lord of Change, Destruction, and Ambition. Dagon's Mythic Dawn cult killed the Septim Dynasty and opened the Oblivion Gates into Tamriel. They called it the Oblivion Crisis."", ""The Razor is Mehrunes Dagon's personal artifact. It has always heralded bloody change and carnage. It's held many names: Dagger of Final Wounds, Bane of the Righteous, the Kingslayer. The Mythic Dawn worshipped Dagon as a god. Having his Razor would be invaluable to my collection. Good luck finding the fragments."", 'What is it? Do you have one of the Razor fragments?', ""All at once! You're efficient. I like that. Here's your reward."", ""Did you try the grip? Isn't it eerie how it seems to mold itself into your hand? Here's your gold."", ""Our master craftsman are nothing compared to the perfection of the Daedra. Look how it shines. Here's your gold, as promised."", ""Look at them. The legendary sharpness of the deadric weapon. Marvelous. And here's your payment for the shards."", ""• We just need the hilt and pommel now. • We just need the shards of the blade and the hint, now. • We just need the pommel and the shards of the blade, now. • There's only the hilt left to collect. Exciting, isn't it? • There's only the pommel left to collect. Exciting, isnt it? • There's only the shards of the blade left to collect. Exciting, isn't it?"", ""Finally, all the pieces of Mehrunes' Razor are in my hands. It's time I let you in on something. There's a fourth piece. That scabbard in the display case. Built to house the Razor. And there's more. I know how to put all the pieces together. We just need to take them to Dagon's shrine and contact the Lord of Change directly."", ""Ever since I was a boy, I felt this strange sense of destiny surrounding the Mythic Dawn cult, and now I know what it is. Don't you see? Fate has led you to me and to the pieces. Dagon has to answer our call. We're so close. I'll meet you at the shrine."", ""You don't want to be part of history? Fine. I'll be at the shrine if you change your mind."", ""Good. You're here. I'll place the pieces on the altar, and Dagon should speak to us. Mehrunes Dagon, the Lord of Change, we have brought your Razor to you. We beg you, please bring the blade's full glory to Tamriel again! It's not working. Why don't you give it a try? Just put your hands on the altar."", ""Wait. Wait. Don't kill me. There's another way. I can take the pieces back to my museum. Seal them in a display case. You get a generous amount of gold, I get to complete my collection, and nobody has to die."", ""Fine. I'm not dying without a fight!"", ""Thank you. Here's your gold. I'll make a run for it back to Dawnstar.""]",NPC
Elder Scrolls Skyrim,2011,US,Sinding,Male,"['Come to gawk at the monster?', ""Believe me, it wasn't anything I ever intended to do. I just...lost control. I tried to tell them, but none of them believe me. It's all on account of this blasted ring."", ""This is the Ring of Hircine. I was told it could let me control my transformations. Perhaps it used to. But I'll never know. Hircine didn't care for my taking it, and threw a curse on it. I put it on... and the changes just came to me. I could never guess when. It would be at the worst times. Like...with the little girl."", ""I don't suppose there's a point in keeping the secret if I'm going to die in here anyway. I'm sure you've heard of men who shift to beasts under the influence of the moons. I am one of them. A werewolf. It's my secret, and my shame. That's why I wanted the ring...it was said to give men like me control. Now I may look like a man, but I still feel the animal inside me, as strong as ever."", ""I've been looking for a way to appease Hircine. There is a certain beast in these lands. Large, majestic. It's said that Hircine will commune with whoever slays it. I tracked it into these woods, but then had my...accident with the child. I want to beg his forgiveness. Give him back the ring. But while I'm stuck in here, the beast wanders free."", ""Oh my. You would do this for me? Here, take it. I don't want anything to do with this wretched thing anymore. Seek out the beast. He wanders these woods. Bring him down and...well, the Lord of the Hunt should smile on you. I wish you luck, but should leave here while I still have my skin. Should our paths cross again, I will remember your kindness. Farewell."", 'Do you not know the Daedric Lord of the Hunt? He revels in the chase, and also gave the ""gift"" of lycanthropy to mortals. A powerful force, not to be crossed. As I learned too late.', ""I had just come into Falkreath. They needed some help working the mill, and I thought that would be something safe. Something I could do. When I saw the little girl, I was just...I could feel it coming on. I could taste the...I needed to hunt. But this pitiful, limited body wasn't meant for hunting. Slow. No claws. Weak, mashing teeth for chewing cud. I held in my rage as long as I could. But it boiled inside of me. She looked so fragile. Helpless prey. And then... I... I feel terrible about what happened. About what I did. It would probably be best for everyone if I just went away."", '...You! Why?', ""And I would deserve it, wouldn't I? I can't stop you if that's what you want to do. Hircine is too powerful. But if you spare me, I can be a powerful ally to you. And I would promise to never return to civilized life. I know now that I can't live among people."", ""Thank the gods. Now let's deal with these hunters. We hunt together!"", 'So be it.', 'Thank you for your help. I will make my home here, away from anyone I might hurt.']",NPC
Elder Scrolls Skyrim,2011,US,Skjor,Male,"[""Are those two at it again? Strike when the shoulder turns. He's giving you openings!"", 'I told you, this is the whelp that Vilkas mentioned.', ""Don't let Vilkas catch you saying that."", 'Farkas!', 'Ah, there you are.', 'I did. Your time, it seems, has come.', ""Last week a scholar came to us. He said he knew where we could find another fragment of Wuuthrad. He seemed a fool to me, but if he's right, the honor of the Companions demands we seek it out."", ""This is a simple errand, but the time is right for it to be your Trial. Carry yourself with honor, and you'll become a true Companion."", ""There is a fine line and respect and bootlicking, new blood. But I like your spirit. We've decided this will be your Trial. DO well, and you'll be counted among the Companions. Farkas will be your Shield-Sibling on this venture, whelp. He'll answer any questions you have. Try not to disappoint...or get him killed."", ""Yes, I have something special for you. But it's not for everyone to hear. Meet me in the Underforge tonight. We will speak more."", ""I forget that you've never seen it. Beneath the Skyforge, where Eorlund works. The door is hidden, but I will show you the way."", 'Are you prepared?', ""Here's all you need to know. Jorrvaskr is the oldest building in Whiterun. The Skyforge was here long before it was. And the Underforge taps an ancient magic that is older than men or elves. We bring you here to make you stronger, new blood. Now, let's move."", 'This is no test, new blood. This is a gift. Come inside.', ""I'm glad you came. It's been a long time since we've had a heart like yours in our numbers. That pitiful ceremony behind the hall does not befit warriors like us. You are due more honor than some calls and feasting. I would hope you recognize Aela, even in this form. She's agreed to be your forebear. We do this in secret because Kodlak is too busy trying to throw away this great gift we've been granted. He thinks we've been cursed. But we've been blessed. How could something that gives this type of prowess be a curse? So we take matters into our own hands. To reach the heights of the Companions, you must join with us in the shared blood of the wolf. Are you prepared to join your spirit with the beast world, friend?"", ""That is your choice. We will not force you. But to join the Circle, your blood must be as ours. Meet us here when you're ready."", 'Very well.']",NPC
Elder Scrolls Skyrim,2011,US,Sorine Jurard,Female,"[""You haven't seen a sack of dwarven gyros lying around, have you? I'd swear I left it right here. Do you think mudcrabs might've taken it? I saw one the other day... Wouldn't be surprised if it followed me here. Just look around, will you?"", ""Isran? Wants me? No, you must be mistaken. He made it exceedingly clear the last time we spoke that he had no interest in my help. I find it hard to believe he changed his mind. He said some very hurtful things to me before I left. Anyway, I'm quite happy with my current pursuits. So if you'll excuse me..."", 'Yes, that was my point. I felt it was rather clear. Look, what is it you want from me?', 'Vampires? Really? Oh, and I suppose now he remembers that I proposed no less than three different scenarios that involved vampires overrunning the population. Well, what are they up to?', ""I... Well, that's actually something I never would've anticipated. Interesting. I'm not sure what they would want with one, but in this case Isran is probably correct in thinking it isn't good."", ""In case you haven't noticed, Isran is always concerned about something. That's what got us working together in the first place. Still, if he sent you to find me, it may actually be pretty bad. All right. If nothing else, I suppose it wouldn't hurt to learn more about what's going on so I can better defend myself. But I'm not just going to abandon what I've been working on here. It's too useful. I need at least one intact dwarven gyro. So either I need to find the satchel those mudcrabs stole, or I need another gyro from someplace. You wouldn't happen to have one, would you?"", ""Fine, fine! I can't afford to forget about this work, though. Some very interesting applications. Now where is it I'm supposed to be going?"", ""I'm sorry, but I'm not about to do that without at least a single gyro to show for my efforts."", ""Thank you! It's not much, but this will help a great deal with some things I've been researching. Now where is it I'm supposed to be going?"", ""Well then I'm very sorry, but I just can't walk away from this project yet."", ""Ah. Been working more on his secret hideout, has he? It'll be interesting to see how much progress he's made. I'll finish up here and head in that direction soon as I can. See you there."", 'What are you doing?', ""This is all well and good, but do we actually know anything about what they're doing? What do we do now?"", 'Give him a crossbow bolt right between the eyes for me!']",NPC
Elder Scrolls Skyrim,2011,US,Stalf,Male,"[""Yeah, too bad. Lord Harkon's new favorite, dead so soon after joining the family."", ""Wait, what? That's not what we agreed. We take it back together."", ""Well, that's just fine. Orthjolf told me to finish off anyone who got in the way.""]",NPC
Elder Scrolls Skyrim,2011,US,Storn Crag-Strider,Male,"['Frea! What news do you bring? Is there a way to free our people?', 'I feared that it would be so.', 'I fear there is much we do not yet know.', 'So, you have seen things, yes? My magic grows weak, and so does the barrier around our village. Time is short. Tell me what you know.', 'Really? How?', 'How do you know this?', 'The legends speak of that place. Terrible battles fought at the temple. The dragons burning it to the ground in rage. They speak also of something worse than dragons buried within. Difficult to imagine, but if true... It means what I feared has come to pass. Miraak was never truly gone, and now has returned. If you could go to this place and see him... Are you like Miraak? Are you Dragonborn?', 'Then perhaps you are connected with him. The old tales say that he, too, was Dragonborn.', 'That is what the stories say. You are Dragonborn as well, then. Perhaps you are connected.', ""I am unsure. It may mean that you could save us, or it may mean that you could bring about our destruction. But our time is running out. The few of us left free of control cannot protect ourselves for much longer. You must go to Saering's Watch. Learn there the Word Miraak learned long ago, and use that knowledge on the Wind Stone. You may be able to break the hold on our people there, and free them from control."", 'Much of what was known has been lost to the ages. He was Dragonborn, and yet he served the dragons. A priest in their order, highly esteemed and very powerful. Then he turned against them, becoming something they feared. He was defeated long ago, but it seems he was never destroyed.', 'Some dark influence wields power over them, forces them to forget themselves and act against their nature. At first it was only during the night, but now every moment is spent building some strange shrine around the Wind Stone. I believe if the shrine can be destroyed, the Skaal will be free once more.', ""Miraak is behind what's happening to our village, and so the knowledge he has gained as Dragonborn is at the heart of it. You are Dragonborn as well. You too can wield this power, perhaps to a better end. All-Maker shelter you."", 'The air is different. We are safe, which means you have succeeded.', 'So it is. You have proven yourself an ally to the Skaal, and so the Skaal shall be allies to you.', 'If you have released the Wind Stone and broken the hold on my people, perhaps you can do the same for the rest of Solstheim. I doubt it will fully stop whatever Miraak is doing, but it may slow his progress.', 'I cannot help with that. None here can. You will need the knowledge Miraak himself learned. You will need to learn more about this Black Book.', 'Miraak had this? This does not look like something of the Dragon cult. It is a dark thing, unnatural. I would have nothing to do with it. But the Dark Elf Wizard, Neloth... He came to us sometime ago, asking about the Black Books. I believe he knows a great deal about them. Perhaps too much. Seek him to the south. Be cautious, Dragonborn. There is something else at work here.', ""Hermaeus Mora...old Herma-Mora himself. So he is the source of Miraak's power. Of course. We have many tales of Herma-Mora trying to trick us into giving up our secrets to him. And now he comes again for what we have long kept from him."", 'So it falls to me to be the one to give up our secrets to our ancient enemy. I do not know if I have the strength to face him. The Tree Stone is still corrupted...the land is still out of balance. But with the other five restored...it may be enough. It will have to be.', 'Yes. The Skaal also tell of the day when we must finally give up our secrets. When Herma-Mora finally wins. As shaman, it is my duty to guard these secrets, but also to decide when it is necessary to give them up. I believe that time is now. If I am wrong, may my ancestors forgive me. Give me the book. I will read it, and speak to old Herma-Mora myself. I will make sure he lives up to his part of the bargain.', 'Ancient lore, handed down from shaman to shaman since the All-Maker first gave Solstheim to the Skaal. How to talk to the wind, how to listen to the earth -- these are our secrets. Nothing of power or mastery.', 'We know him as Herma-Mora, the Demon of Knowledge. It is in his nature to hoard secrets for himself. Their value to him is of no consequence. The very fact that the Skaal have kept knowledge from him has merely increased his desire to have it.', 'That is our name for him -- the Demon of Knowledge. He has always been our enemy.', 'That is my hope as well. I am trusting that you will make this sacrifice worthwhile.', ""I must, Frea. It is the only way to free Solstheim forever from Miraak's shadow. There comes a time when everything must change. Nothing that lives remains the same forever. Do not fear for me, my daughter. This is the destiny that the All-Maker has laid out for me."", 'I am ready for whatever the foul master of this book has in store for me.', ""You...liar...gah!...I won't...not...for you..."", 'Nooo...']",NPC
Elder Scrolls Skyrim,2011,US,Sulla Trebatius,Male,"['Oh, of course you want me to leave. Just waiting for me to turn my back! So you can have all the glory for yourself!']",NPC
Elder Scrolls Skyrim,2011,US,Takes-In-Light,Female,"['Are we truly sure this is a good idea?', 'And what if... What if there are things guarding this place?', 'What was that thing anyway?', 'Gods, what have we done?', 'Just another minute, please.']",NPC
Elder Scrolls Skyrim,2011,US,Talvas Fathryon,Male,"[""Why won't this summoning work? If you must know, I'm trying to get this Ash Guardian spell to work. Now let me concentrate. Besides, shouldn't you be worrying about the damage to the tower?"", 'No Ash Guardian. Maybe the book has something.']",NPC
Elder Scrolls Skyrim,2011,US,Tharstan,Male,"[""By the gods...I've never seen anything like it...I, uh...I don't think this will go in my book.""]",NPC
Elder Scrolls Skyrim,2011,US,The Caller,Male,"[""So, you're the one who barged into my home and laid waste to my projects. How nice to meet you."", 'Names no longer matter. You may refer to me as The Caller. Now, do you have a reason for making such a mess?', ""So you're just one of Aren's lackeys? That's disappointing. You show real promise. You come here, kill my assistants, disrupt my work... You've annoyed me, so I don't think I'll be giving you anything."", ""Oh, now we're all please and thank you, are we? I'm afraid we're well beyond pleasantries. I'll allow you the opportunity to turn around, walk out that door, and never come back. I suggest you move quickly."", ""I'm afraid you don't have anything worth trading. Now, you can go back to your College and leave me be, or I can kill you. Your choice."", ""An arrangement? After you've destroyed so much? Fine. Leave me the elf. You may go with your books."", ""Are you attempting to threaten me? After I've been so hospitable? Well, then you won't be leaving here at all."", ""Fine. Take them and be gone. Never return here, or else you'll face my full wrath."", ""Are you attempting to threaten me? After I've been so hospitable? Well, then you won't be leaving here at all."", ""He gets the books, I get you. It's very simple."", ""This little adventure of yours has cost me a number of test subjects. I need more, and you'll do nicely."", ""I'm waiting. Well, what's it going to be?"", ""Fine. Take your books and leave at once. If you ever come back, I won't be so gracious.""]",NPC
Elder Scrolls Skyrim,2011,US,Thongvor Silver-Blood,Male,"['What are you hiding, priest?', ""Typical Imperial lies. First you take away Talos, now you're keeping us from seeing our honored dead? You and the Jarl will answer for any desecration of my ancestors' bodies.""]",NPC
Elder Scrolls Skyrim,2011,US,Thorek,Male,"['The orcs have breached the inner sanctum, Brother Veren.', 'But...no more than a handful of us remain, brother.', 'The Miasma? But, brother...', 'Agreed. To the death.']",NPC
Elder Scrolls Skyrim,2011,US,Thoring,Male,"[""Give him a chance to speak. He's trying to help us.""]",NPC
Elder Scrolls Skyrim,2011,US,Thrynn,Male,"[""I won't rest until Mercer's dead. How could he murder Gallus and betray all of us like that?"", ""So, now that you're Guild Master, how about drinks for all of us!""]",NPC
Elder Scrolls Skyrim,2011,US,Titus Mede II,Male,"[""You mean the wedding? My cousin's apparent murder? An unfortunate misunderstanding, no more. Cold mead, hot tempers... these things happen."", ""Yes, an unfortunate turn of events, that. But an isolated incident. And I have been assured that the fault was with the man's son alone. Truth is, we are in no danger whatsoever. Killing an Emperor can be useful, but befriending one? Now that's beneficial -- as I'm sure you'd all agree."", 'Aha! Here we are. Honored guests, I present to you -- the Gourmet! Ah, the Potage le Magnifique. So delicious. My friends, as Emperor, I of course reserve the right of first taste.', ""Oh... Oh now marvelous. Just delicious. It is everything I had hoped it would be. It...I... I think something's...wrong... I... Ugh..."", 'Oh... Oh now marvelous. Just delicious. It is everything I had hoped it would be. Please, everyone. Enjoy.', ""And, once more, I prove Commander Maro the fool. I told him you can't stop the Dark Brotherhood. Never could. Come now, don't be shy. You haven't come this far just to stand there gawking."", 'But of course. You and I have a date with destiny. But so it is with assassins and emperors, hmm?', ""Oh, you can save your sinister bravado. I'll not go to my grave whimpering like an infant. I know why you are here. I must die. And you must deliver the blow. It is simply the way it is."", 'You and I have a date with destiny, it seems. But so it is with assassins and emperors, hmm? Yes, I must die. And you must deliver the blow. It is simply the way it is. But I wonder...would you suffer an old man a few more words before the deed is done?', 'I thank you for your courtesy.', ""Tsk. How unfortunate. I had hoped you would honor an old man's dying wish. Well, let's be done with it then."", ""You will hear me out, then? Good. You will kill me and I have accepted that fate. But regardless of your path through life, I sense in you a certain...ambition. So I ask of you a favor. An old man's dying wish. While there are many who would see me dead, there is one who set the machine in motion. This person, whomever he or she may be, must be punished for their treachery. Once you have been rewarded for my assassination, I want you to kill the very person who ordered it. Would you do me this kindness?"", 'Thank you. Now, onto the business at hand I suppose, hmm?', 'Hmph. Pity. I had hoped to attain even a modicum of justice. Well, onto the business at hand then, hmm?', ""Well. Perhaps you'll at least consider it, hmm? Now, on to the business at hand... Well? I won't fight you, so we may as well get this over with.""]",NPC
Elder Scrolls Skyrim,2011,US,Tolfdir,Male,"['Welcome, welcome! We were just beginning. Please, stay and listen. So, as I was saying, the first thing to understand is that magic is, by its very nature, volatile and dangerous. Unless you can control it, it can and will destroy you.', ""Of course, my dear. Of course. You all possess some inherent magical ability. That much is not being questioned. What I'm talking about is true control, mastery of magic. It takes years, if not decades, of practice and study."", ""Please, please! This is exactly what I'm talking about. Eagerness must be tempered with caution, or else disaster is inevitable."", ""You've been quiet so far. What do you think we should do?"", ""Not going to weigh in either way? I admire your restraint, but there are times when you must make decisions, even without all the facts. Rely on instinct. Onmund: We're all pretty new at this, right? Let's just give it a chance. What's the worst that could happen?"", ""Is that so? Brelyna: See? He agrees with us too! Why don't you actually show us something?"", ""Well, your classmates certainly seem to disagree with you. J'zargo: Oh, don't listen to him. We can do it, just give us a chance!"", ""All right, let's settle down. I suppose we can try something practical... In continuing with our theme of safety, we'll start with Wards. Wards are protective spells that block magic. I'll teach you all a ward, and we'll see if you can successfully use it to block spells, all right? Would you mind helping me with the demonstration? Are you at all familiar with ward spells?"", ""That's all right. I can teach you a very basic ward, one that's enough for the purposes of this lesson."", ""That's what this lesson is for. Perfect time to try it out."", ""Well, then this should be no problem at all for you. Now, if you'll just stand right over there, I'll cast a spell at you, and you block it with the ward. Here we go. Over there, please. Just opposite me. Wouldn't want anyone else in the way. Now, cast the ward spell, and keep it up. You'll have to keep your ward up, or else this won't work. I don't want to hurt you. Hold still..."", ""Excellent work! Well, I think this is an excellent start. I'd like you all to continue practicing with wards, please. I think perhaps we're ready to begin exploring some of the various applications of magic throughout history. The College has undertaken a fascinating excavation in the ruins of Saarthal nearby. It's an excellent learning opportunity. I suggest we meet there in a few hours, and see what awaits us inside. That's all for now, thank you."", 'And here we all are. Shall we step inside?', ""All right, please stay close to me while we're inside. It should be safe, but it's always better to be cautious."", ""We're particularly interested in the prevalence of magical seals placed on the tombs here. It's rather unlike anything we've encountered."", ""Anything! Anything at all that might be of interest. That's why I adore this location...we have no idea what we're going to find. And if, along the way, my message about the dangers of magic should happen to sink in for a few students, that would be a happy coincidence."", ""No? I daresay we don't have all day."", 'Still? If I have to wait much longer, you may need to just bury me here.', 'As some of you may know, Saarthal was one of the earliest Nord settlements in Skyrim. It was also the largest. Sacked by the Elves in the infamous ""Night of Tears,"" not much is known about what happened to Saarthal. This is an exciting opportunity for us. To be able to study such an early civilization, and the magics they used... Well, are there any questions before we begin?', ""Ah, yes. Hmm. Well, why don't you see if you can assist Arniel Gane? He's one of our scholars, here working on cataloging our finds. I expect he'd appreciate some help in locating any additional magical artifacts here in the ruins. Any enchanted items will do; the usefulness of the enchantment is irrelevant. If you find anything, the class can look it over."", ""Well, are there any questions before we begin? Now, let's see. What shall we have the rest of you do? Brelyna, my dear. Why don't you search for warding magics? Anything designed to keep people out. Don't interact with them, just identify them. All right, everyone. Onmund, please search that area over there. See if you notice any...residual energies. Alive or undead. J'zargo...what shall we have you do... Ah! Why don't you verify that we're the first ones here? Look for any amount of tampering with the tombs. All right, everyone. Let's be careful, but have fun! Let's be careful, but have fun!"", ""Please be careful here. The site isn't entirely secured."", 'What in the world was that racket? Is everything all right?', 'How in the world did that happen?', 'Really? Perhaps the amulet is important somehow. Is there some way you can use it?', 'Do you see that? Some kind of resonance...you and the wall. It must be connected to the amulet! I wonder...what effect might your spells have?', ""Well would you look at that! This appears to lead somewhere. Let's see where it goes. Well, this is highly unusual. And very interesting. Why in the world would this be sealed off? What is this place? I'm not sure what to expect here. Please be on your guard."", 'I...I swear I felt something rather strange just then. What just happened?', ""I'm afraid I didn't see anything... Can you tell me more about what you just saw?"", ""The Psijic Order? Are you quite sure about that? That's very odd. And danger ahead? Why that doesn't make any sense at all. The Psijics have no connection to these ruins. And no one's seen any of their order in a long time. Perhaps we should take a look inside these coffins... Now please do be careful. Who knows what we're going to find."", ""They were a group of mages with a history that pre-dates the Empire. Very powerful, very secretive. No one's seen them in well over a hundred years. They vanished, along with their sanctuary on the Isle of Artaeum. I have no idea what connection they'd have to this place."", ""I have no idea, but it's fascinating. Assuming it's true, of course. The Isle of Artaeum disappeared over a hundred years ago, and no one has seen them since. And yet now, suddenly, they have chosen to contact you? Why, it's intriguing! If nothing else, I'd take it as a compliment. The Psijics have only ever dealt with those they feel worthy."", ""I've never seen anything like this in Nordic ruins before. Why, just look at all these coffins! This bears closer inspection. I'd like to stay a while and examine this. You, however, should press on. See if you can find whatever this vision of yours mentioned. But if it is truly dangerous, be careful. Go on ahead. I'll be sure and catch up with you before long."", 'Hold on, my boy. Hold on! I thought it high time I caught up with you.', ""Well now...would you look at that. I never imagined we'd find something like this. Why is this buried so far within Saarthal?"", ""Nothing seems to work! Keep it busy. I'll try to drain some of its power."", ""I'm not the only one seeing this, am I? Why, this is utterly unique."", ""I have no idea! This is amazing. Absolutely amazing. The Arch-Mage needs to be informed immediately. He needs to see this for himself. I don't dare leave this unattended. Can you return to the College and inform Savos Aren of this discovery? Please, hurry."", ""Let him know that we've unearthed something... Well, I'm not sure. Something unique, let's say. It's clearly magical in nature, but like nothing I've ever seen before. He should be most interested."", ""Oh, I think I'll be fine. We seem to have eliminated the most pressing threat. It certainly seems that whoever placed this here intended for it to be well guarded. I wonder why..."", 'Did he now? Does he have information about our wonderful discovery?', ""Is that the one about something buried beneath Saarthal? Something that men and mer fought over? I'll have to make a point of re-reading it. I don't recall the details."", ""Ah, yes. I'll be sure and stop by the Arcanaeum later. I just can't seem to tear myself away. Whatever it is, its beauty is like nothing I've ever seen before. If you'd allow me to indulge myself for a moment, I thought I might make a few observations..."", ""I'm sure you've already noticed the markings. They're quite unlike anything we've seen before. Ayleid, Dwemer, Daedric... Not even Falmer. None of them are a match. Quite curious indeed. Now, I'm not sure you're quite as attuned as I am, given my extensive years of experience, but can you feel that? This marvelous object. It practically radiates magicka, and yet it's unlike anything I've felt before. Arch-Mage Aren is already hard at work, and hopefully we'll have more information soon."", 'This is most inappropriate! We are involved in serious research here!', ""Well, I'm quite sure I've never been interrupted like this before... the audacity!... I suppose we'll continue this at some later time, when we can avoid interruptions."", 'Well now, there\'s a name I haven\'t heard in some time. My goodness, it\'s been years since I\'ve spoken with him. I suppose he\'s still down in the Midden, but I haven\'t checked. Are you going to see him? Do tell him ""hello"" for me, won\'t you?', ""Underneath the College. It's not the nicest place, so if you go down there, please be careful."", ""Well, I suppose he wouldn't mind... It was all before my time, you understand. I've heard the stories, the same as anyone else. He was a brilliant student, an accomplished wizard. Delved into magic in a way none had seen before. But, I think, he became too focused on just how much power he could acquire. That's what led to the accident."", 'Everyone please, stand back! Please remain calm! Are you all right? What happened in there?', ""By the Nine... Is he responsible for this? The Arch-Mage, dead? There's more. Something's happened to Winterhold. It must be whatever Ancano did. You need to get out there and make sure it's safe. Quickly now, quickly! I'll find Mirabelle and see if we can't put a stop to this!"", ""I can hardly believe it. But there's no time. Whatever happened here has affected Winterhold as well. I need you to get out there and make sure everything's all right. I'll do what I can here. Go now, go!"", ""You survived! You have it, then? Let's hope it's as powerful as the Psijics believe it to be."", ""She... She didn't make it. When it was clear we were going to have to fall back, she stayed behind and made sure the rest of us were all right."", ""Look for yourself. Ancano's power is growing. We can't crack whatever magic he's using to shield himself. I hope your trip to Labyrinthian was worth it."", ""I'll be right behind you!"", 'Spells have no effect!', 'The Staff! Use it on the Eye!', 'I knew you could do it!', ""I...I don't know. Ancano is gone, but whatever he's done to the Eye doesn't seem to have stopped. I have no idea what to do!"", ""You've done it! The College is safe again, thanks to your work. I knew you had it in you. I daresay the Psijics are right. There's no one more deserving to be Arch-Mage, in my opinion. Here, consider these yours. And the Arch-Mage's quarters as well. I shall be here for advice, should you need me.""]",NPC
Elder Scrolls Skyrim,2011,US,Tonilia,Female,"[""There's no doubt Mercer will make for the borders of Skyrim. I hope you find him before he escapes our grasp. If you find Mercer, give no quarter...kill him and be done with it."", ""Here's to a long and prosperous future...may the Guild last another hundred years.""]",NPC
Elder Scrolls Skyrim,2011,US,Torolf,Male,"['You need to go inside, little cub.', 'Inside the house. Now.']",NPC
Elder Scrolls Skyrim,2011,US,Torturer,Male,"[""You fellows happened along just in time. These boys seemed quite upset at how I'd been entertaining their comrades."", ""A dragon? Please. Don't make up nonsense...although, come to think of it, I did hear some odd noises coming from over there."", 'You have no authority over me, boy.', ""Don't bother with that. Lost the key ages ago. Poor fellow screamed for weeks."", 'Sure, take all my things. Please.', ""There's no way out that way, you know...""]",NPC
Elder Scrolls Skyrim,2011,US,Torygg,Male,"['When Ulfric Stormcloak, with savage Shout, sent me here, my sole regret was fair Elisif, left forlorn and weeping. I faced him fearlessly -- my fate inescapable -- yet, my honor is unstained -- can Ulfric say the same?']",NPC
Elder Scrolls Skyrim,2011,US,Tsavani,Female,"[""Who comes, Malborn? You know I don't like strange smells in my kitchen."", 'A guest? In the kitchens? You know this is against the rules...', 'Tss! Get out of here. I saw nothing.']",NPC
Elder Scrolls Skyrim,2011,US,Tsun,Male,"[""What brings you here, wayfarer grim, to wonder here, in Sovngarde, souls-end, Shor's gift to the honored dead?"", ""I am Tsun, shield-thane to Shor. The Whalebone Bridge he bade me guard and winnow all the souls whose heroic end sent them here, to Shor's lofty hall where welcomed, well-earned, awaits those I judge fit to join that fellowship of honor."", ""A fateful errand. No few have chafed to face the Worm since first he set his soul-snare here at Sovngarde's threshold. But Shor's restrained our wrathful onslaught -- perhaps, deep-counselled, your doom he foresaw."", 'No shade are you, as usually here passes, but living, you dare the land of the dead. By what right do you request entry?', ""Ah! It's been too long since last I faced a doom-driven hero of the dragon blood."", ""I welcome the chance to challenge the blade of Ysgramor's heir, honored shield-brother to Kodlak Whitemane, whom I've watched for in vain."", ""Well met, mage of Skyrim. The Nords may have forgotten their forefathers' respect for the Clever Craft, but your comrades throng this hall. Here in Shor's house we honor it still."", 'You trespass here, shadow-walker. Shor does not know you. Perhaps before the end you will earn the right to pass this way. Welcome I do not offer, but your errand I will not hinder, if my wrath you can withstand.', ""Do not mistake the night-shrouded thief's stealthily-taken spoils, stolen and unearned, for a warrior's plunder, won in honorable battle. Your doom already binds you to your dark mistress, but your errand I will not hinder, if my wrath you can withstand."", ""Living or dead, by decree of Shor, none may pass this perilous bridge 'til I judge them worthy by the warrior's test."", ""You fought well. I find you worthy. It is long since one of the living has entered here. May Shor's favor follow you and your errand."", 'The eyes of Shor are upon you this day. Defeat Alduin, and destroy his soul-snare.', ""This was a mighty deed! The doom of Alduin encompassed at last, and cleansed is Sovngarde of his evil snare. They will sing of this battle in Shor's hall forever. But your fate lies elsewhere. When you have completed your count of days, I may welcome you again, with glad friendship and bid you join the blessed feasting."", 'When you are ready to rejoin the living, just bid me so, and I will send you back.', 'Tarry not too long -- the land of the dead is not meant for mortals to linger.', 'Return now to Nirn, with this rich boon from Shor, my lord: a Shout to bring a hero from Sovngarde in your hour of need. Nahl...Daal...Vus!']",NPC
Elder Scrolls Skyrim,2011,US,Ugor,Female,"['Halt! You have no business here, outsider. Leave at once.']",NPC
Elder Scrolls Skyrim,2011,US,Ulfric Stormcloak,Male,"[""Legends don't burn down villages. We need to move, now!"", ""It's about time they turned their gaze from the heavens, back to our bleeding homeland. What do they want?"", ""I have the greatest respect for the Greybeards, of course. And the dragon attacks are a growing plague. But the political situation is still delicate. Not all the Jarls are fully committed to supporting me as High King. I can't afford to appear weak. I can't agree to this unless Tullius himself will be there."", ""Alduin? The World-Eater of song and legend? If that's true...well, it changes the situation doesn't it? Even Tullius may be forced to talk sense in the face of such a threat."", 'Good. We still hold half of Skyrim despite everything the Empire could throw at us. I doubt the Empire has the stomach for much more bloodletting.', ""Yes. I'll give Tullius one more chance to quit Skyrim with his tail between his legs."", ""I never thought I'd willingly stand in the same room with Tullius again. At least not without a weapon in my hand."", ""It's good to be back at High Hrothgar after all these years."", ""I'd just as soon get this over with."", 'No. You insult us by bringing her to this negotiation? Your chief Talos-hunter?', ""By Ysmir's beard, the nerve of those Imperial bastards, eh? To think that I would sit down at the same table with that...Thalmor bitch. Either she walks or I do."", ""I'm glad we agree on this."", ""Maybe so, but bringing her here is a deliberate provocation. Tullius needs to know I won't be pushed around."", 'Well said.', ""Hmm. It feels like a mistake to me, but I'll bow to your judgment on this."", 'But she is to observe, nothing more. We are not negotiating with her, is that clear?', 'You know exactly...no. Not this time.', 'I have something to say first.', ""The only reason I agreed to attend this council was to deal with the dragon menace. There's nothing else to talk about, unless the Empire is finally ready to renounce its unjust claim to rule over the free people of Skyrim."", ""We're here to offer a temporary truce to allow the Dragonborn here to deal with the dragons. Nothing more. I consider even talking to the Empire a generous gesture."", ""Yes, let's get this over with."", ""Yes, let's get down to it. We want control of Markarth. That's our price for agreeing to a truce."", ""The Dragonborn has spoken, Tullius. Markarth will be ours. Now we'll see if there's anything behind your talk of good faith."", ""As always, the Empire's fine words are worth nothing!"", ""I expected better from you, Dragonborn. I came here in good faith, and now it seems you help the Empire at every turn. As for you General Tullius, I see now that Galmar was right. Talking to the Empire is just as useless as ever. If you think you can hold Markarth, you're as deluded as your Emperor when he signed away our freedom to the Thalmor. Skyrim will never again bow to your false Empire! Let's go, Galmar. I should have listened to you in the first place."", 'Is he with you, Delphine? If so, I advise you to tell him to watch his tongue.', ""If he's right about Alduin...we both have just as much to lose here, Tullius, remember that. Now, back to the matter at hand."", 'Out with it, then.', 'This is our homeland, Tullius. All the blood spilled in this war is on your head.', ""Let's hear it."", 'What next, Tullius? Shall I just hand over all of Skyrim?', ""Don't hand me a mug of sheep's piss and call it mead. These terms are still not acceptable."", 'You surrend Hjaalmarch to us, and take Idgrod Ravencrone with you. Sorli the Builder will take over as Jarl of Morthal.', ""It seems I have no choice but to let the Dragonborn decide. Although I'm starting to doubt your fairness. What say you, Dragonborn?"", 'Spoken like a true son of Skyrim!', 'Even the Dragonborn betrays Skyrim.', 'These terms are not acceptable. You know that.', ""Bah! This is a waste of time. I can see that we won't get better terms from this council. So bet it. The sons of Skyrim at least put the greater good above our own interests."", ""I'm listening."", ""I suppose that's the fairest deal we're likely to get."", 'THE COUNCIL ALWAYS ENDS WITH...', '• The sons of Skyrim will live up to their agreements. As long as the Imperials hold to theirs. What about you, Elisif? Are these terms to your liking? Speak up. I\'m sure General Tullius is waiting to do your bidding. • I shouldn\'t agree to terms that so blatantly favor the Empire. I have no choice, though, under the circumstances. But once Alduin is defeated, then it will be the Empire\'s turn. Remember ""Evgir Unslaad."" You should be pleased, Elisif. You\'ve done so well for yourself as the Empire\'s pet Jarl. But beware -- the Empire\'s loyalty is fickle. They will tire of this war, and then I will be the one dictating terms to you.', ""Come on, Galmar. We've have a lot of work to do."", 'I sacrificed a lot here today for this plan of yours.', ""We're counting on you to make this all worthwhile."", ""Skyrim was betrayed, the blood of her sons spilled in doomed struggle against fate. And so in death, too late, I learn the truth - fed by war, so waxed the power of Alduin, World-Eater -- wisdom now useless. By gods' jest in this grim mist together snared, Stormcloak and Imperial, we wander hopeless, waiting for succor."", ""Yes? Make it quick, I'm a busy man."", ""Is that so? I've been wondering when he'd come around. Oh. What's this? Ahhh... You're quite brave to carry such a message. It's a pity you've chosen the wrong side... You can return this axe to the man who sent it. And tell him he should prepare to entertain...visitors. I expect a great deal of excitement in the city of Whiterun in the near future..."", ""I have shown the people that when our Jarls drink the Empire's milk, it makes us weak. I must now show them the path that will lead us back to our strength. There is no progress without sacrifice. No wheat without threshing the chaff. The Empire and the Jarls who back them must be swept away. The people demand it. I demand it."", 'Oh? True, I may meet my end in a dark alley with a dagger in my back. But the people have seen the truth, and they will not back down.', 'Sooner than you think.', ""I'll never surrender Skyrim to the hands of a corrupt and dying Empire."", 'No... But I belong to her.', 'Talos smite you!', ""Let the Dragonborn be the one to do it. It'll make for a better song."", 'Aggh..', 'He knows that. They all know that.', 'You think I need to send Balgruuf a stronger message.', ""Taking his city and leaving him in disgrace would make a more powerful statement, don't you think?"", 'Soon.', 'Torygg was merely a message to the other Jarls. Whoever we replace them with will need the support of our armies.', 'Things hinge on Whiterun. If we can take the city without bloodshed all the better. But if not...', 'Many I fear still need convincing.', ""We've been soldiers a long time. We know the price of freedom. The people are still weighing things in their hearts."", 'They have families to think of.', 'Well put, friend. Tell me, Galmar, why do you fight for me?', 'Yes, but why do you fight? If not for me, what then?', ""I fight for the men I've held in my arms, dying on foreign soil. I fight for their wives and children, who's names I heard whispered in their last breaths. I fight for we few who did come home, only to find our country full of strangers wearing familiar faces. I fight for my people impoverished to pay the debts of an Empire too weak to rule them, yet brands them criminals for wanting to rule themselves! I fight so that all the fighting I've already done hasn't been for nothing. I fight...because I must."", 'I would gladly retire from the world were such a day to dawn.', 'Only the foolish or the courageous approach the Jarl without summons... Do I know you?', 'Is that so...? Ah yes, you were with us at Helgen.', ""Ahhh. Yes... Destined for the chopping block if I'm not mistaken."", ""Ralof's alive? I hope that's true. He's a damn good man. But he hasn't returned yet, so I'll need to wait for his account. For now, speak with Galmar."", ""A fair point... Well, you've come to the right place, then. Speak with Galmar. I'm always looking for able fighters. Not everyone can say they made it out of Helgen. Seems we're all branded villains these days... So long as your criminal past stays in the past, and you fight for me with honor and integrity, we'll welcome you into our ranks."", 'I remember you... You were at Helgen with us! Come to join the war? Speak with Galmar. He handles the new recruits.', 'Good.', ""I'm sorry to hear that. If you change your mind, speak with Galmar. What does bring you to me?"", ""Tell me again why we're wasting time and resources chasing a legend. We don't even know it exists!"", 'Damn the Jarls.', ""And damn the Moot! We should risk letting those milkdrinkers put Torygg's woman on the throne? She'll hand Skyrim over to the elves on a silver plate."", ""A crown doesn't make a king."", 'If it even exists.', ""You're certain you've found it?"", ""Fine. I'll send the Unblooded here with you. Fancy a crawl through a moldering dungeon to see if you can't stir up Galmar's Jagged Crown?"", 'Damn him -- the old bear was right! Did you run into any trouble?', ""That's the spirit. I'll get all the details from Galmar when he gets back."", 'The blood of our fallen heroes will make Skyrim free, never doubt it. Also, never doubt me or Galmar.', ""Damn it. What were they doing there? Imperial spies are everywhere. Never forget that... I trust you gave them a thrashing? Now then... I'm glad you're here. I have a message I need delivered to the Jarl of Whiterun. Deliver this axe to Balgruuf the Greater."", 'Yes. An axe. How long have you been in Skyrim. Give the man my axe. If he keeps it, I will bide my time. If he returns it to you, it means war.', 'Men who understand each other often have no need for words. There are but a few simple truths behind one warrior giving another his axe. Balgruuf will know my meaning.', 'Keep your wits about you. The Jarl of Whiterun is known for his temper.', 'Then I was wrong about him. You were right Galmar.', ""I'm in no mood to joke."", 'Whiterun is only a means to an end.', 'Is a man ever ready to give the orders that will mean the deaths of many.', ""You're certain we're ready? Whiterun's army will no doubt be bolstered by Legionnaires. And those walls around Whiterun are old, but they still stand."", ""And I'm sure you could do it, too. Alright. This is it."", 'So it begins. Make haste to our camp in Whiterun. I want you on the front lines. I have a feeling about you. Your place is on that battlefield. I need you there.', 'Fight well, or die well.', 'Then I commit them to whatever gods they still believe in. Talos be with you!', ""We've driven the Imperials out of Whiterun. This is good. Very good. We now control the center. It's a powerful position. One I aim to keep. We'll call you Ice-Veins now, for the thick blood of our land has seeped into your heart. Here, take this. It's an Imperial officer's sword. A fitting weapon to use against our enemy."", ""I suspect you'll be of greater use to us with greater freedom, so you're free to engage the Imperials as you see fit. But I also want you to find our hidden camp in Falkreath. Galmar will have special tasks for you, and will need you when we liberate the capital."", ""You'll be doing whatever Galmar tells you to do, and causing as much mayhem as possible for the Empire and any Jarl who supports them."", 'Talos guide you.', 'Go with the gods.', ""I'm proud we liberated Falkreath from the Empire. In many ways it's the heart and soul of Skyrim. Not to mention its rather strategic position. Some brothers have taken to calling you Bone-Breaker, evidence of your ferocity and determination. A fitting name. So we shall all call you thus. The war demands so much from us, and we give all we have to it and the people...but I've kept a little something to offer you in appreciation. Please take this on behalf of all the brothers and sisters. And I need capable and loyal warriors close at hand. So I'd like to offer you a home in Windhelm. Speak with my steward who'll make the arrangements."", 'Get over to our camp in the Reach. They need every able body they can muster.', ""You'll be doing whatever Galmar tells you to do, and causing as much mayhem as possible for the Empire and any Jarl who supports them."", 'Talos guide you.', 'For Skyrim!', 'Now that the Empire has been driven from the Reach we can put a stop to the raping of her silver mines. That silver belongs to Skyrim. Multitudes of our enemies are buried in an avalanche of pain and retribution delivered by your hands. I shall call you Snow-Hammer now. You show great passion for battle, and compassion for those we fight for. You are becoming indispensable to our cause. We do what we do out of love for our brothers and sisters. Here, take this as a token of such love reciprocated.', ""You're needed in Hjaalmarch. There's much to be done."", ""You'll be doing whatever Galmar tells you to do, and causing as much mayhem as possible for the Empire and any Jarl who supports them."", 'For Skyrim!', 'Talos guide you.', ""Tullius must be getting nervous. Taking Hjaalmarch we're practically in his backyard now. As soon as we're able, we'll march on Solitude. You've become a true hero of Skyrim. I number you among my kin. You shall now be known as Stormblade. The love of the land and her people flows from your heart, even as death to her enemies flows from your hands. On behalf of the sons and daughters of Skyrim, on behalf of all that is righteous and true, take this token of our appreciation for your service."", ""You've no time to glory in your accomplishments. We're gathering for our final assault on Solitude. I need you there. Report to our camp in Haafingar."", 'This is it men! Time to make this city ours! We come to this moment carried by the sacrifice and courage of our fellows! Those who have fallen. And those still bearing shields to our right. On this day, our enemy will know the fullness of our determination, the true depth of our anger, and the exalted righteousness of our cause. The gods are watching. The spirits of our ancestors are stirring. And men under suns yet to dawn will be transformed by what we do here today. Fear neither pain, nor darkness. For Sovngarde awaits those who die with weapons in their hands, and courage in their hearts. We now fight our way to Castle Dour to cut the head off the Legion itself! And in that moment, the gods will look down and see Skyrim as she was meant to be. Full of Nords who are mighty, powerful, and free! Ready now! Everyone, with me! For the sons and daughters of Skyrim! Rrrrrraaaaaaaaaggggghhhhhhh!!!!!!', 'Secure the door.', ""Stop what? Taking Skyrim back from those who'd leave her to rot?"", ""Rikke. Go. You're free to leave."", ""You're also free to die for it."", ""Rikke. You don't have to do this."", 'This is it for you. Any last words before I send you to Oblivion?', ""It's a little more than a rebellion, don't you think?"", ""Maybe not, but you certainly aren't the good guys."", 'You said it yourself.', 'The Empire I remember never surrendered.', ""Come, Galmar. Where's your sense of the dramatic moment?"", 'Good point. Well, Dragonborn. What do you say? Do you want the honor?', 'As you wish.', 'As you wish. This moment, we three, will be immortalized in song.', 'Dragonborn. Here, use my sword to do it. This moment will be immortalized in song. Make it a good kill.', 'Well, I suppose some kind of speech is in order.', 'And Elisif?', 'Stormblade. I want you to have my sword, a token of my appreciation. Now then. The men will expect a speech. Will you stand by my side? I wish to honor you, Dragonborn and the truest of Stormcloaks.', 'Very good. Come, the people await us.', 'Oh, why is that?', 'On the contrary, you exceed the rest. But, I will honor your request. The gods will know of your victories, and they themselves will glory in your deeds. Come, at the very least walk out with me.', ""There's no shame in such thoughts. A man without doubts is a man without a conscience. But rest assured. We've won Skyrim's right to determine her own future. And for that, every Nord praises us. But I will heed your wishes. Come, at the very least, walk out with me."", ""A man's heart is his own burden to bear, so I will honor your request, though it casts a bit of gloom on an otherwise glorious day. Come, at the very least walk out with me."", 'I am indeed Ulfric Stormcloak, and at my side the man we know as Stormblade, and the world knows as the Dragonborn. And indeed, there are many that call us heroes.', '• I am indeed Ulfric Stormcloak... And indeed, there are many that call me hero. • I am indeed Ulfric Stormcloak, and at my side the man we know as Stormblade, and the world knows as the Dragonborn. And indeed, there are many that call us heroes. But it is all of you who are the true heroes! It was you who fought a dying Empire who sunk its claws into our land, trying to drag us down with it. It was you who fought the Thalmor and their puppets who would have us deny our gods and our heritage. It was you who fought your kin who didn\'t understand our cause, who weren\'t willing to pay the price of our freedom. But more than that, it was you who fought for Skyrim, for our right to fight our own battles... To return to our glory and our traditions, to determine our own future! And it is for these reasons that I cannot accept the mantle of ""High King."" Not until the Moot declares that title should adorn my shoulders will I accept it.', ""Yes, what about the Lady Elisif? Will she put aside her personal hatred for me, and her misplaced love for the Emperor and his coin, so that the suffering of our people will end? Will she acknowledge that it is we Nord's who will determine Skyrim's future? Will she swear fealty to me, so all may know we are at peace, and a new day has dawned?"", 'Then it is settled. The Jarl will continue to rule in Solitude, I will garrison armies here to ward off Imperial attempts to reclaim the city. And in due time, the Moot will meet, and settle the claim to High King once and for all. There is much to do, and I need every able bodied man and woman committed to rebuilding Skyrim. A great darkness is growing, and soon we will be called to fight it, on these shores or abroad. The Aldmeri Dominion may have defeated the Empire, but it has not defeated Skyrim!', ""How'd I do?"", 'Thank you, I thought so, too.', 'Oh, I know.', ""I'm not afraid of the remnants of the Legion, in time they'll all give up and go home. What I fear, is the Thalmor will see our victory here and turn greater attention to our shores. We must be prepared to face them."", ""And, of course, we couldn't have done it without you. May the gods preserve you."", ""Come, Galmar. We've still much work to do."", ""True sons and daughters of Skyrim reign in every city, we've crippled the Imperial Legion, and cut off its head by killing General Tullius himself. What more could I ask of you? No, you're free to roam. I suspect the gods have needs for you elsewhere. That said, some of the Legion's staunchest men have organized themselves, and are operating out of hidden military camps in the wilderness. If you come across any Imperials in your travels, I expect you'll know what to do."", ""No, not yet. We'll wait for the Moot to name me High King. It'll be better for all that way. But, that doesn't mean I won't start acting like it. There's much to do. The new Jarls need help building armies, and enforcing their right to rule. The Empire may try to reclaim Skyrim, and I need everyone ready for that. Though the biggest threat, of course, is the elves."", 'There will be peace for a time, during which we must rebuild Skyrim into the land it once was. Strong. Self-reliant. The center of mankind. Because getting rid of the Empire was only half the problem. Soon, the elves will again seek to rule the world. We must ready ourselves to fight them. For it will be Skyrim that shall lead Tamriel in those dark days, when the fate of the world is finally determined.']",NPC
Elder Scrolls Skyrim,2011,US,Umana,Female,"[""Sulla, let's just get out of here. Hasn't there been enough death?""]",NPC
Elder Scrolls Skyrim,2011,US,Una,Female,"['Got lots of things to take care of. What do you need?', ""Not on your life. It's dangerous in there, and Falk doesn't even like me and Erdi going in every year to clean out the spiders."", 'If you really want to... Just be careful of the ghost! He snuck up on me once and scared me sick. It took me a week for me to feel better... You can catch me at the Blue Palace later, if you want to talk again.']",NPC
Elder Scrolls Skyrim,2011,US,Urag gro-Shub,Male,"[""And what do you plan to do with it? Do you even know what you're asking about, or are you just someone's errand boy?"", ""I knew it. Everyone comes in here, expecting my help, but they don't even have the proper questions. An Elder Scroll is an instrument of immense knowledge and power. To read an Elder Scroll, a person must have the most rigorously trained mind, or else risk madness. Even so, the Divines usually take the reader's sight as a price."", 'The simplest way to put it is ""knowledge,"" but there\'s nothing simple about an Elder Scroll. It\'s a reflection of all possible futures and all possible pasts. Each reader sees different reflections through different lenses, and may come away with a very different reading. But at the same time, all of it is true. Even the falsehoods. Especially the falsehoods.', ""It would take a month to explain to you how that very question doesn't even make sense. The Scrolls exist here, with us, but are also beyond and beneath. Before and after. They are bits of Divine made substance so we could know them. Sorry. Talking about the Scrolls, you usually end up in irritating and vague metaphors like that. Some people who study them devoutly go mad."", 'Ha!', ""You think even if I did have one here, I would let you see it? It would be kept under the highest security. The greatest thief in the world wouldn't be able to lay a finger on it."", ""What about...wait. Are you? Were you the one the Greybeards were calling? I'll bring everything we have on them, but it's not much."", 'Of course.', ""I don't know who told you that, but I'll do what I can. What we do have are plenty of books. I'll bring everything we have on them, but it's not much. So don't get your hopes up. It's mostly lies, leavened with rumor and conjecture."", 'Here you go. Try not to spill anything on them.', ""Aye, that's the work of Septimus Signus. He's the world's master on the nature of Elder Scrolls, but...well. He's been gone for a long while. Too long."", ""Somewhere up north, in the ice fields. Said he found some old Dwemer artifact, but...well, that was years ago. Haven't heard from him since."", ""Oh no. I hope not. But even I haven't seen him in years, and we were close. Became obsessed with the Dwemer. Took off north saying he had found some old artifact. Haven't seen him since. Somewhere in the ice fields, if you want to try and find him."", 'You are now in the Arcanaeum, of which I am in charge. It might as well be my own little plane of Oblivion. Disrupt my Arcanaeum, and I will have you torn apart by angry Atronachs. Now, do you require assistance?', ""I know what you want. Word travels fast around here. Discovered some big mystery, huh? Well you don't even need to ask. No, I don't have anything for you. Not anymore, anyway."", ""I said not anymore. Orthorn stole a number of books when he ran off to Fellglow Keep to join those Summoners. Some kind of peace offering. I think one of his volumes may have had some relevant information. If you want them, you'll have to talk to Orthorn."", ""Not enough to bother with it. Arch-Mage Aren's approach to these things is to just let them sort themselves out. Although now it looks like you'll be doing the sorting. Good luck with that."", 'He was an Apprentice here at the College. Not very skilled, but got involved with a group of mages who took a liking to him. When they left, he took off after them. Stole supplies and books from the College, I suppose as a way to ingratiate himself.', 'Let\'s just call it a ""difference of opinion"" with the College. They were interested in research that goes outside the bounds of what the College allows, so they were...persuaded to leave.', 'Well, well. And you seem to be in one piece! Thank you. I\'ll look these over, and inform Mirabelle if I find anything relevant. ""Night of Tears,"" eh? I remember this one. Well, isn\'t that interesting. Did you read it yourself? If I recall correctly, that has some interesting implications. You should mention that to Tolfdir. And...here. I suppose you\'ve earned these.', 'A Moth Priest? What in Oblivion do you want a Moth Priest for?', ""Fine, fine. No need to get your breeches in a twist. The obvious answer is to go to the Imperial City. The Moth Priests make their home in the White Gold Tower. Sometimes they go out looking for Elder Scrolls. Lucky for you, there's a Moth Priest in Skyrim right now, doing just that. He stopped in to do some research in the library, then left for Dragon Bridge. If you hurry, you might catch him there."", ""And what do you plan to do with it? Do you even know what you're asking about?"", ""I knew it. Everyone comes in here, expecting my help, but they don't even have the proper questions. An Elder Scroll is an instrument of immense knowledge and power. To read an Elder Scroll, a person must have the most rigorously trained mind, or else risk madness. Even so, the Divines usually take the reader's sight as a price."", 'The simplest way to put it is ""knowledge,"" but there\'s nothing simple about an Elder Scroll. It\'s a reflection of all possible futures and all possible pasts. Each reader sees different reflections through different lenses, and may come away with a very different reading. But at the same time, all of it is true. Even the falsehoods. Especially the falsehoods.', ""It would take a month to explain to you how that very question doesn't even make sense. The Scrolls exist here, with us, but are also beyond and beneath. Before and after. They are bits of Divine made substance so we could know them. Sorry. Talking about the Scrolls, you usually end up in irritating and vague metaphors like that. Some people who study them devoutly go mad."", 'Ha!', ""You think even if I did have one here, I would let you see it? It would be kept under the highest security. The greatest thief in the world wouldn't be able to lay a finger on it."", 'Of course.', ""I don't know who told you that, but I'll do what I can. What we do have are plenty of books. I'll bring you everything we have on them, but it's not much. So don't get your hopes up. It's mostly lies, leavened with rumor and conjecture."", ""Aye, that's the work of Septimus Signus. He's the world's master on the nature of Elder Scrolls, but...well. He's been gone for a long while. Too long."", ""Somewhere up north, in the ice fields. Said he found some old Dwemer artifact, but...well, that was years ago. Haven't heard from him since."", ""Oh no. I hope not. But even I haven't seen him in years, and we were close. Became obsessed with the Dwemer. Took off north saying he had found some old artifact. Haven't seen him since. Somewhere in the ice fields, if you want to try and find him.""]",NPC
Elder Scrolls Skyrim,2011,US,Vaermina,Female,"[""He's deceiving you. When the ritual's complete, the Skull will be free and then Erandur will turn on you. Quickly! Kill him now. Kill him and claim the Skull for your own! Vaermina commands you!""]",NPC
Elder Scrolls Skyrim,2011,US,Vald,Male,"[""This is Mercer Frey's place and he don't like visitors. Now go away."", 'No visitors. No way. Now piss off before ya make me mad.', ""Oh, come on, I ain't that dumb."", ""You ain't got enough coin to make my problems go away, unless ya can talk to Maven Black-Briar into lettin' me outta my debt. You try and set one foot in this yard and I'll cut it off."", ""Hahaha! That's funny. Ya think you can take me on? Try it anytime. I've been itching for a fight."", 'Of mine? What is it?', ""I can't believe it! How'd ya talk her into this? Never mind, I don't care. I'm just glad I don't gotta work for Maven anymore. Here, ya did me a favor, I guess I owe you one.""]",NPC
Elder Scrolls Skyrim,2011,US,Valerica,Female,"[""Maker...it can't be. Serana?!"", ""Serana? What are you doing here? Where's your father?"", ""I must have failed. Harkon's found a way to decipher the prophecy, hasn't he."", ""Wait a moment...you've brought a stranger here? Have you lost your mind?"", ""You. Come forward. I would speak with you. • So how has it come to pass that a vampire of mixed blood is in the company of my daughter? • So how has it come to pass that a vampire hunter is in the company of my daughter? It pains me to think you'd travel with Serana under the guise her protector in an effort to hunt me down."", 'Safe? You call bringing her here safe? Has she explained nothing to you?', 'Coming from one who murders vampires as a trade, I find it hard to believe your intentions are noble.', ""Glorious. Serana claims you're her guardian, yet your first instinct appears to be greed. I see that my daughter is still as naive as ever. Serana has sacrificed everything to prevent Harkon from completing the prophecy. I would have expected her to explain that to you."", ""You think I'd have the audacity to place my own daughter in that tomb for the protection of her Elder Scroll alone? The scrolls are merely a means to an end. The key to the Tyranny of the Sun is Serana herself."", ""Now you're beginning to see why I wanted to protect Serana, and why I've kept the other Elder Scroll as far from her as possible."", ""It was expected of her, just as it was expected of me. Being selected as an offering to Molag Bal is an honor. She wouldn't have dared turn her back on that."", ""It's what some call the domain of Molag Bal. His place in Oblivion."", ""If Harkon obtained Auriel's Bow and Serana's blood was used to taint the weapon, the Tyranny of the Sun would be complete. In his eyes, she'd be dying for the good of all vampires."", 'And how exactly do you plan on completing the prophecy without the death of my daughter?', ""If you believe that, then you're a bigger fool than I originally suspected. Don't you think I weighed that option before I enacted my plans?"", ""Have you been listening to me? Like Serana, I'm a pure-blooded vampire. My presence on Tamriel is as much of a danger as hers is."", 'No! I will not allow that to happen. The Elder Scrolls only tell of events that might be, not events that will be.', ""You care nothing for Serana or our plight. • You see the Tyranny of the Sun as your chance at deification, and like Harkon you won't hesitate to destroy anything that stands in your path. • Whether or not you've become one of us in order to survive the Soul Cairn, you're still a vampire hunter at heart. You're here because we're abominations in your mind. Evil creatures that need to be destroyed."", 'Serana? This stranger may call himself vampire, but he knows nothing of our struggle. Why should I entrust you to him?', 'This stranger aligns himself with those who would hunt you down and slay you like an animal, yet I should entrust you to him?', ""I see. You're simply here to stop the Tyranny of the Sun, despite the cost to Serana. Nothing else matters."", 'How dare you! I gave up everything I cared about to protect you from that fanatic you call a father!', ""Oh, Serana. If you'd only open your eyes. The moment your father discovers your role in the prophecy, that he needs your blood, you'd be in terrible danger."", ""I'm sorry, Serana. I didn't know...I didn't see. I've allowed my hatred of your father to estrange us for too long. Forgive me. If you want the Elder Scroll, it's yours."", ""Your intentions are still somewhat unclear to me. But for Serana's sake, I'll assist you in any way that I can."", ""Yes. I've kept it safely secured here ever since I was imprisoned. • Fortunately, you seem to have already killed the Keepers maintaining the barrier around these ruins."", ""Yes. Please, follow me. One more word of warning. There's a dragon that calls itself Durnehviir roaming the Cairn. The Ideal Masters have charged him with overseeing the Keepers, and will undoubtedly investigate the fact that the barrier has fallen."", ""Fortunately, you're in a position to breach the barrier that surrounds these ruins."", ""You need to locate the tallest of the rocky spires that surround these ruins. At their bases, the barrier's energy is being drawn from unfortunate souls that have been exiled here. Destroy the Keepers that are tending them, and it should bring the barrier down."", ""One more word of warning. There's a dragon that calls itself Durnehviir roaming the Cairn. Be wary of him. The Ideal Masters have charged him with overseeing the Keepers, and will undoubtedly intervene if you're perceived as a threat. Be careful, and keep my daughter safe."", 'When I entered the Soul Cairn, I had intended to strike a bargain with the Ideal Masters, the custodians of this place.', 'I requested refuge in the Soul Cairn, and in exchange, I would provide the Ideal Masters the souls that they craved. If I had foreseen the value they placed on my own soul, I would never have come here.', 'The Ideal Masters unleashed their Keepers and sent them to destroy me. Fortunately, I was able to hold them at bay and retreat into these ruins.', ""Unfortunately, yes. Since the Keepers weren't able to claim my soul, they had their minions construct a barrier that I'd never be able to breach."", 'Time has very little meaning to me. Consequently, it has little meaning to the Ideal Masters as well. I suppose you could call this the ultimate waiting game, each watching the other to see which will give in.', ""As you've been traveling in the Soul Cairn, your body has become attuned to it. Let's just say a tiny part of you rubbed off on it, and in its place, a bit of the Soul Cairn filled the void. You should find no difficulty using the portal any longer."", 'Harkon\'s vision is a world plunged in eternal darkness where the vampire can flourish and never again fear the ""tyranny of the sun."" What he fails to realize is how much attention would be called to our kind if the prophecy came to fruition.', ""If eternal night fell, there are many who wouldn't stand for it. They would raise armies in attempts to return things to normal. The order of the day would be our destruction until every last vampire was hunted down and eliminated."", ""I do. It's how the vampire has survived for millennia, and the only way we can continue to survive in the future."", ""I know very little about them. They're mystic entities that lord over the Soul Cairn, controlling every aspect from its fabric to its appearance."", ""Well, some necromancers believe they are the crystalline structures dotting the Soul Cairn. I believe there's more to it than that."", ""I think they transcend what we perceive as a physical form. Perhaps they were once corporeal beings, but they've obviously reached a point where they no longer require a tangible presence."", 'Conduits through which the Ideal Masters speak to their underlings and feed on their victims.', ""The Ideal Masters's weakness is their insatiable hunger for pure souls. It's the reason for the Soul Cairn's existence, and the only leverage a necromancer has when bargaining with them."", 'The ability to summon powerful undead guardians as one would conjure an atronach or daedra. However, the majority of necromancers that are foolish enough to enter into a bargain with the Ideal Masters wind up here...as harvested souls.', 'You managed to destroy all three Keepers? Very impressive.', ""Yes. Please, follow me. Keep watch for Durnehviir. With the prison's barrier down, he's almost certain to investigate."", ""It's Durnehviir...he's here! Defend yourselves!"", ""Forgive my astonishment, but I never thought I'd witness the death of that dragon."", ""Volumes written on Durnehviir allege that he can't be slain by normal means. It appears they were mistaken. Unless..."", ""The soul of a dragon is as resilient as its owner's scaly hide. It's possible that your killing blow merely displaced Durnehviir's physical form while he reconstitutes himself."", ""Minutes? Hours? Years? I can't even begin to guess. I suggest we don't wait around to find out. Now, let's get your Elder Scroll and you can be on your way."", ""Now that you've retrieved the Elder Scroll, you should be on your way. If there's anything I can do before you depart, you must let me know."", ""So my daughter applied some of the lessons I taught her about necromancy, did she? Don't worry, I think I can help you."", 'Your soul essence was trapped inside a gem. When you and Serana entered the Soul Cairn, it was ""given"" to the Ideal Masters as payment. You simply need to retrieve the gem. The moment you touch it, your soul essence will be restored.', ""There's an offering altar not terribly far from here. I'm willing to bet that the gem you're looking for is there. Is there anything else? Could be your last chance."", ""I have no choice. As I told you before, I'm a Daughter of Coldharbour. If I return to Tamriel, that increases Harkon's likelihood of bringing the Tyranny of the Sun to fruition."", 'I appreciate your concern for me, but Serana is all I care about. You must keep her safe at all costs.', ""As much as it pains me to send you and Serana back alone, I can't take the risk."", ""After what I've put Serana through, I would understand if she never wished to see me again. I leave that decision in your hands. Remember that Harkon is not to be trusted. No matter what he promises, he'll deceive you in order to get what he wants. And promise me you'll keep my daughter safe. She's the only thing of value I have left. Farewell. Remember that Harkon's not to be trusted."", 'Even if I could, it would only serve to hinder your efforts. Harkon would likely sense my return to Tamriel. The last thing you need right now is a trail for him to follow.', 'Like Serana, I am a Daughter of Coldharbour, an vampire offspring of Molag Bal. My presence in Tamriel would simply double the risk that Harkon could complete the prophecy.', ""The only way I'd even consider returning to Tamriel was if Harkon were not only to fail, but to be destroyed."", ""You must understand that he's no longer the man I married all that time ago. He's obsessed...insane. Everyone around him fears him as they would a rabid dog. For all of this to end, he must die."", 'What? Are you certain?', ""Then I see nothing preventing my return to Tamriel. Allow me to gather some of my things and I'll head back to Castle Volkihar. And from the bottom of my heart, I thank you."", ""Well, I think it's time I got back to my work as an alchemist. The Soul Cairn will offer a unique opportunity to continue my studies, and I intend to complete my research. In the meantime, if there are any potions you might need, feel free to help yourself."", ""I'm sorry, I don't feel comfortable giving them to you. I understand what you did for • my family, • Serana and for me, but the prophecy never sat well with me, and I don't want to be part of it. I'm sorry.""]",NPC
Elder Scrolls Skyrim,2011,US,Vanik,Male,"[""I just hope we weren't too late. I'm not sure what they did to this Moth Priest, but he doesn't look right."", ""I don't know, maybe. Won't know until we get him out of there."", ""I'm working on it, now give me some silence so I can think.""]",NPC
Elder Scrolls Skyrim,2011,US,Varona Nelas,Female,"[""Why are you out here? Aren't you supposed to be in the tower assisting Master Neloth?"", ""Master Neloth has tasked Elynea with repairing the tower. Why aren't you doing this in the lab, where it would be safer for all of us?"", ""It's on your head if something goes wrong. Just let me get back inside first."", ""We don't get many visitors. Is there something you need?"", ""Tel Mithryn. It's the home of Master Neloth. You may have heard of him. He's a famous Telvanni wizard."", ""In Morrowind, the Telvanni grow buildings from special fungus spores. Master Neloth grew one here to be his home. Don't ask me how."", ""No. Talvas is his apprentice. I'm his steward. I manage the day to day affairs of Tel Mithryn."", ""Talvas is Master Neloth's apprentice. If you are interested in spells, he might be willing to sell you some. Elynea is our alchemist. She specializes in mushrooms and other types of fungus. Ulves runs the kitchens.""]",NPC
Elder Scrolls Skyrim,2011,US,Vasha,Male,"['Whoever this is, clearly we got off on the wrong foot. Ah, but no worries. This is not the first time I have been bagged and dragged. Come now. Whatever the problem, we can talk about it like civilized folk, hmm?', 'Ahhh...Vasha, at your service. Obtainer of goods, taker of lives, and defiler of daughters. Have you not heard of me? Perhaps I will have my people carve my name into your corpse, as a reminder.', 'Me? Ha! Are you serious?', ""Fool! Don't you get it? I live in the shadow of death every day. A knife in the doorway, a nocked arrow on every rooftop! If one of my enemies wouldn't pay to have me killed, I would take it as a personal insult."", 'He he he he he he. The real question is, ""Would someone pay to have me killed...again."" A day goes by without someone trying to gut me in the street, I get disappointed. Tell you what. You release me, and I promise my associates won\'t hunt you down like an animal and butcher you in the street. It is a win-win.']",NPC
Elder Scrolls Skyrim,2011,US,Veezara,Male,"['Ha ha ha ha! Again! Again! Do the part where he tries to buy you some candy!', 'Ha ha ha ha ha ha ha ha ha!', ""Welcome, my brother. Welcome to our Sanctuary. You have made the right choice joining us, I assure you. Me, I have been part of the Dark Brotherhood from the day I first hatched. I am Shadowscale, you see. Born under the sign of the Shadow. (Remain silent) It's nice to meet you, Veezara."", ""You just trust in Astrid, follow her orders, and you'll do fine here."", 'Once, I was a Shadowscale. An assassin in service to the King of Black Marsh. Trained by the Dark Brotherhood since the day of my hatching. Ah, but that was a lifetime ago. Today, I am the last of my kind. My order is extinct. Now, I happily serve Astrid, and this Sanctuary. I am a trained killer, and once again have been given purpose. Life is good. Stay safe.', 'You must speak to that Muiri woman, correct? I have heard rumors in Windhelm. She was recently implicated in a thievery, along with her lover. The lover will likely be your target. If memory serves me correctly, he leads a group of bandits. So this may be rather interesting for you.', ""Truthfully? I'm not entirely sure. It's not that I don't have the utmost respect for Sithis, and the Night Mother, and the ancient ways. I do. But I've never been much for religion. I kill because it's what I've been trained to do. It's all I know. So long as Astrid is happy, I'm happy."", ""You're joking. While I can understand if some Family members wish to honor the Old Ways once more, surely no one would oppose Astrid's rule."", ""Just remember Astrid's commitment to her Sanctuary, to her Family. A Family that now counts you as one of its own. Honor Astrid above all others."", 'Your contract sound simple, which means it certainly will not be. Getting into that reception will be easy, but have you thought about getting out?', ""Astrid ordered me to keep an eye on you. Figured you could use a hand when the chaos erupted. I'll try to hold them off as best I can. You get back to the Sanctuary."", ""Ah, you're back. It was good to fight alongside you. I'm sure people won't be forgetting that wedding anytime soon, hmm?"", 'Astrid had me investigate the Penitus Oculatus. Their members are highly trained, effective warriors. Be on your guard, brother.', ""Achh... Thank you, dear. You are most kind. The jester's cut feels as bad as it looks, I'm afraid."", ""Bested by a fool. Who's the fool now, hmm?"", 'It only hurts when I laugh. He he he. Oww...', ""Yes, do not underestimate Cicero. A man like that, small and foolish, is easy to mock. To underestimate. Don't make the same mistake I did."", 'Hmmm... Well, assuming this Gourmet is just a cook, it will probably be an easy kill. Just be discreet -- alerting others will be the real threat.', 'Astrid has arranged for your escape, no? Then you have nothing to worry about. Get in, kill the Emperor, and get out. Then, we celebrate.']",NPC
Elder Scrolls Skyrim,2011,US,Vekel the Man,Male,"[""Lot of people looking for him. Don't know his name, but he's paid good money for nobody to know he's down here. He's holed up in the Ratway Warrens. Hardly ever leaves the place -- has someone bring him food and such. Crazy old coot, from what I've heard. For that to stand out down here, he must really be off his nut."", ""Dangerous-looking elves who didn't give their names. Draw your own conclusions."", ""Huh. Lot of old guys around. I don't really know how I can help."", ""Maybe I'm just getting soft in my old age, but I actually believe you."", ""That's a touching story. Now get outta my face."", ""Well...when you put it that way, I think I do know the old guy you're talking about."", 'Big talk for someone with a light purse.', ""There's no need for that. Not like he's a friend of mine or anything. Just calm down."", ""You've got a lot of nerve. But not a lot of common sense."", ""You're tougher than you look. You got me, fair and square."", ""--- He's holed up in the Ratway Warrens. Hardly ever leaves the place -- has someone bring him food and such. Crazy old coot, from what I've heard. For that to stand out down here, he must really be off his nut."", ""He's holed up in the Ratway Warrens. Be careful. You're not the only one looking for him."", 'Give it up, Brynjolf...those days are over.', ""It's time to face the truth, old friend. You, Vex, Mercer... you're all part of a dying breed. Things are changing!"", ""Word is Mercer Frey is a dead man. The Guild wants his blood. I can't say I blame them. Murder is not our way. Gallus was before my time, but I still can't believe it. You need to teach him a lesson...show him the penalty for betrayal around here."", ""I haven't seen so much celebrating in years. Mercer's dead, we have a new Guild Master and things are finally looking up. Business is booming, coin is flowing and everyone seems content as things keep going our way. A new chapter in the Thieves Guild is being written this day and we all owe it to you. Many thanks.""]",NPC
Elder Scrolls Skyrim,2011,US,Veren Duleri,Male,"[""We must hold. We can't allow the Skull to fall into their hands."", 'Then we have no choice. The Miasma must be released.', ""We have no alternative. It's the will of Vaermina. And what about you, Brother Casimir? Are you prepared to serve the will of Vaermina?"", ""Then it's decided. Brother Casimir, you must activate the barrier and release the Miasma. Let nothing stop you. Brother Thorek, we must remain here and guard this Skull with our lives, if necessary."", 'Then let it be done. Farewell, my brothers!', 'No thanks to you, Casimir.', ""You're a traitor. You left us to die and ran before the Miasma took you."", ""Enough of your lies! I can't allow you to destroy the Skull, Priest of Mara."", 'How could you, Erandur...']",NPC
Elder Scrolls Skyrim,2011,US,Vex,Female,"[""Hmph, yeah, I did. That wood elf s'wit...he's a lot smarter than I expected. Can you believe that fetcher had more than tripled the guard? There must have been eight of them in there. It was like he was daring us to come and get him."", ""Well, there's an old sewer tunnel that dumps into the lake on the northwest side of the island. That's how I slipped in there. Should still be unguarded."", ""That door has the best puzzle locks money can buy. There's no way it can be picked open."", ""That son of a bitch! I'll kill him!"", 'Fine. We do it your way. For now.', ""If I see Frey, I'll pluck his eyes from his skull with my bare hands!"", 'Need to stay focused in case Frey comes back, make it fast.', 'That pig? Oh, I have info on him. More than you care to know.', 'Vald? Good side? I think you have the wrong person. The only thing Vald understands is gold. A man after my own heart.', ""Sure, but he'll ask for a whole lot. I mean, you are asking him to betray Mercer Frey. Your best bet would be to erase his debt with Maven Black-Briar. If you talk to her, she might be able to give you the details. Of course, you could just run him through and take what you need off his corpse...I could care less. While you're in there, help yourself to anything in Frey's manor. I would."", 'Sure, why not...', ""I suppose you deserve it. Couldn't do any worse than Mercer anyway.""]",NPC
Elder Scrolls Skyrim,2011,US,Vigilant Tolan,Male,"[""You know why I'm here. The Vigilants are under attack everywhere. The vampires are much more dangerous than we believed."", ""Isran, Carcette is dead. The Hall of the Vigilants...everyone...they're all dead. You were right, we were wrong. Isn't that enough for you?"", ""Yes, that's it. Dimhollow Crypt. Brother Adalvald was sure it held some long-lost vampire artifact of some kind. We didn't listen to him any more than we did Isran. He was at the Hall when it was attacked..."", ""I'll meet you at Dimhollow. It's the least I can do to avenge my fallen comrades."", ""I know what you think of us. You think we're soft, that we're cowards. You think our deaths proved our weakness. Stendarr grant that you do not have to face the same test and be found wanting. I'm going to Dimhollow Crypt. Perhaps I can be of some small assistance to you.""]",NPC
Elder Scrolls Skyrim,2011,US,Vigilant Tyranus,Male,"['Excuse me, but do you know anything about this house? Seen anyone enter or leave?', ""I'm with the Vigil of Stendarr. We believe this house might have been used for Daedra worship. Evil rites and so forth."", 'Seems no one in this city has.', ""Damn. It's like everyone in this city has amnesia."", ""I was actually just about to head on inside. Be good to have someone watch my back. Follow me, and keep your eyes open. Daedra are powerful creatures and tricksters. Never know what you'll find."", 'Thank you for your time.', ""Fresh food. No wood rot on the furniture. Someone's been here. Recently. But the people I asked say no one enters or leaves... Wait? Did you hear that? I think it came this way. That's it. Something's inside the house. Come on, we're getting to the bottom of this. Come out! We know you're here! There's another door. See if you can get it open."", ""Stendarr's mercy! This isn't an ordinary Daedra. We have to get help."", ""You first. Come on, let's go."", 'Get out of my head, Daedra!', ""I don't want to die. I can't die here! The Daedra has us. It's you or me!""]",NPC
Elder Scrolls Skyrim,2011,US,Vignar Gray-Mane,Male,"['Balgruuf!', 'You think this is personal? The Empire has no place in Skyrim... Not any more. And you? You have no place in Whiterun anymore.', ""If this was my Empire, I'd be able to worship whoever I damned well pleased. You wish to see an Empire without Talos? Without its soul? We should be fighting those witch-elves, not bending knee to them. The Emperor is nothing more than a puppet of the Thalmor. Skyrim needs a High King who will fight for her, and Whiterun needs a Jarl who will do the same."", ""He's right. Galmar, come, let us restore order.""]",NPC
Elder Scrolls Skyrim,2011,US,Vilkas,Male,"['But I still hear the call of the blood.', ""You have my brother and I, obviously. But I don't know if the rest will go along quite so easily."", ""Master, you're not truly considering accepting him?"", ""Apologies. But perhaps this isn't the time. I've never even heard of this outsider."", 'And their arm.', 'Aye.', ""The old man said to have a look at you, so let's do this. Just have a few swings at me so I can see your form. Don't worry, I can take it."", ""What do you think this is? We don't do battle with magic around here, new blood. Now come at me."", ""There you go! Not bad. Next time won't be so easy! You might just make it. But until then, you're still just a whelp to us, new blood. So you do what we tell you to. Here's my sword. Go take it up to Eorlund to have it sharpened. And be careful, it's probably worth more than you are."", 'Where have you been?', ""I hope it was important, because it means you weren't here to defend him."", ""One of the fiercest battles I've ever seen. The Silver Hand. They finally found enough courage to attack Jorrvaskr. We fought them off, but...the old man...Kodlak...he's dead."", 'No, but they made off with all our fragments of Wuuthrad. But you and I are going to reclaim them. We will bring the battle to their chief camp. There will be none left living to tell their stories. Only songs of Jorrvaskr will be sung. We will avenge Kodlak...and they know will terror before the end.', ""The others have probably prepared Kodlak's funeral by now. Come up to the Skyforge to pay your respects."", 'For the fallen...', ""The old man had one wish before he died. And he didn't get it. It's as simple as that."", ""That's fine for you. But he wanted to be clean. He wanted to meet Ysgramor and know the glories of Sovngarde. But all that was taken from him."", ""No, Farkus, he didn't. And that's not what this is about. We should be honoring Kodlak, no matter our own thoughts on the blood."", 'Kodlak used to speak of a way to cleanse his soul, even in death. You know the legends of the Tomb of Ysgramor.', 'Is that...? Did you repair the blade?', 'This is the resting place of Ysgramor. And his most trusted generals. You should be careful.', ""Kodlak was right. I let vengeance rule my heart. I regret nothing of what we did at Driftshade. But I can't go any further with my mind fogged or my heart grieved."", ""The original Companions. Their finest warriors rest with Ysgramor. You'll have to prove yourselves to them. It's not that you're intruding; I wager they've actually expected us. They just want to be sure that you're worthy. Be ready for an honorable battle."", 'Return Wuuthrad to Ysgramor. He should open the way.']",NPC
Elder Scrolls Skyrim,2011,US,Vilod,Male,"['Justice!', 'Tell my family I fought bravely!']",NPC
Elder Scrolls Skyrim,2011,US,Vingalmo,Male,"['How dare you trespass here! Wait...Serana? Is that truly you? I cannot believe my eyes! My lord! Everyone! Serana has returned!', 'The Chalice? Why?', 'Really?', 'Hm. Most intriguing.', ""Auriel's power is ours!"", ""I'm sure Lord Harkon will be most pleased with your efforts. Find him at once."", 'I am at your service, as always.']",NPC
Elder Scrolls Skyrim,2011,US,Vipir the Fleet,Male,"[""I can't believe he emptied the vault. Right from under our noses."", 'I am at your service.']",NPC
Elder Scrolls Skyrim,2011,US,Vittoria Vici,Female,"[""What an amazing day this has been. I hope you've been enjoying the festivities. I'm...I'm just so overwhelmed. Such kindness...for me."", 'Oh! Well, you tell your Stormcloak friends ""hello"" right back at them! This is a day of healing! Legion, Stormcloaks -- all are welcome here!', 'Ha ha ha ha! Yes, yes indeed! Hail the Imperial Legion! Hail the Stormcloaks! Hail Solitude and the Eight Divines! On this glorious day, we honor everyone! Ha ha ha ha!', ""Oh, no need to be shy! My day is your day! Please -- eat, drink, make merry! We're all friends here!"", 'Good people of Solitude. I just wanted to thank you all for being here. To thank you for sharing this wonderfully happy day with myself, and my new husband. Today, the problems of Skyrim are not my problems. Nor are they yours. Today we are joined in peace and happiness. So please, enjoy yourselves. I thank you all again for making this the best wedding a woman could ask for.']",NPC
Elder Scrolls Skyrim,2011,US,Wulf Wild-Blood,Male,"['Return to the All-Maker, old one. The Skaal will never forget your sacrifice.']",NPC
Elder Scrolls Skyrim,2011,US,Wulfgar,Male,"['Flik Lo...Sah!', 'Wuld. Nah...Kest!', 'Dah...']",NPC
Elder Scrolls Skyrim,2011,US,Ysgramor,Male,"[""Welcome, Dragonborn! Our door has stood empty since Alduin first set his soul-snare here. By Shor's command we sheathed our blades and ventured not the vale's dark mist. But three await your word to loose their fury upon the perilous foe. Gormlaith the fearless, glad-hearted in battle; Hakon the valiant, heavy-handed warrior; Felldir the Old, far-seeing and grim.""]",NPC
Elder Scrolls Skyrim,2011,US,Ysolda,Female,"[""So, you're finally back. Look, I've been patient, but you still owe me."", ""It's not about the money, really. I wouldn't have given you the wedding ring on credit if you weren't so obviously in love. But if there isn't going to be a wedding, the least you can do is give the ring back. That was one of my best pieces."", ""Aw, what's wrong? Did the engagement fall through? Look, how about we call it even, as long as you bring back the wedding ring? That's really a shame -- I was so looking forward to the wedding. You said you'd have all the most interesting guests."", ""You went right out to give it to your fiancee! Don't you even remember where you left her? And after you told me that sweet story of how you met in Witchmist Grove! I can see why she left you."", ""Decided to go through with it then? I knew you couldn't have forgotten about your fiance. You spoke of her so glowingly. I don't know much about Morvunskar but it sounded like a lovely place for the ceremony. Congratulations."", 'I think I would prefer my ring back. I put a lot of time into making it and you just gave is away as a joke.', ""You must have had a wild night if you can't remember that. But I suppose everyone gets the jitters before their wedding. And I did say you could take a bit of time paying me back. You said the ceremony was going to be at Morvunskar. Don't forget you still owe me!"", ""I'm sure your bride-to-be will tell you when you where the ceremony will be. If she still wants to marry you when you tell her you can't afford the ring."", ""All right, all right. You're mean when you're sober. You said you the ceremony was going to be in Morvunskar. You said your friend Sam was going to be your best man."", 'You think you can bully me. I grew up with five brothers. Go... get...my...ring.', ""How could you forget? It was the sweetest story I'd ever heard. You met at the full moon, under the biggest tree in Witchmist Grove, surrounded by fireflies. It was straight out of a storybook.""]",NPC
