Title,Year,Country,Characters,Gender,Dialogues,Playability
Final Fantasy X,2001,Japan,Abus,Male,"[""Looks like our gals are brewing up something back there. I'd be afraid if I were you."", 'They say you come from the ruins. Hehehe ... The Aurochs gotta be desperate to depend on some wacko.', ""We thought you'd be a pushover. You Aurochs have sure improved!"", 'Another tournament, another victory ... But no parade, thanks to those fiends.', ""I'm grateful that the warrior monks are here to protect Luca, but aren't there a few too many?"", 'Rumor has it that you guys are traitors. Some people sure talk rubbish.']",NPC
Final Fantasy X,2001,Japan,Argai Ronso,Male,"['We swore victory on our horns and lost. We cannot go home until we win the cup.', ""Ronso are pious race. But still, we respect Crusaders' courage."", 'If Ronso Fangs win, our brothers on the Farplane will rejoice.']",NPC
Final Fantasy X,2001,Japan,Auda Guado,Female,"['Since embracing Yevon, we Guado have learned the joy that is blitzball.', 'I hope that the people of Spira will find peace through blitzball.', ""I want to congratulate Lord Seymour on his marriage by blitzing like nobody's blitzed before."", 'Guadosalam is a natural stronghold. No fiends will find their way in here.', ""Lord Seymour's aeon destroyed the fiends that appeared in Luca Stadium. That display of Lord Seymour's raw power struck me speechless. But it was all a show. I feel so ... I'm sorry. I cannot put it into words.""]",NPC
Final Fantasy X,2001,Japan,Auron,Male,"['Look!', 'Take it.', 'A gift from Jecht.', 'I hope you know how to use it.', ""These ones don't matter. We cut through!"", ""Don't bother going after all of them. Cut the ones that matter, and run!"", ""Some can't wait to die!"", ""We're expected."", 'Hmph. This could be bad.', ""Trust me. You'll see."", 'Go!', '(Looks at Sin) You are sure?', 'This is it. This is your story. It all begins here.', 'It was a bad call. Your team lost because of you.', ""It's been ... ten years. I thought you'd be crying."", 'Yeah.', ""That's correct."", 'Nothing impossible about it. Jecht, Braska and I ... Together we defeated Sin ten years ago. Then I went to Zanarkand ... where I watched over you. So that one day I could bring you to Spira.', 'Jecht asked me to.', 'It depends on what you mean by ""alive."" He is no longer human. But then ... I felt something of Jecht, there in that shell ... couldn\'t you? You must have felt him when you came in contact with Sin.', 'It is. Sin is Jecht.', ""But it is the truth. You'll see for yourself. Come with me."", 'Every story must have an ending.', ""(Unsympathetically) I see. Sorry you feel that way. Fine, then. Come or don't come. It's your decision."", 'Irritating, I know. Or are you afraid?', ""(Sets a hand on his shoulder, speaks more gently) It's all right."", ""That's up to Jecht."", ""I'm going to offer my services to Yuna. Come."", 'Yuna.', 'I wish to become your guardian. Do you accept?', 'You refuse?', 'I promised Braska.', 'This one I promised Jecht.', ""Can't say. Haven't seen him in ten years."", ""You'll meet eventually."", ""(Scans them, zeroes in on Lulu) What's our itinerary? Where are we headed?"", ""Remember, you're suffering from Sin's toxin. Don't say otherwise."", ""It's also tough. Let me handle this."", 'Why?', ""Let them use whatever they want. They still won't defeat Sin."", 'We rest here.', 'Is that a problem?', 'Where were her guardians?', 'Well I am.', 'She means the ruins of a city destroyed a thousand years ago.', ""You'll see it for yourself soon enough."", 'Yuna, come back inside.', ""That's our cue, let's go."", ""So, we're to be pushed off a cliff."", 'Attack now! Push it back!', '(Dryly) Now I know I can count on you.', ""It was your idea to fight that thing. If you're always so groggy, just stay awake."", 'Ask him yourself.', 'Let him go. The man has already chosen his path ... As you did when you became a summoner.', 'If you want to prove yourself ...', 'first you must complete the tasks you are given.', '...', ""We don't have time for this now, do we?"", '(Mutters) That Kinoc, a maester?', 'Fulfilling a promise I made to a friend. I still am.', 'Go to Yuna.', ""You won't have to. It'll come."", 'So the arms are for defense.', ""It's going to attack. Aim for the head!"", 'Look out!', ""(Standing nearby) I see you're still here."", 'Many stories ended here today ... But ...', 'Yours goes on, I see.', 'A swift retreat. Satisfied?', 'Those who turned from Yevon died, while the faithful live on.', 'Sin is Jecht.', 'Sin is Jecht. He came here for you.', ""That's what Sin does. He wanted to show that to you. Do you know why?"", 'So you would kill him. As long as he is Sin, Jecht will keep killing. He wants you to stop him.', ""You're the one running."", 'Hey, new guy.', 'Who else?', ""Don't tell Yuna you know about Sin and Jecht."", 'You know her ... She would ... distance herself from you. We do not want that.', 'Yuna would.', 'Better than you finding out at a critical moment, becoming emotional.', '(Chuckles) I heard you were quite the crybaby.', ""So you're a champion of Yevon now, Braska?"", 'Stop pacing around. Be calm, and wait.', 'What of it?', 'Get ready for the journey ahead.', 'Once Lady Yuna fixes her hair, we leave!', 'Zzzz ...', ""They aren't just disappearing into thin air."", ""We're not waiting till nightfall."", 'Ten years ago ...', 'Jecht saw his first shoopuf here. Surprised, he drew his blade and struck it.', 'He was drunk ... Thought it was a fiend.', ""We offered all the money we had as an apology. Jecht never drank again. But, it would seem that shoopuf still works here. Even after ten years, Spira hasn't changed. Truly ... The place seems to resist change. It would take something unusual. Don't let the peaceful scenery fool you. Be on guard at all times."", '(To Yuna) Sit down!', 'Yuna!', 'Guard Yuna.', '( Strides over to Rikku) Show me your face. Look at me.', 'Open your eyes.', 'As I thought.', 'Are you certain?', 'If Yuna wishes it.', 'Stay close to Yuna.', 'Stay on your guard.', 'Those with power use that power. Maesters have power.', '(Dark chuckle) I lived a long time in Zanarkand.', 'What is taking them so long?', 'Please, keep this short. Yuna must rush.', 'You know what Yuna must do.', ""Spira is no playhouse. A moment's diversion may amuse an audience, but it changes nothing."", 'We will do so, then.', 'We leave.', 'Like Braska before you.', 'I do not belong there.', 'Searching the past to find the future ... This is all that is there. I need it not.', ""You'd better be going."", ""You're still here?"", 'Is she all right?', ""If she dies, I wouldn't know what to do."", 'I apologize.', 'He does not belong here.', 'Yuna, send him.', '(Gets up, sounds ragged) Talk later. We leave now.', 'It means he died an unclean death.', ""Yuna! Jyscal is the Guado's problem, not yours."", ""We leave as soon as Yuna returns. I trust you'll be ready."", 'Yuna, what is it?', ""Hmm ... You're a poor liar."", 'Nice knowing you.', 'This storm never stops. Better to cross quickly.', ""Fine, we rest. She's worse than the storm."", ""(Chuckles) It's not easy being a guardian to one so young. This is going to be some journey."", 'Yes, I should thank you.', ""I'd rather ... drop that subject, Rin."", ""Don't tell me you were hoping it would."", '(Turns towards nearby shelter) Over there.', ""That's not good enough."", 'Show me.', '(Turns away) As you wish.', 'Just one thing.', 'Then it is ... fine.', ""No, I'm not. As long as she is willing to face Sin ... all else is her concern. That is a summoner's privilege. As long as she journeys."", ""Next, we're going to Macalania Temple. Yuna can talk with Seymour there. We guardians will wait until they're done, and plan our next move. Understood?"", ""You're worried about Yuna."", 'The simplest answer would be ... in exchange for agreeing to marry him ... she hopes to negotiate with Seymour.', 'I wonder.', ""(Chuckles) She's strong, but Seymour is the better negotiator."", 'Yuna wants it this way.', ""On the contrary ... She doesn't want us caught up in whatever it is that she's planning."", ""That's the way she is. She's naive, serious to a fault, and doesn't ask for help."", ""Yuna's easy to read."", 'But hard to guard. Stand by her, always.', 'Calm down.', 'Running around in a panic is not going to help. Right now, you have to keep cool, and search.', 'Guard your emotions, then guard your summoner.', 'Shall we search?', 'Wait. It is here ... somewhere.', 'Something you should see.', ""It won't take long."", ""This is what spheres are made of. It absorbs and preserves people's memories."", 'Fiends are also attracted to these places.', 'Jecht left it here ten years ago. (All gasp) Play it back.', 'What are you taking?', 'This is no pleasure cruise!', 'Jecht ...', ""Lord Braska ... We shouldn't be wasting our time like this!"", '(Growl) Let me tell you what the hurry is!', 'He was serious. Jecht had already accepted his fate.', ""Jecht ... He ... He was always talking about going home, to Zanarkand. That's why he took all those pictures–to show them to you when he returned. But as he journeyed with us and came to understand Spira, and Braska's resolve ... It happened gradually, but Jecht changed. He decided he would join Braska in his fight against Sin."", 'That was his decision.', 'Wait.', 'Jecht loved you.', ""He just didn't know how to express it, he said."", 'I just thought you should know.', 'Anything can happen.', 'There is a saying ""Hurry up and wait."" It means, prepare quickly so you\'re ready for whatever comes next.', '(Irritably) Forgive me.', ""We're all with you. Do as you will."", '(To Tidus) Sorry.', 'That was your line.', 'Stand backt.', 'Rikku!', 'Will this move?', 'Let him go. Give him time to think.', 'What?', ""Hmph. Just don't do anything rash."", ""I'm saying you should not complicate matters. Or you'll find yourself trapped, understand?"", 'Make mistakes.', ""That's what youth is for after all. Do not waste it."", 'She is a guardian.', ""And that's all one needs to be a guardian."", 'This may well answer a few questions.', 'Wonderful.', 'Without us, no.', ""Kimahri's up ahead. Go."", '(To Wakka) We will protect Yuna from anyone. Even a maester.', 'You killed him.', 'Yuna. Send him.', ""It won't be that easy. Let's get out of here."", 'Give us a chance to explain.', 'Meaning ... ?', '(Dashes back) Where are you going? This way! Hurry up!', 'What now, I wonder.', 'A lecture?', ""You should place trust in your friends. But you can't expect someone to protect you all the time. You would do well to remember that."", ""It's advice."", 'Young summoners are magnets for trouble. The Hymn, hmm ...', 'Enough. Dwelling in the past is futile.', 'You want to waste time listening to her regrets?', ""Our immediate concern is Yuna's pilgrimage. Are you willing to go on?"", 'The fayth are the ones that give power to the summoners. Not the temples or the teachings. If the temples try to stop us ... then we will defy Yevon if we must.', 'So it is decided.', 'I am the troublemaker, after all.', 'I never asked you to follow me.', 'Jecht used to sing this song ...', 'Another trait you share.', 'Your singing reminded me of Spira.', 'Maybe.', '...', 'We should get moving soon.', 'The ground!', 'Need some help?', ""(Arrives) Hmph. Let's go."", ""Where's Yuna?"", 'The price for protecting summoners.', ""Whether Yuna's safe or not, there's trouble brewing."", 'After rescuing Yuna, then what? You want to keep her safe, correct? Would you seek to stop her pilgrimage?', 'Even against her will?', 'You are the captain.', 'Let him say what he wants.', 'He is dead. As dead as Jyscal was. His attachment to this world kept him from the next.', 'Yuna must be trying to send him.', ""Perhaps he won't expect it."", ""Bevelle ... It's been ten years."", ""Huh, now there's a rare sight."", 'The red carpet has teeth.', 'The ferryman asks a high price.', 'Open the hatch. We fight.', 'Many summoners stray from their path and lose their way here.', 'What of Bevelle?', 'Convenient. Getting around will be easier with Yevon in disarray.', 'Messy.', 'Yevon. Mika and Seymour are not of one mind. Remember what Seymour said last we met. I do not think Mika will concur. If Yevon founders, so will Spira.', 'With no fayth, summoners cannot train. Without training, they cannot call the Final Aeon. Without the Final Aeon, they cannot defeat Sin. That is why.', 'But still, you guard Gagazet as a Ronso, not a maester. Yuna is much the same.', 'It is as I thought.', 'Yevon is in turmoil. Mika tries to keep it whole, but it crumbles around him.', 'Because you are not of this world. To those who truly believe in the teachings ... a time of much pain is coming.', 'Ten years ago, I looked up at Gagazet from where we stand now.', 'I do not remember. All I could think of was how ... how I might keep Braska alive.', 'Your duties as guardian will soon end.', 'Lies. Forget them.', ""We're leaving."", ""We'll learn when we arrive. Soon."", 'Look not to others for knowledge. This is your journey, too.', ""They'll be upon us soon. She has sent fiends to test our summoner's strength."", 'Yunalesca.', 'In Zanarkand, she awaits the arrival of the strongest.', 'As much as Mika and Seymour.', 'Lost your nerve?', 'Braska would be proud.', 'It comes!', 'No need. We reach the summit soon.', 'You remind me of myself. Before, the closer I came to Zanarkand, the more I wondered ... when we arrive, Braska will call the Final Aeon ... He will fight Sin, then die. I thought my mind was made up long before. But when I stood here, my resolve wavered.', '(Snort) Legendary guardian? I was just a boy. A boy about your age, actually. I wanted to change the world, too. But I changed nothing. That is my story.', 'Close enough.', 'Our predecessors.', ""This dome is filled with pyreflies. It's like one gigantic sphere. People's thoughts remain here. Forever."", ""Well, I haven't! Lord Braska, let us go back! I don't want to see you ... die!"", 'Yes, but I ... I cannot accept it.', ""Yuna ... We're here."", 'Go.', 'Yes.', 'If I had told you the truth, would that really have stopped you from coming?', 'It is not too late! Let us turn back!', 'But ... my lord, there must be another way!', ""Don't do this, Jecht! If you live ... there may be another way! We'll think of something, I know!"", 'Lord Braska! Jecht!', 'Sin always comes back. It comes back after the Calm every time! The cycle will continue and your deaths will mean nothing!', 'You ... have a plan?', 'And the cycle went on.', ""No! Where is the sense in all this? Braska believed in Yevon's teachings and died for them! Jecht believed in Braska and gave his life for him!"", 'Now! This is it! Now is the time to choose! Die and be free of pain or live and fight your sorrow! Now is the time to shape your stories! Your fate is in your hands!', 'We must talk.', 'There is something you should know.', 'I am also an unsent. You are not surprised?', ""When Braska and Jecht died defeating Sin ... I just couldn't accept it. I came back here ... tried to avenge them. But she struck me down. Somehow I made my way, crawling, down Mount Gagazet. But my strength left me just outside Bevelle. That's where Kimahri found me. I told him about Yuna ... just before I died. I've been wandering ever since, never going to the Farplane."", ""Don't make that face. Being dead has its advantages. I was able to ride Sin and go to your Zanarkand."", 'It is one of those things that is difficult to explain. Very well, I will show you. My memories.', 'Out with it!', 'But how am I supposed to go to Zanarkand?', ""All right, I will! I give you my word. I'll take care of your son. I'll guard him with my life."", '(Resolidifying) That is why.', 'Well? Any good ideas?', 'What do we know ... Sin is Jecht. Thus, you have a link ... a bond with Sin. That may be our key.', 'Rush this and we lose everything. We need to plan carefully.', ""Let's see what Mika does now."", 'My lord?', 'You have my word. I will bring her here.', 'Back the way we came. Then we go north from Bevelle and climb Mt. Gagazet.', 'So the legends say. No one knows for sure. It still could be your Zanarkand.', ""Yeah. But I don't understand why you wanted me to. Didn't you say you have blitzball in your Zanarkand?"", 'I told you this was a waste of time.', ""I guess you're right."", 'Right!', 'Thanks for everything, Kinoc.', ""That, I will. And you'll be busy, too. I heard they made you second-in-command."", 'You make it sound as if I was going to die or something. I will see you again.', 'Well, then ...', 'Mm. (Nods) Farewell.', ""So you don't do anything stupid again. I can't believe you attacked that shoopuf. Lord Braska had to pay the handler for damages from his own travel money."", ""Ah, a promise? Which you'll forget come tomorrow!"", ""That's on the record."", 'Scared?', ""That was not Omega. Just a shadow, born from Omega's wrath."", 'It seems we rate his personal attention, now.', 'Find your peace on the Farplane. Leave Spira to the living.', 'Send her.', 'Short on believers?', ""Simple. Yuna has become Mika's only hope."", 'Summoners and guardians will be sacrificed for the Final Summoning no more!', 'The grand maester, running away?', ""He's not here yet. How long must we wait?"", 'Hmph. I see.', ""I must admit I was worried at the beginning, but you've done well. One more trial to pass. Our stories will end together. Don't keep Jecht waiting. He never was a patient man."", 'Foolhardy ... But a fun plan.', ""This isn't over. Not yet."", ""Jecht ... He's waiting for you."", 'My story must end as well.', 'We must go to him.', ""I'd like to meet Jecht before he fades away. When this is over, I will leave. I have played at life too long. Ten years ago ... I honored Jecht's last words, and travelled to Zanarkand. I planned to stay there, watching over you. But when Sin attacked Zanarkand that day, I changed my mind. Outside the dream world, life can be harsh—even cruel. But it is life. He wanted you to have a shot at life. I saw it in Sin's eyes. That's why I brought you here, to Spira."", 'I know.', ""Don't stop."", ""It's all right."", ""It's been long enough."", 'This is your world now.', 'Scared?', ""That was not Omega. Just a shadow, born from Omega's wrath."", 'It seems we rate his personal attention, now.', 'Find your peace on the Farplane. Leave Spira to the living.', 'Send her.', ""Hmph! Let's go."", '(Trots into view) Watch your tongue, knave.', 'But I must protest ... This drunkard a guardian?', 'Braska, sir ...', 'Thanks for everything, Kinoc.', ""That, I will. And you'll be busy, too. I heard they made you second-in-command."", 'You make it sound as if I was going to die or something. I will see you again.', 'Well, then ...', 'Mm. (Nods) Farewell.', 'What are you taking?', 'This is no pleasure cruise!', 'Jecht ...', ""Lord Braska ... We shouldn't be wasting our time like this!"", '(Growl) Let me tell you what the hurry is!', ""Yeah. But I don't understand why you wanted me to. Didn't you say you have blitzball in your Zanarkand?"", 'I told you this was a waste of time.', ""I guess you're right."", 'Right!', ""So you don't do anything stupid again. I can't believe you attacked that shoopuf. Lord Braska had to pay the handler for damages from his own travel money."", ""Ah, a promise? Which you'll forget come tomorrow!"", ""That's on the record."", '(Irritated) Why am I doing this?', 'What do you see there, my lord?', ""Now there's a scene for posterity!"", 'Back the way we came. Then we go north from Bevelle and climb Mt. Gagazet.', 'So the legends say. No one knows for sure. It still could be your Zanarkand.', 'My lord?', 'You have my word. I will bring her here.']",PC
Final Fantasy X,2001,Japan,Balgerda,Female,"[""My, you're kinda cute, too. Wanna have some fun?"", 'What? You want to hang out with us? Hmm ... Maybe later.', 'How could we lose to the Aurochs, of all teams? This is a disgrace!', ""Had enough? Come back when you're a man."", 'So many warrior monks watch the games. Have they no sense of duty?', ""What in Spira's name is the temple thinking these days?""]",NPC
Final Fantasy X,2001,Japan,Barthello,Male,"['You are ... Auron, no?', ""Can ... I shake your hand? Auron–no, Sir Auron. You're the reason I became a guardian!"", 'Thank you, sir! This means so much to me!', ""I swear, I'll never wash this hand again!"", 'I met Sir Auron! THE Sir Auron!', 'Hey! You, have you seen Dona?', ""We got separated on the way here. Damn it all! I've got to find her!"", 'But, if anything happens to her ...', ""You're right.""]",NPC
Final Fantasy X,2001,Japan,Basik Ronso,Male,"['Best of luck to the Besaid Aurochs. The Ronso Fangs will be waiting.', 'The Ronso Fangs grow stronger each day. One day, we will beat the Luca Goers.', 'Ronso shed no tear when brothers die. Pain and sorrow will never conquer mighty Ronso spirit.']",NPC
Final Fantasy X,2001,Japan,Belgemine,Female,"['Ah, a summoner party.', 'My name is Belgemine. You are ... ?', ""Ah, the high summoner's daughter. I've heard much of you. But you are still fresh on the road, are you not?"", 'I might have a few things to teach you.', 'Let us see which are stronger. My aeons or yours. A one-on-one match. Not to the death, of course. What do you say?', ""Well, it's your decision."", 'Tell me if you change your mind. Have you changed your mind? You wish to train?', ""Good. Before we begin ... (Sparkle) Your aeons have been healed. You can fight with your full strength. Come. (Summons Ifrit) Show me how strong of a link you've forged with your aeons."", 'Stop. That is enough.', ""Not bad for one so young. I underestimated you. Take this. You've earned it."", 'You need more training. But you did well.', 'You show promise. With more training, you could defeat Sin.', 'I cannot.', 'Or should I say ... I was not able to.', 'We meet again.', ""I heard you took part in Operation Mi'ihen. You've seen that machina aren't the answer. In the end, only summoners can hope to defeat Sin."", 'I can help with that, if you like. I propose a contest of aeons. A friendly contest, of course.', ""As you wish. A pity, though. I'm ready anytime, if you change your mind."", ""That's the spirit! But before we begin ... (sparkle) I have healed your aeons. Well, shall we? (Summons Ixion) Call whichever aeon you want."", ""Don't hold anything back! Show me what you've learned."", 'Stop. That is enough.', ""You're good. You bested me fairly. Here, your prize. Go on, take it."", 'You have a lot to learn.', 'Still wet behind the ears, but you have spirit. Here, your prize. Go on, take it.', 'Study, Yuna, and grow strong.', ""Oh, you again. You're quite the notorious traitor these days."", ""(Chuckles) Ah, you shouldn't take what the maesters say too seriously. For summoners, destroying Sin is everything. We are no tools of Yevon, understand?"", 'So, are you up to the task?', ""You've got spirit, but you'll need more to beat Sin. An aeon duel! Show me what you're made of."", 'No time to fight? I understand. I was in your shoes once. Hmm? Changed your mind?', ""Excellent. But before we begin ... (Sparkle) I've just healed your aeons for you. Let us begin! (Summons Shiva) Choose your aeon well, summoner."", 'Stop. That is enough.', 'Impressive. Remarkable talent. Traitor or no, you may have what it takes to beat Sin. Take this. You have earned it.', 'I think you will do just fine. But, if you ever feel like you want more training, seek the hidden temple of Remiem. I will be waiting there. Farewell.', 'You have a lot to learn.', 'I hope you will do better against Sin, for your sake. You need more training. That much is clear, summoner.', ""The hidden temple, Remiem. I'll be waiting. Come, and I will train you."", 'Focus, and grow strong, Yuna. Farewell.', 'Welcome, Yuna.', 'Remiem Temple. Once a great religious center in the Calm Lands, lost after the battle with Sin.', ""Don't send me just yet. There is still one thing left for me to do here. With the help I can give, a young summoner might just be able to defeat Sin. Well, Yuna?"", ""I challenge you if you cannot beat me, you'll never beat Sin."", ""If you've got what it takes to beat Sin, I should be no more than a bump in your path, right?"", ""I will be the judge of your aeons' strength. Are you good enough, I wonder?"", ""You've got quite a name to live up to, daughter of Braska."", 'Well, Yuna, shall we see how well your training serves you?', 'Very well. But before we begin ... (Sparkle) Now, are you ready?', 'Choose your aeon well, summoner.', 'You have a lot to learn.', 'Stop. That is enough.', ""Ah, you have made some progress, and for that, I'm glad. Take this. It may come in handy."", 'Hmm ... I see.', ""(Chuckles) That's not possible. You have already surpassed your father. There is nothing more I can teach you. My work here on Spira is done. Time for me to go."", 'Welcome, Yuna.', 'Remiem Temple. Once a great religious center in the Calm Lands, lost after the battle with Sin.', ""Don't send me just yet. There is still one thing left for me to do here. With the help I can give, a young summoner might just be able to defeat Sin. Well, Yuna?"", ""I challenge you if you cannot beat me, you'll never beat Sin."", ""If you've got what it takes to beat Sin, I should be no more than a bump in your path, right?"", ""I will be the judge of your aeons' strength. Are you good enough, I wonder?"", ""You've got quite a name to live up to, daughter of Braska."", 'Well, Yuna, shall we see how well your training serves you?', 'Very well. But before we begin ... (Sparkle) Now, are you ready?', 'Choose your aeon well, summoner.', 'You have a lot to learn.', 'Stop. That is enough.', ""Ah, you have made some progress, and for that, I'm glad. Take this. It may come in handy."", 'Hmm ... I see.', ""(Chuckles) That's not possible. You have already surpassed your father. There is nothing more I can teach you. My work here on Spira is done. Time for me to go.""]",NPC
Final Fantasy X,2001,Japan,Berrik,Male,"['A lady summoner!', 'Forgive me for my actions in Luca. We wanted to protect the summoner, you see?', 'Yevon found the place of our Home. Perhaps we were followed?', 'Yevon found the place of our Home. Perhaps we were followed?', 'My friend, he went to Baaj to explore. He told a story ... In the deserted temple there, faintly the Hymn of the Fayth can be heard! Maybe it has something to do with the aeons I think. Baaj is a place of mystery. Mystery worth exploring, no? In ancient times a temple was in Baaj. Now it is a nest for fiend only. There is great treasure in the deserted temple, they say. But a great fiend lives there too, and guards the treasure.', 'I have faith you will do this thing. I will sing, too, for I believe.', 'When the battle is over, we will play blitz once more!']",NPC
Final Fantasy X,2001,Japan,Bickson,Male,"['Us? Pray? Who needs to pray? The Luca Goers always win!', 'So what\'s your goal this time? You gonna ""do your best"" again? Ha! It\'s too bad your best isn\'t good enough! Why even bother showing up?', 'Oooh! Play away! Just remember even kids can play, boys.', 'Who are you supposed to be?', 'Hmm?', ""Oh, right. You're that idiot."", ""But he is an idiot. They don't got what it takes to win the cup."", ""That so? Then you're the star of a team of one."", 'Right. Whatever your Ladyship says.', 'Yo, mister star player from Zanarkand! Take it easy on us today.', ""Our biggest mistake was going too easy on you Aurochs. We won't hold back next time."", 'We Luca Goers will always be on top. Crawl your way up if you think you can.', 'The Goers must always dominate. After all, our fans demand nothing less!', ""Whether you're a traitor or not means nothing in the sphere pool.""]",NPC
Final Fantasy X,2001,Japan,Biggs,Male,"['No admittance!', 'The first match has already begun. Please hurry to your seat.', 'We are currently assessing the damage from the fiends. No admittance.', 'Please report any suspicious activity.', 'Access is no longer restricted. Feel free to enter.', 'The stadium is now open. You may enter freely.', 'The people of Luca will always stand behind blitzer– even one condemned as a traitor.']",NPC
Final Fantasy X,2001,Japan,Biran Ronso,Male,"[""Leave Kimahri, Yenke. Kimahri is small Ronso. Kimahri so small can't see Yenke and Biran's faces."", 'Maybe taught too much.', ""Look! One of Kimahri's friends. Looks just like him."", 'Both follow summoners on all fours! Hornless goatlings!', 'Wrong. We come to warn little Kimahri.', ""Next will be Kimahri's summoner."", 'Pitiful Kimahri! Howl alone! Howl alone!', 'Enemy of Yevon is enemy of Ronso! Leave, traitors!', 'Elder Kelk! Let Biran rend them asunder!', 'Halt!', 'Summoner may pass. Guardians may pass. Kimahri not pass! Kimahri shame Ronso brothers. Kimahri forget his birth.', 'Mountain hate the weak, hate the small. If you will climb ...', 'Think you will win? You not forget who took your horn! Never forget!', 'Biran rend you asunder!', 'Too slow.', 'Herh! This is the strength of Kimahri!', 'You win, Kimahri Ronso.', 'Strong is Kimahri. Biran is happy. Sacred Mount Gagazet! I honor the name of strong warrior who defeats Biran. Remember always, Gagazet! That name is Kimahri!', 'Summoner! We Ronso will stop pursuers from temple.', ""Penance for breaking Kimahri's horn, long ago."", 'You are most fortunate summoner.', 'Then Ronso will make!', 'Summoner Yuna!']",NPC
Final Fantasy X,2001,Japan,Blappa,Male,"['We must report.', 'Now is the time to train, train!', 'Everyone be calm! Be calm! Fear is our enemy!', 'That was first time being so close to Sin!', 'Being on ship is bad for health. Let us kick the blitzball!', 'Soon is the final battle with Sin! How very excited I am!', 'Make this battle the last! We are counting on you!', 'When the Calm comes, we will play each day! Now we must train, train!']",NPC
Final Fantasy X,2001,Japan,Bobba,Male,"[""... he shoots ... gooooooaaaaallll! Unbelievable! Ladies and gentleman, the day we've all been waiting for, the opening tournament of the season. This event is sponsored by Yevon. And this year we celebrate Maester Mika's 50th year in office!"", ""Ah, over there! The ships carrying the players are arriving now! This would be dock number 2. All the way from Kilika, it's the Kilika Beasts! High Summoner Ohalland used to play for them–a big name to live up to. Their hometown was recently attacked by Sin. Isn't that right, Jimma?"", ""Exciting, isn't it folks? Our next team off the ramp is ... Well, well, well! If it isn't the Besaid Aurochs! They're a living, breathing statistical impossibility! I've never seen a team this bad! That's right! In twenty-three years they've never made it past the first round! Only a few die-hard fans are in the audience today."", ""Right, Jimma. Moving right along, our next team is ... Here they are, folks! Our very own Luca Goers! They've got power! They've got speed! They've got teamwork! They're an all-around first-class team! And they're back home in Luca!"", 'You can say that again, Jimma. Look at the crowd, folks! Look at the crowd! Looks like all of Luca has turned out to cheer the Goers on! They know, I know, and you know, folks! The Luca Goers are number one!', 'The Aurochs are keeping the score tied with some excellent defense, folks!', ""Ow! He'll feel that one in the morning!"", 'Thirty seconds left! The Aurochs are launching an all-out offensive! A long pass from Letty! It goes through! Oh ... oh ... . He shoots! Goooooal! Unbelievable! The Aurochs win the match 3-2!', 'This is it, folks! In just a few minutes, the championship game!', 'But who could have imagined ... a championship game between these two teams? Our legendary Luca Goers going against ... the horrendously ill-fated Besaid Aurochs!', ""They're already going at it, folks! The Goers are taunting the Aurochs!"", 'What a great play! The Goers score first!', ""And it's halftime!"", 'The Goers are just playing great, Bobba. Really great.', ""The crowd is cheering for the Aurochs! Isn't this exciting?"", 'Goal! Goal! Goal! Unbelievable! What a miraculous comeback!', 'The crowd is going wild!', ""The Aurochs' spirits are fading quickly! Are they going down without a fight?"", ""The fans are getting impatient! They're calling for some action!"", 'Everyone seems to be calling for Wakka, folks!', ""Say ... Where is that player going? He's leaving the sphere pool! He may be injured!"", ""I wonder what's happening? The crowd is going wild!"", ""Ah! It's Wakka! He's back on the field and ready to go! The Aurochs seem glad to have him back."", 'Unbelievable! The Aurochs win, folks! This is one for the record books!', 'The Aurochs may have lost the game, but what a way to go!']",NPC
Final Fantasy X,2001,Japan,Borra,Male,"['I suggest you proceed to the rear for a thorough explanation.', 'A butterfly with rainbow wings/Will lead the way to secret things. The butterfly that changes color attracts the red and blue butterflies. Red butterflies are ill omens. Get too close and they will summon deadly fiends. Blue butterflies lead to good fortune! Find seven and a treasure will be yours. Luck is a fickle thing. Traveller, find the blue butterflies as quickly as you can.', 'The butterfly that changes color attracts the red and blue butterflies. Red butterflies are ill omens. Get too close and they will summon deadly fiends. Blue butterflies lead to good fortune! Find seven and a treasure will be yours. Luck is a fickle thing. Traveller, find the blue butterflies as quickly as you can.']",NPC
Final Fantasy X,2001,Japan,Botta,Male,"[""I really want to make Cap'n Wakka proud at this year's tournament."", 'Come practice with us once the toxin wears off, okay? Hope you get better soon, brudda.', '(muttered) Hi, there.', '(lunge and fistpump) To do our best!', '(uncertainly) Victory ... (cheering) Victory! Victory! Victory! Yay!', 'Victory, huh?', ""Hey, I'll just try to stay out of your way."", ""Ugh ... I-I've gotten seasick ... I think I'm gonna hurl."", 'Mm.', 'Those herbs I bought in Kilika for seasickness are working great, ya?', ""I-It's terrible! Those Lucans dragged off Keepa! I ... I hope I'm next."", ""Only five players in the sphere pool, ya? Which one of us is warmin' the bench?"", 'People are here from Besaid, you know. We gotta win it for them!', ""So, who's warmin' the bench? Could it be me?"", 'A-Am I on the bench?', 'Win!', ""For Cap'n Wakka!"", ""Cap'n!"", 'Yeah!', 'Yeah!', ""Cap'n ..."", ""I still have lots to learn from Wakka. I wish he'd come back."", 'We did our best, so I have no regrets, man.', ""We're gonna keep at it, even if Wakka retires!"", 'I-Is Yuna going to quit her pilgrimage? I hope she does.', ""I-I'll always be on Yuna's side.""]",NPC
Final Fantasy X,2001,Japan,Brother,Male,"['Search him!', 'Do you not speak?', 'Hey, you! Get away from there!', 'Move it! Get to work, immediately!', ""Rikku! Don't interfere or you get this! (Battle tank lumbers forward) Your precious magic and aeons are sealed!"", 'Get them!', 'Rikku! I will tell Father!', 'Three minutes left!', 'Father! Ready to go!', 'Whoa! It moves!', 'Whoa! It flies!', 'Whatever you say.', ""Leave me be! I'm concentrating! Flying is really not my forte! Keep flying! Keep flying!"", 'Father! We found Yuna!', 'I will show you!', 'Roger!', ""Shoot! We're losing power!"", 'Where to now?', 'Where? Where?', 'I have to warn you, thinking is not my forte. So if you want a plan, go to someone else. I have to fly the airship now. Goodbye.', '(stands up suddenly and looks ahead) Sin!', 'Father! I know what to use!', 'Wait! (Clears throat, speaks haltingly) Rikku, you ... guard.', '(Also over intercom)Shoot!', 'We are pulled by Sin!', 'Too late! It comes!', 'It is over.', 'But the main gun, it is broken!', 'Father! I cannot believe what I see!', 'Rikku, excellent!', 'Will Sin truly return again?', 'Eh ... Trust ... me. Me ... take you there. No problem ... ya?', 'You go into Sin once more, eh? Leave it to me! We will fly anywhere you want to go!']",NPC
Final Fantasy X,2001,Japan,Calli,Female,"[""You're a summoner?"", ""I'm Calli."", 'Lady Yuna, are you going to bring us the Calm?', 'Yay!']",NPC
Final Fantasy X,2001,Japan,Calli's Mother,Female,"['My Lady Summoner!', ""We're looking forward to another Calm, My Lady Summoner."", 'And good luck to your guardians as well.', ""There are so many things I want, I can't decide what to get. Say ... will you buy something for me?"", ""I'm just kidding."", ""Yeah, I'm kidding."", ""Buy it yourself. I'm not your mom."", 'The warrior monks are real stiffs, really unapproachable. But I am grateful to them for guarding the Highroad.']",NPC
Final Fantasy X,2001,Japan,Cid,Male,"['(Arriving) That is wrong! Guado go for the summoner.', ""You Rikku's friends? Well, just don't stand there, come on! Let's go kick those Guado out of our Home!"", 'This bites! Rikku! You read me? You go under, too! I am leveling Home! And the fiend with it!', 'No time! Go, go go!', 'Hurry, hurry! You have one minute!', 'Everyone on board?', ""What'll you do when you find her, eh?"", 'Hah! Words! Show me action!', ""Boy, don't forget those words, 'cause if you do ... I'm gonna make you regret it."", ""'Course not. That's why we're gonna look! Using this airship!"", 'Yeehaa! A flight 1000 years overdue!', 'Risk big, win big!', 'Next, we use that!', 'With one of the forbidden machina! Ready? Fire!', 'Gah-hah-hah-hah!', 'Return to sand!', 'No need for tears! What is good about machina, is they can be build anew, you see?', ""I'm lookin' into it, okay? Don't worry, I'm using a sphere oscillo-finder. If she's out there, we'll get her."", ""It's an ancient machina. I don't know how it works either, so don't ask me, okay?"", ""I don't even rightly know how this rig flies, either!"", ""All because of the Yevon taboo on machina, we're running around in the dark here! Ain't it a rush, kiddos?"", ""Careful what you touch! Ship's not as stable as she looks!"", ""Of course! If she continues this fool pilgrimage, she will die! Sure as if you killed her yourself. No hare-brained law or teaching can send my little niece to her death! When I save her, I'll make her give up being a summoner quicker than a desert melts ice!"", ""Better than a dog's death! And I'll take down anyone who don't agree!"", ""Good! Then it's settled!"", ""First, we rescue Yuna! Let's show 'em what we got!"", 'Where!?', ""Easy, kiddo. Bevelle's defenses are top-notch."", 'Heh! You got guts. Set course to Bevelle! Full speed ahead!', ""It'll take a while to get to Bevelle. Meanwhile ..."", ""They grabbed Yuna back in the Sanubia Desert. One of the Guado squads that attacked Home found her. Hah! Wedding, my britches! Now while I'm around! Those Yevon rockheads! I'll give 'em something to remember!"", ""You're awfully calm about it!"", 'Eh?', ""Eh, relax! The ship's still got some fight left in her! Let 'em take their best shot!"", ""(Over ship's intercom) Rikku, you read me? We're gonna fight that thing! Get on deck and show him what you got! Go!"", ""What are you doin' loafin' around? Get out there and get that dragon!"", ""We gotta keep our distance, boys, but we can't let her get too far away. You all have to tell me when to move! But tell me quick, eh? This rig ain't so nimble, you hear?"", 'Wait a moment!!', 'Just a minute!', 'Hold on!', ""Don't be falling now!"", ""This is it! I'm hitting it with all we got!"", ""We're out of ammo? This really isn't my day ..."", 'Hey! I see Bevelle!', ""Aren't we the happy lookin' bunch."", ""We'll wait till you think of a plan. Get that noggin working!"", ""Well, that sounds like a plan to me! My baby here'll take us anywhere we want! Yee-hah! Here we go!"", ""Don't let it bother you. Hey, I'm guilty of hating those durn Yevonites, myself! Well ... There's a lot of folk in this world–some of 'em good, some of 'em bad. That's all there is to it."", ""The final showdown with Sin! I say let's get this show on the road!"", 'Yee-haw! Here we go!', 'Well, this is it, eh?', 'Well, that sounds pretty simple.', 'You got that right.', ""Right, got you covered! Yeah. (Starts broadcasting Hymn of the Fayth from ship's speakers) How's that?"", 'Hey, how you plan on getting inside?', ""(Cackles) Now that's what I call a plan!"", 'Aha! Of course!', ""All right! We'll give that thing a new blowhole. All you gotta do is jump!"", ""I won't tell ya to be careful. Do your worst, kiddo!"", ""(Over ship intercom) Hey, I saw somethin' shine on the base of Sin's arm! I reckon its a weak spot!"", 'What, what?', 'Everyone, back inside!', 'Just a minute!', 'Wait a moment!', ""Yeehaw! We're going in! Hold on!"", 'Here goes! Everyone, hold on to something! Here we go!', ""Couldn't have done it without you! All right! Everyone look sharp! Time to hit the other side!"", 'Ready? Fire!', 'Yeehaw! Where next?', 'What? We have only begun!', 'Th-That cannot be!', 'Dang it! All right, back inside! Time for another plan!', ""Believe it, son! They've done it! It is happening!"", ""What? You're kidding me!"", ""We're countin' on you, kid. Yee-ha! Here we go!"", ""Well, son, the main gun is still busted! We can't give you any cover fire!"", ""All right. Take us up, flush to the mouth! No mistakes, or I'm gonna tear out that mop you call hair!"", 'Here we go!', ""We're counting on you, kid. (Map opens) Yee-haw, here we go!""]",NPC
Final Fantasy X,2001,Japan,Clasko,Male,"['You have to leave your chocobos here. Come on, everyone off!', 'All the other Crusaders are preparing for the operation. But they put me here on guard duty.', ""This is all I'm good for anyway."", 'Gee, Captain Lucil and Elma should have been here by now.', ""What's taking Elma so long?"", 'You have to leave your chocobos here! Come on, everyone off!', 'Gee. Captain Lucil and Elma should have been here by now.', '(Comes running out) Excuse me, Lady Summoner Yuna?', ""The command center ... Maester Seymour requests your presence there, ma'am."", ""Take that road to the command center. it's not far. We're still in the midst of preparations this way. Sorry."", ""No, not this way, that way. I guess I'm not good at explaining."", ""I'm just doing my job."", 'We make pretty poor Chocobo Mounted Forces without chocobos.', 'We should never have ignored the teachings.', ""I've been thinking about the future."", ""No matter what we do next ... we're going to do it for Yevon, that's for sure."", '(Running from temple) Captain! Waaaaait for meee!', 'You (pant, pant) expect me to keep up with a chocobo!?', ""Eh!? C-Can't I just rest a sec ... ?"", 'Uh ... He does have a point, though.', ""Hey, I didn't say that. Just ..."", ""But ... that'll take days!"", 'Oh, boy ...', 'Hi there. Would you look at this? They always leave me behind.', 'Oh. You want me to scratch you? There.', 'Good boy!', ""I've always been able to tell how chocobos feel. Maybe I'd make a better chocobo breeder than Chocobo Knight, huh? Hey, what job do you see me doing?"", 'Oh ... Really? For a moment, I thought you\'d say ""breeder."" We\'ll have to get some new chocobos to rebuild our unit. I wonder how long that\'s gonna take. Ah, well ...', 'Yeah! I think so too! Hmm ... You know, I might just give it a try. Should I resign my commission? Would Captain Lucil let me? Elma would probably laugh at me.', ""Wow, I think this is the first time I've seriously thought about my life."", ""Um ... Shouldn't you go rescue them?"", 'Nice to see you again!', ""Yeah, I did. Elma was upset with me, but Captain Lucil understood. Now, I'm working as a chocobo breeder on this ship. I really, really love taking care of chocobos! Being with chocobos all the time ... I think I've found my calling! And it's all thanks to you! Thank you!"", ""Oh, yeah! I found this in one of the chocobo nests the other day. It's no use to me, so I want you to have it."", ""Ah, I have to go now. It's time for lunch."", ""I meant I have to feed the chocobos. They get really upset if they're not fed! See you!""]",NPC
Final Fantasy X,2001,Japan,Datto,Male,"['I gotta stop closing my eyes when the ball comes down.', ""You being a blitzball player's probably what saved you out there. The best players–they can hold their breath, like, forever! I wish I could do that."", ""We had an underwater race once, ya? To see how long we could go. Two laps and we were out, but Cap'n Wakka went five, no sweat!"", ""That toxin's nasty stuff, ya? You should go rest up. What am I saying? Take this, it might help!"", '(muttered) Hi, there.', '(lunge and fistpump) To do our best!', '(uncertainly) Victory ... (cheering) Victory! Victory! Victory! Yay!', ""Hey, I was hoping you'd join the team all along, ya?"", ""Now that you're with us, we got nothing to fear!"", ""Someday we'll earn some respect, just like Yuna."", 'If anyone can defeat Sin the daughter of Lord Braska can!', 'Please take good care of yourself. Just remember that your well-being means a lot to us.', ""A summoner's confident smile is always a great encouragement to us."", ""For both father and daughter to become summoners–it must have been Yevon's will."", ""Victory will be ours! Victory! Victory! We're taking home that cup, no matter what it takes, ya?"", '(trying to bounce ball on head) Yaah! Haah! Arrrgh!', ""runs by Hey! You awake? Cap'n Wakka's waitin' for you!"", 'Mm.', 'L-Look out!', 'You sure are talented, man. Playing blitzball and fighting like that!', ""I came here last year to fight for victory, but we lost in the first round. I guess I didn't pray hard enough, ya?"", ""My poor knees were shakin' when the Goers confronted me."", ""Tournament's coming up real soon. I wish we had more time to practice, ya?"", ""Looks like the toxin's still getting to you. Take it easy and go to bed early, ya?"", ""We wanted to have our final practice in Kilika, but that's impossible after what happened to the place."", 'I feel a little nervous with Lady Yuna watching us, ya?', 'Yeow ... I-I hurt my back.', 'We sure stood out, though!', 'At the match-up draws.', ""Cap'n Wakka!"", ""You come back soon. We are really countin' on you."", ""I wish I had a big net for all the butterflies in Wakka's stomach. I hope he's okay."", ""Sure you're all right, Cap'n?"", 'Lady Yuna!', 'It may be last minute, but wanna go over the rules?', 'Win!', ""Cap'n!"", ""Goers are goin' down!"", 'Yeah!', 'Yeah!', ""You really leavin', Cap'n?"", 'Yeah, but ...', ""Cap'n ..."", 'Yes! Thank you! We beat the Goers all because of you, man.', ""We didn't win the cup, but we did win a game for the first time in twenty-three years. It's all good, ya?"", ""Don't worry 'bout the Aurochs. We're all in high spirits."", ""Is it true that Yuna is gettin' married?"", ""No one's gonna believe that Yuna is a traitor, man.""]",NPC
Final Fantasy X,2001,Japan,Deim,Female,"['I envy your happy-go-lucky atttitude.', ""Are you a blitzer? Or a guardian? Don't tell me you're both!"", 'He should stop wasting his time with all those poses, and devote more time to praying.', ""There's a strange rumor going around about singing the Hymn of the Fayth when a ship flies by."", 'I wonder what the summoners fighting Sin are like?']",NPC
Final Fantasy X,2001,Japan,Dona,Female,"['A summoner, are you?', 'Dona.', ""So, you're High Summoner Braska's daughter. That's quite a name to live up to."", 'My, my, my ... And all these people are your guardians? My, what a rabble! As I recall, Lord Braska had only two guardians. Quality over quantity, my dear. Whatever were you thinking? I have need of only one guardian. Right, Barthello?', ""You do what you want. Barthello, we're leaving."", ""Where's Yuna?"", 'Then why are you here?', 'Hmmm. Not a guardian, you say?', 'Just a little game.', 'Some people can be so rude.', ""How many times do I have to tell you? I'm a summoner!"", ""You dare impede a summoner's pilgrimage?"", 'Useless!', ""Oh, it's you. As you can see, not even summoners can pass. But they'll call on us in the end. Just wait and see."", 'Well, well. You again. Still travelling around with quite the crowd, I see.', 'What is it, Barthello? You know this riffraff?', 'Barthello, enough! Get back here!', ""Please! Touch me with that hand and I'll remove it!"", ""How much longer? She sure is taking her sweet time. We've got places to go. We can't be kept waiting like this."", ""You owe much to your father. All these guardians ... and Sir Auron too? And I hear Maester Seymour's quite taken with you. The world must look different when you're the daughter of Lord Braska."", ""Oh, is that so? Then try standing on your own two legs for once. Your guardians won't be able to protect you when the time comes."", ""She's not here."", 'Hello again. Wait there until we have performed the sending.', 'We all live in fear of Sin. You know that.', ""Look, I'm really tired. Leave me. If it's not an emergency, would you mind leaving?"", ""Wait ... There's something I want to ask you. What would you think if I said I ... I was giving up my pilgrimage?"", 'Unusual. Most people would never forgive a summoner who quit.', 'Behind my back, they would say I was abandoning my duty.', 'Easy for you to say. But ... you do have a point. Maybe Barthello and I should go someplace far away.', 'Show some sympathy!', ""You're right. Quitting now would be sort of anti-climactic, no? Tell Yuna something, would you? Tell her she still has a rival me! Tell her she'd better do her best, or be bested. You'll tell her, won't you?"", ""It's too cramped to call aeons in here. I'll leave this fight to you. Show us your stuff!"", 'What good is this place? All that trouble getting here, only to find ruins!', 'Wh-What do you mean?', ""And this plan's going to work?"", ""So, you're saying it's all in your hands now? Fine, you do what you like, however you like. I'll just wait my turn. Well, it doesn't matter who does the deed, but are you sure you're up to it?"", ""Oh, I'm sure you will. Barthello, shall we?"", ""Why, it's you again."", ""Yes, but we're not going to Zanarkand."", ""I have decided to go to Barthello's homeland."", ""We are going to let the other summoners deal with Sin. (Sigh) I'm ... I'm scared."", '(Gasp) You mean ... the Final Summoning?', 'Well, whatever it is ... good luck!', 'Do your best. Barthello? Time to go.']",NPC
Final Fantasy X,2001,Japan,Doram,Female,"['Hey, that boy in the Aurochs is a cutie.', 'Now, what should we play next?', ""We didn't lose to the Aurochs, we lost to Wakka's spirit and dedication."", ""Great game! So you're not just a pretty boy after all."", ""You're a guardian now, right? Are you still going to blitz?"", 'You always seem to be walking around. When do you have time to practice?']",NPC
Final Fantasy X,2001,Japan,Eigaar,Male,"['Those Guado! They will feel my fury in the blitz sphere!', 'This I leave to you! Battle was never my forte.', 'I long for the sands of Bikanel. Desert it may be, but there is no place like home! The lord Mika, an unsent? But I saw him in Luca.', 'The lord Mika, an unsent? But I saw him in Luca.', 'If every mouth in Spira sings, we may win this battle.', 'You will attack Sin head on? Truly a great warrior are you!', 'Never have I thought of flying into Sin! Not even in dreams!']",NPC
Final Fantasy X,2001,Japan,Elma,Female,"[""And I'm Elma. We've been charged to guard the Highroad."", 'Our prayers are with you.', 'Hey! Stop loafing around!', 'Summoners and guardians! I saw the fight. I was impressed!', 'I took care of that fiend for you.', ""Right now we're charged with getting people off the Highroad. But you ... Well, you have a summoner, so you can stay. (whispers) Don't tell anyone, but this is a really boring job."", 'Evacuation of civilians almost complete, sir!', 'Sir!', 'Lady Summoner! What are you doing here?', ""Well, with your guardians near you shouldn't have anything to worry about."", ""Don't say we shouldn't be using machina! Not now, please?"", 'I hope Captain Lucil notices my efforts in this mission!', 'Of all our chocobos, only this one made it.', ""It's just you, now. But don't worry, we're here for you!"", 'The monks said we could stay here for a while.', ""This little fella's finally calmed down."", ""We won't defy Yevon. Never again."", 'Once we find chocobos, our Mounted Forces will ride again!', ""What took you so long? We're leaving!"", ""Ma'am!"", 'No complaints!', ""This guy won't let our chocobo on the shoopuf!"", ""It's just not fair!"", 'So, what? We just leave him behind?', ""That's our captain!"", ""Maester Seymour's people are expecting you."", ""We're on watch duty at the temple at least until the wedding's done. Anyone tries to crash our party, we'll send 'em packing!"", ""oh, yeah, Clasko's back there with the chocobo. Stop and say hi if you've got the time."", ""Next time you see us, we'll be the proud Chocobo Knights once again!"", ""This isn't the way to the temple! Weren't you listening to Captain Lucil?""]",NPC
Final Fantasy X,2001,Japan,Gatta,Male,"[""Be on guard. There're fiends on the road today!"", 'Hey, you! You were attacked by Sin ... right? Recently was it?', ""So, Sin can't be far, right? You're not hiding anything, are you?"", ""You're kidding, right?"", 'Yes, sir!', ""The Crusaders are sworn to battle Sin! We have chapters throughout Spira, accepting all who wish to join our struggle! The hero Mi'ihen formed the Crusaders eight hundred years ago as the Crimson Blades. Later, our ranks grew and we called ourselves the Crusaders. We've been fighting Sin ever since!"", ""Is Sin's toxin really this bad, sir?"", ""But soon, we may be able to finally defeat Sin. We've got a plan–one that'll go down in Crusader history!"", 'Restricted area! Our operation depends on this cargo!', ""Why don't you go topside? The fresh sea breeze might help restore your memory!"", 'Company, halt!', 'Standing guard, sir!', ""Told you it'd be rough going in there."", 'Whoa.', 'Sir, we should fight, too!', ""Young Crusaders, gather round! We'll beat Sin into the ground!"", 'Hey, after the tournament, you should join the Crusaders!', ""Hmm? Whatcha doing here? The tournament's about to start!"", ""Everyone's either at the stadium or watching the game on the sphere. (chuckle) They love their blitzball."", ""But ... but we're still on duty. What about the mission, sir?"", ""You'd better be winning when we get there."", 'Hey, we saw the game! You guys were great!', 'Uh ... The lady summoner and her guardians ...', 'Right ... sir.', 'We should be going, sir!', 'Show me how to play blitz sometime!', 'Why only you, sir? I want to fight, too!', ""I'm not a cadet anymore, sir! Let me go with you, and I'll prove it to them!"", '(Sounding flat) The operation will begin shortly. Please check all your equipment.', 'Of course not! I came here to fight Sin! But they stick me here!', 'Huh?', ""Just doing what they say? It just won't be enough."", ""That's right! It's not fair!"", ""You'd think the same if you were me."", ""I'll do something ... even if it means bending the rules."", ""That's right! It's not fair!"", '(Rushes in and salutes) All troops ready to move at your command, sir!', ""What's ... going on? Why? What?"", ""What's going on?!"", ""Luzzu, he's ..."", 'What ... what do I do now?', ""I can't do this ... I'm going back to Besaid!"", ""Luzzu, he's ..."", ""I'm going back to Besaid. With Luzzu gone ..."", ""Most of the other Crusaders have already left. I'll go soon. I heard you're leaving too. Good luck. I hope we meet again someday."", ""Advance toward the shore killing every fiend you see. And don't let your guard down even when you get there! Report immediately if Sin appears!"", ""'Lo!"", 'What, this? Just training!', ""You never know when Sin will come. We have to keep sharp for the village's sake. But really, my heart's heavy. It's not like I can go around crying in front of my men."", ""Maybe you're right."", ""I'd better be going. My men await."", '(Bows head in thanks) You, too.', ""I hear Sin really made a mess of Bevelle, eh? The Farplane's ringing with Luzzu's laughter, I bet. Just a little more, and Sin is finished!""]",NPC
Final Fantasy X,2001,Japan,Gazna Ronso,Male,"['Many Ronso return home to mountain. But Ronso Fangs will stay in Luca.', 'Ronso home on mighty Mt. Gagazet. Our mountain protects sacred ruins of Zanarkand.', 'Maester Kelk Ronso was slain while defending the mountain. For Ronso, no better way to die.']",NPC
Final Fantasy X,2001,Japan,Giera Guado,Male,"['We Guado protect the Farplane so the dead can rest in peace.', 'I beg you, please tell no one about Lord Jyscal. Why, if word leaked out that the lord of the Guado and a maester of Yevon wandered from the Farplane ... we Guado would become the laughingstock of all Spira! Yevon have mercy upon us.', 'We Guado will solve our own problems. Please understand.', 'The Guado are deeply saddened by the loss of so many of our own. If only I could restore their cheer through blitzball. No Guado has the strength to weave dark conspiracies any more.']",NPC
Final Fantasy X,2001,Japan,Graav,Male,"[""We've been praying for some competition this year!"", 'Ah, I remember him. Guy from Kilika.', ""You know, one of the Besaid Aurochs. Said somethin' about winning the cup."", 'Yeah, as if anyone lived in those ruins.', ""Let's see them moves you've learned in those ruins then!"", 'I consider your victory a total fluke.', 'Just be grateful that your twenty-three-year losing streak is finally over.', 'Instead of wasting so much time strolling around, why not work on your game?', ""We're going to keep on blitzing no matter what becomes of the temple.""]",NPC
Final Fantasy X,2001,Japan,Gramps,Male,"['I heard the Sin toxin got to you. Took your memory, eh?', ""I'd be happy to teach you anything you've forgotten, sonny."", ""How could you forget Sin? I can't say I don't envy you, though. There's many who would give anything to forget the pain Sin has brought. Sin appeared a thousand years ago, a raging demon intent on reducing Spira to rubble. Everyone in Spira lives under Sin's shadow. But to forget Sin ... well, I'd consider yourself lucky, eh? Something else you'd like to know, eh?"", ""The foul vapors that boil from Sin's hide are evil indeed ... One breath, and it will taint the very core of your body. People who get too close to Sin forget even the most important things. Just like you, eh? Something else you'd like to know, eh?"", ""How wretched you must be, to have forgotten the teachings of Yevon! The teachings are the only salvation for those who suffer becasuse of Sin. I'm sure you followed the teachings, before the toxin got to you, of course. Go pray at the temple, and all will return in time. Something else you'd like to know, eh?"", ""Zanarkand was once a great city in the far north of this land. Now it lies in a ruin, destroyed by Sin a thousand years ago. Such was its punishment for relying too much on machina. Something else you'd like to know, eh?"", ""Sorry I can't do more to help. You understand, eh, sonny? The whole village's all wound up, with the apprentice not back from the trials."", ""All this worrying's no good for an old man like myself."", 'You heathen!', 'Lady Yuna! Be careful!', ""I'm sure you'd like to know more before you head out, eh?"", ""Some wild youngsters are saying the Aurochs won after a 23-year losing streak! Yeah, well that'll be the day! Aurochs winning? Heh! Heheh!"", 'Looks like you got over the toxin. Praise be to Yevon, eh?', ""We Besaiders all know Lady Yuna's no traitor. The daughter of Lord Braska turning against Yevon? Hogwash! We simple folk ain't got a clue what them temple elders are thinking."", ""I think I'll stick around long enough to see Sin get what's coming to it! Heh!""]",NPC
Final Fantasy X,2001,Japan,Irga Ronso,Female,"[""Aurochs ... Don't underestimate Ronso skill."", 'The honorable warrior tribe Ronso fight enemies fair and square.', 'Ronso are pious race. But cannot trust temple now.']",NPC
Final Fantasy X,2001,Japan,Isaaru,Male,"['I beg your pardon, but may I ask your name?', 'As I thought! The daughter of Lord Braska. You have the look of your father.', 'No, I have never met the man. Ah, my apologies. (Yevon bow) I am Isaaru. I am a summoner, like you.', ""Since I was a child, I've always looked up to Lord Braska. I wished I would someday become a high summoner like he was."", ""You must have some of your father's talent in you! I believe you might someday defeat Sin."", ""(Smiles) Of course, I've no intention of losing, either. So perhaps we should race to see who can defeat Sin first, no?"", 'Yuna, I beg your leave. Good luck, to both of us!', ""Now, we go to Kilika. From there we take the ferry, perhaps as far as Besaid. I hear Operation Mi'ihen did not go well ... We summoners must do our part, before another fool plan wastes more lives."", 'Hey, you.', ""You are Yuna's guardian, no? Maroda's heard a curious rumor. I thought you should know."", 'It could just be the fiends got them ... but not so many so quickly.', 'Please, be careful.', 'Pacce!', ""We're leaving!"", ""They died ... protecting us. It's not much, but the least we can do is give them a proper sending."", 'But that is our choice ...', ""A world without Sin ... That is the dream of all Yevon's children. And we will use that power, even if it means our lives!"", 'We owe our lives to the Al Bhed. However, no matter how much they beg, we cannot quit our pilgrimage.', ""I've known since I was a child. My will is set. If I do not do it, someone else must, you understand."", ""I'm amazed this thing can fly, truly! It must be sacrilege to think so highly of a machina. I feel uneasy just riding it!"", 'Motion sickness? What infirmity is that?', 'As soon as we land, we continue the pilgrimage!', 'Let him rest.', ""We'll leave the other compartments to you.""]",NPC
Final Fantasy X,2001,Japan,Isken,Male,"[""What are you lookin' at? I ain't on display here! Go away, man."", ""I let down my team because of the toxin ... But I'm okay now. I'd better start practicing again."", 'I let my teammates down, so this time I gotta work twice as hard to make up for it.', ""I'm gonna win lots of money playing blitzball and help rebuild Kilika!""]",NPC
Final Fantasy X,2001,Japan,Jassu,Male,"['That shot was spectacular, brudda! Wish I could shoot like that.', ""Cap'n Wakka's waiting for you. You better get going, ya? There's fiends on the road, ya? Use this if you get into trouble."", '(muttered) Hi, there.', '(lunge and fistpump) To do our best!', '(uncertainly) Victory ... (cheering) Victory! Victory! Victory! Yay!', ""Everyone's acting like we already won! Not that I can blame them, ya?"", 'You should get to sleep early, brudda. Get some rest.', ""Hey, don't let it get to you. It's the same as always, ya?"", ""I'm so tired of practicing passes. I wanna do some shooting, too!on top deck Hey, can you believe this?!"", 'Mm.', ""I just want to sneak up behind them and beat the ... I mean, I wanna get in their faces and show 'em what we're made of!"", 'We can finally relax now that the Goers are down in the cabin.', ""Don't mind Kimahri for not answering you. He's the silent type, you know?"", ""I'm gonna tell Botta and Keepa all about that shot you just did. They'll be so mad when they find out what they missed!"", ""I'm glad the Goers weren't here to see it. Let's keep it secret until the finals!"", 'We were?', 'The year before that, and the one before that, too!', ""I know we only need to win twice, but that's the problem."", ""We've never made it past the first round! I'm gettin' the jitters."", ""We're playing the Goers, too."", ""I should've been the one injured, not Wakka ..."", 'Win!', ""Cap'n!"", 'Yeah!', 'Yeah!', ""Cap'n ..."", ""Still can't believe we won, man ... Have to keep pinching myself."", ""Wakka said he retired, but maybe he'll come back if we beg him?"", ""So you are Yuna's guardian, too? Lulu's pretty strict, ya?"", ""I can't imagine Yuna and Maester Seymour as a couple."", ""I already knew about Yuna's lineage. I just kept my mouth shut in front of Wakka.""]",NPC
Final Fantasy X,2001,Japan,Jecht,Male,"['Hey!', 'HEY!', ""(Interrupts offscreen) Hey! Stop dreaming! You, with a woman? You can't even catch a ball!"", ""Oh, what's the matter? (Yuna and Rikku appear beside him) Gonna cry again? Cry, cry. That's the only thing you're good for!"", ""Huh? What'd you say?"", 'Eh?', 'Well, well, trying to follow in my footsteps, are you?', 'I usually charge for lessons, you know ...', 'That shot is done ... like this!', ""You can't do it, kid. But don't worry, my boy. You're not the only one. No one else can do it. I'm the best!"", 'No one else can do it.', ""I'm the best!"", ""You're out of your league!"", ""You can't do it, kid."", ""(Voice) Told you you couldn't do it!"", 'What?', ""Let them talk. I'm still the best."", ""I can quit drinkin' whenever I want!"", 'What did you say?', 'Heh. Tomorrow, maybe.', 'Why do today what you can leave for tomorrow?', 'There he goes again ... crying!', 'See? So I told him what I thought of him, right there!', ""'Course!"", ""Ah, go to him. He'll cry if you don't."", ""Well, you said it was gonna be a long trip. We'll be seeing a lot of neat things, right? So I thought I'd record it all in this. To show to my wife and kid, you know."", ""Hey, Braska. Ain't this supposed to be a grand occasion? Where're the cheering fans? The crying women?"", 'Hmm ... If you say so. Well, it better be a lot more colorful when we come back. A parade for Braska, vanquisher of Sin!', ""What's the matter? Afraid I might bite?"", ""Braska! You should take one, too. It'd make a great gift for little Yuna!"", ""What's the hurry, man?"", ""Hey. If you're sitting there, watching this ... it means you're stuck in Spira, like me. You might not know when you'll get back home, but you better not be crying! Although, I guess I'd understand. But you know what? There's a time when you have to stop crying and move on. You'll be fine. Remember, you're my son. And ... Well, uh ... Never mind. I'm no good at these things."", 'Anyways ... I believe in you. Be good. Goodbye.', ""Hey, Braska. You don't have to do this."", 'Fine. (Folds arms) I said my piece.', 'Are the Trials ahead?', 'Here, too, huh? Gimme a break. I was expecting, you know, parades and ... fireworks!', 'Huh? What do you mean no Final Aeon?', ""This is the only way we got now! Fine. Make me the fayth. I been doing some thinking. My dream is back in the other Zanarkand. I wanted to make that runt into a star blitz player. Show him the view from the top, you know. But now I know there's no way home for me. I'm never gonna see him again. My dream's never gonna come true. So make me the fayth. I'll fight Sin with you, Braska. Then maybe my life will have meaning, you know."", ""Believe me, I thought this through. Besides ... I ain't gettin' any younger, so I might as well make myself useful."", ""What! You're not gonna try to stop me, too?"", 'Braska still has to fight Sin, Auron. Guard him well. Make sure he gets there.', ""Well, let's go."", 'What do you want now?', ""I understand what you're saying, Auron. I'll find a way to break the cycle."", 'Can I ask you one last favor? Uh ... Nah. Never mind.', ""Okay. Listen good. Take care of my son. My son, in Zanarkand. He's such a crybaby. He needs someone there to hold his hand, see? Take care of him, will you?"", ""Hey! You said it yourself! There must be a way to get there, right? You'll find it."", ""Thanks, Auron. You were always such a stiff, but that's what I liked about you."", 'Smallest heap of huts I ever seen!', ""(From off-camera) What are you guys doin'? Let's go!"", ""I'm so hungry I could eat a shoopuf whole!"", ""After you get that aeon from Besaid ... Where're we going?"", ""Zanarkand, huh? It's been in ruins for a thousand years, right?"", 'Thanks for trying, Auron.', ""I thought if I went with you guys I might find a way to go back. But it's not that easy."", ""No need to apologize, Braska. It's not your fault. I should be thinking about fighting Sin now, anyway. Zanarkand can wait. But I will find my way back!"", ""Hey, I'll be all right. You're the one that should be careful. Wouldn't want your little girl to cry."", 'Hey, Auron! Did you get that last match?', 'Not a sportsman, are ya?', ""My form don't need no work. I'm the great Jecht. It's for my kid."", ""Yeah, and he wants to beat his old man bad. Once, I told him to give it up. He didn't speak to me for a week. Wonder what he's doing now. I hope he got bigger and put on some muscle."", ""Hey, what's the big idea! Stop shooting!"", ""Hmph. What's it waiting for? Hey! Come out and fight!"", ""Hey, come on! It's the right thing to do! Everyone's depending on us. Besides, it's good practice."", ""There it is! Auron! Let's get 'im!"", 'What are you shooting me for?', ""I said I was sorry. It's never gonna happen again! I promise!"", ""That's it. Only thing I drink from now on is shoopuf milk!"", ""We're on a journey to fight Sin and save Spira, right? If I keep screwin' up ... and ... making a fool of myself ... my wife and kid are never gonna forgive me."", ""You're late, Auron."", '(Turns and waves to Tidus) Hey.', ""Hah! You got tall, but you're all bones! You eating right, boy?"", ""You've really grown."", 'Well, I am Sin, you know.', ""Well, then ... I mean ... you know. Let's end this."", 'Yeah?', '(Chuckles) I know, I know. You know what you have to do.', ""I can't hear the Hymn so well anymore. Pretty soon, I'm gonna be Sin. Completely. I'm glad you're here now. One thing, though ... When it starts, I won't be myself anymore. I won't be able to hold myself back. I'm sorry."", ""You're right. Well, then ... Let's go!"", ""You'll cry. You're gonna cry. You always cry. See? You're cryin'."", 'Save it for later.', ""Good. That's right. You are my son, after all."", 'Heh.', ""No, Yuna, there's no time!"", 'Yuna, you know what to do. The aeons ...', 'Call them!', 'Who are you?', 'What of it?', ""Hmm. Sounds sweet. What's the catch?"", 'Seriously?', ""Great, let's go!"", 'Anything to get outta here!', 'Hey! You want to step in here and say that?', ""Stop gabbin' and get me outta here!"", 'Ahh ... Free at last!', ""Right, right. So, what's a summer-ner, anyway?"", ""Well, you said it was gonna be a long trip. We'll be seeing a lot of neat things, right? So I thought I'd record it all in this. To show to my wife and kid, you know."", ""Hey, Braska. Ain't this supposed to be a grand occasion? Where're the cheering fans? The crying women?"", 'Hmm ... If you say so. Well, it better be a lot more colorful when we come back. A parade for Braska, vanquisher of Sin!', ""What's the matter? Afraid I might bite?"", ""Braska! You should take one, too. It'd make a great gift for little Yuna!"", ""What's the hurry, man?"", ""Hey. If you're sitting there, watching this ... it means you're stuck in Spira, like me. You might not know when you'll get back home, but you better not be crying! Although, I guess I'd understand. But you know what? There's a time when you have to stop crying and move on. You'll be fine. Remember, you're my son. And ... Well, uh ... Never mind. I'm no good at these things."", 'Anyways ... I believe in you. Be good. Goodbye.', 'Hey, Auron! Did you get that last match?', 'Not a sportsman, are ya?', ""My form don't need no work. I'm the great Jecht. It's for my kid."", ""Yeah, and he wants to beat his old man bad. Once, I told him to give it up. He didn't speak to me for a week. Wonder what he's doing now. I hope he got bigger and put on some muscle."", ""Hey, what's the big idea! Stop shooting!"", ""Hmph. What's it waiting for? Hey! Come out and fight!"", ""Hey, come on! It's the right thing to do! Everyone's depending on us. Besides, it's good practice."", ""There it is! Auron! Let's get 'im!"", 'What are you shooting me for?', ""I said I was sorry. It's never gonna happen again! I promise!"", ""That's it. Only thing I drink from now on is shoopuf milk!"", ""We're on a journey to fight Sin and save Spira, right? If I keep screwin' up ... and ... making a fool of myself ... my wife and kid are never gonna forgive me."", 'Hey! Hold it steady!', ""(In distance) This is important! No foolin' around! (Camera pans to left and crops him out) You're gonna spoil it!"", 'Whoa!', 'Whoa!', 'Yeah, yeah ...', ""After you get that aeon from Besaid ... Where're we going?"", ""Zanarkand, huh? It's been in ruins for a thousand years, right?"", 'Thanks for trying, Auron.', ""I thought if I went with you guys I might find a way to go back. But it's not that easy."", ""No need to apologize, Braska. It's not your fault. I should be thinking about fighting Sin now, anyway. Zanarkand can wait. But I will find my way back!"", ""Hey, I'll be all right. You're the one that should be careful. Wouldn't want your little girl to cry."", 'Smallest heap of huts I ever seen!', ""(From off-camera) What are you guys doin'? Let's go!"", ""I'm so hungry I could eat a shoopuf whole!""]",NPC
Final Fantasy X,2001,Japan,Jimma,Male,"[""Yes, Bobba. They're going to be pulling out all the stops to try and bring back the cup this year."", 'Best of luck to them and a safe journey back to Besaid.', ""Without a doubt, they are the favorite this year, Bobba. And after the way they dominated last year, it'd take a miracle for them to lose today."", ""Ah! But the referee doesn't call the foul! Wakka's taking a real beating out there."", 'This looks like history in the making, Bobba.']",NPC
Final Fantasy X,2001,Japan,Judda,Female,"['Since childhood, I have played only blitz! It is true!', 'I hoped only to rest at Home a while then return to Luca.', 'You are a traitor, no? Then you are one with the Al Bhed!', 'Both Yunalesca and Mika were dead, yet they clung to Spira tightly.', 'Pardon me. So scared was I that I began to tremble all over!', 'I wish the battles would be over ...', 'Going inside Sin ... I sang in fright and would not stop!']",NPC
Final Fantasy X,2001,Japan,Jumal,Male,"[""Give them a balloon and they're happy campers. Kids are so innocent and easy to please."", ""It's that child who helps me forget about Sin's existence. Even if it's only for a moment."", ""I'm so worried. What if the fiends that appeared in the stadium find their way into the city?"", ""The Crusaders may use machina in their operation. If so, they're no different from the Al Bhed."", 'The ship at dock number 3 brought lots of warrior monks to Luca. I feel much safer now.', 'Not all of the Crusaders are armed well. They seem inferior to the warrior monks.']",NPC
Final Fantasy X,2001,Japan,Jyscal Guado,Male,"['Oooooohhh ...', 'What I am about to tell you is the unclouded truth. I swear it on my honor as a Guado. Listen to me very carefully, for I shall tell you the truth about my son, Seymour. His mind is closed even to me, a maester of Yevon. But I can feel flames of darkness burning in his heart. He is using Yevon, the Guado, and even the summoners. If he is not stopped, he will surely bring destruction and chaos to Spira. I will leave this world soon, killed by my own son. But I do not fault him. Because I was not wise enough, he has suffered, and become twisted. I could not protect him and his mother from the world and its cruelty. I will accept death as punishment for my deeds. But whoever is watching this ... I implore you to stop Seymour! Stop my son.']",NPC
Final Fantasy X,2001,Japan,Keepa,Male,"[""Hey, I'll admit it, we're not the best blitzers in Spira."", '""To do our best!"" That\'s our motto. Guess it\'s not enough, though. Here, take this. And do your best, ya?', ""We're always top dogs for the first few minutes of the game, ya? Then we start to run out of breath. That's when they get us. But Cap'n Wakka, man, he don't stop! No halftime breath for him, ya? He just keeps going!"", '(muttered) Hi, there.', '(lunge and fistpump) To do our best!', '(uncertainly) Victory ... (cheering) Victory! Victory! Victory! Yay!', 'Hit the other team hard and make it easy on the goalkeeper, ya?', 'We head out on the same boat tomorrow!', ""He seems real sick, ya? I'm hiding over here, 'cause I'm gonna get sick too if I keep watching him."", 'If you see one guy throw up, you sorta get sick too, you know?', ""Hey! Wakka's waitin' for you!"", 'Mm.', ""Urgh ... Why do I feel like I'm being watched?"", 'H-Help!', ""Well, we would've lost to anyone anyway."", 'Play to win, play to win, play to win ... Gotta keep reminding myself, ya?', ""I'll make all the saves, so you just go out and shoot!"", ""Yuna will be watchin', ya? Gotta play hard!"", 'Win!', ""Cap'n!"", 'Yeah!', 'Yeah!', ""Cap'n ..."", 'We won! That means we are the team to watch out for. Unbelievable.', ""If only I had done better, we could have won. I'm sorry, man."", 'Lord Braska visited Besaid ten years ago. He had an amusing guardian with him.', 'You saw Chappu on the Farplane? Kinda looked like you, ya?', ""Actually, I'm relieved to hear that Yuna's wedding is called off.""]",NPC
Final Fantasy X,2001,Japan,Kelk Ronso,Male,"['Summoner Yuna and guardians, leave here at once!', 'Gagazet is Ronso land, sacred mountain of Yevon. The mountain will not bear the footsteps of infidels!', 'Then you will die by those words!', 'A summoners and her guardians ...', 'You have been branded a traitor, but still you would fight Sin? Lost to the temple, hated by the people, yet you continue your pilgrimage? Everything lost! What do you fight for?', 'Even sacrificing yourself? (Ponders a while.) Ronso, let them pass! Summoner Yuna, your will is stronger than steel. Tempered steel that even the mightiest Ronso could not hope to bend. Yuna, we bow to your will! Now go! The sacred heights of Gagazet welcome you.', ""Summoner Yuna's words, they ring clear in my soul. Small voice, small frame, but a will that towers over Gagazet's peak. The path to the sacred heights is steep and lined with the dens of fiends. Strong guardians, be prepared, and guard your summoner well. Guard your summoner with all your heart.""]",NPC
Final Fantasy X,2001,Japan,Keyakku,Male,"['A fiend! In human disguise!', 'Sit, captive!', 'Insolence!', ""If you're near death, really near death, use this! Go on, earn your pay."", 'Under us! Under us!']",NPC
Final Fantasy X,2001,Japan,Kimahri Ronso,Male,"[""(With repeated poking, he'll uncross his arms, shake his head, and eventually shove Tidus, causing Yuna to giggle and Tidus to backflip)."", 'In dark times she must be. She must shine bright.', 'Now are dark times. Yuna tries hard.', 'If we worry, she tries harder. Do not frown.', 'Kimahri try, too.', 'Pick spot. Shut up. Wait. You grow stronger, but are still a pup.', 'Dona has left. Isaaru, too.', 'You come to insult Kimahri?', 'Kimahri will deal with them.', 'Kimahri alone.', ""It's Kimahri's problem. We can't interfere; it's a rule."", 'Shoopuf shook. Yuna fall in water. Shoopuf scoop up Yuna with long nose. Yuna jump in three more times for fun. Kimahri worried.', 'Yuna had fun. Kimahri happy.', 'Biran is troublemaker, but Ronso do not lie. Summoners disappearing–that was not lie.', '(Sniff, sniff) Smells like oil.', 'Kimahri fail as guardian on shoopuf. Kimahri never fail again.', 'Kimahri not like Maester Seymour.', 'Kimahri speak no more.', 'Kimahri speak no more.', '(Emerging from shop) Guado potions good. Buy some before leaving.', 'Yuna resting. Go away. Kimahri said go away.', 'Temple not far. Why stop here?', 'Ronso are followers of Yevon. Ronso dislike Al Bhed.', 'Not Kimarhi. Al Bhed are Al Bhed. Rikku is Rikku. Rikku swore to protect Yuna. And Rikku is not a liar. Kimarhi can tell. So, she is a friend.', 'Kimarhi is surprised.', 'Kimahri think you are kind.', 'Yuna will wake soon. Kimahri knows this. No sign of enemy.', 'We climb.', 'Only those who try will become.', 'Kimahri think Rikku should stay Rikku.', 'This place smell different now. Kimahri not know if this good or bad. Kimahri feel no danger.', 'Yuna ... gone.', ""It's quiet. Kimahri goes now."", 'Yuna!', 'Kimahri never forget the Al Bhed sacrifice. Kimahri will use machina, if machina can find Yuna.', ""Yuna should make Yuna's decision."", 'Gagazet is Ronso land. Kimahri home.', 'Kimahri has no family.', 'But Kimahri not alone.', 'Sacred mountain Gagazet. Not change for one thousand years.', 'No. An unsent.', 'Biran and Yenke gone.', 'Biran is hero of Ronso. Yenke is powerful warrior.', 'Kimahri must fight. Kimahri must win.', 'The sacred Gagazet. First time Kimahri climbs.', 'Then I must prove my strength!', 'This time, I win. I will win!', 'Kimahri problem.', 'Kimahri crush enemies standing before.', 'Save some for Kimahri!', 'No ...', ""You have angered Kimahri! The spirits of the Ronso will guide Kimahri's spear!"", 'Yuna.', 'Kimahri knows. Kimahri go first. Yuna is safe. Kimahri protect.', 'Yuna needs Kimahri. Kimahri protect Yuna.', 'Yuna, no apologies.', 'Apology is running. Yuna never run away.', ""Yevon's teachings."", 'No answer in the teachings, answers lie outside. Must know both sides to find answer.', 'Mika knows much. Find him, make him talk.', 'Kimahri doubts Mika welcomes us.', 'We cannot chase if we cannot see.', 'We must go to Bevelle.', ""You keep walking path forward. Kimahri watch the rear. Because of you, Yuna still smiles. Thank you. Friends have saved Kimahri's life. Kimahri will treasure it. Kimahri is ready. Let us fight Sin."", 'On my honor as Ronso!', 'Sin still lives. Kimahri knows.', ""You are Kimahri's friend."", ""The Ronso were singing, too. Kimahri's ears never wrong. Kimahri felt friendship from somewhere inside Sin. There is no need for fear. Kimahri will go with you."", 'Yuna!']",NPC
Final Fantasy X,2001,Japan,Kiyuri,Female,"['Oh, come on! You actually believe that rumor?', ""Zanarkand, eh ... ? If you're going to bluff at all, say something a little more believable."", ""You've got nerve to say you're from Zanarkand. Go home and relearn Yevon's teachings."", ""You should go rest. You're gonna drown during the match if you're sleep-deprived.""]",NPC
Final Fantasy X,2001,Japan,Kulukan,Female,"[""I opened the store, but we can't serve anything because we don't have anything."", 'All the food and drinks are at the bottom of the ocean. Sin took them all.', ""You're the one who saved my sister, right? That treasure box contains a token of my appreciation. Please accept my thanks."", ""He's been like that ever since he returned from Operation Mi'ihen."", ""I want to practice for the upcoming tournament, but I've been so busy that I haven't had any time."", ""Those warrior monks ate everything in sight, then returned to Bevelle. They basically just ate and ran. What do they take us for? We'll bill the temple for all the food they took.""]",NPC
Final Fantasy X,2001,Japan,Kulukan's Sister,Female,"[""Thanks for saving me. Our house fell down ... but my big sister's here, so I'm real happy!"", ""Hey, are you a blitzer? Good luck! I'm rooting for you!"", ""My sister's the greatest. She plays blitzball and works at the same time."", ""I'm gonna grow up to be a blitzer just like my sister!""]",NPC
Final Fantasy X,2001,Japan,Kyou,Male,"[""I beat myself up all night for taking part in that disastrous operation. Then a monk told me that if I had time for remorse, I should spend it praying. He's right. It's my duty to pray for my departed men."", 'The monk gave me this, but I think you should have it.', 'I will pray for all my lost comrades.', ""Guarding the temple is my duty. I'm trying to stay focused and not worry about anything else."", ""Frankly, this isn't half as exciting as devising strategies against Sin. I wouldn't mind leading my old troops into battle right now."", ""We're behind you all the way! Good luck! Hey, it's been a long time! How's it going? Traitors! Just kidding. Sorry about all that fuss."", ""More and more people question the teachings these days. I only hope it doesn't lead to another tragedy like Operation Mi'ihen. The Crusaders defied the teachings, and look what happened to them! Once you're on the Farplane, there's no turning back!""]",NPC
Final Fantasy X,2001,Japan,Lakkam,Female,"['The Al Bhed Psyches all escaped harm. We are ready to play again!', 'Have care! There are fiend in all places!', 'I wonder, where will the airship go from here?', 'I want to be a top player. Many teams I want to try.', 'I do not run around in panic! Hope for the best, prepare for the worst!', 'I know it will not do to panic, but I do not know how to be calm!', 'Rikku and Yuna are in your hands.']",NPC
Final Fantasy X,2001,Japan,Larbeight,Male,"[""Everyone was so pumped up for the tournament, but now because of Sin, well ... We players don't even feel up to practicing anymore."", ""We may be short on practice, but we'll prove we 've got what it takes. We'll cheer up the whole island by bringing home the victory cup this year!"", ""We're off to Luca as soon as I finish this off."", ""Just wait and see. We'll win for sure."", ""I tried to dismantle that wrecked ship over there and haul it away, but ... She's so sturdy I couldn't get so much as a deck board off her! Hats off to that shipbuilder."", ""Reconstruction of the town is nearly complete. All that's left is to fix that road over there."", ""Repairs to the village are finally finished, but you can't say the place is back to normal yet."", 'I sang along with everyone else while Sin and the flying ship were battling it out–but man, was I scared. I mean, what if Sin came crashing down on top of us!']",NPC
Final Fantasy X,2001,Japan,Letty,Male,"[""I can head the ball pretty good. Today's just a bad day, ya?"", 'This is really weird, ya? I could do five in a row yesterday!', ""I'm nowhere near Cap'n Wakka, but I can hold my own underwater, ya? It's just that ... I'm not so good with the ball."", ""It true that the best players can even sleep underwater? Man, that's like ... superhuman, you know?"", '(muttered) Hi, there.', '(lunge and fistpump) To do our best!', '(uncertainly) Victory ... (cheering) Victory! Victory! Victory! Yay!', ""There's going to be six teams from all over Spira at the tournament."", ""It's a rough setup. One loss and you're through, ya?"", ""The toughest team out there is the Goers, and the stadium's on their home turf!"", 'Man, I wish we were half as popular as Yuna.', 'Should I practice kick passes too?', ""Okay, I'll pretend I'm kicking with my hands!"", 'Right on!', ""I'm gonna sharpen my hand skills!"", ""(Working on righthand path) Tidus, watch your step! It's not safe this way."", 'Mm.', 'So this is the place remembered in honor of High Summoner Ohalland ... Makes you kind of nervous, ya?', ""All these flames around the temple ... They've always burned strong, ever since High Summoner Ohalland's time."", ""That was Bickson. He's a jerk, but a first-rate blitzer."", 'Why do we have to be on the same ship as those Lucans anyway?', ""Wakka is busy right now. Maybe you shouldn't bother him."", ""Let's pray we don't have to go against the Goers until the finals!"", ""Is Datto alright? It's right before the big game and all."", ""That was one amazing shot you just did! They don't call you an ace for nothin'."", 'We were on the sphere!', 'We had to play the Goers in the first match last year.', ""No lookin' back now, ya? We just wait for the game!"", 'W-We play to win, ya?', 'The game starts in a few minutes. You sure you okay?', 'Are you okay?', ""Let's get them Goers. Let's do it for Chappu!"", 'Win!', ""Cap'n!"", 'Yeah!', 'Yeah!', ""Shouldn't you heal up first?"", ""Cap'n ..."", ""It's not the same without you, man. Come back anytime, ya?"", ""We didn't do half bad, ya? Next time, the Goers are goners!"", ""So Operation Mi'ihen failed. Reminds me of when Chappu died."", ""I wonder how Luzzu and Gatta are doin'? No one from Besaid has heard from them, either."", ""The temple has pardoned the Crusaders. It's a little late for that, ya?""]",NPC
Final Fantasy X,2001,Japan,Linna,Female,"[""Lost my gang. Here you go. It's cold, ain't it?"", ""It's best that you don't go."", ""(Now sitting on temple steps by monk) I'm hungry. No one's coming to pick me up. It's cold, ain't it?""]",NPC
Final Fantasy X,2001,Japan,Lord Braska,Male,"['This is it. Too many goodbyes — people think twice about leaving.', '(Chuckles) We should go. Day will break soon.', 'Auron, could you stand closer to him?', 'Good. (Tips camera up to frame ""Lake Macalania"" sign) That should do it.', '(Nods) I suppose.', 'Auron!', ""Hello, Yuna. I hope you are well. I wonder how old you are, now that you're watching this sphere. You must be very beautiful, like your mother. I wish I could see you. Oh, by the way ... Jecht and Auron send their regards. So far, our journey has been very entertaining. Of course, it is a hard journey, but I have no regrets. It is the path I have chosen. Yuna, when you have grown, you will have to find your own path. Do what you must do, the way you want to do it. Doors will always open themselves to those who do. Listen close, Yuna. Your future is yours to make. Live the way you want to. Whatever way that may be, you have your father's full support. Yuna, I will always be with you."", 'Thank you for your concern.', 'You knew this was to happen, my friend.', '(Chuckles) Auron, I am honored that you care for me so. But I have come to kill grief itself. I will defeat Sin, and lift the veil of sorrow covering Spira. Please understand, Auron.', 'Probably.', 'You can ask for them after I defeat Sin.', 'If I turn back, who will defeat Sin? Would you have some other summoner and his guardians go through this?', 'Jecht.', 'Sorry. I mean ... thank you.', ""But there's always a chance it won't come back this time. It's worth trying."", 'Jecht?', 'Now, that looks like a fine place to live. Hmm ... Auron.', 'When this is over ... could you bring Yuna here? I want her to lead a life far away from this conflict.', 'Thank you, Auron. You are a good friend.', ""(Laughter) Sorry. Well, let's go then."", 'Beyond it lies ... Zanarkand.', ""I'm sorry."", 'Be careful, Jecht.', ""She'll be all right. She's strong, like her mother was."", 'Working on your form?', 'Your son plays blitzball?', 'A giant fiend that attacks chocobos ...', 'Well, then ...', 'Auron, please. He did apologize. He knows he was wrong.', ""You're sure?"", 'You are the one they call Jecht, the man from Zanarkand, are you not?', ""(Nods to Auron, then faces Jecht again) Ah. My apologies. I am Braska, a summoner. I've come to take you from this place."", 'Ahhaha ... That easy to see, was it? I soon leave on a pilgrimage ... to Zanarkand.', 'Mm. (Nods) I would like you to join us. It will be a dangerous trip. Yet, if we do reach Zanarkand ... my prayers will be answered, and you will be able to go home, we think. What say you?', 'Hm. So quick?', ""Then it's settled."", 'What does it matter? No one truly believes that I, a fallen summoner wed to an Al Bhed ... could possibly defeat Sin. This is what they say. No one expects us to succeed.', ""(Chuckles) Let's show them they're wrong. A fallen summoner, a man from Zanarkand, and a warrior monk, doomed to obscurity for refusing the hand of the priest's daughter. What delightful irony it would be if we defeated Sin!"", 'Now, Jecht ... I am in your hands until we reach Zanarkand.', 'This is it. Too many goodbyes — people think twice about leaving.', '(Chuckles) We should go. Day will break soon.', 'Auron, could you stand closer to him?', 'Good. (Tips camera up to frame ""Lake Macalania"" sign) That should do it.', '(Nods) I suppose.', 'Auron!', 'Working on your form?', 'Your son plays blitzball?', 'A giant fiend that attacks chocobos ...', 'Well, then ...', 'Auron, please. He did apologize. He knows he was wrong.', ""You're sure?"", 'Oh, I was just ... thinking.', 'Are you all right?', 'Beyond it lies ... Zanarkand.', ""I'm sorry."", 'Be careful, Jecht.', ""She'll be all right. She's strong, like her mother was."", 'Now, that looks like a fine place to live. Hmm ... Auron.', 'When this is over ... could you bring Yuna here? I want her to lead a life far away from this conflict.', 'Thank you, Auron. You are a good friend.', ""(Laughter) Sorry. Well, let's go then."", ""Hello, Yuna. I hope you are well. I wonder how old you are, now that you're watching this sphere. You must be very beautiful, like your mother. I wish I could see you. Oh, by the way ... Jecht and Auron send their regards. So far, our journey has been very entertaining. Of course, it is a hard journey, but I have no regrets. It is the path I have chosen. Yuna, when you have grown, you will have to find your own path. Do what you must do, the way you want to do it. Doors will always open themselves to those who do. Listen close, Yuna. Your future is yours to make. Live the way you want to. Whatever way that may be, you have your father's full support. Yuna, I will always be with you.""]",NPC
Final Fantasy X,2001,Japan,Lucil,Female,"['Lady Summoner, I presume?', '(Salutes) I am Lucil, captain of the Djose Chocobo Knights.', 'There have been reports of a large fiend appearing in this area, with a taste for chocobos. Do take care, Summoner Yuna, if you are to rent any chocobos.', 'Good. We should get back to our rounds. Farewell.', ""This mission requires our full attention. We've no time to waste! Understood?"", 'Carry on.', 'What are you doing on this road?', 'I see. The Highroad ends over there. However, we have sealed off the area beyond for the duration of our operation here. You may ask the gate captain up ahead if you need to pass through. You must first go to the end of the Highroad in order to get back on the Newroad.', 'Sir! (Salute) Support units are in place. Mounted units have finished all exercises.', 'Just a few stragglers–nothing to worry about, sir.', 'No problems, sir.', 'Sir!', ""We've been expecting you. Please proceed to the command center."", ""The presence of a maester and a summoner is great for the troops' morale– myself included. Thank you for being here, my lady."", 'Depending on the way things turn out, we might suffer casualties. In such an event, we would be grateful if you could perform the sending, my lady.', 'We may have to fight here, as well. Stay alert.', 'All Crusaders in the vanguard are to assemble on the beach!', 'Lady Summoner! There you are! The command center is that way. Maester Kinoc is also there.', 'Yes. Please hurry, my Lady.', ""Let's go!"", 'Charge!', '(Salutes) Yuna, it is good to see you and your companions are well.', 'We escaped with our lives, but our troops were decimated.', 'We turned our backs on the teachings and cast away our faith. This ... this is our just reward.', 'So may died in vain ... It was a mistake.', 'Off so early? (Yevon bow) Lady Yuna, you must be exhausted after working so hard last night. Will you be okay?', '(Salute) Yes, first we cross the Moonflow, and then we head north in search of chocobos to replace those we have lost.', ""(Shakes head, then salutes again) Lady Yuna, I wish you good fortune. Elma! Clasko! Let's go!"", 'Please, we beg of you!', '(sigh) It is no good. We will have to find another way. We will find a ford where we can cross on foot.', ""Where there's a will, there's a way."", 'Lady Yuna, it is good to see you made it through safely. And, if I may, congratulations on your betrothal.', '.', ""We've reeceived several reports of summoners disappearing these last few days. Please be careful, my lady."", ""When our assignment here is done we will be heading north. Hopefully we'll catch some chocobos and rebuild our unit."", ""But I must say ... it's been a while. Maybe too long since we've had anything to celebrate."", 'This road leads to Bevelle. You should hurry to the temple in Macalania.']",NPC
Final Fantasy X,2001,Japan,Lulu,Female,"[""What are you doing here? Didn't think we'd be able to handle it?"", '(Doubletake) Who are you?', ""(Offscreen) He's dead, okay? Dead!"", ""He does look a lot like Chappu. I was surprised, too, the first time I saw him. But no matter what he looks like, he isn't Chappu. You shouldn't have brought him here in the first place!"", 'Excuses again?', ""That's the sword you gave Chappu."", 'This is our journey ... We should leave together.', ""(calls) You really don't need all that luggage."", ""Clueless, aren't you? Good thing I'm here."", 'Spells of ice work well against fire fiends ... And ice fiends are weak against fire magic. You follow?', 'Lightning and water are opposed, just like fire and ice. This one here is a water fiend, which means ...', 'This is the sort of thing that can happen if you pick the wrong element.', ""Uh, that was a bad example. This one's a water fiend, so fire and ice aren't very effective."", 'Take your time.', ""Kimahri Ronso, of the Ronso tribe. He's learned the fiends' way of fighting."", 'Show us what your training has taught you, Yuna!', ""I don't know who you are, or where you came from. If you interfere with Yuna's pilgrimage, we won't take it lightly."", '(Exasperated sigh) Great plan.', ""Wakka's ... a bit lacking in the imagination department."", ""The fin! That's where they're coming from."", ""You truly are clueless. Are you sure it's just your memory that's the problem?"", ""The dead need guidance. Filled with grief over their own death, they refuse to face their fate. They yearn to live on, and resent those still alive. You see, they envy the living. And in time, that envy turns to anger, even hate. Should these souls remain in Spira, they become fiends that prey on the living. Sad, isn't it?"", 'The sending takes them to the Farplane, where they may rest in peace.', 'Yuna chose her own path. She knew from the beginning what it meant. All we can do is protect her along the way. Until the end.', '(Nods slightly to Yuna, then throws hands in the air with a huff and leaves Tidus) Until she defeats Sin.', ""You did very well! They've reached the Farplane by now. But ... (Strokes hair) no tears next time, hm?"", ""(To Tidus) Yuna's saying she wants you with us."", ""We're all going to the temple anyway. Can't this wait till later?"", 'Kimahri, why don\'t you use ""Lancet"" on it?', ""Normally, it's a skill that weakens enemies and heals the user. But when a Ronso uses it, that Ronso can sometimes learn fiends' abilities."", 'Kids ...', 'Its tentacles absorb any spell cast at its body!', ""Fiends. They fall from Sin's body, and are left behind in its wake."", '(Shakes head) Amazing. Simply amazing.', ""You make up one theory after another, refusing to face the simple truth. Sin didn't take Chappu anywhere. Sin crushed him and left him on the Djose shore! Your brother won't just pop back."", ""Oh, and one more thing. No matter how much you want it, no one can take Chappu's place. No one can replace Sir Jecht, for that matter. And there's no replacement for Lord Braksa, either. It's pointless to think about it, and sad."", 'I think Wakka needs to do a little more praying.', 'But first, the Cloister of Trials. Kimahri? Wakka? Ready?', ""You're not a guardian yet."", 'Yuna will be the one to suffer the consequences!', 'The fayth are people who gave their lives to battle Sin. Yevon took their souls, willingly given from their still-living bodies.', ""Now they live forever, trapped in statues. But when a summoner beckons, the souls of the fayth emerge once again. That's what we call an aeon."", 'The chamber beyond is a sacred place. Only summoners may enter.', ""Well? Say something. You'll take responsibility?"", 'And if not?', 'What? Just leaving him in Luca?', 'Yuna wants to make him a guardian.', 'And whose fault is that?', ""Because he's Sir Jecht's son."", ""It's hard to say, but Yuna seems to believe so."", '""Okay?"" ""Okay?"" That\'s all you have to say?', ""You're right, for once."", 'I wonder which is best ...', ""Why don't you tell him he should?"", ""Become Yuna's guardian."", ""Because Yuna can't."", 'Be discreet.', 'Apparently. He told Yuna as much.', 'I ... I was five then, so I remember mine a little.', 'Hm?', ""I'm sorry. I need some time to think."", ""Maester Mika is the leader of all the peoples of Spira. He's come all the way from Bevelle. The tournament is being held to honor his fifty years as Maester."", ""It's crowded out there. Stay close."", 'Where in Spira have you been!?', ""Yuna's been kidnapped by the Al Bhed Psyches. In exchange for her safe return, they want the Aurochs to lose."", ""If they're only blitzball players, I doubt they'd do anything drastic. But we shouldn't take chances. Let's go get her."", ""Wakka said the same thing. He'll take care of the game. We should go get Yuna. The Al Bhed boat is in dock 4. Let's go."", ""Must be the Al Bhed's doing. Let's go the other way."", 'Ancient machina salvaged by the Al Bhed. They are mostly vulnerable to lightning.', 'The Al Bhed were expecting us.', ""(Shakes head) He won't last. Wakka's always like that."", ""Let's go."", ""Let's go."", ""It's probably out of power."", 'I hope you hurt them.', ""Don't tell Wakka about Yuna's lineage. The thing about Wakka–he never had much love for the Al Bhed."", 'I thought I told you not to tell Wakka!', ""Not the most ... graceful win. If it was Chappu, he'd still be standing."", '(Snarls) Excuse me?', ""You don't want to finish that sentence."", ""Please, don't tell anyone about Yuna's lineage."", 'I saw you floating there, on the sphere.', ""You really gave it your all, didn't you?"", ""What's happening?"", ""Not really. We don't know where the fiends came from. Maester Mika is safe and sound, thanks to Maester Seymour. That's about it."", 'Sir Auron knows him, apparently. You were right. He did meet someone he knew.', 'But ... why?', ""You're a real guardian now, so no mistakes. Understood?"", 'The Calm is a time of peace. It comes after a summoner defeats Sin, and lasts until Sin reappears.', 'The use of machina is strictly forbidden by the Yevon priesthood.', 'This might be the last time we can rest like this.', 'To the chocobo corral!', 'Now! Hit it hard and we can push it back!', ""Yuna, it's time to go."", 'Hmm ... I can only speculate.', 'Luzzu, no!', '(Sigh) Luzzu told me ... before we left.', 'Chappu ... He left the sword Wakka gave him in Besaid. And he fought with an Al Bhed machina weapon instead.', ""(Whispers to Tidus) That's Wen Kinoc, one of the Four Maesters of Yevon. He leads the warrior monks and also commands the Crusaders."", ""Anything could happen. Make sure you're ready for combat."", ""I'll cast a spell at its head!"", ""You were in contact with Sin again. The toxin–are you okay? Yuna was worried about you. You should let her know you're all right."", 'Rest while you can. We leave soon.', 'First down the Moonflow to the Guado city of Guadosalam ... Then we cross the Thunder Plains to the temple of Macalania.', 'The Lightning Mushroom Rock. It only opens when a summoner is addressing the fayth.', ""You should try to settle down. Yuna will be blamed if anything happens. Now we wait. This is also a guardian's duty."", 'No matter how dark the night, morning always comes. And our journey begins anew.', ""Really, there's no rush ... Here, your hair."", 'Ah ... we called to you, but with all that snoring ...', 'We cross the Moonflow.', ""I'm worried."", ""I mean I'm worried about those summoners disappearing."", 'Confident.', 'This is the Moonflow.', 'The entire river glows, like a sea of stars.', ""Riding a shoopuf isn't THAT much fun."", 'The merchants here are wily. Pick your shop well.', 'But the weight of the city caused the bridges to collapse, and it all sank to the bottom.', 'Yevon, it decides ... which machina we may use, and which we may not.', 'Or war will rage again.', 'They made weapons so powerful ... It was thought they could destroy the entire world.', 'The war ended ... and our reward ... was Sin.', 'Only as bad as their users.', 'Are you hurt?', ""I wonder ... Didn't Kimahri's clansman say something ... about summoners ... disappearing?"", ""You're right."", ""Looks like we're stuck here for a while."", 'Oh!', 'Uh, Wakka ...', 'Right. Sorry, Wakka.', ""(Examining Seymour's portrait, among others) These are the past leaders of the Guado."", ""Don't you know? The last leader ... (Glances to portrait on far side of room) Maester Jyscal wed a human woman. She was Seymour's mother."", ""There's no temple here in Guadosalam, see? Summoners usually just pass through on their way elsewhere."", '(Snaps) What?', ""You'd rather I say nothing, then?"", ""Well ... There are many things I do not know. Your Zanarkand is one of those things. I suppose I can't say what I think either way. Still, be careful. You shouldn't tell other people."", ""Why don't you eat something?"", ""Yuna, the high summoner's daughter. Seymour, the leader of the Guado. Married in the name of Yevon, overcoming the barriers of race. It would give Spira something cheery to talk about, for a change."", ""Go on, we'll be right behind you."", ""I'm not even sure what I'm saying."", ""Hmm ... That's a possibility."", 'What, me? With Wakka?', ""Getting along isn't enough. Not even close."", ""You'd do well to remember that. Knowing a bit about women might come in handy some day."", ""I won't be forgetting either."", 'Goodbye, Chappu. You always said I looked grumpy. But those were the happiest days of my life.', ""Why don't you try calling someone? All you have to do is think about them."", 'Did I miss something?', 'He is Lord Jyscal no more. Send him now!', 'I would think that he was sent once ... but he stayed on Spira. Something, a powerful emotion could have bound him to this world. Such things happen.', 'What?', ""As long as the pilgrimage continues, either way's fine."", 'People marry for many reasons.', ""Sometimes marriage doesn't require love, you know? Defeat Sin, and bring joy to the people of Spira. Get married, and bring joy to the people of Spira. For Yuna, they're just two ways down the same road. All you need is determination. If you have that, you don't need love."", 'Listen. If Yuna gets married, then I ...', 'Yes. If she is to marry, I would want her to marry for love.', 'But ... If Yuna said she wanted to marry the one she loves, I would have to object.', 'I know.', ""I've talked enough about that."", ""I'm sorry, just forget about it."", ""I shouldn't have to say this, but don't fall in love with her."", ""That's fine, then."", 'I see. But ... you must keep your feelings inside, until the pilgrimage is over.', ""Interesting. I suppose I could add you to my list. I wish you good luck, little boy. You're going to need it."", ""She's not appearing."", 'None of your business.', ""(Sigh) No ... it's not your fault. (Addresses pyreflies) Why aren't you here? I need to be alone right now."", 'See the lightning rod towers? The lightning is drawn to them ... hopefully.', 'Meaning we should avoid wide, open areas.', 'Stop kidding around.', ""It's not like her."", ""Yuna looked preoccupied. Was it because of Jyscal? Don't tell Rikku, but we leave as soon as Yuna's better."", 'But ... it can be effective. Magic is effective against marine fiends.', 'You should learn some spells, too.', 'Hmm ... Maybe later.', ""We're not through the Thunder Plains yet, so be prepared, all right? Did you two have a fight?"", 'Here?', '(Shakes head) I thought so.', 'Wait, is it ... Is it because of Lord Jyscal?', 'It absorbs all spells except its one weakness!', ""Yuna's really quiet. Sitting here like this, you really get to thinking."", ""We knew you'd be upset."", 'Just think of this as an opportunity to learn more about the Al Bhed.', ""You've done nothing to apologize for."", ""I hope that you're not too mad at Wakka."", '(Sigh) Thank you.', ""Me? She's ... fun to be with."", ""Well, I can tell she's not a bad person."", ""Well, there's more to it than that."", ""Wakka doesn't like the Al Bhed because of his brother Chappu."", 'What?', ""I can't say that I know, but why?"", 'Sin is the punishment for, and the incarnation of, crimes we have committed.', ""There's no need to know, so no one asks. You run or you fight. That is really all you can do. There's no sense brooding over it."", '(Chuckles) You really do come from a world where there is no Sin, like you say.', ""Come on, Wakka. Let's at least hear him out."", 'If he is truly at fault, it must be done.', ""We're under the lake ice, aren't we? Look. That's the bottom of the temple. We've fallen a long way. So now we're the traitors that killed a maester."", 'In exchange for marriage?', 'Sir Auron!?', 'But still, we have transgressed and must face our punishment.', ""You're too edgy. Listen to the hymn and calm down."", 'The fayth.', ""Of course it can. Don't be a fool. Say, isn't the ground shaking?"", 'The singing stopped.', 'The toxin! Watch out!', 'Are you all right?', '(Arrives) Are you all right?', ""Haven't found them yet. We're supposed to stay in one place if we get split up."", 'Gone ... (Shakes head) Some guardian I am.', ""Of all the places ... Let's go!"", 'A war? Between Yevon and the Al Bhed?', ""Rikku, what is the Summoners' Sanctum?"", 'It was just ... too hard to say.', ""Don't you think we tried to stop her? She follows ... her heart."", 'How?', 'This is tough on all of us.', 'And you still use it?', ""We're powerless as long as we're on this ship."", ""No matter what happens, Yuna won't give up her pilgrimage."", 'The Palace of St. Bevelle. Heart of Yevon.', ""It's called a wedding dress."", 'The city of Bevelle is built on the water. There may be underwater fighting. You or Rikku should study your magic, just in case. Seymour is one of the dead now. Odd. Why does Maester Mika allow the unsent to walk free?', 'The guardian wyrm, Evrae. The great sacred beast– protector of Bevelle!', ""The Calm Lands. Long ago, the high summoners fought Sin here. The road ends here. Beyond, there're no towns, no villages. Only endless plains."", 'Father Zuke!', 'Father, you came all the way here just to tell us this?', 'Thank you, Father.', 'Until half a year ago, he was a summoner. Wakka and I were his guardians.', 'He gave up halfway. Here, on this plain. Now, he is a monk at the Bevelle temple.', ""This is my third pilgrimage as a guardian. Father Zuke was my second. And my first, well ... It ended here, too. I've never been to the lands beyond. Mt. Gagazet towers to the north, and Zanarkand lies beyond that."", 'That way leads down into the valley.', 'The fayth is inside. As are the fiends.', 'They say it was stolen from a temple long ago.', ""It is ... It's you, is it not, Lady Ginnem? Forgive me. I was too young."", 'There is no human left in you now, is there?', 'Very well, then. Allow me to perform my last duty to you. My last as your guardian.', ""Strange. I thought it would be sadder, somehow. Maybe I've gotten used to farewells."", ""Wakka, I hope you're right."", 'Yuna, the fayth is inside. Go do what you came to do.', 'Lord Kelk Ronso, if I may. Have you not also turned your back on Bevelle?', ""Yuna's ... grown stronger."", ""That's why she's strong. She's still pressing forward. When weak people are driven they can't go far before they break. She keeps going forward, because she is strong."", ""Yuna has grown strong. And I ... All I can do is try and keep up with her. Let's get ready for the climb."", 'These mark the graves of summoners and guardians who failed.', ""Summoners that die up here ... aren't sent to the Farplane."", 'Who would send them? They die alone.', ""Many have become fiends, and they may want Yuna's company."", ""(Sigh) You're right."", 'All this way, only to fail. It must have been tough.', 'Yuna!', ""You'd fight your own father?"", 'Who wields power on this scale, and what could they be calling?', 'You okay?', ""If anything should happen in the water, we're relying on you three. If it gets dangerous, pull out quick."", 'She said ""Lady Yocun,"" didn\'t she? Wait! She guarded High Summoner Yocun?', 'If one of us has to become a fayth ... I volunteer.', ""If you want everything, you'll end up with nothing."", ""This ... this cannot be! The teachings state that we can exorcise Sin with complete atonement! It's been our only hope all these years!"", 'You can always run.', 'My thoughts exactly.', 'We need to sit and think this through. There has to be a way!', 'The Hymn is the key.', 'Sir Jecht likes the Hymn of the Fayth, correct?', 'Sin ... violence incarnate, listening peacefully.', ""Let me say it. If we attack Sin head-on, we've little chance of winning. However, if he hears the Hymn of the Fayth, he will become docile."", ""Well, I guess it's all or nothing."", ""I'm still not the person I wanted to become, not yet. I'll come back to let you know how things went. I hope I'll bring back ... good news."", 'Seven hundred years ago ... a monk who defied the teachings was sentenced here.', 'Just what does he think he can get away with?', 'Lady Yunalesca also mentioned him.', ""We'll be bringing a new Calm. One that will last forever. This will be a battle unmatched in the thousand years since Sin's birth. Spira without Sin ... hmm. Why is it so hard to imagine? Afterwards–after we defeat Sin–promise you'll stay with Yuna."", 'A singing ship in the sky.', ""Well? Let's go!"", 'Yes, I can hear the Hymn, too.', 'A day with you is never dull!', ""But it has weakened. I'm sure of it."", ""I think it's a little early to start celebrating."", ""Let's go. Just you and me."", 'You\'ve proven yourself as a guardian. Maybe even as the best. You know, your meeting Yuna was really quite ... Can\'t say ""Praise be to Yevon"" anymore, can we?', 'Here it comes!', 'What are you talking about?', ""Yuna, it's time."", 'Seven hundred years ago ... a monk who defied the teachings was sentenced here.', ""Let's go!""]",PC
Final Fantasy X,2001,Japan,Luzzu,Male,"['Ah, the one from the sea!', ""After surviving your run-in with Sin, 'twould be a shame if something happened now."", ""If Sin's nearby, it'll attack the island for sure. But it hasn't. I wonder why?"", 'Sin! The toxin! Gatta, tell him who we are!', ""Well, we've steered Sin away from towns many times! And that's all we can do. Nobody's ever been able to defeat it. Our mission as Crusaders is to protect the temples, towns, villages, and people of Spira."", 'It does seem rather bad ...', 'We could just tell you, but I think it better for you to try and remember. Go pray at the temple. Perhaps Yevon will help you regain your memory.', ""We've been excommunicated from Yevon. We must go, now. Everything is riding on our next ... our last battle!"", ""I'm not at liberty to talk about our plan."", ""If people think you're with us, you'll be excommunicated, too! Some things you're better off not knowing. Take it from me."", ""The fiend before us is Ochu, Lord of the Wood! We've had trouble with this one before. Remember, discretion is the better part of valor."", 'The Ochu is no garden-variety fiend. We could throw a hundred Crusaders at it and still lose.', 'Ochu poison is a surefire way to get to the Farplane, and fast.', 'Only the Lord of the Wood could fall asleep after a battle like that. Let it go. Save your strength for the next battle.', 'A summoner and her guardians. Very impressive!', ""We'll get our chance soon enough."", ""Do your best, kid. Wakka's counting on you."", 'It might not mean much, but good luck in the tournament.', 'Best to let him sleep.', ""Well, you're looking in the wrong place. There aren't many people here."", ""We'd like to, but we're waiting for some couriers."", ""Hmm, they're late ... Wanna ditch the courier and go watch the game?"", 'Ha.', 'See what I mean? We might be a little late, but we will go watch you play.', 'Congratulations, Wakka!', 'It was close, Wakka.', ""Yes, ma'am! Apologies, ma'am!"", 'See? Keep your head down, say ""sir"" a lot, and you\'ll do fine.', ""Hey, Yuna. Even though Yevon rejected us ... we still believe in you. That won't ever change."", 'This is the last of them.', ""Wait around. We'll have Sin beaten in no time!"", 'Order are orders.', 'Guarding the command center is important too, you know.', 'But I came all the way from Besaid to fight Sin, sir!', ""I know, but an order's an order. To your post, Crusader."", 'They let you through, huh?', ""They still need some time to get them ready. Our job is to keep Sin at bay till they're done."", ""Wakka ... I might not get another chance to say this. It's about your brother."", ""I'm the one who convinced him ... to enlist."", ""I'm sorry."", 'Chappu also said to me ... That being with your girl is good ... But keeping Sin far away from her is better.', '(Chuckles) She hit me too.', ""That's my cue."", 'So you can hit me more?', 'I have to, Yuna.', 'Hey.', ""Gatta, he's ... he's dead. He was a good fighter. He just wasn't lucky enough."", ""Ah, damn it! He was young! He pushed his luck! What was he thinking–going up there in the front lines like that? He should've stayed back with command! Damn it! Damn it all!"", ""Y-You don't know what it's like!"", ""(Slumps) I'm sorry."", 'Rest?', 'I ... I guess so.', '(snorts) Right.', 'This is all punishment for turning from Yevon ...', 'I suppose this is farewell, then.', ""I'm leaving ... back to Besaid. I can't stay here eating the temple's bread forever. I'm one of the only Crusaders still here."", ""You're leaving, I hear. Farewell, I hope we meet again."", 'Watching for fiends! We Crusaders must protect the village. Even if we cannot defeat Sin, we do what we can.', 'Then you should pray before you go. All who leave the island pray for safe passage over there. Gatta always refused, though.', 'Eh?', '(Chuckles) Well, I guess you have the spirit. Good luck.', 'Even should the temple forsake us, we will do our duty. We are the shield that guards this land.', ""I can't believe they're calling Lady Yuna a traitor ..."", 'Calling Lady Yuna a traitor? There must be some mistake! Everyone in Besaid thinks so. As long as Sin remains, so does our duty.', 'They say a flying ship gave Sin a good chase. Never let your guard down! Sin is the most evil of foes. All we can do is praty that this ship of the skies can defeat Sin.']",NPC
Final Fantasy X,2001,Japan,Maechen,Male,"['This is a statue of Lord Mi\'ihen. Eight centuries ago, he founded a legion known today as the Crusaders. In just a few short years after their founding, their ranks grew throughout Spira. The maesters of Yevon feared an uprising and accused them of rebellion. So Lord Mi\'ihen walked along this very road to go face their charges and refute them. He succeeded in winning the maesters\' trust, and his legion became an arm of the Yevon clergy. It was then that Yevon gave them the name ""Crusaders,"" which they have kept ever since. And the rest is history.', 'Although this is a highroad, fiends do appear. Be on your guard!', 'Do you know what those ruins are from?', ""Correct. A city most ancient! A terrible testament to Sin's power. I tremble every time I see them. Compared to Sin, humans are mere mudpuppies!"", ""A good reply. I am relieved to hear you say that, m'lady summoner."", ""Where are my manners? I am Maechen, a scholar. At your service, m'lady. I am on a journey, studying the history of our world, Spira, seeking its stories and secrets ... ."", ""My travels have taken me to many places, and I am troubled by what I have seen. Fragile smiles on people's faces crumbling at the mere mention of Sin. They are counting on you, m'lady. Give them a reason to rejoice once more."", ""Ah, Lady Yuna's guardians, I presume?"", ""Mr. Rin's shops are all over Spira. They are quite convenient when you're on the road."", 'A safe journey to you!', 'Would you like to hear about the Highroad?', 'Hmm ... pity.', ""We are currently travelling a part of the Mi'ihen Highroad called the Newroad. Naturally, that suggests that there is, or was, an Oldroad. The road that runs below this Newroad is the original Mi'ihen Highroad. Hence, the road that Lord Mi'ihen walked is not this road, but the Oldroad. The Newroad was built to replace the Oldroad destroyed by Sin five hundred years ago. But sometimes, standing on the Oldroad and reminiscing about the past can be a pleasurable pastime."", 'Would you like to hear a bit about the wondrous shoopuf?', 'Pity.', ""Very well! There are many things we do not know about the shoopuf. For example, what does it eat? It eats nothing! The water it sucks through its schnoz somehow supports its considerable size. Some theorize it eats teeny-weeny waterborne organisms. And that, as they say, is that. Perhaps you'd like to hear a bit about the Hypello, hmm?"", 'Pity.', ""These shoopuf handlers belong to a race of water-dwellers known as the Hypello. They may be slow on land, but in the water they're quick as silvery fish! You'd think they'd make admirable players of blitzball. But their lackadaisical disposition draws them to less strenuous pastimes. And that, as they say, is that. I believe I've said all there is to say."", 'Care to hear about the Farplane or the pyreflies?', 'Pity. Suit yourself.', ""Ahem! The Farplane's the place where pyreflies born from a sending gather. They appear in the shape of people who've died and gone to the Farplane. Quite the phenomenon; how I wish I understood it more fully! The Al Bhed have a theory, you know. They say the pyreflies are just reacting to visitors' thoughts and dreams. But only the dead appear on the Farplane. No image of the living has ever been seen. It's a great mystery! But maybe ... Maybe the dead leave a bit of themselves in the hearts of the living. And that little bit borrows the pyreflies' power for their paranormal performance! Or maybe not. Who knows? And that, as they say, is that."", 'Ahem! They may be called ""pyreflies"" but they aren\'t really ""flies,"" you see. They\'re those lights you see whenever a fiend dies. The little fellows are responsible for a few fantastic phenomena. Visions of the past, spheres, fiends– these are all the pyreflies\' doing. In fact ... pyreflies have something to do with aeons, too. The dreams of the fayth reach through the spirit of the summoner ... And that which is unreal becomes real for all to see! Or maybe not. Who knows? And that, as they say, is that.', ""Can't get enough? Like to hear it one more time?"", 'Well, hello there. Would you like to hear about this place?', 'Pity.', 'Very well, let me tell you about the Crossing. A long time ago, this place was a traveller\'s nightmare. ""Plains of lightning, plains of thunder, those who cross are torn asunder."" Or ... so they used to say. Then a name by the name of Bilghen appeared. Using machina, he built towers that served as lightning rods across the plains. Finally, travellers were able to cross in safety. Bilghen was building that tower over there ... when he was struck and killed by lightning. Bilghen was an Al Bhed. Our history books never mention him. Take care, and farewell.', ""I've heard Lady Yuna is to wed Maester Seymour. It is great news. I'd like to congratulate her. But ... it is a pity. I'd hoped Lady Yuna would defeat Sin and bring the Calm to Spira."", 'Ah! That is also great news! Her resolve is admirable!', 'Would you like to hear about Macalania?', 'Pity.', ""Lake Macalania is frozen over all through the year. It stays frozen even on the hottest of days. It is said that the temple's fayth is the cause of this fantastic phenomenon! And that is all for today."", 'Hopefully I can be present at the wedding. It is not every day that one can attend such a joyous event.', 'What is all that ruckus outside?', 'Perhaps you would like to know a bit about these plains?', 'What a pity.', ""Mm-hm. As you know, these plains were once a battlefield. A great battle between Bevelle and Zanarkand, a melee of machina! That war left this place a barren, lifeless land. Then, time passed. The summoners took note of this uninhabited land. Great battles could be fought here, with no harm to the common folk. Perfect for the final battle with Sin, as it were. Summoners wait here, ready to perform the Final Summoning. Ah, to know what they must feel! In any case, when Sin is defeated here, the Calm will visit Spira once more. That's why this place is now known as the Calm Lands. Exactly who dubbed it so is unknown. And that, as they say, is that. Oh dear, I almost forgot to tell you something. There's a chasm, a great rend in the earth, in these parts. A scar from High Summoner Gandof's bitter battle with Sin, four hundred years past. Like to hear about this place once more?"", 'Shall I tell you about the Spira of days long past, eh?', 'Hmph. Suit yourself.', 'There is a legend, you know. Just before the horrible Sin appeared ... a terrible war raged between Bevelle and Zanarkand. When the armies of Bevelle attacked Mount Gagazet, they heard a song echoing across the snowy slopes. ""\'Tis a song from an otherworld,"" they said. The soldiers panicked and ran. And then, as if to pursue the retreating armies, Sin appeared! Some time later, scouts from Bevelle braved the mountain. On the other side, they witnessed the ruins that had been Zanarkand. The city destroyed. Not a single soul left standing. Gone! In its place, a multitude of the fayth had gathered on Gagazet. They were singing a song. It\'s the song we now call the ""Hymn of the Fayth."" And that, as they say, is that. Well ... maybe not all of it.', 'Would you like to hear the rest?', 'Hmph. Suit yourself.', ""Rumors flew in Bevelle about Sin's sudden appearance. They said that the people of Zanarkand became the fayth, that they had called Sin. And that the man responsible ... was none other than the summoner Yevon, ruler of Zanarkand! Yes, the lord father of Lady Yunalesca. On the eve of Zanarkand's destruction, Lady Yunalesca ... had fled to safety with her husband, Zaon. Later, the two used the Final Summoning to defeat Sin. Yet the people of Bevelle still feared Yu Yevon. It was to quell his wrath that they revered him, and first spread his teachings. And so were born the temples of Yevon. I suppose it's possible Yunalesca had planned it that way from the start! A fair trade, she defeats Sin in exchange for her lord father's honor. Of course, there's no proof. No, the facts are lost in the mists of time. And who'd admit Yevon was an enemy of Bevelle? You can bet the temples had a hand in covering that one up! And that, as they say, is that."", 'Like to hear more, would you?', 'Hmph. Suit yourself.', ""Let me tell you about the Hymn of the Fayth. It was once a Zanarkand song, sung in defiance of Bevelle! Of course, the Yevon clergy of Bevelle forbade it. Then, as these things often go, those who disliked Yevon began to sing it. The Al Bhed, for instance. The Hymn of the Fayth became the symbol of defiance against Yevon. Yevon could do nothing but capitulate. They lifted the ban on the song, and spread a new story. They said the hymn was a song sung to soothe the souls of the dead. And so saying, they took the song and made it scripture. That's why today, the hymn is sung all over Spira. You could say that, though Zanarkand is gone from this world, it lives on in the song. Aaaah, but look at the time. I've rambled on again. I do love stories, you see. Well, I owe you my gratitude for hearing this old scholar out."", 'Like to hear about this place once more?']",NPC
Final Fantasy X,2001,Japan,Maroda,Male,"[""And I'm Maroda. I'm guarding my big brother here."", 'Isaaru!', 'Our itinerary just keeps slipping. We should be climbing the slopes of Mt. Gagazet by now.', ""I keep telling 'im, the more time we waste, the farther we'll fall behind the other summoners."", 'I heard it from those Crusaders. Seems that summoners have been going out on pilgrimage and just ... disappearing.', ""Sorry I don't know more, but ... watch your back. Ain't much future for a guardian without a summoner, eh?"", ""We're talking about doing your job as a guardian!"", ""Hey, I'm not looking forward to my brother dying when this is all over. If only there was some way of doing it without anyone dying."", ""Easier said than done. If we had all the time in the world, yeah, we'd think of something. And while we were thinking, Sin would kill us all. Spira doesn't have that time."", ""The Al Bhed caught up to us in Besaid. They grabbed Pacce, so we had to do what they said. We needed a break, anyway. Pacce was pretty tired. He should never have come on the pilgrimage, little kid like that. Still, he does pretty good for his size. He's gonna be something someday. Hey, you know where this ship's headed?"", 'Let him sleep, man.', 'Be careful!', ""Hold there! This bridge is closed. Bevelle is off limits by the temple's decree. No one may enter."", '(Scolding) Pacce ...', ""(To Tidus) At least, that's what they say. The temple's falling apart with all four maesters gone. They're afraid of riots, so they're turning everyone away. With our brother in the middle ..."", ""They came crying to him to stay in Bevelle, to protect the temple and all that. And you know our brother. It's not in him to refuse."", 'Of course not! Geez ...', ""(To Tidus) Long story short ... You'll only find trouble in Bevelle. I'd stay out for your own safety."", ""That whole bit about Yuna being a traitor's just some Al Bhed rumor, I hear. I just can't believe it. I mean, the Al Bhed helped us out! Wait all you want. Bevelle's gates are closed.""]",NPC
Final Fantasy X,2001,Japan,Mep,Male,"['Kilika Temple is the temple of fire. Even the Cloister of Trials is engulfed in flames. Those who disobey the precepts and enter unsanctioned may forfeit their lives.', 'I was the captain of the Kilika Beasts in my youth. After Lord Ohalland took me under his wing, I followed the ways of Yevon.', 'We have asked the Crusaders to help patrol the temple, since the warrior monks have left. However, with so few of them, I do wonder if they will be able to fend off the fiends. Has the maester abandoned all the temples throughout Spira?']",NPC
Final Fantasy X,2001,Japan,Mifurey,Female,"['Ah, Lady Summoner. Yes, just over that way.', 'Welcom to Rin Travel Agency! We have a wide selection of quality merchandise to choose from.']",NPC
Final Fantasy X,2001,Japan,Miyu,Female,"[""The Crusaders were in charge of guarding the stadium up until last year. But they're all busy preparing for the operation now. So this year, the citizens have taken up security posts."", 'I am relieved the grand maester is safe. We owe it all to Maester Seymour.', ""Should I stay a Crusader, or follow a different path? I wanted to discuss this with someone on the Farplane, but maybe I shouldn't ..."", ""It's my future, so I need to make my own decisions."", ""Forget about going to Guadosalam. It's so quiet, you'll go crazy. Rookie Crusaders are training somewhere in the Calm Lands, waiting for us to regroup."", ""Seems like all the Guado want to go to the Farplane. What will become of the Crusaders once Sin's gone?""]",NPC
Final Fantasy X,2001,Japan,Naida,Female,['Welcome. What can I do for you?'],NPC
Final Fantasy X,2001,Japan,Nav Guado,Male,"[""It's called endurance training. Stay out of my way. What do you want? I'll face you in the sphere pool soon enough."", ""Luca's tournament was completely upstaged by Seymour's aeon. And by showing support for the excommunicated Crusaders, Seymour's popularity is growing fast."", ""First a tribe, then a temple, and now ... a bride. Everything just falls into Seymour's lap."", 'Now that Seymour is dead, no one knows who will rise to take his place. That means that I still have a chance. Once I lead the Guado Glories to victory, I will become the next lord here. Until then, the Farplane cannot have me! Whatever it takes, I will live to see that day. No one will lord over the Guado but me! Mwahahaha.']",NPC
Final Fantasy X,2001,Japan,Nedus,Male,"['Nothing beats blitz! I wish you luck.', 'I do not know a thing! I swear to you!', 'The Al Bhed had nothing to do with that fiend attack. That is the truth!', 'Many Al Bhed lost their lives in the operation.', 'I will not ride the airship. I get airsick easily.']",NPC
Final Fantasy X,2001,Japan,Nhadala,Female,"['I saw your rallying cry on the sphere. Heheh, best of luck to you.', ""Nice work out there. Now I know you're not all talk."", 'I really enjoyed your awesome moves! I hope I get to see you play more often.', ""Hey, when are you playin' next? I really want to see you again."", 'A flying ship, huh? What will they think of next?']",NPC
Final Fantasy X,2001,Japan,Nimrook,Male,"['We need blitz to cheer our people after the loss of Home, you see?', 'I will not die in this place! I fear no fiend! Come, and I will fight!', 'I must train or the airship will rob me of my muscles!', 'The age of the temples is past. Now comes the age of machina!', 'Elder Cid has great courage! I must learn to be like him.', 'When the time comes, I will fight, Sin! Here is my best shot!', 'How was it inside Sin? Many fiend there, I think.']",NPC
Final Fantasy X,2001,Japan,Nizarut,Male,"['Yeah! Once we win the tournament, this will be my victory pose!', 'Yeah! Teamwork and trust are key elements for both guardians and blitzers!', 'You sure are taking it easy. The opening match is about to start, you know.', 'Yeah! Once we win the tournament next year, this will be my victory pose!', ""Yeah! When the ship comes flying by, I'm going to cheer it on like this!"", ""Yeah! When the Calm comes, this is how I'm going to celebrate!""]",NPC
Final Fantasy X,2001,Japan,Noy Guado,Male,"[""We Guado help the warrior monks patrol the roads beyond. Why wouldn't we do all we can for the good of Spira?"", ""Someday when the Crusaders regroup, we'll want them to help us, too."", 'If the Al Bhed strike, I will arm myself and fight alongside my brethren.', 'Some advice from one blitzer to another Stay away from Guadosalam.', 'We Guado have lost our purpose. No one knows what chaos may ensue.']",NPC
Final Fantasy X,2001,Japan,Nuvy Ronso,Female,"['Aurochs are true warriors. Aurochs deserve mighty horns.', 'Ronso Fangs want to play more teams to hone blitz skills.', 'The Crusaders stand strong once more. We admire their fortitude.']",NPC
Final Fantasy X,2001,Japan,O'aka,Male,"[""Oooh, them's fascinatin' clothes you're wearing! (Walks over and inspects) Yewh! Filthy, filthy! These won't sell or me name's not O'aka! Don't look like you got much money either. I've no business with ye. Outta me way!"", ""O'aka XXIII, merchant extraordinaire!"", ""Don't know me? Well, not many do, not yet."", ""But someday, the name O'aka will be spoken all over Spira!"", ""Say, lad, you wouldn't have a bit o' Gil to lend?"", ""You're really gonna give me X Gil?"", ""I guess it pays to ask! Thank ye kindly, lad! Fine seed money for the O'aka merchant empire! Much obliged, lad! I'll be sure to pay ye back!"", ""(Disgusted noise) Should've expected as much."", 'Eh, it figures.', 'Have you got some to lend?', ""They ask a fortune for rags in Besaid. And Kilika, well ... Me business is in shambles! What's an O'aka to do, I ask ye!"", 'Mind spotting me some Gil again, lad?', 'Right. Figures.', ""(Disgusted noise) Should've expected as much."", ""The stores at the stadium are closed during the tournament. But I'm always open for business!"", ""The people here are so into the game, they don't even look at what they're buying! Gotta love blitz, eh?"", ""The people here are so into the game, they don't even look at what they're buying! Gotta love blitz, eh?"", 'Have you got some to lend?', ""Hey, lad. I appreciate yer offer, but ye ain't got enough Gil."", 'Blimey, lad! Will ye actually lend me X Gil?', ""Welcome to O'aka's!"", ""Coming down to the Oldroad was a mistake ... Ye can't run a business with no customers! Say, can I interest you in something?"", 'Spare some change, lad? Yes. Ye really gonna lend me X gil? No. It figures.', ""Sure are a lot of Crusaders about. Wonder what they're up to? Welcome to O'aka's!"", 'Good day, lad! Sneaked past the guards, I did!', 'Be makin\' a fortune with ""Operation Mi\'ihen"" prices! But you, lad, you get a discount! I owes ya one, eh?', ""Welcome to O'aka's!"", ""Monopoly's a great thing! Things are sellin' no matter what the price! Oops! Sorry, I forgot. Welcome to O'aka's!"", 'I made a bundle with the operation prices. But the way it turned out, they deserved a better deal. I guess the summoners are our only hope. Huh? You wanna buy something?', ""O'aka, at your service!"", ""O'aka, at your service!"", 'Ohhh!', 'Thank ye.', ""I tell ye, these Guado merchants are shrewd! Rippin' off the pilgrims that come to visit the Farplane! Listen, you watch that they don't get you, too! Me, ye can trust! More than the Guado, at least. What do ye say?"", ""Welcome! Holiday prices on all items in celebration of Maester Seymour Guado's wedding!"", 'Too expensive, ye think?', 'How about this?', ""I'll go with these prices for a while!"", ""Welcome to O'aka's!"", ""Curse that Rin for taking up a place like this! He'll be rich by tomorrow all on account of this celebration thing! Hmm? What? You buyin' somethin' from me?"", 'Great! I knew I could count on you, lad!', ""Should've expected as much."", ""Welcome to O'aka's!"", ""You need somethin' for the big rescue, eh? I've got just the thing! Eh? you want something else?"", ""Hurray for Maester Seymour's wedding!"", 'Oh, I hear Lady Yuna is still going to continue her journey, ah? I wonder if that means she and Maester Seymour will fight Sin together? Just like Lady Yunalesca and Lord Zaon!', ""(Facepalm) You've really done it now! Wanna buy something, just in case? You be careful."", 'You can annoy Auron by trying to re-enter Macalania Temple ...', 'Hello, there!', ""Nah, those monks are pushovers, I tell ye! I'll fleece any priest, or my name's not O'aka!"", 'No problem! Anything for a customer, eh?', ""I-It's nothing."", ""Wantz has got all the good stuff. O'aka XXIII's retiring!""]",NPC
Final Fantasy X,2001,Japan,Pacce,Male,"[""I'm Pacce. Pleased to meet you."", ""Awww, it's so pretty ..."", ""What? What? Whatcha all talkin' 'bout?"", ""What? What? Whatcha all talkin' 'bout?"", ""Hey, I'm doing good! Right, big brother?"", 'Oh ... what?', 'Be right there!', 'See ya!', 'Hey, um, what\'s ""sacrificed""? The Al Bhed said summoners were being ""sacrificed."" That summoners shouldn\'t have to do a pilgrimage ...', ""Don't worry! We'll guard this area!"", ""Everyone's in mourning since Maester Mika died ... And it's been morning [sic] for days now!"", 'Oh, I guess our pilgrimage is done, then, huh?', ""Isaaru sends his regards to Lady Yuna. And ... he says he's sorry, too. I heard something funny the other day. If a flying ship sings, we're supposed to sing along! And they say that will beat Sin!""]",NPC
Final Fantasy X,2001,Japan,Pah Guado,Female,"[""Say, you play for the Besaid Aurochs. You're Tidus, right? I saw you at the tournament. Let's blitz sometime. Those fiends really made a mess. Some of my teammates were badly hurt."", ""Aren't you headed to Macalania? Better not keep them waiting. Lord Seymour may be cool, but Tromell's got quite a temper, you know. Come back after the wedding. We'll swap blitz stories!"", ""Our captain is aiming for bigger goals now. He says he'll take the helm of the Guado! I wonder if he's really serious. How much Guado life would change with a blitzer in charge ...""]",NPC
Final Fantasy X,2001,Japan,Rikku,Male,"['Wait! What if it is human?', 'I forbid it! We bring it with us.', '!', 'He said you can stay if you make yourself useful.', 'Oh, almost forgot!', ""We found some ancient ruins right beneath us. It's not active now, but there should still be some power left. We're gonna go down there and activate it ... and then we should be able to salvage the big prize!"", ""Okay! Let's get to work!"", ""We'll go as soon as you're ready!"", ""Hey! (Offers canteen) It's 'cause you eat too fast!"", 'Hey!', 'Rikku.', ""I didn't get a chance to! Everyone thought oui were a fiend."", ""We're Al Bhed. Can't you tell?"", ""Wait. You're not an Al Bhed-hater, are you?"", 'Where are you from?', 'Did you hit your head or something?', 'Oh, right ... Do you remember anything before that?', 'You were near Sin.', ""Don't worry, you'll be better in no time. They say your head gets funny when Sin is near. Maybe you just had some kind of dream?"", ""Because of Sin's toxin, yeah."", 'Yeah, there is no Zanarkand anymore. Sin destroyed it a thousand years ago. So ... no one plays blitzball there.', 'You said ... You play blitzball?', 'You know, you should go to Luca. Someone might know who you are, or you might find someone you recognize.', ""(wanders around a bit, then pats his shoulder) Okay, leave it to me! I'll get you to Luca, promise!"", ""(laughs) You'd rather stay here?"", ""Okay, I'll go tell the others. Wait here."", ""Oh, and one thing. Don't tell anyone you're from Zanarkand, okay? Yevon says it's a holy place. You might upset someone."", 'Hm.', '(Running up) Hey!', ""You said you'd go with me!"", 'I thought Wakka told you not to get any ideas?', ""Yeah, so you're coming with me!"", ""That's the spirit!"", 'Ah! I thought I was done for, back there.', 'Terrible!', 'You beat me up, remember?', 'Mm-hm. That really hurt, you know. You big meanie!', ""Nuh-uh. It's not exactly what you think."", ""Pleased to meet you! I'm Rikku!"", 'Girls only! Boys please wait over there!', 'Um ... No good?', 'A hundred percent! So, anyway ... Can I?', 'Mm-hm!', ""Righto! Then I'll just have to be the merriest!"", 'Rikku, at your service!', ""Oooh! A treasure chest! I wonder what's inside? (swipe) Ya-hoo!"", ""You should know, I'm scary when I'm mad! I'm gonna use that item I just got on you! You'll be sorry!"", ""I can combine items and use them like this. It's not that tough, really."", ""Twist our arms why don't ya!"", 'Ah, I almost forgot!', 'What would you do without me?', 'I wonder what smells so nice!', ""(Behind buffet, talking with mouth full) Mmmm! This is good! Guado sure know how to eat! Gee, I wonder what all this is for. It's exciting!"", 'Wow! Your face is beet red!', 'You could always just quit your pilgrimage and get married.', 'Umm, I guess so ...', ""You're not really going to see the dead, more like your memories of them. People think of their relatives, and the pyreflies react to them. They take on the form of the dead person–an illusion, nothing else."", 'I keep my memories inside.', 'See you later!', ""That's against the rules, isn't it?"", ""Wait up, I'll go with ya!"", ""Yunie's not getting married, is she?"", ""That's no thing to say! I think she should get married and stop being a summoner."", 'Yeah.', ""Because it's tough, you know? In the end, she has to fight Sin."", ""(Sighs) I guess you're right. Too bad."", ""Ho-ho! That's the way to go! Then, you could take her away and live a quiet life somewhere. Yeah, sounds good to me!"", 'Yeah.', ""Because it's tough, you know? In the end, she has to fight Sin."", ""(Sighs) I guess you're right. Too bad."", 'See ya! (Leaps off balcony and cat-lands on the level below, then waves.Maybe someday!', ""Say, you ever think about gettin' married?"", 'I think about it a lot.', 'Some people marry really young in Spira, you know.', ""Yeah. Fiends are around, and there's always Sin, right? One of them might get you, you know? Lots of people marry the first person they fall in love with, just like that!"", ""I'll probably be the same way."", 'Rikku You an only child?', 'I got an older brother, myself.', 'I wish I had some younger brothers and sisters, though ...', 'Mom died ... A machina went on a rampage ...', ""When I get married, I'm gonna have lots of kids! That way they'll all have brothers and sisters! What?"", ""When we leave here, we have to go through the Thunder Plains next, you know. I can't stand thunder!"", ""(Calling) Yuna, let's go!"", ""Maybe he wasn't expecting Yuna's answer so soon."", '(Cowers after another crack of lightning) I think I forgot something in Guadosalam.', ""Okay, okay! I'll go!"", 'Heh heh heh heh heh heh heh ...', 'Eh heh heh heh heh heh heh ...', ""I wanna go home! I hate lightning! I hate thunder! Let's go rest over there! Please?"", 'I know, but ... Just for a little while?', ""Pretty please? Just for a few minutes? I'm scared of lightning! Let's rest, please? Pretty please? I'm too young to die! You're mean ... cruel! Your moms would be ashamed of you! Are you having fun doing this to me?"", ""I've been scared of lightning ever since."", 'My brother said that, too.', 'Another thunderclap Aaaaah!', 'Shhh!', ""It's not stopping, is it?"", ""All right, already. But! You didn't have to say it like that, you know! You could be more comforting or something! You know, try to cheer me up? You just don't get me at all, do you? Hey! Are you listening? (Cringes at thunderclap, then shouts) I'm not scared! I'm not scared, you hear?"", ""We're almost out of here! Let's go!"", ""Yunie ... (Takes Y's shoulders, glares up at another flash) Quiet! (To Yuna) I wish we could help somehow, some way!"", 'Slowpokes!', ""I think there's more."", ""Can we go now? I'm tired of waiting!"", 'Oh, no!', 'Oh, no!', ""He's gonna use an anti-magic field on us!"", 'Yuna! You can use magic and call aeons now!', 'I am the guardian of Yuna, you see? Yuna is safe! We will guard her! She is safe!', '(nervous laugh) I told him I was a guardian. Well, guess I had to, really.', ""Because I'm Al Bhed. And that ... was my brother."", ""You're wrong! We have nothing against Yevon."", 'You got proof? Show me proof!', ""That's not good enough! Yevon says this, Yevon says that. Can't you think for yourself?"", ""I ... I don't know!"", ""But ... that doesn't mean you should do whatever they say without thinking! Nothing will ever change that way!"", 'You want Sin to keep coming back? There might be a way to stop it, you know!', 'When? How?', 'Why do I even bother?', 'Hm?', ""I'm sorry."", 'You sure you know how to drive this?', ""He didn't have to be so mean, yeah? I almost cried."", ""Just kidding! It's okay. At least you're still nice."", 'Hey, do I look like Yunie, you think?', ""Well, my dad's sister is Yunie's mother, you get it?"", 'Mm-hm.', ""Yuna's not the only one that I want to protect."", 'We Al Bhed want to protect all of the summoners, you know? Summoners are ... Well, you could say that ... they sacrifice themselves to, well ... to bring happiness to Spira.', 'Oh ...', 'Yes?', 'You know, the pilgrimage ... It, uh, takes a lot out of you.', ""I hope you're right."", ""I've decided to be Yuna's guardian now, and that's all I want."", 'Will Yuna be all right?', ""Wait, wait! Jyscal's sphere! We can show it to them!"", ""I'm sure Yunie's okay. She's breathing fine and all. How are Lulu and Wakka?"", ""She's so together. All grown up, I guess."", 'Well, just give me five or six more years.', ""(Bops Tidus) Hey, don't change the subject!"", 'Kimahri, too!', 'Huh?', 'Oh! I will!', ""Huh? Hey! Are you saying I'll never be like Rikku! Kimahri!"", ""Hey! You don't have to say it like that!"", ""You don't have to say it like that."", ""I can't believe you said that!"", 'Yeah! Kimahri roars, and Auron runs off, and ...', 'Yep!', 'Friends, huh?', 'Heh heh. Friends, huh? First time a non-Al Bhed called me that. Ee-hee-hee.', 'Hmm?', 'Oh! Hey, guys!', 'Hmm? (Stamps) Kimahri, too!', ""Where's Yunie?"", ""Umm ... There's something I wanna tell you, but promise not to say anything."", ""No glaring either! I know where we are. We're on Bikanel Island. There's a place us Al Bhed call Home near here. Yunie's there, I'm sure of it! Other Al Bhed must've come and rescued her!"", ""That's right! Anyway, I will take you there if you promise ... that you won't tell anyone about it. Especially not Yevonites, okay? You know they don't like us Al Bhed. Who knows what they'll do if they knew?"", 'Yevon did something really bad to us before.', ""Just promise you won't tell anyone about this island. Promise?"", 'You got it!', 'Let me handle the machina! I can take them apart piece by piece!', 'That way!', 'Uhh.. Which way was it again?', 'Over here!', 'Umm ... This way!', ""Umm ... I think I'm lost."", ""Keyakku! Who? Who's attacking us?"", 'Keyakku? Keyakku!', 'Father ...', ""Cid. Leader of the Al Bhed ... He's my dad."", 'Yeah. We have to save Yunie.', 'Right!', 'This is terrible!', 'Oh, no!', 'We have to get underground!', ""The Summoners' Sanctum! This way!"", 'Over here!', 'No, not that way!', ""You're right. You're right, Wakka. We Al Bhed, we ... we weren't always like this. Sin destroyed the island where we all used to live. After that, we were scattered to every corner of Spira. But then, my dad brought the Al Bhed together again. If we few put our minds to it and worked together, then we could make a new home. Everyone worked hard, we had our Home back again ... But now ... Why did things have to turn out this way?"", ""The Summoners' Sanctum is where we keep the summoners. We keep them safe there."", ""(nods) I know it's against the teachings and all that ..."", ""The pilgrimages have to stop! If they don't, and they get to Zanarkand ... They might defeat Sin. Yunie could ... but then she ... Yunie will die, you know?"", ""You know, don't you? Summoners journey to get the Final Aeon. Yuna told you, didn't she? With the Final Aeon, she can beat Sin. But then ... but then ... If she calls it, the Final Aeon's going to kill her! Even if she defeats Sin, it will kill Yunie too, you know!"", ""But Wakka, that's just totally wrong! Summoners shouldn't have to sacrifice themselves ... just so the rest of Spira can be happy, right?"", ""We're ... we're going to blow up our Home."", 'You can cram your happy festival, you big meanie!', ""I'm okay. I'm fine. Really."", ""Remember this ship? It's the one we found under the sea!"", ""Can't Yunie end her pilgrimage?"", ""What's Seymour doing alive? Didn't we take care of him in Macalania?"", 'Whoa, scary!', 'Wonder if that will work.', ""Yeah! We're gonna save Yunie, and nobody's gonna stop us!"", ""(Imitating Dad's accent, sort of) But destroy the ship and all go down together!"", 'Thanks.', 'What is that?', 'There he goes again.', ""Not alone, you won't!"", '!', '!', ""She's not stopping, is she?"", ""But, I can't just let her go."", 'But how?', ""But what if you can't?"", 'But ...', 'Okay.', 'Okay!', 'Ugh ... This is a toughie.', 'Where are we?', ""What's a fayth doing in a place like this?"", ""'Cause then the summoner won't die!"", 'Mm-hm!', 'Yeah! Yeah!', ""You think of anything yet? I ... there's just so little time. Uh ... I don't know. Ugh ... This is a toughie ..."", 'Zanarkand is on the other side, you know?', 'Yunie is gonna get the Final Aeon, you know?', ""I still haven't thought of anything."", 'What are we gonna do?', 'Hey ...', 'Just now you sounded like a leader, you know?', 'A-haa! (Mock-bows) Huh?', 'You are not fighting him alone!', 'This many?', ""(To Auron) Hey, you know something, don't you? Spill the beans!"", 'Yunie might die, you know?', 'Huh?', 'Wake up! Wake up!', 'Hey! We were so worried about you!', ""Hey! Can't we rest a little?"", ""I know, that's why I want to stop for a bit. Soon means that ... there's not much time left."", ""Fine. I'll think on the way."", ""Yuna, I say no! If we go down there, then you'll ..."", ""I'm not saying we shouldn't go. But shouldn't we think about it some more? There's gotta be some kind of way we can save you, Yuna!"", 'Yunie ...', ""Don't say that, Yunie! It's not over yet!"", 'No ... You can tell him yourself.', ""Yunie, don't say that because ... we're gonna see each other again, okay?"", 'What ... what was that?', 'Seymour?', 'You mean, there is no Final Aeon?', ""Why didn't you tell us!?"", ""Someone's coming!"", '""You\'ll think of something""?', ""You really think she'll help you?"", ""Well, I'm fighting!"", 'What?', '""Where, where?"" That all you can say? Why don\'t you think of something!?', 'Hmm ... uuuuhh ... Still thinking.', ""(Hand over Wakka's mouth) It was my idea. Let me tell them!"", '(Shoves in front of him) I just thought!', ""That's why he was listening to it in Macalania!"", 'Yeah! It could really work!', 'It really was my idea, you know.', ""If they want a fight, let's give 'em one!"", 'What?', '(Credible imitation of Shelinda) Stand down!', 'What was that about evil Al Bhed?', 'Hey, hey, wait! What was all that about the Al Bhed lying and stuff?', 'Oh ... Okay.', ""Wait, gramps! Who's Yu Yevon?"", 'Hey! Maybe you could help us with the hymn.', ""It's like, we need you to tell as many people as you can."", 'A ship in the sky will sing the Hymn of the Fayth. When they hear it, we need everyone to sing along!', ""You don't have to! Just tell everyone!"", ""My pop says he's got a special surprise for Sin. Can't wait till this is over so we can relax for a change! Don't worry, we'll be fine! Everyone'll sing for us, I know it!"", ""Aww ... now I'm feeling all warm inside."", ""Pops! I'm countin' on you!"", 'Oh, right on!', 'Figures.', 'I can hear the song!', 'They listened to us!', 'Huh? Hmm? ... . WHOA!', ""Sin's pulling us in!"", 'Go near more! or Father! Go far!', 'Easy for you to say!', ""The main gun's busted!"", 'See you there!', ""Yeah! We're winning!"", ""Pop's machina always seem to break down when you need them most."", ""(Interrupting over the intercom) Yunie! Guys! Come look! Something's happening to Sin!"", ""Don't worry. I'll cover you!"", 'Sometimes, when I got a lot on my mind, it just helps to go ""Aaaaa!"" Once the Calm starts, we\'ll take the airship to your Zanarkand! Just a feeling, but I think my dad kinda likes you.', 'Not now!', ""We're gonna see you again ... ?""]",PC
Final Fantasy X,2001,Japan,Rin,Male,"['Byntuh sa.', 'Ah, forgive me, sir. I meant to say ""pardon me,"" but it came out in Al Bhed.', 'Mm-hm. I am Rin, owner of this establishment. Hela du saad oui.', 'If you are interested ... Al Bhed primers can be found all over Spira. Finding them and learning our language might be fun. Here, let me give you one in commemoration of our meeting. Although you might want to be careful where you speak our language.', 'It is a shame.', 'Oh! Thank you for your help. Please, use this.', 'It is a ferocious beast! Be prepared!', 'Have you an interest in renting some chocobos? As a token of our gratitude, the first time is free of charge. Please ask the attendant, if you wish to rent.', 'We appreciate this thing you have done. Dryhg oui. It means, ""I thank you."" There are branches of my travel agency all over Spira. Your patronage is always welcome.', '(Emerging from back) Nice to see you again. Welcome to the Rin Travel Agency. (Notices Rikku) Oh?', 'Hmm.', 'How goes your study of our language?', 'That is good to hear. Allow me to present you with this book for your study.', 'I see. Well, it may not be essential for daily life.', 'I wonder ... Would that be Sir Auron, by any chance?', ""Ah, as I thought! I've been wondering since I saw him at the Mi'ihen Highroad branch. (Approaches him) Sir Auron! I wonder if you remember me? Ten years ago, at the beginning of Lord Braska's Calm?"", 'Not at all. I could not leave a wounded man to die. However, I was surprised when I saw you gone the next morning, with that wound. An ordinary man would not have been able to walk.', 'Oh ... He looks so much like him.', 'Maester Seymour and his entourage passed by a while ago. And the maester is to be married soon?', 'The Guado are telling everyone.', ""Welcome to Rin's."", 'Well, well. It appears you, too, have escaped harm.', 'I came to Home to pick up some goods and found myself here. Quite the escape. Thankfully, my goods were spared. Please let me know if you need any of my wares.', 'Thank you. Your patronage is very much appreciated. All proceeds will go to help restore Home.', 'Ah, how is your progress with our language?', ""Just repeating what I've said is not talking, now. But your pronunciation's quite passable. You've been studying, I see."", 'May I help you?', ""We're being attacked from within. Some of the Guado that attacked Home must have snuck on board."", 'I am calm about most things.', ""Rikku, you've made some very good friends, I think. Good luck."", 'Evrae is truly mighty. Be well prepared.', 'I have faith in your victory.', ""May I help you? Welcome! Rin's Aerial Branch office at your service. Welcome! How may I assist you today?"", 'Thank you. Your patronage is very much appreciated.', 'Lady Yuna has become quite the summoner. A gentle nature, yet strong as steel. She reminds me of her parents.', 'Lord Braska wanted peace between his people and ours. He would occasionally visit the Home of those days.', 'They ran off together, into the night.', ""Yes. He wouldn't talk to her after that. But, when Yuna was born, they made up again. His sister took off for Home at once. But then, her ship ..."", ""That incident turned Lord Braska down the summoner's path."", ""But, you'll put an end to it?"", 'I pray for your success.', 'Any last minute supplies before the showdown?', ""But of course. Once Sin is gone, we'll need to be rebuilding Home, you see."", ""If there's anything I can help you with in the future, just ask."", 'Very good! You have well learned our tongue.', 'To think the day would come, that we could talk so; it is joyous indeed!', 'Here, a present to congratulate your success!']",NPC
Final Fantasy X,2001,Japan,Ropp,Male,"[""Welcome to Rin's Travel Agency. Would you care to rest?""]",NPC
Final Fantasy X,2001,Japan,Seymour Guado,Male,"['I am Seymour Guado. I am honored to receive the title of Maester. In life, my father Jyscal worked to foster friendship between man and Guado. I vow to carry on his legacy, and to fulfill my duties as maester to the best of my abilities.', 'So we meet again, Lady Yuna.', 'You look troubled. Is there anything I can do?', 'I see.', 'Hold. I have a request.', 'I need to have Summoner Yuna and her guardians let through to the command center.', 'Do not worry. I will take full responsibility.', '(Turns to Yuna) It is done.', 'Brave Crusaders of Spira, protectors of all Spira. Believe in the path you have chosen, let faith be your strength! I, Seymour Guado, maester of Yevon, will bear witness to your deeds today.', ""Ah, Sir Auron. It is an honor. I would be most interested in hearing what you've been doing these past ten years."", 'I ... see. Sir Auron must be a great asset as a guardian.', ""Please, there's no need for formalities."", 'Please, speak as you normally would.', ""It's true ... I should."", ""However ... Both the Crusaders and the Al Bhed truly wish peace for Spira. This Operation Mi'ihen was born from that wish they share. Although it may be sacrilege to Yevon, their intentions are pure. And I, Seymour Guado– the person, not the maester of Yevon ... As a denizen of Spira, I wish them well in their endeavor."", ""Pretend you didn't see them."", ""Then, pretend I didn't say it."", '(Standing behind them) Lord Kinoc ...', 'Stand back, Lady Yuna.', ""You won't hurt it. Your powers are still ... too weak."", ""You can't!"", ""You do not look so well. But now more than ever, you must be the people's strength, their confidence."", 'Anyone else would be expected to show their sorrow.', ""But you ... are a summoner. You are Spira's hope. Until Sin is defeated, you must not relent. Do you understand?"", 'Are you afraid?', 'Yuna, take me as your pillar of strength. As Yunalesca had her lord Zaon.', 'Lady Yuna. Until next we meet, farewell.', '(Entering) That is enough, Tromell. Must I always endure such praise? (Yevon bow) Welcome!', ""Please, make yourselves at home. There's no rush."", 'Pardon me. It has been a long time since I had guests. Lady Yuna, this way.', 'This sphere is a reconstruction created from the thoughts of the dead that wander the Farplane.', 'Correct. Zanarkand ... as it looked one thousand years ago. The great and wondrous machina city, Zanarkand.', '(Mysteriously) She once lived in this metropolis.', 'She was the first person to defeat Sin and save the world from its ravages. And you have inherited her name.', 'Of course. Lady Yuna–no, all summoners–are charged with bringing peace to Spira. But this means more than just defeating Sin. She must ease the suffering of all Spira. She must be a leader for the people. I proposed to Lady Yuna as a Maester of Yevon.', 'Even so, the actors must play their parts.', ""(Approaches Yuna) There's no need to answer right away. Please, think it over."", 'Lady Yuna, I await your favorable reply.', 'Why are you still here, sir?', 'I beg your pardon. (Courtly bow) We Guado are keen to the scent of the Farplane.', 'Please be silent. Lady Yuna prays to the fayth.', 'What of it? Lady Yuna, certainly you know of these things, did you not?', 'Well then, why have you come here?', 'I see. You came to punish me, then.', 'What a pity.', 'Ah, of course. ""Protect the summoner even at the cost of one\'s life."" The Code of the Guardian. How admirable. Well, if you\'re offering your lives, I will have to take them.', 'So be it.', 'Your eyes, they burn with resolve ... Beautiful.', '... ... ...', 'Feel my pain! Come, Anima!', 'That power that defeated Anima ... It will be mine!', 'Ah, the son of Jecht.', 'Now is your time to die. Prepare yourself, son of Jecht.', 'Lady Yuna, it is a pleasure.', 'You could end the suffering of this poor Ronso.', 'Allow Kimahri to die, and release him from his pain. Spira ... is a land of suffering and sorrow caught in a spiral of death. To destroy–to heal–Spira, I will become Sin. Yes, with your help. Come with me, Yuna.', 'Once I have become the next Sin, your father will be freed again.', 'Pitiful mortal. Your hope ends here. And you meaningless existence with it.', ""Do you not want to heal Spira's sorrow? Let death carry you off into peaceful slumber."", '(Banishing aeon) Death awaits you!', ""No! Mother, no! I don't want you to become a fayth!"", ""I don't care about them! I need you, Mother! No one else!"", '(Whispering) Sin has chosen me. I am part of Sin. I am one with Sin, forever. Immortal!', 'I will learn to control it, from within. I have all the time in the world. Since you were gracious enough to dispose of Yunalesca ... the only means of destroying Sin is forever gone. Now nothing can stop us!', ""By all means, try! You should thank me.Your death means your father's life!"", 'But there is no salvation for the damned!', 'Rest in peace, in eternal darkness!', 'Let darkness take you!', 'You would oppose me as well? So be it!', '(Stumbles backwards, falls to his knees ... ) No!']",NPC
Final Fantasy X,2001,Japan,Seymour's Mother,Female,"['There is no other way. Use me and defeat Sin. Only then will the people accept you.', ""I don't ... have much time left."", 'So you know, yet still you seek my aid. My son ... do you not hate him?', 'It is all right. He is the one who sowed the seeds of hatred. He is to blame.', 'But I am at fault for letting him become what he was.', 'He was always alone–half Guado, half man. I wanted to give him the strength to live by himself. And so I became a fayth. But ... because I let him taste power, he began to thirst for more. He was not satisfied with my aeon. He wanted more. More power.', ""Yes. Come, summoner. I will bestow you with my power The Dark Aeon, Anima. Destroy Sin, and my son's obsession with it. Though it is small recompense for what I did to him."", 'So you know, yet still you seek my aid? My son ... Do you not hate him?', 'It is all right. He is the one who sowed the seeds of hatred. He is to blame.', 'But I am at fault for letting him become what he was.', 'He was always alone–half Guado, half man. I wanted to give him the strength to live by himself. And so I became a fayth. But ... because I let him taste power, he began to thirst for more. He was not satisfied with my aeon. He wanted more. More power.', ""Yes. Come, summoner. I will bestow you with my power The Dark Aeon, Anima. Destroy Sin, and my son's obsession with it. Though it is small recompense for what I did to him.""]",NPC
Final Fantasy X,2001,Japan,Shaami,Female,"[""I am reporting to you live, from outside Luca Stadium. The excitement here has reached a feverish pitch as the opening ceremony gets under way ... H-Hey! I'm in the middle of a broadcast! Leave me alone!"", ""Hm? You want me to interview you? It's not like the Aurochs are going to make it past the first round anyway. Why bother with an interview when we already know the outcome?"", ""Well ... if you win at least one game, I'll grant you an interview."", ""Do you know anything about the fiends inside the stadium? We have so few facts, we can't write up a feature on it yet."", ""I've been interviewing eyewitnesses, but nobody seems to know a thing."", 'Oh yes, congratulations! I have a lot more respect for the Aurochs now.', ""As you all know, Operation Mi'ihen ended in utter failure. With the Crusaders annihilated, the warrior monks and the Guado have been assigned to take up security posts in various locales. This dispatch was ordered by Maester Kinoc and Maester Seymour as they ... H-Hey! Would you stop interrupting my broadcast? You get enough attention already!"", 'The mysterious disappearance of the summoners may somehow be connected to the Al Bhe ... Ahh! Just let me do my job!', ""Even as faith in the Yevon clergy dwindles, the temple remains silent, choosing not to issue any official statement on the matter. Many are protesting the cold and insensitive manner in which the temple has treated the people. There have even been reports of a mass exodus from Bevelle by dejected temple followers ... Wh-What do you think you're doing!? Can't you see I'm working here? You sure are a show-off, aren't you! We have unconfirmed reports that Maester Seymour has committed an unspeakable crime ... Will you move!?""]",NPC
Final Fantasy X,2001,Japan,Shelinda,Female,"[""But Yevon's teachings say ..."", 'I-I only meant to ...', 'Lady Summoner ... ?', 'It is an honor, my lady. My name is Shelinda. I am a disciple of Yevon.', 'I heard they were to use forbidden machina! I had to stop them.', ""But, it's not about defeating Sin! The teachings of Yevon must be upheld!"", ""But you don't understand! The Crusaders won't even listen to me. And it's all because I'm just a lowly acolyte."", ""Yes! Yes, you're right, my lady. Absolutely right!"", 'Thank you so much, Lady Yuna! Now I feel I have the courage to finish my training.', 'I will do my best to get myself appointed to a temple, as a nun.', ""I've heard that the proprietor, Mr. Rin, is an Al Bhed. But I was very relieved to find that he keeps nothing sacrilegious here."", 'Thank you so much for your words yesterday.', 'Word has gotten around about me. Now all the Crusaders are ignoring me!', ""In the end, I wasn't able to stop them, as you can see. But seeing their fierce determination, I couldn't just sit there. So I decided that I would do everything in my power to help them."", ""Truly, I know nothing of the ways of fighting, but I do know some white magic. I'm hoping that will be of some use to them."", 'Is there anything I can do to help you?', 'Take care!', 'Are you all right?', 'Thank you, I will.', 'Good day, everyone. We can all learn a lesson from what has happened to the Crusaders. Only the truly faithful have a hope of defeating Sin.', ""I'm thinking of going to Guadosalam. I have not spoken with the Guado for some time."", ""Oh, how fare you, Sir Guardian? It seems that Maester Seymour has returned to Guadosalam. He's young, but he deserves our respect. The maester is also the high priest of Macalania temple. So he administers both the temple and Guado affairs. I hope to get an audience with Maester Seymour, myself."", 'My ... Was the lady summoner not with you?', ""That's all right."", 'Oh! Maester Seymour left Guadosalam a short while ago.', 'I believe he went to the temple in Macalania. Maester Seymour is also the high priest of that temple.', 'Please, tell the lady Yuna that I am doing just as she advised me! I, too, will go to the temple in Macalania shortly.', ""Is it true? I heard that Maester Seymour and Lady Yuna are to be wed! It's such great news! I have to tell everyone!"", 'From the Guado. They were all very excited!', 'Oh ... Really?', ""I see ... That's unfortunate. Well I'm sure that people would have rejoiced all over Spira. (Sigh) Please give Lady Yuna my best regards! Oh, please go ahead."", 'Hey! It will not do to joke about a thing like that. Maester Seymour and Lady Yuna–how wonderful! Oh, please go ahead.', 'Ah! There you are!', ""So Lady Yuna is getting married. You shouldn't kid around about these things."", ""Maester Seymour and Lady Yuna ... I couldn't be happier ... even if it was my own wedding. Now, victims of Sin will have something to be joyful about."", ""You're not happy?"", ""I believe ... she's gone to the Cloister of Trials with Maester Seymour."", ""I am travelling north to tell the people the wonderful news! I am indebted to Lady Yuna. Wherever they are to hold the ceremonies, I'll make sure to be there. Please send my best regards to Lady Yuna."", 'What has happened? Is there anything I can do?', ""Lady Yuna is not to be harmed! She's no traitor! That is an evil rumor spread by the Al Bhed!"", 'Maester Mika himself told me.', 'As she says!', 'I ... Truly, I do not understand it myself. All Yevon seems to be in a state of confusion. Why, yesterday they called me out of the blue and made me captain of the guard!', ""Yes, the chaos in the temples is worse than I'd imagined. It's horrible! And all the priests do is blame each other. I worry what will become of Yevon. But no! I must be the rock that stands against the swirling tides, right? Lady Yuna, I must tell you, your courage has been a great inspiration to me."", '(Entering) Where ... where is the grand maester?', ""(Running in) I'm afraid the grand maester is nowhere to be found!"", 'Oh ... I see.', 'What should I tell them?', ""I'm not sure I understand."", 'A ship in the sky will sing the Hymn of the Fayth? So when they hear it, everyone should sing along, correct?', 'Truly?', ""That's wonderful! You can count on me! I shall tell all of Spira!""]",NPC
Final Fantasy X,2001,Japan,Shuu,Female,"[""Hey, you're an Aurochs player, aren't you? You were great today!"", '(if Aurochs won) You ended a twenty-three-year losing streak. I never thought it would happen. What a miracle!', ""(if Aurochs lost) Even though you didn't win, it was a good game. Keep up the good work."", ""It may take awhile for the Crusaders to recover. I wonder what they're going to do now."", ""The wedding of Maester Seymour and Lady Yuna will be extravagant. I'm sure it will go down in history."", ""Is Lady Yuna a traitor or not? With everyone gabbing, I don't know what to believe.""]",NPC
Final Fantasy X,2001,Japan,Svanda,Female,"[""This gorge is called the Scar. They say that when the high summoner cornered Sin, Sin tore the earth here asunder with the last of its strength. The high summoner and Sin struck each other down at the gorge's bottom. Lord Gandof's sacrifice brought us the Calm. In the Calm Lands, we bury our dead in this gorge. We cannot send them because few summoners ever make it this far. I've heard that the dead that don't receive a proper sending roam the bottom of the gorge as fiends."", 'So many people ... Much more than in the Calm Lands.']",NPC
Final Fantasy X,2001,Japan,Tatts,Male,"[""I don't know if it's the toxin, but I can't remember a thing. Like my name, my house ... I thought someone might notice me and help me out if I sat here. But no one's paying any attention. I guess everyone has their own problems to worry about."", 'Hey, I may not even be from around here. Maybe I come from someplace far away ... Who knows?', ""The toxin's effect wore off. I remember my family now ... Sin attacked, and my family, they ... They all went to the Farplane. Heh, it was better to have forgotten everything."", 'The next time Sin comes around, I want to go to the Farplane, too.', ""The warrior monks aren't here anymore. They returned to Bevelle. The warrior monks probably don't consider Kilika worth protecting.""]",NPC
Final Fantasy X,2001,Japan,Tidus,Male,"['Listen to my story. This may be our last chance.', ""I won't let you down."", 'Great as ever! Thanks!', 'Uh ... I donno. Maybe.', 'Of course!', ""Nothing to worry about! Oh, if I score a goal ... I'll do this! (raises arms) That will mean it was for you, okay?"", 'What seat?', 'Got it!', 'No prob!', 'Alrighty.', 'Take it easy.', 'You bet!', 'Maybe next time.', 'Well, gotta go! Cheer for me!', 'Hey, I got a game to play!', 'Maybe tonight ... um ... well ...', 'I mean ... tomorrow.', 'Promise!', 'Sure thing.', 'Sorry.', ""Make way, make way! Coming through, sorry! Hey, I'm gonna be late! Hey, let go of me!"", 'Auron! What are you doing here?', 'What are you talking about?', 'Huh?', 'Wha?', 'What the ... ?', '(Spots Auron) Hey, wait!', '(Catches up to him) Hey, not this way!', '""Sin""?', 'My old man?', 'Get out of my town!', 'What are you laughing at, old man?', ""Auron! Let's get out of here!"", 'Huh?', 'Gimme a break, man!', 'What?', 'Auron! Auron!', 'My ... old man?', ""I thought about a lot of things ... like where I was, what I'd got myself into. I started to feel light-headed ... and then, sleepy. I think I had a dream. A dream of being alone. I wanted someone– anyone, beside me ... so I didn't have to feel alone anymore."", 'Anybody there?', 'Auron!', 'Heeey!', ""What do we have here? Nope. Can't read it."", 'Whoa!', 'I had made it out of the frying pan ... and into the freezer. I thought I was going to die in this place.', 'Cold ... Need ... fire.', 'I need food!', 'What do you want?', 'You came to say THAT?', 'Who, me?', ""Hey, wait! Wait! Don't go out on me! Just hold on. I'll get more wood!"", 'Gimme a break!', 'You on my side? Cool!', 'Whew! That was close.', 'Hey, lemme go!', 'Hey, that hurts!', 'Whoa ... Okay.', 'Right. Whatever.', ""I said I don't understand!"", 'You ... You understand me?', ""All right, I'll work!"", ""What's this? Some kind of crane?"", ""All right, all right! You don't have to shout!"", 'Yeah.', 'What?', 'Mm-hm.', 'Roger!', ""Hey! Hey, I helped out, didn't I?"", 'Uhh ... hungry.', 'Hello there. What is your name?', ""Whoa! You really do understand! Why didn't you say so earlier?"", 'Uh ... ""we""?', 'Um ... Who are you guys, anyway?', ""I don't even know what an Al Bhed is."", ""Zanarkand. I'm a blitzball player. Star player of the Zanarkand Abes!"", 'Um, you guys hit me.', ""So I told her everything there was to tell about Zanarkand ... About life there, blitzball, and Sin's attack ... and about how Auron and I were engulfed in this light. I just said things as they came to mind. But then I started to wonder."", 'Did I ... say something funny?', 'Mm-hm.', ""You mean I'm sick?"", 'You sure?', ""Huh?! What do you mean, a thousand years ago? But I saw Sin attack Zanarkand! You're saying that happened a thousand years ago? No way!"", 'Uh-huh.', 'Luca?', '...', 'Uh-uh!', 'Oh ... uh-huh.', 'My Zanarkand, some kind of holy place? Yeah right, I thought. Since when?', 'Yevon? Sin? Luca? I thought Sin just took me to a faraway place, that I could go back in a day or two. But a thousand years into the future?', 'Wh-whoa!', 'Whoa!', 'Rikku!', 'Blitzball!', 'Yo! Hiya!', 'The Zanarkand Abes!', ""Uh, I meant ... Forget that. I got too, uh ... close to Sin and my head's all foggy-like. So I don't know where this place is. Or even where I came from."", 'I felt like I could trust this Wakka, so I just had to ask.', ""It's true Zanarkand was destroyed, right? A thousand years ago? So it's just a big pile of rubble now, isn't it?"", ""It was just as Rikku said. Wakka and Rikku couldn't both be lying. Why would they?"", ""I appreciated the fact that Wakka was trying to cheer me up. But at that time, all I could think about was ... everything that happened to me–all this–started with Sin. Maybe if I could find Sin one more time, I could go home! For now, I'd just live life until that time came. No more worrying about where, or when, I was. Sure, it was hard not to think of home. But I started to feel better already. A little better ... maybe."", 'Huh?', ""What's the big idea?"", 'Lemme go!', 'You want me on your team, right?', '(Flatly) Sure thing.', ""I thought then that blitzball and Sin were the only two things that Spira and Zanarkand had in common. I wasn't too far off, either."", ""Ten years without a single win'll do that."", 'Nice excuse.', 'So you want to win the next tournament–go out with a bang.', ""So, what's our goal?"", 'No, no, no, no, no. If I say, ""What\'s our goal?"" you say, ""Victory!"" When you play in a blitzball tournament, you play to win!', 'Who were they?', 'Eh? Crews of what?', 'Cool.', ""In return, come tournament time, I'll make sure we take the cup!"", 'They got any food there?', ""Huh? What's up?"", ""I don't remember."", ""I didn't know it in the first place, to tell the truth."", ""I don't know any prayers."", ""Of course I'd never prayed before in my life. Not that he would know that ..."", 'Any blitzball player would know that prayer. It was the blitzball sign for victory.', 'I think so.', 'Why would I?', ""I'm sorry. I really don't know anything. To tell the truth, I don't even know what the Crusaders are."", ""What, you've been fighting eight hundred years and you still haven't beat it?"", 'So then whose job is it to defeat Sin?', ""What's Sin?"", ""What's toxin?"", ""What's Yevon?"", ""What's Zanarkand?"", ""No, thanks, I'll pass. [after receiving at least one answer, becomes ... ] No thanks, gramps."", 'It was then, standing in that place, I began to realize how different this world was from my own.', ""What's a high summoner?"", ""I ... I got too close to Sin's, uh, toxin."", 'It was funny hearing myself make the same excuse over and over. Funny, and a little sad.', 'So what he meant ... was that we should respect some kinda great men or something like that ... I figured.', 'Thanks.', ""No, I'm fine."", 'Who cares whether he comes back or not?', 'Fine, let him!', 'Wakka?', ""I'd like a nap."", 'Maybe later.', 'Huh? Apprentice?', ""Hasn't returned from where?"", 'Is something wrong?', 'Eh?', 'Ah?', ""So someone is in there somewhere and they haven't come back out. Right, I got it."", 'Is it particularly dangerous in there?', ""Why don't you go in and help?"", ""(Runs halfway up stairs) Hey, but what if somethin' happens? What if the summoner dies!?"", 'Like I care!', ""Maybe this wasn't such a good idea after all."", 'So what about you?', 'A guardian?', 'Whoa ... ack!', 'Is the summoner all right?', 'Man, was I surprised. And here I was thinking summoners were all old geezers.', 'What? Ow!', ""I can't see anything!"", ""I had never seen anything like it in my life. Sure, it was a little scary, but still ... I could feel a strange kind of gentleness coming from it. I remember ... That night, we talked for the first time. I didn't know it then, but after that night, everything changed. For everyone ... For me ..."", 'Uh ... hi, guys.', ""So, what's our goal?"", ""Huh? Ah ... I'm sorry about that."", ""Wasn't that ... Wasn't I not supposed to ... Guess I ... kind of overreacted."", ""Um, I saw that aeon thing. That's amazing!"", 'Tomorrow?', 'Oh, really?', 'Tidus Yeah!', 'No promises there, big guy.', ""She's not my type."", 'Hey, but what if she, like, comes on to me?', 'Not quite yet.', 'Yeah.', ""Where's that boat?"", 'You really sure this is okay?', 'Oh, hey ... I, uh ...', 'Gyaaaah ... .', '(Whispers) I hate you.', '(Louder) I hate you!', 'I hate you!', ""Sca-ary! So, who's Chappu?"", ""He's dead?"", ""Oh, so that's why."", 'Revenge, then?', ""Whoa! You're giving this ... to me?"", ""We're taking the same boat as Yuna, right? Why do we gotta wait here?"", 'The Calm?', 'No way.', 'Maybe so.', '(Thwack) No problem!', 'Magic? Element?', 'I get fire and ice, but what about lightning and water?', ""Let's get going, man!"", 'Huh?', ""What's going on?"", ""This isn't the way to the pier."", ""What's with that guy?"", ""That's not what I meant!"", 'Huh?', 'Ah.', ""A flyer ... that's your department, right?"", 'Who do you think you are?', ""O'aka the who?"", 'Yes.', 'No.', 'Wh-What the heck is that!?', 'What is this place?', 'Yeah, but why the big birds?', 'Chocobos? Those are chocobos?', 'Ummm ...', 'Miracles and oddities were starting to become daily routine on this trip.', 'Yes.', 'Not really.', ""Don't look at me!"", ""Lord Braska's ... daughter?"", ""(to Wakka) So, is Yuna's father famous or something?"", ""It's tough when your father's famous."", ""(Laughter) Thanks, Lulu. I'll keep that in mind."", 'She does have a name, you know ... Yuna.', 'No, bye.', 'What?', 'Yeah.', 'Well ...', 'Yeah.', ""No, you're fine."", 'Mm.', 'Uh ... You hear that from Wakka?', ""Ah ... Wakka. Wakka doesn't believe me at all."", 'Huh?', 'How do you know that?', '(Mutters and turns away.) J ... Jecht.', 'My father ... his name is Jecht!', ""(Dubious) Sounds like him, but it can't be him."", 'My old man, he died. Ten years ago, off the coast of Zanarkand.', ""He went out to sea for training one day ... and never came back. And no one's seen him since then."", 'Ehh ... ha, ha ... Yeah, but how would he get here?', 'How many of these things are there!?', 'What? We hit the fin first?', 'When Sin attacked Zanarkand that day, I woke up in Spira. I kept hoping it would work in reverse, too.', ""I was just fooling myself. Maybe it was that day ... on the sea, under the burning sun, I started to give up hope. I was in a foreign world. I wasn't going home. This was my new reality, and I was stuck in it for good."", 'Uh, what\'s a ""sending""? Are we going somewhere?', 'Summoners do this?', 'It must be tough, being a summoner.', 'Until the ... end?', ""What's the end?"", 'Oh.', 'I wished there would never be a next time. No more people being killed by Sin. No more sendings for Yuna. Everyone stood there watching her. It was strange, and somehow ... horrifying. I never wanted to see it again.', 'Huh?', 'Wakka ...', ""Praying for victory's all good ... but is this right?"", 'Is this really the time?', 'Whatever you say.', '(Fistpump) Right!', 'Huh?', 'What? What do you mean?', ""There's nothing to be sorry about. I'm just not really sure what's going on."", '...', 'What\'s a ""Lancet""?', 'Hey, sounds cool!', 'A race, huh?', 'Think you can beat me?', 'Ah! Huh? Hey!', ""It's hard as rock! My sword's no good!"", '(Sags, gasping for breath) Yeesh!', ""Being a guardian's tiring!"", 'Nah.', 'So, what are these ""sinspawn"" anyway?', 'That moment when Wakka told me I had talent in battle ... I think that was when I started seriously considering becoming a guardian.', ""Just a few. It's a big deal when one shows up, though."", 'Hey! Since when have you believed me about Zanarkand, anyway?', ""Wakka, Lulu, and Wakka's brother Chappu. Something had happened between them a long time ago, I was sure of it. Well, whatever it was, it was none of my business, that's for sure. Best not to go there."", 'This time, we play to win!', ""We'll beat them. We have to!"", ""Putting people down ... They're as bad as my old man!"", 'Well, not my Jecht.', 'Even ten years after he left ... just thinking about my old man got me angry. But maybe that was just my way of keeping him ... Nah.', 'Pray.', 'Stand and watch.', 'A guardian is someone a summoner can rely on. Someone she can trust with her life. I wondered, did Yuna feel that way about me?', ""What's she smiling about?"", 'The ""fayth""?', 'Wha? Hey, what gives?', 'Oh, sure! Soon like ""tomorrow"" soon, I bet!', ""Hey, I'm not a guardian, so I'm not supposed to go in, right?"", ""Hey! Wait! Ah! Lemme go! Ow! Hey! What's the big idea?"", 'Huh?', 'This is bad, really bad.', 'Come on, go up! Go up!', ""Only guardians allowed, and I'm sure no guardian. Well, I guess it's too late now."", 'It was Dona and that big musclehead man!', 'Uh ... What consequences?', ""So what's in there anyway?"", 'Oh yeah, that thing. Right.', 'Huh?', ""All that in this room? S-So what's Yuna doing in there?"", ""What, even guardians can't go?"", 'Oh.', ""There was something I didn't tell anyone else that day. That song we heard there, in the temple ... I knew it from my childhood. It was proof that Spira and Zanarkand were connected somehow. At least to me it was."", ""Maybe that's why, suddenly, I felt like ... I just wanted to go home. I tried to say something, to tell them. But the words wouldn't come."", 'I thought I had put my feelings for Zanarkand behind me. But they were there, and they grew inside me, bigger and bigger, till I was just about ready to burst.', ""I ... I don't know."", 'To scream real loud.', 'AAAAAAAAAUUGH!', 'No.', 'What are you all talking about?', ""Well, they do now that I'm here!"", ""What's wrong? You seemed kinda mad back there."", 'How come?', '(wryly) Yeah.', 'So, Yuna, wanna come over to my place? Right, sure ... As if I had a place to show her.', '(Amazed laughter) The best? Yeah, right.', ""Doesn't have a name. Anyone can do it if they try."", 'How do you know that?', ""Stupid name, huh? You know what? There is no Mark I or Mark II, you know? My old man said the name Mark III was just something to hook the crowd. He said they'd come back every night expecting to see Mark I and Mark II. And, they really did come back. I used to get so mad."", 'Is he alive, you think?', ""So he's famous here, too?"", 'Uh-huh.', ""Who knows? I thought he died ten years ago. Well ... I'd probably just smack him one. After everything he put Mom and me through. And because he was famous, I was always ..."", 'Well, you should know, Yuna.', ""Your father's famous, too. Everyone in Spira knows him, right?"", ""Ain't it tough?"", 'Sure.', ""Well, there wasn't much to honor about my old man, that's for sure."", 'I got the right!', '(Smacked by blitzball) Ow!', 'Yo!', ""I didn't think my old man would come to Luca. He never did like watching other people play. But I couldn't help feeling something bad was gonna happen. And these feelings of mine are usually right. Sure, I had told Wakka I'd help him win the tournament. But I wasn't sure I had it in me to play at all anymore."", ""(Produces megaphone from ... somewhere ... hops on crates and starts yelling) Stop right there, Goers! You guys are smilin' now, but not for long!"", ""What's up now?"", 'Mika? Maester?', ""Fifty years? Shouldn't he be, uh, retired by now?"", ""(Stands on tiptoe) Can't see a thing!"", ""Where's Wakka?"", 'Au-Auron?', ""Hey, I'll be back."", ""Hey, Wakka. You're stiff, man. No, no, not your face. Just breathe out, relax. Like this. Just breathe, yeah!"", 'Huh? How?', ""It didn't even occur to me to think that the Auron Yuna was talking about ... and the one that I knew from Zanarkand could be two different people. I don't know why, but I knew it was the same guy. I knew it was the same Auron."", ""Hey! Al Bhed Psyches, right? Some Al Bhed saved me the other day, and ... This girl Rikku gave me food and ... Uh ... You don't understand me, do you?"", 'Ummm ...', 'Uh, anyway ...', 'If you meet Rikku, tell her thanks for me. Oh, and as for the first game? May the best team win!', 'Got any weapons?', 'Got any items?', ""Lend Gil to O'aka."", 'Offer more Gil than one has ...', 'Offer X Gil.', 'No, thanks.', ""You're really famous."", 'You try it, too! Put your fingers in your mouth like this.', 'Uh-uh. Not like that. Like this. Then, you just blow.', 'Practice!', ""Hey, use that if we get separated. Then I'll come running, okay?"", 'Well, guess we should just stick together then, till you can do it.', 'Yeah, definitely!', ""What's a Music Sphere?"", 'No, thanks.', 'Sure.', ""What's a Movie Sphere?"", 'No, thanks.', 'Yes.', 'No.', 'Whoa! This is a pretty big town!', 'I thought every town was little– you know, like Besaid and Kilika.', 'Sin ... ?', ""What about Luca? It's safe here?"", 'They protect the stadium?', 'Whoa! Talk about pressure!', 'Hmmmm. Well, there are more buildings. All tall ones and cramped together.', ""I'm looking for someone."", ""Aren't you going to watch?"", '(Stammers, mock-salutes) Yes, sir!', ""(sags) Auron's not here."", ""Take 'em on!"", 'The game!', ""Kimahri! Yuna's gone!"", 'Huh?', 'What!?', ""I'm going too! This will be no problem! They're telling the Aurochs to throw the game, as if they needed to! I mean, how good a team can they be?"", 'What is this!?', 'Whoa! What are they?', ""What's up with these guys!?"", 'Hunh! Still in there!', 'Ouch.', 'Hey, we can use this crane!', ""(Pokes controls) C'mon, move!"", ""There were these Al Bhed that saved my life when I first came to Spira. They took me on their ship, even gave me food. I was kinda hoping this was the same ship. But it's not. I wonder if they're all gone."", ""Sin came up near us. I made it out okay, but I don't know what happened to their ship."", ""I don't know. They were all speaking that Al Bhed language."", ""So who's Cid?"", ""Wait. So that means you're Al Bhed, too, Yuna?"", ""You're worried he was ... ?"", 'Whoa! I gotta tell Wakka!', 'We won!', ""Hey, aren't you being just a little unfair?"", 'Hey, let it go, all right?', 'Sure.', 'No need.', ""Lemme at 'em."", ""Let's blitz!"", ""All right, boys, what're we gonna do?"", 'What about me?', 'Shoot like crazy!', ""To be honest, I did kind of feel left out, but ... It really was the Aurochs' and Wakka's show, after all."", 'Auron!', 'So, you do know him.', 'Hey, gimme a break!', ""Hey you! Don't stand there! All of this is your fault! Gettin' swallowed by Sin! Ending up here in Spira! Not being able to go back to Zanarkand–everything, everything! I'm telling you, it's all your fault!"", 'Who are you, anyway?', ""You knew my old man, didn't you?"", ""And you also knew Yuna's father?"", ""Hey, man, there's no way. That's just impossible."", 'Why did it have to be me?', 'Is he alive?', ""(Stunned) It can't be ..."", ""(Shouts) No! That's ridiculous! No way! I don't believe you!"", 'If I say no?', ""I don't care about your stories!"", ""(More shouting) RRrrraaaaaaghhh! What am I supposed to say!? You tell me it's my decision ... But I don't have a choice, do I? You're the only one who can tell me what's going on, anyways! I have to go with you! I have to!"", 'Auron?', 'Will I ever go home? Back to Zanarkand?', ""I'm not telling."", 'Zanarkand.', 'Hey, you got pretty good.', 'Yeah, maybe.', ""Nnnn ... I really don't think that's going to help this time."", 'Hm?', 'Yeah ... I understand. I think.', 'Huh?', '(Laughs) This is weird!', 'What?', '(Hems and haws, deep breath) Ah ha ha ha ha ha ha. Aaaaah ... ah ha ha. Ha ha ha ha ha ha ha.', 'Ah ha hahahaha!', 'Ahahahahahaha!', 'It was your idea!', 'Hm?', 'Okay.', ""Well, let's go. (They turn and find everyone staring.) What're you looking at?"", 'Register to play.', 'Leave.', 'Hah! That one looks slow.', 'No way! I can take it! (Attacks, sword goes thud) What the ... ?', ""Hmph, I could've done that."", 'Some old city?', ""(Strokes chin) A large fiend ... Let's go get him!"", ""It's the right thing to do."", ""What'd I say now?"", 'Pass.', 'Fight.', ""What's the calm?"", 'Eh ... huh?', ""I get it! I thought it was weird. Yuna's dad defeated Sin ten years ago, right? But Sin's still here! Didn't make much sense till now."", 'Wait ... If it just comes back ...', ""Even for a little while ... people can sleep in their beds without being afraid. That kind of time is worth anything. Don't say it isn't worth it. Your words that day, Yuna– I remember them well."", 'You mean the one Gatta and Luzzu were talking about?', 'Huh? Why?', '(Sound of snoring stops) As if I could sleep!', 'Got any weapons?', 'Got any items?', 'Leave.', 'Check it out!', 'That sunset was different from the one I saw in Kilika. It was quiet–almost gentle.', 'Whatcha up to?', 'Sure is.', 'You can, once you beat Sin, right?', 'Well then, you can just beat it again.', 'Hey, you can! Trust me! You are the best summoner out there!', 'Yuna, why does Sin always come back?', 'How do we do that? What did we do that was so bad in the first place? Was it using lots of machina or something? Oh ... Wait, was that such a bad thing, really?', ""Well then, we're the same! (Whispery voice) Ooooh ... Such thinking is very unbecoming of a summoner!"", '(Winks) Sound like Mika?', 'You know ... During a game, you have to think of blitz and nothing else, you know?', ""And you can't be thinking about where you're going to go on that date, because the minute you do, that's when you lose!"", ""You see, uh, Yuna, what I meean is, you really shouldn't worry, you know? After we beat Sin, that's when you can worry about the future."", 'But, Yuna, how are you supposed to beat something big like that?', 'In Zanarkand?', ""(To Yuna) You sure it's ruins?"", ""(Subdued) Yeah, I'll go."", ""(Still subdued) I'll go to Zanarkand to see it with my own eyes."", ""I knew it couldn't be my Zanarkand. But I had to make sure."", 'Yes.', 'No.', 'Rest.', 'No.', 'Buy something for her.', ""You've got to be kidding."", 'No, you buy me something.', 'Sorry?', ""Oh, you're an Al Bhed?"", 'Huh?', 'Ah! Well helly doo sad wee to you, too.', ""Yeah, I hear Al Bhed aren't liked much. Oh, sorry!"", 'What now? We got a cliff at our backs!', 'Strike now! Hard and fast!', 'Gimme a break. I just woke up. Like you did much!', 'Yeah right, thanks for the tip.', 'Not one bit.', 'Please.', 'Oh, you know ...', 'Whatcha got?', ""Lend gil to O'aka."", 'No, thanks.', '100 Gil should be plenty.', 'I can afford 1,000 Gil.', ""It's your lucky day! 10,000 Gil!"", ""I'd rather not."", 'Offer more than you have ...', ""Don't worry about it."", 'Tell me about the operation.', 'Who does he think he is?', 'Hmph.', ""I've got better things to do."", 'Help him look for them.', 'From the first time I laid eyes on him, I never did like Seymour ... But you know, some of the things he said that day ... They made a lot of sense to me.', ""We're fine!"", 'Please heal us.', 'Mm.', 'Gatta deserves better ...', 'It would be a long time ... before I ever really understood the reason why Yuna let Luzzu pass that day.', 'He really hates them, huh?', 'About the cannons.', 'About the Chocobo Knights.', 'About this operation.', 'Never mind.', 'Yeah, you should be out on the front lines.', 'Guarding the command center is important, too.', 'Yeah, you should be out on the front lines.', 'Guarding the command center is important, too.', 'What?', 'Not yet.', 'Yes.', 'I remembered Auron telling me. Sin is my old man. Sin is Jecht.', 'Those arms are in the way!', ""It's gonna do something! Time for a head shot!"", 'Gatta? Gatta, come on, wake up.', ""(Bellows, runs towards water) Don't you run away from me!"", 'I have no idea what I was thinking when I ran after Sin that day. But before I knew what I was doing, there I was chasing him down like a thief at market. Maybe I was angry, maybe I wanted to go home. I kept thinking of Zanarkand, and my old man.', ""They say you don't practice anymore, that you're gonna retire."", ""They say you're no good 'cause you drink all the time."", 'Then do it now.', 'You just said you can!', 'Why not today?', ""I thought I sensed my old man there. Somewhere ... Or maybe it was just Sin's toxin playing tricks on my mind."", 'How many died today?', ""People die, and Yuna dances. When will she stop dancing? When will it stop? Yuna won't stop dancing– not until Sin is gone. Those were my thoughts then ... I think."", 'Huh?', 'What?', 'Sin had come and gone, but I remained here.', ""Yeah, for a while there, I thought I could feel him. But that doesn't mean I believe you."", 'So he killed all those people just for a chance to see me?', 'How am I supposed to know?', 'You gotta be kidding. How do you know all of this, anyway?', ""I'm not done talking to you! Don't you run away!"", 'Please heal us.', 'Keep up the good work!', ""She's awfully cheerful."", 'We should help her, then.', ""Don't worry, be happy?"", 'Smile! Let me see.', 'Sad.', 'Hey! How much longer till Zanarkand?', 'Oh, boy.', ""We can't just skip all that? Can we, huh?"", 'Hmm. Must be tough, Yuna.', 'Uh ... me?', 'What can I do for you, boss?', 'Eh?', 'I see, I think.', 'Yeah, but even if I did something, no one would believe me, you know?', 'Ah ... you have a point. Come to think of it ... did I really have to know about Jecht? What about my feelings?', 'What? Me, emotional?', 'Yeah, maybe when I was a kid. Maybe a little now. Just a little.', ""Hey! I still don't buy your story, you hear?"", 'Whoa!', 'Is that the Djose temple?', 'Awesome!', ""What if it's Dona?"", 'Right! In we go!', 'Me?', 'Will do!', 'Yeesh.', 'Hang in there, buddy, eh?', ""Yeah. It'd be hard fighting alone, wouldn't it?"", 'Huh?', ""Okay ... I guess I'll just let her sleep for now, then."", 'Ah! Morning!', ""Don't worry!"", ""Don't worry! It's okay!"", ""I hadn't really laughed like that in a long time. It was only later that I realized ... The only one really laughing then ... was me. Laughing must have been the only thing keeping them going."", ""Huh? Aren't you missing someone?"", 'Where to next?', 'Gotcha! Moonflow, baby, here we come!', 'Let me ride one!', ""I'll walk."", 'How do you ride a chocobo?', ""Yeah, I'd like to board."", 'No, thanks.', 'Oops. Was I supposed to?', ""I've counted."", 'Not yet.', 'Yes.', ""I'd say they're related."", ""Looks like they're married."", ""Yeah, let's go!"", 'Not just yet.', 'Buy weapons.', 'Buy items.', 'Leave.', 'What?', 'Do those two got something against you?', 'What, they were just picking on you?', ""And I'll help!"", 'But ...', 'Hey, if we guardians do our job ... no problem, right?', 'Yeah!', 'Pass.', 'Fight.', 'Whoa!', '(Awed) Really?', 'Hey, I got an idea!', ""Then, once we beat Sin, we're coming back!"", 'Shoopuf? That some kind of boat?', 'Whoa, what the ... whoa!', ""Whoa ... Let's ride! Come on, let's go!"", ""What's wrong?"", 'Ah. It is kinda big.', ""Where there's a will, there's a way. Those words stayed with me. I wonder how Captain Lucil is doing."", 'No stories, please!', 'Absolutely!', 'No stories, please!', 'Absolutely!', 'Got any weapons?', 'Got any items?', 'Leave.', 'Got any weapons?', 'Got any items?', 'Leave.', 'Got any armor?', 'Got any items?', 'Leave.', 'Got any armor?', 'Got any items?', 'Leave.', 'Not yet.', ""I'm ready! Let me on!"", '(Groan) A history lesson?', 'Why?', 'Oh, brother ...', ""What? You've been on one of these?"", ""Right, I'll be careful."", 'Bevelle?', 'Huh?', 'What?', 'Whoa!', 'A sunken city!', 'A lesson?', 'Uh ... Well, it would be convenient, with all that water there.', ""Hmmm? I'm not so sure about that."", ""Yeah, but don't you use machina too? Like the stadium and stuff, right?"", 'So what kind of machina may we not use, then?', 'War?', 'Wh-What happened then?', ""Man, that's rough."", ""But, it's not like the machina are bad."", ""Hey, Wakka. It's no use complaining about the Al Bhed now, right? We'll protect Yuna from anyone, anywhere. It's that easy. That's all I need to know!"", ""You're ... not dead?"", ""Rikku! You're Rikku! Hey! You're okay! How you been?"", ""Yeah, you don't look so good. What happened?"", 'Oh! That machina ... That was you?', 'W-Wait! But you attacked us!', 'Uh, you could say that.', ""Rikku's a good girl. She helped me a bunch!"", 'It was strange. Even though Wakka had always hated the Al Bhed ...', 'He never realized Rikku was one of them.', 'That was great!', 'Yeah, thanks!', 'Maybe later.', 'No, thanks.', 'Tell me about the Farplane.', 'Tell me about the pyreflies.', 'Got anything?', ""Let's chat!"", 'Forget it.', 'They all look the same!', ""Why? This guy's just a priest, right?"", ""Wait ... You sure you don't have something against Yevon?"", 'Aaaah.', ""I didn't even ask a question and you're explaining things."", ""No, no! Maybe you finally believe I don't know anything about Spira. And maybe that means you believe me about Zanarkand, too?"", 'Yeah, I know.', 'Was this Maester Jyscal really such a great guy?', 'Zanarkand!', 'You okay?', 'You serious? (To Seymour) Hey!', ""Come on, let's just get on with the pilgrimage! I mean, marriage?"", 'What? No way! We gotta defeat Sin. Romance can wait!', 'You serious?', 'Seriously?', ""I had to stop myself from shouting What's there to think about?"", 'I wondered why none of the others ever asked Yuna. Do you love Seymour? Do you even like him?', ""Question! About this Farplane ... When somebody dies, a summoner sends them to the Farplane, right? So their souls, or whatever they are, they go to the Farplane, right? But that's the Farplane we're going to, right? And Yuna's old man's there, too? Do dead people live there or something? Hmmm ... (imagines creepy ghosts) Ahahaha ..."", 'Eheheh ... well ...', ""Aren't you coming?"", ""Ohohoho! You're scared!"", 'Hmm ...', ""What, you're not going either, Rikku?"", 'Huh?', 'What the ... ?', ""The Farplane was cool, but I couldn't stop thinking about Yuna. Her parents–they looked so happy together. But it got me worried that maybe seeing them would make Yuna really consider Seymour's proposal."", 'Huh? (Looks at it) Whoa.', 'What?', ""Don't you mean that you should leave Chappu behind? I'm sure he was a great guy, but there'll be others."", 'How about ... Wakka?', 'Yeah, you two get along great!', 'Oh, sorry. My mistake.', ""Yeah, I'll remember."", 'So ... Yuna?', ""Oh? Really? That's good."", ""Let's go back! You gotta tell Seymour."", 'Huh?', 'Trying not to think about my old man made me think about him, of course.', ""He isn't here because he's not dead. He's Sin."", 'What if my old man really is Sin? What would I say to Yuna ... heck, to everybody in Spira? Wait, why should I have to apologize for him, anyway?', ""I'd rather never see him again."", 'Everything he does just makes me mad. It was his fault that me and my mother ...', 'Ah ... Mom?', ""I-It's her!"", 'But ... Wait. No one ever performed the sending for her.', ""Whoa there, that's my mother you're talking about."", ""It's okay."", 'Ah. I think I just figured something out.', 'Why I hate my old man.', 'Mommy ...', ""Whenever my old man was around, my mother wouldn't even look at me. Maybe that's when I started to resent him, even hate him. When he left us ... Mom just lost her energy."", 'Why should you care?', ""Don't say Mom is gonna die!"", 'The old lady next door told me ... when a lovebird dies, the one left behind ... It just gives up living so it can join its mate. It was just like that. I hated my old man even more. But really, my old man ...', 'Mommy ...', 'Oh, man ...', 'I must sound so stupid.', 'How embarrassing!', 'Wait, I know!', ""He wasn't sent, so he became a fiend, right? A-ha!"", 'Just listen.', 'Um ...', 'So, Lulu, what do you think about Yuna getting married?', ""That's it? What if she doesn't even like the guy? Is that okay?"", ""What's that mean?"", ""I don't know ... mmm ... I just don't get it."", 'Seems that way.', ""I don't care."", 'You serious?', 'Why?', 'Yeah, but she ... She would never marry someone who wanted her to quit.', ""I guess you're right."", 'You serious?', 'Why?', 'Yeah, but she ... She would never marry someone who wanted her to quit.', ""I'd rather have you, Rikku."", 'Ouch!', 'What? That again?', 'See?', ""Huh? Uh ... You're not making much sense."", 'Lulu ...', 'What?', 'Geez! Grumpy!', 'Okay.', 'Too late.', ""You're more my type, Lulu."", 'Me? No, never.', ""Aren't you a little young?"", 'You mean people our age get married?', 'Really?', 'Yeah.', 'Huh.', 'So ask your parents.', ""I'm sorry."", ""(Crestfallen) You're really thinking about your future, aren't you? That's great."", ""No. She's at Seymour's place."", ""Oh, I'll be careful. Sorry."", 'You serious?', 'Whoa, I gotta tell the others!', 'They say Seymour went to Macarena Temple.', 'Aye.', 'No one there?', 'Who is it?', 'Sorry.', 'How are we supposed to cross that?', 'Yeah, thanks!', 'Maybe later.', 'Not yet.', 'Let me on!', 'Maybe next time.', 'Sure.', 'Hi there.', ""Where'd you hear that?"", ""Eh. I'm afraid you heard a little wrong. Yuna's gonna turn him down."", 'Yep! No wedding!', 'Just kidding!', 'Whoa!', '""Heh heh heh ... "" You\'re givin\' me the creeps!', 'Hey, whoa!', 'Heh, well? What now?', 'Are you that scared?', 'Ouch!', 'Okay.', 'No good.', ""Yeah! That's him."", 'Nope. Wrong guy.', 'Excuse me, where did you hear that?', 'Oh, they are, are they?', ""Long ago, fiends known as Qactuars roamed the Djose Continent freely. They ran rampant, ravaging fields and tormenting travellers. Then Lord Gandof appeared — a man later to become high summoner. He scoured the continent for the Qactuars and drove them to these plains. Once he'd gathered the Qactuars together, Lord Gandof linked the sign of (□), whereupon the Qactuars turned to smoke and were absorbed by a stone. The Qactuars were thus sealed into stone, fated to face lightning day and night. Unless someone again links the (□) sign and releases the seal, they shall suffer within the stone for their deeds. Thus did Lord Gandof bring relief to peoples all over Spira. He believed that the battle with Sin was only one great part of a summoner's greater mission."", 'Wha ... ? (Accidentally pushes door open and falls into room.) Whoa!', ""I ... well ... It's nothing, really. I ... I just, uh ... I'm sorry ... I shouldn't have come in. (Pauses at door) H-Hey! Wasn't that that Jyscal Guado guy?"", 'Huh. His son ... ? Seymour?', 'Well, I know one way to take care of him.', 'Huh?', '(Gags, struggles) Yuna ... Yuna was acting funny, s-so ...', 'All right! All right! All right!', 'I know.', 'Yeah, but ...', 'Somehow, my bad feelings always come true.', 'Hey! That sphere!', ""Wait a minute, Auron! You don't care? I mean, you're not going to stop her?"", 'She says, ""I\'m sorry."" He says, ""It\'s fine."" She\'s ""willing"" to face Sin. She\'s ""privileged."" I didn\'t understand. But somehow, I felt like I didn\'t belong. But if I didn\'t belong with them, I\'d be stuck in Spira, alone. And being alone in that place, well, I didn\'t want to think about it.', ""'Course I'm worried about her. What is she thinking?"", 'Negotiate what?', 'What? All by herself?', ""Well then, why don't we do something about it?"", ""Argh! I just don't get it! Doesn't she trust us?"", ""Yeah, that's what I thought. But that makes me worry even more. She could just tell us."", ""You're probably right."", 'Heh. Yeah, she is.', 'Sorry!', ""It's funny how calm I was. Maybe it was because I realized that Yuna wasn't marrying Seymour for love. Not really. It was just her duty–something she had to do before returning to her pilgrimage. That's what I kept telling myself, anyway. And well, maybe ... I realized that Yuna and I'd never ... You know ..."", ""Yuna, let's go."", ""Dona? Can't say I have."", ""What's here?"", ""This place ... It's just water, isn't it?"", 'Mm-hm.', ""What's the point? He wasn't on some pleasure cruise."", 'He sounded almost serious, but it was too late.', 'His fate?', 'So then, he gave up going home?', ""I guess I understood. My old man ... He knew there was no way home, back to Zanarkand. He wanted to go home, but he knew he couldn't. He couldn't go on until he accepted it. Besides ... even if he had found a way back ... I don't think he would have left his friends behind before their journey was complete."", ""All right! Let's go, guys!"", 'Maybe I had to start accepting my own fate.', 'Yeah?', 'Oh, come on, please!', 'Enough about my old man, okay?', 'Okay.', 'Thanks.', ""How'd you know what it wanted?"", 'Of course!', 'Maybe next time.', ""Come on, don't say that!"", ""Oh, so you're an adult now?"", ""Hey, don't ask me!"", 'You think so, too?', '""Make sure you\'re prepared,"" right?', 'Sounds like something an old man would say.', 'Hey, just being honest!', ""Don't forget to smile, remember?"", 'Right! Keep at it!', ""Yuna's still gonna journey, even after she's married."", 'Maybe next time.', 'Go ahead!', 'Eh?', 'Translation?', ""They can't use magic either?"", 'Uh ... well ...', 'Come on, Wakka ...', ""I mean, getting angry just 'cause you found out Rikku's an Al Bhed ... You guys got along just fine till now, didn't you?"", ""Well, I don't claim to know that much about Spira. And I probably know even less about the Al Bhed, but ... I know Rikku's a good person. She's just Rikku!"", ""All right! Let's ride!"", 'Better than Kimahri does!', 'Hey, not at all.', 'Say, what do you think of Rikku?', 'Heh! That all?', ""Yeah. You know what the problem is? She's just another Al Bhed to Wakka. Wakka's head is as hard as a rock. I bet it's because of Yevon. Or, you know, something like that."", 'Hmm?', 'Oh ... he used a machina weapon, right? And got killed by Sin. (Mutters) Killed by my old man. Damn you, Jecht.', 'Oh, nothing! Hey ... Can someone like a human become Sin ever?', 'Just a thought.', 'Hmm. So, no one really knows what it is?', ""What, that's all? I mean, you don't even wonder?"", 'Sorry about Wakka.', 'Uh ... Rikku?', 'Eh?', 'Ah! I had no idea! If you say so.', ""Okay! I guess you're guarding your family, then."", 'Huh?', 'What do you mean?', 'Rikku?', '""Sacrifice themselves""?', ""Oh, right. But you know. Yuna's real serious about being a summoner. For Yuna, well the pilgrimage kinda means everything to her. You are going to help her, too, aren't you, Rikku?"", ""So you shouldn't say that Yuna's sacrificing herself."", 'Rikku?', 'Say ... What do you think about Rikku being an Al Bhed?', '(Flatly) Oh, I get it.', 'You know, you might want to tell her that later. I think she needs to know that we still want her with us.', 'Why?', ""Uh, don't tell anyone, okay?"", ""You're no fun to ride with at all."", ""I'll take Kimarhi over you any day!"", ""What's that mean?"", ""I don't need you to tell me that!"", ""I guess there's some sense in what you're saying."", 'Huh?', 'Rrrgh. So which is it!?', 'Yeah, I guess so.', ""Nah, it's complicated."", 'Say ... Do you know where Yuna is?', ""You saw, didn't you? Seymour's bad news!"", 'Hmph. Fine! Stay here if you want!', 'Got any weapons? Got any items? Leave.', 'Seymour as a young child.', 'Seymour as a young man.', 'Seymour as a monk.', 'Seymour as a summoner.', ""Don't care to know."", 'Right!', 'Seymour!', 'Make me.', 'Yuna!', ""We saw Jyscal's sphere."", 'All right!', 'I knew you were bad news from the first time we met!', 'Seymour!', 'Yuna! The new aeon!', ""Wait a minute! It's not our fault at all! Seymour struck first! He's the bad guy!"", ""Now hold on just a minute! Seymour's the bad guy, right? We'll just explain to everyone what happened!"", 'Whoa! Gimme a break!', ""You're not letting us go."", '""Praise be to Yevon."" That\'s what I would have said, if I was a follower of Yevon. We were all there, and in one piece. Even if I had a headache from wondering what was in store from us next.', '""What now?"" You act first and think later, don\'t you? I mean, can\'t you be a little more responsible? We\'re all depending on you. You know?', 'No, no, no. (Heh, heh) Just a suggestion.', 'Is that a lecture?', 'Hey, Wakka, would you cheer up? Look, we only did what we had to do.', ""It's not Rikku's fault either."", ""Mmm ... Well, Wakka's in shock. Can't blame him, either. And Lulu, well, she's just the same as always."", 'I guess.', 'So, Kimahri, how do we get out of here?', 'I think he means you have to work hard if you want to be like Lulu.', 'Yuna!', 'So, what did Seymour say?', 'Whoa!', ""Yeah, that's right! You can always count on Auron to complicate things!"", ""Hey, but that's what friends are for. Right?"", 'Is that coming from the temple?', 'Yeah!', 'Nope.', 'Who is that singing?', 'Oooh ... . Huh? The fayth? What? It can sing?', ""Yeah, over and over. (Laughs) But not this good, that's for sure."", 'Huh? What, were you listening?', ""Eesh ... Can't I get a little privacy?"", ""Oh, right. You're not originally from Zanarkand, are you? You homesick?"", ""Say, how'd you get to Zanarkand, anyway? Sin?"", 'Uh-huh, I thought so.', ""That proved it. Sin was the link between Zanarkand and Spira. Which means, if we kill Sin, I'll never be able to go home."", 'It was then I knew ... that Sin really was my old man. For the first time, I was finally able to believe it.', 'The song ... You were listening, too! What is it this time?', 'Zanarkand ... You homesick, too?', ""That's not your world anymore. You're Sin now."", ""Hey, I'm older now, you know?"", ""I know. You want this to end. I'll find a way. Promise."", 'Where am I? (Turns towards water) I forgive you, this time. Be good for a while, okay?', 'Whew!', 'We rock!', '(Gasp, wheeze) The others?', ""Wait here if you want. He's not."", 'Wakka! You alone?', ""It's not your fault, Kimahri!"", 'Gone.', ""What does it matter as long as she's safe?"", ""Argh! Can't you guys ... talk about this later?"", 'Wakka, come on!', 'Rikku!', 'Who ... ?', ""Let's go."", 'Not only Yuna. Right?', ""Let's find Yuna, quick!"", 'Yuna! Where are you?', ""Well, I sure don't get it, Wakka. They might get hurt on their pilgrimage so you kidnap them? I mean, if the summoners don't do their job, then who will beat Sin? You want to protect them, I know. But guardians are there for that. If guardians do their job well, summoners will be safe! Right? (Awkward silence) Right!?"", ""Why couldn't they trust guardians to protect the summoners? The Al Bhed had no right stopping their pilgrimage!"", ""Was I the only one who didn't know? (Starts shaking her) Tell me why! Why were you hiding it? Why didn't I know?"", ""Lulu! How could you? How could you? Isn't she like a sister to you? I thought you were family! Why don't you do something, Wakka?"", ""And I've been telling Yuna ... Let's go to Zanarkand together! Let's beat Sin! I told her all the things we could ... we could ... And all along, the whole time, I didn't know anything! But Yuna, she'd ... just smile."", 'Hey, you got pretty good.', 'Yeah, maybe.', ""Mmm ... I really don't think that's gonna help this time."", 'Hm?', 'Yeah ... I understand. I think.', ""I can't let her die! I'll find her!"", ""Where's Yuna?"", 'I said, where is she? (grabs Cid) Answer me! Answer me, damn you!', ""I didn't know anything about what a summoner is supposed to do. And I told her all those things without even knowing. I've got to tell her. I've got to tell her I'm sorry!"", ""No! I'm not gonna let Yuna die!"", ""I'm telling you, she won't die!"", ""I won't. So you know where she is?"", 'Did you ever find anything out about Yuna?', 'A sphere oscillo-finder?', ""Even though you'll die?"", ""Sure it's not motion sickness?"", ""Let's think of one!"", 'You were on the ship, too?', 'Sure! Sounds good to me.', ""Why's that?"", 'So, who cares? Why not do your own thing and let them say what they want!', 'Who cares?', 'Oh, like all the sympathy you showed me first time we met?', 'Yuna?', 'Where was that!?', ""Gramps, let's move!"", ""What's the matter, gramps? You scared? Yuna's there, so we go and get her! And that's all!"", 'We prepare for battle!', ""Yeah! Let's go!"", ""Whoa, that's huge!"", ""Wait, that means we're close to Bevelle!"", ""Roger! I'll give the commands!"", 'Go back! Farther away!', 'Closer! Go closer!', ""(Walks over and reaches down to help her up) I ... I won't let you die. I'll find a way, somehow."", 'I told Yuna I would find a way. I guess I wanted to believe that words could make it come true.', 'Maybe next time.', 'Do tell!', 'Who was that?', 'Hey, let them say what they want.', ""Hey, it's okay to worry. And if it gets too rough, just yell!"", 'Yeah!', 'Maybe, with my old man helping him!', 'Auron? That grouch never tells me anything.', ""(Laughs) Not that he keeps out of other people's business, you know what I mean?"", 'What is?', 'Hey! We might meet your family.', 'Oh, sorry.', ""Yuna ... she's made her decision."", ""We won't have to. We'll save Yuna even if she calls the Final Aeon."", ""Mmm ... I'll think of a way."", 'I\'m tired of talking to you. It\'s always ""but"" this, ""but"" that.', ""Let's think together!"", ""And, if we can't think of something ... we find another way!"", ""What's it to you?"", 'Pass.', 'Fight.', ""Walking's not that bad."", 'I want to ride a chocobo!', 'Sorry, no time for that.', 'Sorry, no time for that.', ""All right, I'll do it!"", 'Would you explain that again?', ""All right, I'll do it!"", ""Let's see your weapons."", ""I'd like some items."", 'Show me the fiends captured so far.', ""That's all."", 'Would you explain that again?', 'Yeah, so out of our way!', ""This isn't the way in?"", 'Where what?', ""Don't ask me!"", 'Huh?', 'I kinda agree with him.', 'To train as a summoner.', 'To gather the power to destroy fiends.', 'To defeat the most powerful of enemies.', ""Sometimes Yuna would just stare off into the distance. I finally understood why. She was saying goodbye to the places she'd never see again."", 'Yeah! Yeah!', ""Zanarkand's on the other side, huh?"", 'As if you believed me.', ""I ... hope you're right."", ""Stronger, huh? I'd say it's more like she's driven, don't you think?"", ""I wonder what they're up to? Eh, it's probably nothing!"", ""Great ... I hope we don't have to fight them."", 'What is?', ""Look, I couldn't care less what happens to Yevon."", 'My old man say anything?', 'Let me ride one!', 'How do you ride a chocobo?', 'Let me train one.', 'Never mind.', ""I'll walk."", 'Let me train one.', 'How do you ride a chocobo?', ""Haven't you bothered us enough?"", 'Why, you ... Ugh!', 'This some kind of Ronso thing?', ""I wanted to see Yuna's statue, too. But I wanted to see it ... with Yuna by my side."", 'What is it this time?', 'Why not?', 'So that means ...', 'Well, Yuna will be fine.', 'Not running today?', ""Wait, you're that guy's brother?"", 'They imprisoned him because of us?', 'I know.', 'I know.', 'Me neither.', ""We'll do something! We just don't know enough yet. Until we do, we really can't help Yuna. Let's got to Zanarkand. We'll find something there. It'll all come together. I know it!"", 'Hm?', ""Star of the Zanarkand Abes! Didn't anyone tell you?"", 'Rikku, run ahead and tell Auron!', 'Just go! Go!', 'Not if I can help it!', '(Sags, then rallies) What do you know?', 'And stay up there!', ""(Hangs his head) Sin's ... my old man."", ""Sin is my old man. My old man became Sin! I don't know how or why he did it. I felt him, inside. And when I did, I knew it was true. My old man is Spira's suffering. Sorry."", ""I know. Let's get him. I think my old man would want that."", 'Yeah. No problem there.', ""No ... Auron's right."", 'This is our ... This is my story.', 'Whoa!', 'Eh?', 'You ...', 'Uh ... Yeah.', 'I ... I feel like I know you, too. Where are we?', 'Wait ... this is a dream.', ""A dream? Are you crazy? I don't have time to be dreaming now!"", 'Huh? Wait a sec.', 'Yeah, with machina, right?', 'What did you do?', 'The summoning ... You mean Sin?', 'What?', ""The people ... What, they're all dreams? Me, too?"", 'No!', ""So what if I'm a dream! I ... I like being here."", 'What are you saying?', ""I ... I'm okay."", ""Nothing ... I blacked out. I was dreaming. You called me ... and I woke up. (Stretches with exaggerated nonchalance) Nothing like a good nap! Well, I'm ready. Let's go!"", ""We are almost there, aren't we?"", ""What's so funny?"", '...', ""A city dead for a thousand years. A city I had to see with my own eyes. The end of Yuna's journey. The last chapter in my story."", 'My thoughts, they kept floating up, and then slipping through my fingers. Slipping away before I could pin them down with words.', 'Whatcha up to?', 'Listen to my story. This may be our last chance.', 'Hey! There was more, right? I mean like that time ... uh ... Anyone?', 'Yes?', 'Ah!', ""Yuna, wait! Auron, you knew this was going to happen, didn't you?"", ""We'll break it!"", ""Tidus That still won't change anything, you know? You'd bring the Calm, and then what? That won't break the cycle!"", 'But I want everything!', ""I give up. So what would an adult do, then? They know they can just throw away a summoner, then they can do whatever they like. You're right, I might not even have a chance. But no way am I gonna just stand here and let Yuna go. And what Auron said about there being a way ... I think it's true."", ""Yes. I'll go ask Yunalesca. She's got to know something."", ""I don't know, but I have to try. This is my story. It'll go the way I want it ... or I'll end it here."", ""So that's why Jecht became Sin."", 'No!', ""Yuna! This is our story! Now let's see this thing through together."", ""Then we'll find Spira a new hope!"", 'Yu Yevon!?', ""Let's do something more unbelievable."", ""Destroy Sin. So it won't come back, and without the Final Aeon. I don't know how just yet. But I'll find out."", 'What?', ""I know ... it's about you, right?"", ""I think I kinda knew. It was Yunalesca, wasn't it?"", 'Auron ...', ""And you've been watching over me since then, haven't you? Why? What's the big idea? Why me?"", ""Dad? I know. The Final Summoning's gone. But I'll think of something! Just give me a little more time!"", 'Come on, help us!', 'So what do we do?', ""Two things I'm bad at."", 'What are you talking about?', 'So, uh, Kimahri ... You got any good ideas?', ""That's it! Kimahri! You rock!"", 'The Hymn?', 'Yeah.', ""No, it's fine. I've gotten used to it."", ""Yeah ... Yeah, it's worth a try!"", 'Through the front door! You worried?', ""He'll have to run pretty fast to beat this airship!"", 'What are you up to out here?', ""Leave Sin to us. We'll think of something."", 'Well then, I will too.', ""Who needs hokey old superstitions? I won't pray, and I'll beat Sin all the same!"", 'Hey!', 'Whaddya mean, ""lo""? What\'s going on?', 'Aaah.', ""Luzzu was probably the same way. No matter what happened, he'd never let it show in front of you. Always a fighter, never a complaint, you know?"", 'Good luck.', 'You! You really quit the knights?', ""Well, I'm happy for you."", ""Hey, I want to talk to you some more. Can't your stomach wait?"", 'You wanna start something?', 'Huh?', 'Yeah, thanks!', 'Maybe later.', 'Maybe next time.', ""I'd love to hear."", 'Maybe next time.', ""Let's continue."", 'Maybe next time.', 'Continue.', 'Buy weapons.', 'Buy items.', 'Leave.', ""Yuna's old man was a priest of Yevon, but he married an Al Bhed, huh?"", ""So that's how he met Cid's sister?"", ""Hmph. Sounds like love. Wow, Cid must've been furious!"", 'Sin?', 'Everything leads back to Sin.', 'With a vengeance.', 'What is this place?', ""So, he's here?"", 'Not a chance!', '(Yelling and punching the air) Come on out, Omega!', 'I almost got eaten by a fiend here. Payback time!', 'And he found Sin.', 'And this is your home? What? You got something against company?', ""You're dead, too?"", ""I'll do my best."", 'Perhaps later.', ""Well, a lot's happened. You should know ... There's no more Final Summoning."", ""Hey, we've got a plan, okay?"", 'It has to!', ""You just watch. We'll get Sin!"", 'Blah, blah, blah. Yeah, so? Guys?', ""Yeah, that's great, but we came here to see Maester Mika. Is he here?"", 'Time to teach him some manners!', 'Well, we did meet her.', ""Hey, maybe that's not the only way! We think we've got another."", 'Who is this Yu Yevon guy?', ""It's you."", 'Oh. Uh, no one.', ""So, what's up?"", 'Not yet.', 'I think so.', ""S'okay, we were just leaving."", 'Hey, good idea!', 'If they do, we might be able to defeat Sin!', 'Huh?', ""What's up with Isaaru?"", ""Hey, weren't you in prison?"", 'Sorry. It was our fault they locked you up.', 'Eh?', 'Say, thanks.', 'You still on the road?', 'Huh?', ""Hey, don't worry about it! We'll put Sin in his place in no time."", 'No. We found another way where no one has to die.', 'Cross your fingers.', ""Yu Yevon's hiding somewhere inside Sin, and we're gonna find him."", 'Hey! Simple is the way you like it, right?', ""All right, we're going in!"", 'The easy way! How else?', ""If we can't get through the mouth, we'll rip open a new one! You with me?"", 'Of course!', 'Roger!', 'Roger!', '(Grins) Will do!', ""You're selling stuff? Now?"", 'Man, your dedication is ... really astounding.', ""We won't let them down! (Walks to edge, then turns back.) Yuna?"", ""You don't need this anymore, right?"", 'Right?', 'Damn you, old man ...', 'Closer! Go closer! or Go back! Farther away!', 'Got it!', ""No! We're going in! Every blitzer knows when you got the ball, you gotta score!"", 'Hey! Star players first!', 'I know.', 'No! We have to beat the guy inside Sin.', ""Let's just end this ... quickly. The fayth said they would help us, right?"", 'Huh?', 'I guess so ...', 'Yeah ... Then, we might be able to beat it without the Final Summoning.', ""Then we'll take it down again! We'll fight him until there's no place left to run!"", ""Yeah, I know. Hey, the fayth, they're tired of this whole thing, too. Let's let them rest."", 'The dream of the fayth.', ""Hey, just take us in. We'll do the rest."", ""Let's get ready to blitz!"", ""Yeah! I'm coming for you, Dad!"", 'Dad! Where are you?', 'Then we will! Let me take front!', 'Follow me!', ""Don't you ever give up?"", 'Sin just absorbed you.', 'Well, we can!', 'Sin will be right behind you.', 'Never better!', 'Okay.', 'Not so good.', 'Hi.', ""Yeah, but you're still bigger."", ""That's not funny."", 'Dad?', 'I hate you.', 'Yeah.', ""That's enough. Let's finish this, okay?"", 'Nooo!', ""I promise this'll be quick! Hit me with all you got, Dad!"", ""I won't lose!"", ""You won't beat me this time!"", 'I hate you, Dad.', ""Right ... We've got a job to do, don't we?"", ""You know ... for the first time, I'm glad ... to have you as my father."", 'You stay away!', 'Yuna!', 'Everyone! This is the last time we fight together, okay?', ""What I'm trying to say is ... after we beat Yu Yevon, I'll disappear!"", ""I'm saying goodbye!"", ""I know it's selfish ... but this is my story!"", ""Yuna, I have to go. I'm sorry I couldn't show you Zanarkand. (Starts walking away) Goodbye!"", 'What is this place?', ""So he's here?"", 'Not a chance!', '(Yelling and punching the air) Come on out, Omega!', 'I almost got eaten by a fiend here. Payback time!', 'And he found Sin.', 'And this is your home? What? You got something against company?', ""You're dead, too?"", ""I'll do my best."", 'Perhaps later.', 'I am in your debt!', 'Easy, once you know the trick!', 'I am happy too!', 'Thank you!', 'Sorry, no time for that.', 'Sorry, no time for that.', ""All right, I'll do it!"", 'Would you explain that again?', ""All right, I'll do it!"", ""Let's see your weapons."", ""I'd like some items."", 'Show me the fiends captured so far.', ""That's all."", 'Would you explain that again?', ""Let's see your weapons."", ""I'd like some items."", 'Show me the fiends captured so far.', ""That's all."", 'Chat.', 'Fight monsters.', 'Buy weapons.', 'Buy items.', 'Exit.', 'Ride!', ""Don't ride."", 'How do I race?', ""If you don't have Celestial Mirror ..."", 'If you have Celestial Mirror ...', ""Walking's not that bad."", 'I want to ride a chocobo!', 'Let me ride one!', ""I'll walk."", 'Let me train one.', 'How do you ride a chocobo?', 'Never mind.', 'How do you ride a chocobo?', 'Let me train one.', 'Never mind.', 'Once more? One more time!', 'I quit.', ""Let's do something else."", 'Once more? One more time!', 'I quit.', ""Let's do something else."", 'Something up there?', 'Whatcha up to?']",PC
Final Fantasy X,2001,Japan,Tidus' Mom,Female,"['Perhaps you could go look for us.', 'But he might die!', 'Do you ... Do you hate him so?', ""If he dies, you'll never be able to tell him how much you hate him."", 'What? Really?', 'Just a sec, dear.', 'Just a sec, dear.']",NPC
Final Fantasy X,2001,Japan,Tromell,Male,"['We have been expecting you, Lady Yuna. Welcome to Guadosalam. This way, my lady. This way.', ""Oh, I beg your pardon. I'm called Tromell Guado. I am in the direct servidce of our leader, the great Seymour Guado. Lord Seymour has very important business with Lady Yuna."", 'Please, come inside the manor. All will be explained. Of course, your friends are also welcome.', 'This way, please.', '(snootily) This way, please!', 'I will go inform Lord Seymour. Please wait here.', '(Re-enters) Truly, it is good to have guests again. Since Lord Jyscal passed away, these halls have been too quiet.', 'Truly, a loss for us all. But now a new leader, Lord Seymour, has come before us. Lord Seymour is the child of a Guado and a human. He will be the tie that binds our two races together. But that is not all, I think. Lord Seymour ... (spreads arms) He will surely become the shining star that lights the way for all the peoples of Spira.', 'My lady?', ""But of course, my lady. Lord Seymour wishes nothing else, I'm sure."", 'Thank you!', 'Lady Yuna!', 'My lady!', ""Ah, Lady Yuna's guardians! I haven't thanked you for your help earlier. (Japanese bow) Thanks to you I was able to bring Lady Yuna here safely. You have my sincerest gratitude. It ... isn't much, but I want you to have this. Lord Seymour and Lady Yuna's marriage will help foster goodwill between us and humankind. Lord Jyscal, rest his soul, would be pleased, I'm sure of it. Well ... we have much to do before the ceremony. We are all going to be very busy."", '(Entering with attendants) Lord Seymour! What happened here?', 'You did this?', 'No, stop! Stay away from him, traitors!', ""No need, I already know what I'll tell the other maesters."", 'Lord Seymour was the leader of the Guado before becoming a maester.', 'Let you go? Lord Seymour would never forgive us if we did.', 'The Guado take care of Guado affairs.', 'Why are you in Guadosalam? What business have you here?', 'If it would please you to harm a defenseless old man ... then burn me, boil me, it matters not.', 'Lord Seymour is gone. No lord rises to take his place. The Guado merely wait for Sin to come and finish us off. Why should I care what you do to me? If it meant rejoining Lord Jyscal and Lord Seymour ... then your taking off my head would be the greatest kindness.', 'Come to kill the old man? I welcome it! Or are you here to laugh? Laugh at the fallen Guado?', 'I have prayed and prayed, yet Lord Seymour does not appear. Has he not reached the Farplane? Has he become a fiend? Oh, my poor Lord Seymour ... Tell me, where do you wander?', 'When Lord Jyscal was alive, the Guado knew prosperity and honor. But now, we Guado wither and crumble. I, myself, could have done more to stop this. Forgive me, Lord Jyscal! (Deep bow) Lord Jyscal! I beg your forgiveness!', ""Benevolent Lord Jyscal, and most wise Lord Seymour. The days spent in your service were the best in this old man's life. Those of us left behind will soon be destroyed by Sin and join you in the Farplane. I will serve you there as I have served you in this world, always. Even should Sin disappear, the Guado are doomed without a leader.""]",NPC
Final Fantasy X,2001,Japan,Vilucha,Female,"['Odd clothes you got. What land you from? This your first time to Besaid?', ""We don't get many strangers here. I remember every visitor we get."", ""Everyone's gone to the temple, but I'm more comfortable praying at home."", ""And what if something happened? I'd be afraid to go see."", 'At last, Lady Yuna has become a true summoner like her father! She was so small when she first came to Besaid.', ""I'm sure Lady Yuna will become a high summoner. Everyone in Besaid thinks so."", ""I heard the Crusaders' operation failed. Maybe Luzzu and Gatta will repent and come home."", ""I've no desire to go against the teachings, but something's not right with the temple these days."", ""I've no desire to go against the teachings, but something's not right with the temple these days.""]",NPC
Final Fantasy X,2001,Japan,Vilucha's Son,Male,"[""I can't figure out whether I'm gonna join the Aurochs or the Crusaders!"", ""I'm pretty good at blitz, ya? I can hold my breath and everything!"", ""Daddy doesn't play with me at all."", 'They say I gotta train in order to join the Crusaders ...', 'Me and Sir Luzzu and Gatta will beat Sin, just the three of us!', ""Dad, come on! Let's go help!"", 'Yeah, but ...', 'Yeah!', ""Let's go help the summoner! I promise I'll be a good boy!"", ""Lady Yuna! Don't forget me, okay?"", ""I'll be good while you're gone! I promise, ya? Here, take this. Daddy says it's an offering."", 'I have to keep watch! Sin could come any day!', 'A summoner came to this village not long ago. Now what was his name?', 'Looks like you got over the toxin, ya?', ""Sir Luzzu and the others aren't back. What could have happened?"", 'When are the Aurochs gonna come back?', 'Some mean-looking people were here, looking for Yuna!', ""We got letters from the Aurochs! They're doing great in Luca, ya?"", ""Is it true Lady Yuna's a traitor? No one here believes that at all!"", ""I wonder if all this singing's really gonna help beat Sin."", ""We got letters from the Aurochs! They're doing great in Luca, ya?"", 'I wonder if Sin is really going to go away?']",NPC
Final Fantasy X,2001,Japan,Vuroja,Male,"[""If the Kilika Beasts win, it'll give the whole island something to celebrate. Thinking about that makes me want to practice harder."", ""Hey, the Aurochs' locker room is on the other side. Or are you just here to scout?"", 'Well, we lost in the tournament ... but no point dwelling on the past! Better to practice harder than to mope around!', ""Next time, I'll show 'em the Kilika spirit we've inherited from Lord Ohalland."", ""Even if Sin comes back, I ain't budging from this spot. I'm going to use Sin's tidal wave for a crash training course! Just you watch, Lord Ohalland! I've got enough fighting spirit left in me to put you to shame!""]",NPC
Final Fantasy X,2001,Japan,Wakka,Male,"['Hey! You okay?', 'Whoa-ho!', 'You wanna try that move one more time?', ""You're no amateur. Who you play for?"", 'What team you say again?', ""Sin's toxin got to you. But, you're still alive. Praise be to Yevon!"", 'All right, back to practice!', ""I'm Wakka, coach and captain of the Besaid Aurochs, brudda."", ""What? You hungry? Okay! Back to the village. I'll get you somethin'!"", ""Long time ago, there were a whole lot of cities in Spira. Big cities with machina–machines–to run 'em. People played all day and let the machina do the work. And then, well, take a look."", ""Sin came, and destroyed the machina cities. And Zanarkand along with 'em. Yeah, that was about a thousand years ago, just like you said. If you ask me, Sin's our punishment for letting things get out of hand. What gets me, though ... is we gotta suffer, 'cause of what some goofballs did way back when! 'Course, we must always repent for our sins! That's important! It's just that, it's hard to keep at it sometimes, you know?"", ""(Guffaws) But you from the Zanarkand Abes–that was a good one! Hey, I'm not saying the team never existed, ya? But you gotta figure a team livin' in luxury like that'd be pretty soft, eh?"", ""Hey! It's this way!"", 'Got a favor to ask ya.', ""(Lets go) A major blitz tournament's coming up. All the teams in Spira'll be there! It's so huge, I'm sure someone there will recognize you! Then you can go back to your old team, right? It'll be fun! What do you say, huh? Come on, come on!"", 'Dude! Our team is gonna rock, eh?', ""This is where I was born. I started blitz when I was five. I joined the Aurochs at thirteen ... ten years ago.Ten years ... and we never won a game. Well, after last year's tournament, I quit. Time seemed right."", 'So, after quitting, I got this new job, ya? But every time my mind wandered, I thought about the game.', ""(Grunts) My first match last year was my big chance. But something else was on my mind. I couldn't focus."", 'Hey, hey!', ""I don't care how we do. Long as we play our best. If we give it our all, I can walk away happy."", 'Victory? You serious?', ""it's an ancient custom. People leaving the island pray here for a safe trip. They say it works pretty good."", 'Luzzu and Gatta–Crusaders.', 'What, you forgot that too?', ""Hey, sorry. Don't worry about it. I'll help you out."", ""Cool! About the Crusaders, you can ask them yourself. They've got a lodge in the village."", 'Besaid Village.', ""We'll get you something over there later. Take a look around first. Let's see ... The Crusaders Lodge is over yonder. Luzzu and Gatta are usually there."", 'Hm.', 'Oh, right.', 'Over here!', 'You do remember the prayer, right?', ""Man, that's like the basics of the basics. Alright. I'll show you."", ""You ... must have forgot or something. Here, I'll show you."", '(Yevon bow in slow-motion) Go ahead, you try.', 'Go present yourself to the temple summoner before we eat, ya? A little praying might do your memory some good!', 'Sorry, man. No time for lunch yet. Take a nap! You look bushed.', ""We can't interfere. It's a rule."", ""The summoner hasn't returned from the trial."", 'Well, apprentice summoner, really ...', ""There's a room in there called the Cloister of Trials. Beyond is where the apprentice summoner prays. If the prayer is heard, the apprentice becomes a fully-fledged summoner, remember?"", ""A day's already gone by."", 'Sometimes, yes.', ""There's already guardians in there. Besides, it's forbidden."", ""Hey! What's gotten into you?"", ""Hey, it's okay."", ""Only summoners, apprentice summoners, and their guardians can enter here. It's a tradition. Very important."", ""Me? I'm a guardian."", ""Summoners go on a pilgrimage to pray at every temple in Spira. Guardians protect them. The guardians in there now ... One of them's got a short fuse, and who knows what the other's thinking."", ""Well, now that we've come this far ... might as well go all the way!"", ""No, it's uh ... it's just ..."", '(Nudges Tidus) See, I told you she gets mad easily.', 'Hey, over here!', 'Wait till you see this!', '(Lets go, waves to Yuna) Ready!', 'Let me introduce you to the team.', ""This guy here wants into the tournament so bad, I let him on the team. His memory's a little fuzzy, so don't mind him if he says anything odd! Come on, say hi."", ""Nope, we got a new goal now! Our new goal ... is victory! To win every match, defeat every opposing team! To bring the Crystal Cup back to our island! That's all we need to do to win! Easy, ya?"", 'We sure got the boys worked up, huh?', ""(Nudges T. after she's gone) She's cute, ya?"", ""Don't get no ideas."", ""Then we're cool."", ""That's not going to happen. If you get tired, let me know. I had a bed made for you."", 'Hm? Ready for bed?', ""Don't overdo it. We leave early tomorrow."", 'Good. Sleep tight.', 'Yeah, but ... he needed our help!', 'Yeah, but ...', 'My little brother, Chappu. He looked like you.', ""He was with the Crusaders when they fought Sin last year. He didn't make it. I first heard on the day of the tournament."", 'I became a guardian to fight Sin, ya?', ""That was the idea. But ... I'm more worried about a stupid game now than avenging my brother. Well, after the next tournament, I'll be a guardian full-time."", ""I know it kinda looks like I'm using you, but I'm not."", ""(starts to shake hands then waves T. away) Heh. Stop, you're embarrassing me!"", 'Yeah, use it well!', 'Well, he never used it.', ""Where's Yuna?"", 'Yuna came to this village ten years ago, when the last Calm started.', ""Since then, she's been like a little sister to me and Lulu. But she had the talent ... She became an apprentice. Now, today, she leaves as a summoner."", ""This isn't a vacation, Yuna."", 'Okay! Off we go!', ""Here comes one now ... Hey, why don't ya try out that sword I gave you?"", 'Not too shabby! You kept up with him pretty well. Might make a good guardian someday.', 'That ... looks like trouble.', ""Told you. Only magic can beat that thing. If you can't beat 'em down, you gotta use magic of an element they don't like."", ""Let's have our black mage show you what I mean. Lu! You're up!"", 'Whoa! Hey! What are you healing that thing for?', ""Enough with the lesson, Lu. Let's get this over with, ya?"", ""(Folds arms) We're gonna wait."", 'Are you ready?', ""It's an ancient custom. People leaving the island pray here for a safe trip."", ""Chappu didn't pray that day. Said he'd miss his boat."", ""That's enough!"", ""He's another of Yuna's guardians."", ""True, true. But, uh ... Why don't we let our summoner show us what she's made of!"", ""Your first real battle! Let's see some style!"", 'Another one of those? No problem. Leave this one to me, ya? Say goodnight, birdie!', ""Come to think of it, I haven't told you where we're going! First to Kilika Island, then we change boats and head for Luca. 'Fore that, though, Yuna's gotta pray at the temple. I'll be guarding. We'll be praying for the Aurochs' victory, too, so you come along, ya?"", 'Hey, it is a great plan!', ""She's the daughter of High Summoner Braska! You saw his statue at the temple. Lord Braska defeated Sin ten years ago. Yuna's the heir to a great legacy!"", 'Eh?', 'Huh?', 'Oh yeah, you talk to Yuna yet? She had some questions for you.', ""What do you think you're doing? Stick a harpoon in it and we'll all get dragged under!"", 'Wait! Oh, boy ...', 'This place is crawling!', 'The fin! Attack the fin!', 'Ah, there you are!', 'Besaid Aurochs! Huddle!', 'On to the temple, where we pray for victory!', 'High Summoner Ohalland used to live in the Kilika temple here. Yep, Lord Ohalland was once a great blitzer, you know?', 'Hm?', 'Something wrong with enjoying blitzball?', ""This is the only time! The players fight with all their strength; the fans cheer for their favorite team. They forget pain, suffering ... Only the game matters! That's why blitz has been around for so long. Least that's what I think."", ""Let's play ... and win! Right?"", ""(Turns and points) Temple's beyond the jungle there. Let's go!"", ""What's up?"", 'Yuna! What? This is no times for jokes, ya?', ""He may be a blitzball whiz kid, but up against fiends, he's a newbie."", 'O-ho! These stone steps have a history, you know? Yep, Lord Ohalland trained here at his peak.', 'Mm.', 'Yuna, if you would.', 'Hey! Hey!', 'Everyone, quick! Sinspawn!', ""My ball can't hurt it either! How 'bout magic!?"", 'Sorry about that! Hoped to break you in a little slower.', 'You handled yourself pretty well. You got talent.', ""Leave 'em alone, and Sin comes back for 'em. You gotta be quick!"", 'So, uh ... they got fiends in Zanarkand, too?', ""I been thinking. Maybe people Sin gets to don't die. Maybe Sin carries 'em through time. Like a thousand years through time. And then one day, maybe they just pop back, see?"", 'Hm?', 'Well, stuff happens. Best not to worry.', 'You here to pray for victory, too?', 'Oh, yeah? Then why are you here?', 'See you in the finals!', 'Lord Ohalland, guide our feet.', ""The fayth is below. Let's do it!"", 'She could be excommunicated!', 'Just wait.', 'The fayth, remember?', 'She prays with all her heart for a way to defeat Sin.', ""It's taboo!"", 'Just wait.', 'Off to Luca at last! The matches start soon as we get there, so rest up on the way, ya?', ""Relax! He's bound to know someone in Luca."", ""He could always join a blitz team. Anyhow, it's better than just leaving him in Besaid!"", 'What do you want me to do?', ""Oh, yeah, geez ... There's that too, eh?"", 'Not mine!', '(slumps) It is mine, huh?', 'Why do you think she wants to make him a guardian, anyway?', 'Oh, right.', ""Wait, you sure 'bout that? He's really Sir Jecht's son?"", 'Okay.', ""Well, yeah, I mean ... He's gotta decide for himself, ya? Well, him and Yuna, I guess."", 'Ahem!', 'Should what?', 'Why me?', 'Why not?', ""Aren't you being over-sensitive?"", ""All right, all right. I'll try talking to him after the tournament."", ""I know. It's his decision."", ""He doesn't like his father?"", ""Hating your own father, huh? Sounds like a luxury to me. I don't even remember my parents. Can't say how I feel about 'em."", 'Sin just takes everything away from us.', ""Go to bed, bud. Tournament starts tomorrow morning. [As Tidus starts downstairs ... ] Someone's bound to recognize you when they see your moves out there."", ""Whoah! What's that called?"", 'Show us one more time, ya?', ""I knew it! I knew you were somethin' special!"", ""Hey! It's past your bedtime, kiddos!"", 'Show me that move again!', ""It's like this every year, ya? Don't let it bother you."", ""What in Yevon's name were you doing up there?"", 'Hey! Mind your mouth, now.', 'Shhhh!', '(Nudges Tidus) You, too! Bow your head!', 'Really psyches you up, ya? All right! Last meeting before the match! Hustle!', 'Heh-heh!', ""We're playin' the Al Bhed Psyches first. If we win, we're in the finals!"", ""That's right, we got seeded! Two wins and we're the champions!"", ""First things first. Let's go over the basics again, boys."", 'Hey! Hey, hey, hey, hey, hey! The game starts like real soon! C-Come back quick, ya?', 'Yeah, okay.', ""I'm ... I'm counting on you, bud!"", 'How can you let some Al Bhed kidnap you?', ""Don't go near Al Bhed any more, okay? They're trouble."", 'The game starts soon. No time for warm-ups. Ready?', ""All right! (stands) I got something to tell you boys. After this game ... I'm retiring. I promised myself this would be my last tournament. Win or lose, I'm quitting blitzball. But you know ... Since we're here, we might as well win!"", ""I'm warming the bench. He's taking my place."", ""All right, boys, let's win this one! Let's make the Goers goners!"", ""Hey, you weren't supposed to see that."", 'Zone defense, boys! Stop those Goers!', 'Get the ball and just shoot like crazy!', 'All right! Hustle!', 'Sir Auron!', 'Yeah. Best guardian there ever was.', ""Yuna needs me with her now. I can't be lying around in some bed."", ""Come on, look sharp! The blitz season just started. Don't make those faces, ya? (Hands trophy or ball to Datto) Well ... See you, boys! You be good."", ""I can't hear you!"", ""Never liked long goodbyes anyway. Sorry for making you wait, Yuna. I had some promises to keep, ya? From now on, I'm your full-time guardian."", ""Heeey. (Holds up hand to stop her, then bows less deeply in return) It's good to be back, ya?"", '(To Lulu) So, any news on what happened?', ""Do you think he's gonna stay here?"", ""In any case, I'll miss having him around."", 'Whoa.', ""You're serious?"", 'O-Of course! No problem at all!', ""Where'd you meet Sir Auron, anyway?"", 'Ah, nevermind.', ""Sin's toxin sure is taking its time wearing off."", ""Anyway, I knew you'd find someone you knew here. We'll be taking the Mi'ihen Highroad north, towards Djose Temple."", ""We were just worried you guys might've gone crazy!"", ""Told ya, Sir Auron's the best!"", ""What was all that about? The Crusaders' operation?"", 'Mm.', 'Yeah! Right!', 'But, this is an Al Bhed shop!', ""They don't believe in Yevon, and in Luca they ... They kidnapped Yuna!"", ""I'm not tired one bit!"", 'Look out! Cliff behind us!', ""Let's get him!"", ""He's a maester. Better get used to it, ya?"", ""What's goin' on? Why's Maester Seymour backing the Crusaders, eh? They're using the Al Bhed's machina! They're violating the teachings!"", '(Sputters) Lulu?', 'Excuse me ... Maester Seymour? Why is your Lordship ... presently ... present here ... sir?', ""Uuuh ... Isn't this operation against the teachings of Yevon? Aren't you gonna stop them?"", 'Mm! Mm!', ""But, using machina ... That's bad, isn't it?"", ""Beg your pardon, but that's not something a maester should say!"", ""You're kidding!"", ""At least there's no chance he'll get hurt. Why are you guys fighting, anyway? Aren't the almighty Al Bhed machina enough?"", '(Turns and peers at both of them) What?', ""When we used to play blitz together, Chappu used to say ... He'd say that–when we won the Cup, ya?–he'd propose to Lulu. And then one day ... he goes off and becomes a Crusader. Just like that."", 'Lu, you knew?', ""Luzzu! Don't die out there."", 'Lots! Lots more!', 'Curse these ... ! (Kicks cannon) OW!', ""That's got nothing to do with it! I just hate these sacrilegious contraptions!"", ""Grrr ... It won't work anyway."", ""Hmph! All right, all right! But I still think machina are bad news. They're forbidden for a reason!"", 'Um, you all right?', ""With them here, it's like Yevon authorizes this whole operation!"", ""It blocked my shot, ya? I don't believe it!"", 'That, I can hit, eh?', ""You can't ignore the teachings."", 'Still a ways.', ""That's a summoner's training. She's gotta prepare mind and body, all just to get ready for the Final Summoning."", ""That means another summoner's already in there."", 'Where is he?', 'That ... idiot!', 'Luzzu! Knock it off!', 'I ... do ... know!', ""Why don't you ... go home now, to Besaid. Take it easy a while. Rest, ya?"", ""You need some R & R. You're hurt, ya?"", ""Get better. I can't beat up on you when you're all depressed, eh?"", 'All right! Guardians, at attention!', ""All right ... Let's do it!"", 'We wait here.', 'Calling the personal guardian to Lord Braska riffraff?', 'Quite the show, ya? Not so good on the heart, though. Not all summoners are like Yuna, I guess.', ""We're leavin' once Yuna gets here."", 'Yo! Sleepyhead!', ""A summoner with bed hair! What's the world comin' to?"", ""Let the Ronso deal with Ronso problems, ya? That's how it's always been."", 'Whoa!', ""Hey, we better hurry or we'll miss the shoopuf!"", 'This is a shoopuf.', ""All right! We board soon as we're ready, ya?"", ""Let the driver know when you're ready."", 'How little you know! Some things little boys never grow out of!', '(and Tidus) Right?', 'Hey.', 'A machina city– a thousand years old! They built this city on top of bridges across the river.', ""Right. It's a good lesson."", 'Yeah. Why build a city over a river, ya?', ""Nope, that's not why. They just wanted to prove they could defy the laws of nature!"", ""Yevon has taught us When humans have power, they seek to use it. If you don't stop them, they go too far, ya?"", ""Remember Operation Mi'ihen? That kind."", 'They kept building more and more powerful machina.', 'But the war did not stop!', ""So, Sin's our punishment for lettin' things get out of hand, eh?"", 'Yeah, it is.', ""It's because of people like the Al Bhed screwin' everything up!"", 'The Al Bhed!', ""Yuna, we'll save you!"", 'Grrah! Those Al Bhed!', ""Damn the Al Bhed! What do they want from us? Could it have something to do with Luca? What are they after Yuna for? Wait! They're mad they lost the tournament! Or, wait! They're mad about Operation Mi'ihen!"", 'Ah! So the Al Bhed are behind that! Those sand-blasted grease monkeys!', 'Well ... I guess so.', 'Might be more Al Bhed! Keep watch, ya?', 'Yo! Friend of yours?', 'Wow, so you, like, owe her your life! What luck meeting here, ya? Praise be to Yevon!', 'So, uh ... Rikku ... You look a little beat up! You okay?', 'Huh? What?', 'Oh, go ahead.', 'Mmmph.', ""I'm for it! The more, the merrier!"", 'Wh-what did you just do!?', 'Whoa, whoa, whoa!', ""I don't like the smell of this one, eh?"", ""Maester Seymour doesn't look like them, though."", ""I get the feeling he called us up here for more than just dinner. Nothing 'gainst the maester, but I hope we get this over with quick."", 'He brought the teachings of Yevon to the Guado. He was truly a great man.', ""Sounds just like a passin' daydream, like Auron says."", 'He sure picked a fine time to lay this one on us.', ""You're thinking those funny thoughts again, ya?"", ""You'll see once we get there."", ""Yo, Chappu! Meant to come see you earlier, ya? Sorry! (Japanese bow, stays down in apology) I know you won't hold it against me."", ""I gave up the game. I'm a guardian from here on, you know?"", 'This guy–looks a lot like you–showed up. Travelling with him, I thought, maybe ... you were still alive somewhere, ya? But, then again, here you are on the Farplane. Guess your place is here.', ""So, how you been? Oh, that guy I just told you 'bout, I gave him your sword. He likes it."", 'Just a sec more.', 'Well? Need some more time?', 'Wha ... what was that just now? That really Lord Jyscal?', 'For a while there, I was a little worried about what was gonna happen, ya?', 'Macalania Temple.', ""What I don't get is ... Why would the lord maester head off without a peep to anyone?"", ""Ah, that's probably it."", 'We head north, not too near and not too far from the towers, ya?', ""Yes ma'am ..."", ""Hmm? What's wrong?"", 'Uh, Yuna?', ""I wonder what's wrong with Yuna ... No point asking–mood she's in."", ""What do you think you're up to?"", ""Yeah, yeah! She'll tell us when she's ready, so hold your chocobos till then, ya?"", ""Whatever happens, we're still Yuna's guardians."", ""Then let's just go on with the journey, ya?"", 'I know how you feel.', ""What's up?"", ""B-But why? Why'd you change your mind?"", ""You're kidding, ya?"", ""Yuna, just one question. Can't you just talk to Maester Seymour? You've got to marry him?"", 'Okay, I guess.', ""What's up?"", ""What's up?"", ""What's that?"", ""Whoa, this is old! Don't know if you can play it back."", ""Seriously ... A wedding's not supposed to make people feel this bad, huh?"", 'Hmph! I say whatever I want, ever since I was a kid!', 'You know it!', 'Anyways ... How long we supposed to stay here, you think?', ""Things've sure gotten complicated since Sir Auron joined us."", ""Still can't figure that guy out."", 'Al Bhed!', 'Lu! Cast your spells now!', 'Stupid machina! They sealed their magic away, too.', 'How come you speak Al Bhed? Why?', '(To others) You knew?', ""Why didn't you tell me?"", ""This is great. I can't believe I've been travelling with an Al Bhed! A heathen!"", 'But you Al Bhed use the forbidden machina! You know what that means? Sin was born because people used machina!', ""It's in Yevon's teachings! (Folds arms) Not that you'd know!"", 'Well, then you tell me! Where did Sin come from, huh?', ""Hmph! You bad-mouth Yevon and that's all you can come up with?"", 'Nothing has to change!', 'Sin will be gone once we atone for our past mistakes!', ""If we keep faith in Yevon's teachings it will be gone one day!"", ""We're not using that, are we? Wait ... Sir Auron isn't an Al Bhed too, is he?"", 'What?', ""That's different. I mean ..."", 'Lu?', ""Where you goin'?"", ""But he's a maester!"", ""(Facepalm) This can't be happening."", ""This can't be happening."", '(Pleading) Maester Seymour!', 'Maester! We must stop this!', ""Aaahh ... This can't be happening!"", 'What ... what have I done?', ""We're finished."", ""It doesn't matter! Don't you see? I've always walked the path of Yevon ... but now, I'm a traitor. How could this happen? (Turns and shakes fist towards Rikku) Damn."", ""(sigh) You don't know how I feel."", 'Wonder what the Aurochs are doing now.', 'How can you laugh at a time like this!?', ""Count me out. We have to atone, to make up for the sins we have committed. Of course ... it's not like I ever liked Maester Seymour, ya? No way I'll ever forgive him for killing Lord Jyscal ... and for trying to do us all in too, you know? But still, the bunch of us going against Yevon? No way!"", 'I agree.', ""Man ... How can you all act like nothing's wrong? Must got nerves of steel or something."", 'Say, you feel something weird in the air? Some kind of bad vibes or something.', 'I thought so.', ""Oh? Maybe I'm coming down with something."", 'I feel really weird.', ""There's something here!"", ""Mm-hm. Where's Yuna?"", ""Dammit! (Kicks metal support) First I lose Yuna, then I'm ambushed by machina! Great day I'm having."", 'Rescued? You mean kidnapped!', 'Gimme a break. What are you accusing Yevon of this time?', ""Well, you Al Bhed must've deserved it."", 'All right, I promise! Lead the way.', ""What? Yuna's down there?"", ""Where's Yuna?"", 'Yuna! Where are you?', ""What in Yevon's name are those Guado thinking?"", ""What'd he say!?"", 'This place done for.', 'Rikku ... (Hugs her) Damn those Guado! What are they thinking?', 'You kidnapped them.', 'I get why you did it, but ...', ""We weren't hiding it ..."", 'Yuna, she knew what she was doing when she chose to become a summoner. To face Sin, ya? Yuna knew!', 'A-Airship?', ""What's goin' on?"", ""(To Rikku) Hey, look. Don't get so down. Boom! (Laughs) Like happy festival fireworks, ya?"", ""Why didn't I just shut my big mouth?"", 'Oooohh ...', ""I can't believe we're flying through the sky in this! A machina!"", ""He called Yuna his, uh, niece, right? I mean, so that makes her Al Bhed, right? Don't say it! Yuna's Yuna, right? Yuna's Yuna, right?"", ""I'm glad Yuna's okay and all, but what's with those fancy clothes?"", 'What!?', ""Grrr ... What's going on?"", ""We gotta pay!? If we lose, you'll die too, buddy!"", '(Facepalm) Gee, thanks.', ""What'd you say?"", 'It was kind of a short pilgrimage.', ""When I was guarding Zuke ... I already told you this, ya? 'Bout when I was too into the game to be a good guardian? So when Father Zuke said he wanted out ... Tell you the truth, I was kinda glad. Zanarkand's right around the corner. So close already."", 'Wow, you know your way around, ya?', 'Huh?', '(Gasp) Hey. This where ... ?', 'That must be what the thief was thinking.', 'Peh! Another Guado fiend?', ""You're stronger now."", 'Nothing but a bunch of low-down tricksters, eh?', ""Gaah, my neck's hurtin'."", 'Yeah ... your home, ya?', ""Hm. Maybe I do. The one on the other side here's probably just a pile of rubble, ya? But somewhere out there is your Zanarkand. Somewhere, ya? Yeah, you'll be home soon enough!"", ""Yeah! Cheer up! Let's do this!"", ""Better get ready. Ain't no shops where we're goin'."", 'You hit your head?', ""Uh ... 'Bout your old man ... You sure this ain't some kinda bad toxin dream or something?"", ""Then, Chappu ... I, uh ... I think I'll just pretend I didn't hear nothing. I'm getting a little confused, ya? Why ... Why'd all this have to happen?"", 'Wh-What are those?', ""What's gotten into you? Hey!"", 'Looks like we got a job to do, ya?', 'Right!', ""Hey, come on, let's go."", ""We've come a long way."", ""Huh, never would've figured. Legendary guardians choke sometimes, too, ya?"", 'Looks like the Farplane.', ""Hey, wasn't that ... ?"", 'Gone!?', 'But how? What, you got a plan now?', 'Me too, Yuna!', ""Listen ... You wanna defeat Sin and keep Yuna alive ... You don't want Sin to come back, ya? That is just not gonna happen, brudda, you know?"", ""Now you're being childish!"", ""Neverending? But ... but ... if we atone for our crimes, Sin will stop coming back, ya? Someday, it'll be gone, ya?"", 'Uh ...', ""I can't believe we're gonna fight Lady Yunalesca! Gimme a break!"", ""Hah! I'd never forgive myself–no way! Not if I ran away now. Even in death, ya!"", 'So much for the Final Aeon solving everything.', 'Hey, guys! I just had a great idea!', ""(Shoves in front of her) It's like this, ya?"", ""Uh ... I know it's your old man, and I don't mean no disrespect, but ..."", ""Yeah, and that's when we make our move! Might be against the rules and all, but who's keeping track, ya? Ya?"", ""I got a good feeling 'bout this!"", 'Oh, the traitor Omega, ya?', 'They say he liked it underground, out of the light.', ""You're kidding me!"", ""What, so the main man's still around?"", 'Whassup? Something here?', ""(Facepalm) Man, don't these guys ever give up?"", 'Bah! Disappear on us, will ya? Rotten son of a shoopuf!', 'Who you talking to?', 'Everyone in Spira!', ""There's something I want to say before the fight. (Turns to Cid) I ... uh ... I guess I didn't know anything about the Al Bhed. Didn't know anything. Didn't want to listen to anything. I was a big jerk. So, I ... Well, uh ... (Half-slumps, half-bows) I'm sorry, ya? Please forgive me."", ""When this is all over, we'll help you look for your Zanarkand! A Spira without Sin ... Hard to imagine, ya?"", 'I hope everyone got the message.', 'How we gonna get inside?', ""Hey, guys? Guys? That's not good, ya?"", 'Go, go, go!', 'The Crusaders would be out of a job if it was this easy, ya?', 'Man, we must have hit that thing enough by now!', ""Time to show them what we're made of, ya?"", 'Now! Yuna, send him!', ""We been through a lot, ya? And hey, we're not finished yet! All Spira's rooting for us! Let's not let them down, ya? And to think, if you hadn't come floating out of the sea that day."", 'Huh?', 'Hey!', 'Oh, the traitor Omega, ya?', 'They say he liked it underground, out of the light.', ""You're kidding me!"", ""What, so the main man's still around?"", 'Whassup? Something here?']",PC
Final Fantasy X,2001,Japan,Wantz,Male,"['Been a while, sis. It\'s been seven years, but you still look the same. Geez, I\'m older than you, now! I guess it makes sense. Hey, I ... I brought you something! Check this out! Uh ... Eh ... \'ere we are! (Fishes sphere out of pocket) See? She looks just like you! Her name\'s ""Yuna."" Boy was I surprised the first time I saw her! Ah, \'course she\'s not as good as you. If you were still alive, I bet you\'d fight just like her. It\'s okay. Yuna will beat Sin for you, I know it. So, don\'t you worry. Okay, sis? See you.', 'Greetings, Lady Yuna. My name is Wantz.', ""I have to carry on my brother's business. You've met him, I think. O'aka XXIII, merchant extraordinaire?"", 'Mm. (Nods) My brother wanted to come help Lady Yuna. But the temple imprisoned him for helping traitors.', ""Welcome to Oa'aka's."", ""He's doing the same for you, Lady Yuna."", ""Welcome! We've got some goodies today!""]",NPC
Final Fantasy X,2001,Japan,Wedge,Male,"['We are sorry, but not even blitzball players are allowed to pass.', ""I'm right by the stadium, but I can't watch the game. What a bummer ..."", ""Did you forget something inside? Give it up. I doubt you'll find it."", 'It took forever to fix the stands inside the stadium.', ""Even now that the tournament's over, the stadium is always jam-packed. That's Luca for you."", 'Most of the warrior monks have withdrawn to Bevelle, but some have taken a liking to Luca and remained here.']",NPC
Final Fantasy X,2001,Japan,Wen Kinoc,Male,"[""Oh! (Comes over to embrace Auron) I'd heard from Seymour, but I didn't know if we'd actually meet. Good to see you, Auron! Ten years, is it?"", '(Casual salute) Good. Dismissed.', 'Tell me, Auron. Where have you been the last ten years?', ""This plan won't work, you know that. We'll just let them dream a little longer."", 'Oh, yes. Proceed.', 'I heard that, Auron. A lot has happened the last ten years. What were you doing, and where?', 'Just tell me one thing Have you seen Zanarkand?', 'Being a maester has its privileges. I can just sit here and watch.', 'What do you mean?', 'Hmm. The past ten years have changed you, I see.', ""I know I don't need to tell you this, but guard Lord Braska well."", '(sigh) You know that promotion was meant for you. You were always the better one, even until the end.', 'Yes.', 'Going already?', ""You will tell me about Zanarkand when you return, won't you?"", ""I know I don't need to tell you this, but guard Lord Braska well."", '(sigh) You know that promotion was meant for you. You were always the better one, even until the end.', 'Yes.', 'Going already?', ""You will tell me about Zanarkand when you return, won't you?""]",NPC
Final Fantasy X,2001,Japan,Yenke Ronso,Male,"['(shove) Why not talk, Kimahri? Not see Yenke for ten years! Say something! Kimahri forget Yenke? Forget Biran?', '(Guffaws) Kimahri forget Ronso friends? We taught you much at time of horn-molt! Biran taught Kimahri to be strong Ronso.', 'Hornless! Hornless!', 'Summoners disappear. Never return.', 'Poor Kimahri! Lost his horn, next lose his summoner!', 'Blasphemers!', 'No escape! Not one!', 'Forget his people, forget his mountain. Little Ronso! Weakling Ronso!', 'Kimahri never beat brother Biran! Never win!', 'Hornless! Hornless!', 'Not good enough, Kimahri.', 'Weak Ronso should know their place.', 'You will pay for this!', 'You ... win.', 'Mountain knows Kimahri strong. Kimahri may pass.', 'We crush enemies following behind.', 'Ronso will shine your statue brightest.', 'With grand horn on head!']",NPC
Final Fantasy X,2001,Japan,Yo Mika,Male,"['People of Spira, I thank you for your generous welcome. Rise, Maester Seymour. And all of you as well. I present to you ... the son of Maester Jyscal Guado, who departed for the Farplane a fortnight past.', 'As some of you already know, he has been officially ordained a maester of Yevon.', 'Today, on this glorious day, players from all over Spira have assembled here ... to participate in this great contest of bravery, skill, and strength.', 'All of these fine teams, equally renowned, deserve to win the cup today. Such is the nature of this contest. Let us, the spectators, play our role accordingly Let us sing to the glory of the winners, and applaud equally the valor of the defeated.', 'Contestants, may Yevon be with you.', 'Why are you here? You must go and defeat Sin, quickly! You have obtained the Final Aeon from Yunalesca, have you not?', 'What!', ""You have profaned and subverted a thousand-year-old tradition? Fools! Infants! Do you realize what you've done? You've taken away the only means of calming Sin!"", 'Why ... Preposterous! There is no other way!', ""Spira has lost its only hope. Destruction is inevitable. Yu Yevon's spiral of death will consume us all. I have no desire to watch Spira die.""]",NPC
Final Fantasy X,2001,Japan,Yuma Guado,Female,"[""The elders just won't give up the old tongue. I keep telling them how unseemly it is, babbling like that to guests."", ""It's just what old folks do, I guess. Please, take no offense."", ""Some say that it was the Guado who threw Spira into chaos. It pains me to admit it, but they're right."", ""Luca has informed us that the Guado team may continue to compete in tournaments. We were saved by the Lucans' generosity."", 'I want to return the favor by giving them a performance to remember.']",NPC
Final Fantasy X,2001,Japan,Yuna,Female,"[""I've done it. I have become a summoner!"", 'Okay.', 'But it was really my fault to begin with.', ""I'm Yuna. Thank you so much for your help earlier."", 'Oh, no. I was ... overconfident.', 'Really? Do you think I can become high summoner?', 'So, tomorrow, then.', ""We're going on the same boat, aren't we?"", 'We can talk more. You can tell me all about Zanarkand!', ""Everyone will find us if it doesn't come soon."", 'Would you take me to Zanarkand?', 'He did?', 'You have to speak loudly.', 'You can do it!', ""Ah ... They're not really my things. They're gifts for the temples we're to visit."", ""(Laughter) Sometimes we don't understand him either. Kimahri doesn't talk much anyway. But he has protected me since I was a child!"", 'Goodbye.', ""The wind ... it's nice."", ""You're a blitzball player, aren't you? From Zanarkand, right?"", 'Mm-hm.', 'But I believe you!', ""I've heard, in Zanarkand ... there is a great stadium, all lit up even at night!"", 'Great blitzball tournaments are held there, and the stands are always full!', ""A man named Jecht told me. He was my father's guardian."", 'You know, our meeting like this must be the blessing of Yevon!', 'Why not?', ""I'm sorry."", ""Why, that's the day that Jecht came to Spira."", ""It's true! I first met Jecht ten years and three months ago! I remember, that was the day my father left. The date fits, doesn't it?"", ""When's this going to end?"", 'I will defeat Sin ... I must defeat Sin.', 'Greetings! I am the summoner Yuna. I have come from the temple in Besaid.', 'If there is no other summoner here, please allow me to perform the sending.', 'Please, take me to them.', 'I hope ... I hope I did okay.', '(Smiling) I want to ask you to be my guardian.', '(Stops smiling) Not a guardian, then ... I just want him nearby.', ""It's just that, well ..."", ""(Smiles and nods, turns back to T.) I'm sorry. I shouldn't have ..."", 'You know that team?', 'But, Sir Jecht was a kind and gentle man!', ""Please, let Wakka's prayers be heard."", 'My name is Yuna– from the Isle of Besaid.', ""I only have as many guardians as there are people I can trust. I trust them all with my life! To have so many guardians is a joy, and an honor! Even more so than being my father's daughter. Of course, I would never think of questioning your ways, either. So, Lady Dona, I ask of you please leave us in peace."", ""Um ... We'll be back as soon as we can, okay?"", 'Are ... are you okay?', 'What do you want to do?', ""Don't call him that!"", 'Yes, they will win! He used to be the star player of the Zanarkand Abes!', ""It's not ruins, there's a big city there! There is!"", 'There is a city, really!', 'They were being rude and ... I do believe your Zanarkand exists. I really do, you know!', ""Sir Jecht used to always tell me stories. It'd be great to see your home someday. I'd love to go there."", 'I do believe your Zanarkand exists. I really do, you know!', ""(Success) That was the Jecht shot, wasn't it? (Failure) You tried to do a Jecht Shot, didn't you?"", ""I don't know. But, Sir Jecht was my father's guardian."", 'Yes. So if anything happened to him, I should think word would get around fast.', 'What would you do, if you found him?', 'Hm?', 'Mm.', 'It is hard to follow in his footsteps, as a summoner.', 'But the honor of having a father like him surpasses all that, I think.', ""You shouldn't say that about your father!"", 'Hm. I guess you do.', ""Maester Mika has arrived, that's what!"", ""Let's all go see him!"", 'There you are! (To Tidus) Someone said they saw Sir Auron in a cafe!', ""Yes, Sir Auron! Let's go find him!"", 'Maybe now we can find Sir Jecht.', ""Sir Auron was also my father's guardian. So, he might know where Sir Jecht is. Let's go now!"", ""I'm sorry, please let me through."", ""Hey, let's go."", ""I hope we don't get separated."", 'What was that?', 'Like ... this?', ""(puff puff) It's not working."", 'Okay.', 'Yes, sir!', 'Luca is the second largest city in Spira.', ""Towns don't usually get bigger than that. Because when a lot of people start to gather ..."", 'Mm.', ""It's not any different, but the stadium is here. The Crusaders fight to protect it with all their strength."", ""Blitzball's really the only entertainment that we have. Spira's a little short on fun these days."", ""(Laughs) That's right!"", 'Is Zanarkand like this, too?', ""Oooooh! They must be so tall! Don't you ever get dizzy?"", ""Let's go find Sir Auron!"", 'Hmmm ...', 'A little.', 'What is it?', 'What happened?', 'Um, was there anyone called Cid on that ship?', '(Droops) I see.', ""He's my uncle, but I've never actually met him."", ""On my mother's side, yes. Cid is my mother's brother. He became distant after my mother married. But she told me to seek him out if I ever needed help."", 'The game!', ""We did it! We're in the finals!"", 'Are you sure?', 'Then welcome back, Sir Wakka. (Deep Japanese bow) Good to have you with us.', ""Maester Seymour's aeon ... It was so powerful ..."", ""Do you think he'll find a way back to Zanarkand?"", ""He's still in town, isn't he? I think I'll go see him ... (Turns) Oh!"", 'Sir Auron?', 'Sir?', 'No, no! We accept! Right, everyone?', 'You promised my father?', 'Is Sir Jecht alive?', 'I ... see.', ""Yes, I'm looking forward to it!"", 'Hey! Come with me!', 'You sound sad.', 'Wanna scream?', 'You know what?', ""It's embarrassing to say this myself ... But summoners and their guardians are kind of like Spira's ray of light. A lot of people in Spira depend on us. I learned to practice smiling when I'm feeling sad, you know?"", ""I know it's hard."", ""Right, now let's see what you can do!"", 'Come on!', 'Next, try laughing out loud!', 'Come on, show me!', ""You probably shouldn't laugh anymore."", 'Too funny!', 'Um ... thank you.', 'I want my journey to be full of laughter.', ""If we should get separated, just whistle. I'll come running. I promise."", 'Sorry!', 'Well then, alright.', "". And guardians? Don't forget to smile!"", 'But I believe humans are the only ones capable of defeating Sin.', 'Oh?', 'I will.', 'Yes, I am Yuna.', 'You, too, are a summoner?', 'My name is Yuna.', 'Yes, I am.', 'Hm?', ""I'm sorry."", ""I'll do my best!"", 'Thank you! But I think you might defeat Sin before I am able to.', 'Eh?', 'You mean ...', 'Yes. My name is Yuna.', 'Nice to meet you, Calli.', 'Yes, very soon.', ""I'll do my best."", 'Sin dies and is reborn.', ""Don't say it isn't worth it ... Because it is."", ""Thank you, Sir Luzzu, Sir Gatta. But, you know ... It's not too late for you to go back to Besaid, and ..."", 'Are you all right?', 'Yes, I am Yuna.', ""Don't say that."", ""Well, I haven't been a summoner for very long myself, you see. Still, I can't put myself down every time I fail. People are depending on me. They're depending on both of us!"", ""Sir Auron's just concerned about your health."", 'Pretty ...', 'I wish I could live in a place like this. Peaceful ... Living with a smile on my face every day.', '(Nods) But then a new Sin will be born anyway.', 'I wish I could.', ""Sin is our punishment for our vanity. And it will not go away until we've atoned."", ""It's funny ... Ever since I was young, I never questioned it. But now that you ask me if it is that bad or not ... I don't know. There are so many things I don't know."", 'Okay.', ""The Final Summoning. It's the only way to defeat Sin. The only way. With it, we can call the Final Aeon. That's the goal of the pilgrimage. The Fayth of the Final Summoning lies waiting in the far north, to greet summoners that complete their pilgrimage. At the world's edge ... (Yevon bow) in Zanarkand."", ""That's what I've heard."", 'You will go with us ... to Zanarkand?', 'Y-yes?', '(Flustered) Oh! Right!', ""Even going against the teachings they're willing to risk it for the greater good. Wakka, I think Maester Seymour sees that, too."", 'Your Grace!', 'Yes!', ""(Bars his way) Sir Luzzu, please! Please, don't go!"", ""Don't say that. It might be a hopeless campaign, and it might mean defying Yevon ... But the Crusaders and the Al Bhed– they're doing their best to defeat Sin. They want to rid Spira of Sin forever. And that's just what we want, too, isn't it?"", ""Isn't it?"", 'Maester Kinoc, too?', ""(To Tidus) I kinda ... think we don't belong here."", ""I'm a little nervous."", 'Will Sin come?', 'Y-yes.', ""Everyone, stand back! I'll summon!"", 'But I must do something!', 'Yes. I understand.', ""(Nervous laugh) Maesters are strict. I guess ... I guess I'll just have to do better."", 'Hey, you two! Hurry up!', '(Giggle) And before that, we get to pray at the temple in Djose!', 'Mm-mm. I have to pray to the fayth in every temple in order to earn the Final Aeon.', ""I'll be fine with you here!"", 'Another summoner?', 'We have to hurry.', 'My father? You knew him?', ""I ... I'm not really ... I've only just become a summoner."", 'Very well, then. I accept your challenge.', 'Yes.', 'We are ready.', 'This has nothing to do with my father! I am travelling on my own, as a full-fledged summoner!', 'What? Morning?', ""But it's morning!"", ""(Flustered) I'm so sorry! I-I'll get ready right away! Just a moment!"", ""Sorry! I'm so sorry! (Deep Japanese bow to Auron) Please forgive me."", ""You could've woken me up!"", ""Mmm ... what is it today? Everyone's picking on me!"", 'Oh! You too, Sir Auron?', '(Slightly deeper bow) I feel that I have rested enough. But, thank you for your kindness! Will you be leaving too?', 'You are right. I must train harder.', ""I'm ready."", 'These are moonlilies! They say that clouds of pyreflies gather here when night falls.', ""Shoopufs! I haven't ridden one in so long!"", 'Well, just once. Ten years ago, with Kimahri. Remember?', '(Apologetic) Whoops!', 'I lived in the city of Bevelle until ten years ago. I moved to Besaid after my father defeated Sin. Kimahri was with me the whole way!', ""It's the biggest city in Spira! The main temple of Yevon is there. Come on! Let's get on the shoopuf!"", 'More than a thousand years ago ... Mankind waged war using machina to kill!', 'The people feared that Spira would be destroyed.', 'Sin came, and it destroyed the cities and their machina.', 'S-Sorry!', ""No, I'm fine."", 'Oh!', ""There's something we need to discuss."", 'Sir Auron ... I would like Rikku to be my guardian.', 'Yes, I do.', 'Uh, me?', 'Business with me? Whatever could it be, I wonder?', 'Why does he want to see me?', 'Aa! Shhh!', ""What could it be? Oooh ... I haven't done anything to make him mad."", 'The death of Lord Jyscal was a great loss for all of Spira.', 'You ... wanted to see me?', 'She, who?', 'Lady Yunalesca!', 'It was my father who named me.', 'Mm ... ahh ... I ... He ... he asked me to marry him!', 'Maybe it is a fine time.', ""If my getting married would help Spira ... if it would make people happy ... If I could do that for people ... maybe I should do what I can. I never imagined doing anything like this. But, I won't answer till I know what's right."", ""I will ... go on. I'm sure that Lord Seymour will understand."", 'I am a summoner! I must fight and defeat Sin.', ""I'm going to the Farplane. I'm going to see my father and think on this."", ""I've decided."", ""I remember, when I was only seven years old, in Bevelle that day. My father had defeated Sin, and the whole town was out in the streets. Everyone was laughing. They all seemed so happy. If I defeated Sin, that would make everyone happy ... wouldn't it?"", 'I must do what everyone wants, not just what I want.', 'Before that ... Call Sir Jecht. Give it a try.', ""Don't worry. He won't come."", 'See, told you!', ""That means he's alive, you know?"", 'What makes you hate him so?', ""She's very pretty."", ""She must've accepted death while she was still alive."", ""Oh, I'm sorry!"", 'What?', 'Hm?', ""I don't think so."", ""No. I'm ready."", ""Thanks for waiting! I'll go give my answer to Maester Seymour."", 'Why?', 'Lord Jyscal ...', ""I don't understand how a man like Lord Jyscal could die and not be sent."", 'I will go ... meet with Maester Seymour.', 'Lord Jyscal, please tell me. What can I do to help?', 'Oh, nothing.', ""It's true! It's nothing! Come on, let's go."", 'Oh!', ""If it's okay with Rikku, shall we go?"", 'Everyone ... wait.', 'I have something to tell you.', 'I have to say it now!', ""I've decided to marry."", ""For Spira's future ... and Yevon's unity. I thought it would be the best thing to do."", ""I can't. I must speak to Maester Seymour first. I truly am sorry, but this is ... It is a personal matter."", ""I'm sorry."", ""I won't quit my pilgrimage."", ""I don't know. But I think it is the right thing to do."", ""(Puts a hand over Rikku's) It's okay ... I'll be fine."", 'But, Sir Auron ...', 'Hmm?', ""Oh, you're right. I'll try and remember."", '(Strained) Smiling ...', ""It's quite all right. I have one question, if I may, sir."", 'I want to keep journeying, even if I marry. Do you think that Maester Seymour would let me?', '(Smiles and bows head to guardians) Goodbye.', '(Hangs back) I ...', 'Yessir!', 'I came ... I came to stop you!', 'Maester Seymour, I trust my guardians with my life. But they are also my friends. I will not stand by and watch them be hurt. I will fight you, too!', 'You may be a maester, but I will still fight!', 'O fayth, lend me strength!', 'Traitors?', 'Please ...', 'Hey!', ""I wanted to confront Maester Seymour about his father, Lord Jyscal. I wanted to convince him to turn himself into Yevon's judgement."", ""Yes, if that's what it took."", ""He didn't say anything. Now ... now I don't even think it was worth it. I should've told you what I was going to do."", 'Yes. But then, do you think Yevon will allow it?', 'We must go to Bevelle. We must speak with Maester Mika and explain what has happened. There is no other way, I think.', 'Sir Auron ...', 'Will you come with us?', '(To Tidus) Thank you.', ""Yes, it is Yevon's gift. (Yevon bow) It soothes the hearts of the faithful."", ""I'm sure that Maester Mika will listen to us."", 'Sin!?', 'You sound sad.', 'Wanna scream?', 'You know what?', ""It's embarrassing to say this myself ... But summoners and their guardians are kind of like Spira's ray of light. A lot of people in Spira depend on us. I learned to practice smiling when I'm feeling sad, you know?"", ""I know it's hard."", ""Right, now let's see what you can do!"", 'I want my journey to be full of laughter.', ""(Lying down on grass) I've always known where to go."", ""Let's go."", 'Please, tell us what has happened!', 'So, we are officially traitors, then.', ""It's okay, I'm not worried. (Sigh) Well, maybe just a little. It's so hard not to be."", 'Yell? Hmm ... Okay, I might just do that.', 'I wonder if my father got lost here, too?', ""Maybe I'll ask Sir Auron."", 'Just a little farther to Zanarkand.', 'Yes.', 'I do not know, but I will do my best.', 'Th-Thank you!', 'We have nothing to discuss with Maester Seymour!', 'I have cast aside Yevon! I ... I follow the temple no more!', 'So be it. Yevon has warped the teachings and betrayed us all!', 'We have no regrets.', 'No, we will not flee. We will fight, and continue on.', ""I fight for Spira. The people long for the Calm. I can give it to them. It's all I can give. Defeating Sin, ending pain ... this I can do."", ""It's just a little farther now."", 'Truly?', '¦Thank you. But I fear that no one will make a statue for a traitor such as I am.', 'That ... would be wonderful.', 'We have met several times before, right?', 'But, why would your brother do this for us?', ""Well ... Hey, this isn't the time for talking! There's dealing to be done!"", 'I will be sure to keep your brother in my prayers.', 'Thanks.', 'Kimahri ...', ""I don't understand you!"", ""You can't run from your fate!"", 'He will become Sin ... with my help.', 'If he becomes Sin, Sir Jecht will be saved.', 'You know something! Tell me!', '(Confronts Tidus) Tell me!', 'Even ... knowing that Sin is your father ... Still, you know, I must ...', 'Wow!', 'Those are fayth. A summoning! Someone is using these fayth! Someone is drawing energy from all of them!', '(fleeting image) Wake up! Wake up, please!', 'Are you all right?', 'Oh, phew.', 'What happened?', 'Be careful, okay?', 'Who is ""she""?', 'Lady Yunalesca?', 'She ... is still alive?', 'I see.', 'No. Nothing frightens me now.', 'Then ... I must not let him down.', 'Rikku ...', ""Rikku. You're a true friend, and I thank you, but ... I must go ... down, to Zanarkand."", 'All my life, I knew this moment would come.', 'Thank you, Rikku. Thank you for everything.', 'Tell Cid thank you.', 'Please ...', ""Kimahri, let's go."", ""Sir Auron. Kimahri told me ... when my father wanted me taken from Bevelle to Besaid ... It was you who told Kimahri, right? I had always wanted to meet you someday. I am truly glad that I had that chance. Having you as a guardian was so great an honor I don't know how to thank you. Perhaps if I defeat Sin, that will be my thanks to you. That's what I'll do. Yes. I will challenge Sin. I will defeat Sin. If you are all there watching this, then I guess Sin is already gone. And so am I, I suppose. Anyway, I just wanted to say Sir Auron, I thank you."", ""Kimahri ... Do you remember the first day we met? I was only seven. My father had defeated Sin, and all Bevelle was celebrating. Everyone was saying what a hero my father was. I was so happy. But when night came, it occurred to me. My father had defeated Sin and now he was dead. Now, I was all alone. I couldn't sleep, so I wandered into the town, away from the celebrating crowds. I stood on the bridge in Bevelle where my father and I had parted. Standing there, alone, I could see the fields where he had fought Sin. Then, you appeared, Kimahri. You said you were looking for the daughter of Braska, remember? At first, I was so scared. Until I realized what a gentle person you are."", 'You weren\'t used to talking to children. When I told you that I was Braska\'s daughter ... you said you would take me as far from Bevelle as you could. That it was the wish of a man facing death. I think ... I cried then. Because that ... that was when I knew my father was dead ... and I would never see him again. You just held me, without saying a word. I cried after we got to Besaid, too. When you tried to go after leaving me in the care of the temple ... I held onto you, crying, ""Don\'t go, don\'t go!"" And you listened, Kimahri. You stayed. Kimahri, thank you. Thank you so much. And I\'ve always liked your broken horn.', ""Wakka, Lulu I'll never forget my days spent with you, growing up in Besaid. We always played together, us and Chappu. That's why I was always so happy, I think. And when you refused to let me become a summoner and I did it anyway ... I'm sorry. I've always wanted to apologize. You know, when you tried to stop me then–really, I was happy. I could tell you really cared about me. You were like my big brother and sister. No ... I think you really were my big brother and sister. What else ... I love watching you play blitzball, Wakka."", 'I even love it when you scold me, Lulu! Really!', ""I guess that leaves ... the newest guardian. Star player of the Zanarkand Abes! You are ... I am ... Well, um ... I'm glad ... I'm glad that we met. We haven't even known each other that long, but ... It's funny. So ... So this is what it feels like. It's a much more wonderful feeling than anything I had ever imagined. Wonderful ... but it hurts, sometimes. I wonder. I ... I just want to say, thank you for everything. Maybe ... maybe that's why it hurts. When I ... When I think about us never being together again at all ... I'm afraid. No, I shouldn't say that. I'll do that part over. Um ..."", 'I think ...', 'I think that we should stop ... maybe. For now.', ""Let's go."", 'I am the summoner Yuna. I have come from the island of Besaid.', 'The hall of the Final Summoning.', '(Returning via lift) Sir Auron! Everyone!', ""This isn't a fayth. It's just an empty statue."", ""I'm not going back."", 'Lady Yunalesca.', '...', ""Wait. You say it's your story, but it's my story, too, you know? It would be so easy ... to let my fate just carry me away ... following this same path my whole life through. But I know ... I can't. What I do, I do ... with no regrets."", 'Might I ask something first? Will Sin come back even should I use the Final Summoning to defeat it?', 'No one. I would have gladly died. I live for the people of Spira, and would have gladly died for them. But no more! The Final Summoning ... is a false tradition that should be thrown away.', ""Wrong. My father ... My father wanted ... to make Spira's sorrow go away. Not just cover it up with lies!"", ""My father ... I loved him. So I ... I will live with my sorrow, I will live my own life! I will defeat sorrow, in his place. I will stand my ground and be strong. I don't know when it will be but someday, I will conquer it. And I will do it without ... false hope."", 'I cannot believe what we just did.', ""I'm no good at all."", ""All this time, I've been thinking about how to defeat Sin. But I ... Beyond the teachings of Yevon, I ... I know nothing. I'm sorry."", 'Huh?', 'Hm. (nods) Thank you, Kimahri.', ""The teachings won't help us fight Sin."", 'Both sides ...', 'To Bevelle, then?', ""I'll be fine. We can't stop now."", ""Maybe we'll find answers in Bevelle."", ""Omega's loathing of Yevon has turned him into a fiend."", 'When we meet, I will send it.', ""You are maester Seymour's mother?"", 'What is this place?', ""Yes, let's."", 'We fought and defeated her.', ""It won't die!"", 'He, um ...', 'Okay.', 'I must go see the fayth.', 'Yes!', ""All those teachings ... what were they for? Sorry, I was just thinking. We're ... still going forward, right? We can think about what will happen after we beat Sin, right?"", 'Hm?', ""Let's go!"", ""It's going to come back, isn't it?"", 'I wonder if Sir Jecht is in pain.', 'It bothers me, the way they said that.', ""I mean, they've been fighting alongside us this whole time, but now they say they'll help?"", ""Wait! Sin is reborn when Yu Yevon merges with an aeon, isn't that right? If I summon an aeon, Yu Yevon will join with it. But at first, it'll be small, won't it?"", ""I don't know. What if Yu Yevon jumps again?"", 'I never thought it would come down to this.', ""The fayth said it's pointless to keep dreaming. The dream will disappear, he said. What did he mean? And what is it that Yu Yevon is summoning from within Sin?"", ""You won't ... go away, will you?"", ""Our fathers' wishes ... Let's make them come true!"", 'Good luck.', ""No matter what happens, I'll see this through to the end. I promise. We're almost done. How are you doing?"", 'You know, I am too.', ""Really? I'm great ... thanks to you."", ""I see. You don't have to smile, if it's too tough."", 'Sir Jecht ... I should ...', 'But I ...', '(Shakes head) No ...', '(Gets to her feet) I love you.', ""Everyone ... everyone has lost something precious. Everyone here has lost homes, dreams, and friends. Everybody ... Now, Sin is finally dead. Now, Spira is ours again. Working together ... Now we can make new homes for ourselves, and new dreams. Although I know the journey will be hard, we have lots of time. Together, we will rebuild Spira. The road is ahead of us, so let's start out today. Just, one more thing ... The people and the friends that we have lost, or the dreams that have faded ..."", 'Never forget them.', ""Omega's loathing of Yevon has turned him into a fiend."", 'When we meet, I will send it.', ""You are maester Seymour's mother."", 'What is this place?', ""Sir Auron. Kimahri told me ... when my father wanted me taken from Bevelle to Besaid ... It was you who told Kimahri, right? I had always wanted to meet you someday. I am truly glad that I had that chance. Having you as a guardian was so great an honor I don't know how to thank you. Perhaps if I defeat Sin, that will be my thanks to you. That's what I'll do. Yes. I will challenge Sin. I will defeat Sin. If you are all there watching this, then I guess Sin is already gone. And so am I, I suppose. Anyway, I just wanted to say Sir Auron, I thank you."", ""Kimahri ... Do you remember the first day we met? I was only seven. My father had defeated Sin, and all Bevelle was celebrating. Everyone was saying what a hero my father was. I was so happy. But when night came, it occurred to me. My father had defeated Sin and now he was dead. Now, I was all alone. I couldn't sleep, so I wandered into the town, away from the celebrating crowds. I stood on the bridge in Bevelle where my father and I had parted. Standing there, alone, I could see the fields where he had fought Sin. Then, you appeared, Kimahri. You said you were looking for the daughter of Braska, remember? At first, I was so scared. Until I realized what a gentle person you are."", 'You weren\'t used to talking to children. When I told you that I was Braska\'s daughter ... you said you would take me as far from Bevelle as you could. That it was the wish of a man facing death. I think ... I cried then. Because that ... that was when I knew my father was dead ... and I would never see him again. You just held me, without saying a word. I cried after we got to Besaid, too. When you tried to go after leaving me in the care of the temple ... I held onto you, crying, ""Don\'t go, don\'t go!"" And you listened, Kimahri. You stayed. Kimahri, thank you. Thank you so much. And I\'ve always liked your broken horn.', ""Wakka, Lulu I'll never forget my days spent with you, growing up in Besaid. We always played together, us and Chappu. That's why I was always so happy, I think. And when you refused to let me become a summoner and I did it anyway ... I'm sorry. I've always wanted to apologize. You know, when you tried to stop me then–really, I was happy. I could tell you really cared about me. You were like my big brother and sister. No ... I think you really were my big brother and sister. What else ... I love watching you play blitzball, Wakka."", 'I even love it when you scold me, Lulu! Really!', ""I guess that leaves ... the newest guardian. Star player of the Zanarkand Abes! You are ... I am ... Well, um ... I'm glad ... I'm glad that we met. We haven't even known each other that long, but ... It's funny. So ... So this is what it feels like. It's a much more wonderful feeling than anything I had ever imagined. Wonderful ... but it hurts, sometimes. I wonder. I ... I just want to say, thank you for everything. Maybe ... maybe that's why it hurts. When I ... When I think about us never being together again at all ... I'm afraid. No, I shouldn't say that. I'll do that part over. Um ...""]",PC
Final Fantasy X,2001,Japan,Yunalesca,Female,"['Welcome to Zanarkand. I congratulate you, summoner. You have completed your pilgrimage. I will now bestow you with that which you seek. The Final Summoning ... will be yours. Now, choose.', 'You must choose the one whom I will change ... to become the fayth of the Final Summoning.', 'There must be a bond, between chosen and summoner, for that is what the Final Summoning embodies the bond between husband and wife, mother and child, or between friends. If that bond is strong enough, its light will conquer Sin. A thousand years ago, I chose my husband Zaon as my fayth. Our bond was true, and I obtained the Final Aeon. There is nothing to fear. You will soon be freed of worry and pain. For once you call forth the Final Aeon, your life will end. Death is the ultimate and final liberation. Your father, Braska, chose this path.', 'Have you chosen the one to become your fayth? Who will it be?', 'Sin is eternal. Every aeon that defeats it becomes Sin in its place ... And thus is Sin reborn.', ""Sin is an inevitable part of Spira's destiny. It is neverending."", 'Will humanity ever attain such purity?', 'Hope is ... comforting. It allows us to accept fate, however tragic it might be.', 'They chose to die ... because they had hope.', ""Yevon's teachings and the Final Summoning give the people of Spira hope. Without hope, they would drown in their sorrow. Now, choose. Who will be your fayth? Who will be the one to renew Spira's hope?"", 'No. It is our only hope. Your father sacrificed himself to give that hope to the people. So they would forget sorrow.', 'Sorrow cannot be abolished. It is meaningless to try.', 'Poor creature. You would throw away hope. Well ... I will free you before you can drown in your sorrow. It is better for you to die in hope than to live in despair. Let me be your liberator.', ""If I die, so does the Final Aeon. And with it, Spira's only hope."", 'Fool. There is no other way. Even if there was ... Even if you did destroy Sin ... Yu Yevon the immortal would only create Sin anew.']",NPC
Final Fantasy X,2001,Japan,Zalitz,Male,"[""I gave up the seafaring life. I've had enough of storms and shipwrecks."", ""Sin attacks unexpectedly. I'm through with life at sea."", ""I quit the sailor's life because I'm terrified of Sin. I'm too ashamed to face my shipmates.""]",NPC
Final Fantasy X,2001,Japan,Zamzi Ronso,Male,"['Ronso are strong, but winning takes more than strength.', 'When warrior monks protect stadium, fiends have no chance of breaking in.', 'No longer can temple help us. Must protect Spira on our own.']",NPC
Final Fantasy X,2001,Japan,Zanar,Male,"['I was in a coffee shop, running away from home when I heard the news. Our hero, Jecht, gone. Vanished into thin air! My dad must have been his biggest fan. I knew how sad he\'d be. Heck, we all were that day. ""Zanar,"" I says to myself, ""What are you thinking?"" I went running straight back home. We sat up talking \'bout Jecht all night. My dad and I never talked so much. Whoa ... Didn\'t mean to reminisce, folks. Anyway ... Ten years later, the Jecht Memorial Cup tournament is today! The two teams that have won through to the finals are ... of course, the Abes from A-East, and the Duggles from C-South. I know there\'s a lot of people out there today to see the star of the Abes! In just one year, he\'s become the team\'s number one player! He\'s Jecht\'s blood, and the new hope of blitzball! What kind of super play will he show us today? Will we see his father\'s legendary shot? I don\'t think I\'m the only one excited here, folks!']",NPC
Final Fantasy X,2001,Japan,Zazi Guado,Male,"[""I'd love to step away from the Guado glories and play for a different team once in a while. Why, if they paid me enough, I'd even play for the Al Bhed!"", ""We're always practicing out in the Moonflow. But the other day a shoopuf passed by and nearly flattened us! We also test our reflexes by dodging lighting bolts on the Thunder Plains."", ""It's true that many tossed themselves to the Farplane in Lord Seymour's name. But until recently, I looked up to him so much. So I suppose I'd be a hypocrite to belittle him. I might come across as proud, but pride is all I have left.""]",NPC
Final Fantasy X,2001,Japan,Zev Ronso,Male,"['Luca too hot for Ronso.', 'Al Bhed ship leave Luca. No one knows where they go.', 'Warrior monks run away to Bevelle. They abandon the people. Should hide their faces in shame.']",NPC
Final Fantasy X,2001,Japan,Zuke,Male,"['Long time no see.', ""You are Yuna? Hmm ... You certainly don't look like Maester Kinoc's murderer."", 'Maester Mika just issued a personal order, you know. It said that you and your guardians murdered Maester Kinoc and fled. We are to kill you on sight, or so it says.', 'Things are calm on the surface, but the depths are turbulent. After the death of Maester Kinoc, Kelk Ronso left Yevon.', 'But be careful, my friends. You have been branded enemies of Yevon. You should avoid temples for the time being.', 'To tell the truth, I was a little curious to see ... this summoner you are guarding. I hope her pilgrimage goes well. For your sake, too.']",NPC
