Title,Year,Country,Characters,Gender,Dialogues,Playability
Final Fantasy XIII-2,2011,Japan,Alyssa Zaidelle,Female,"['Final Fantasy XIII-2: The story so far...', ""(auto-talk) Alyssa Zaidelle. I'm an Academy intern. I heard you apprehended our two observers, so here I am..."", ""Hmm. I'll supply you both with comm devices. Right this way, please."", ""Oh, no. Sorry about all of that 'observer' nonsense back there. Lucky for us, that soldier was so quick to believe me."", ""(giggles) I told you, that was a cover. I'm just a trainee looking to make it big."", '(auto-talk) Right this way, please!', ""You'll need an ID to travel any further into the ruins. Here, take this communicator and keep it with you at all times."", 'Yeah?', '(points at him) I saw you two. I saw how you got here through that thing.', ""Yes, it is a kind of gate. It links to another world, doesn't it?"", 'Nice to finally have some clue what these things are for.', 'I do have questions, yes. About the gate, and about the paradox.', 'You will? Great!', ""You know what I heard? They might be shutting this site down pretty soon. It's all because of Atlas. It's too unsafe with him around. But... but there's still so much I want to explore."", ""Here's hoping Atlas stops moving. Then we can get to the bottom of this whole paradox business."", ""It's not easy, though, with all these things they keep throwing at me. I'm still a trainee. I mean, I've got my exam to prepare for."", ""I'd heard your name before, you know. There are some people who haven't forgotten what the l'Cie started on Cocoon, Serah Farron."", ""I don't suppose you've learned anything about Atlas."", 'If you notice anything suspicious, let us know.', ""(auto-talk, over communicator) We're sifting through the ruins to see what hidden technologies we can dig up. Since the fal'Cie lost their power, human science is all we have left to rely on."", '(over communicator) Serah... you should take this more seriously.', ""(auto-talk, over communicator) There used to be a cemetery in the ruins. But now it's gone... If you come across any gravestones, let me know. It's driving me crazy!"", ""(over communicator) We've detected a large energy surge in the center of the ruins. Another unknown device has appeared."", ""(auto-talk, over communicator) If a gate leads to another reality, does that mean there's another 'me' somewhere in that world? I think about it sometimes. I mean, maybe I don't really exist and I'm just a character in the 'real' me's dream. And if that's true, then I'd better make the most of it before I wake up!"", ""(over communicator) Well, no one can say for sure. It's like they'd always been there, and one day we finally noticed."", ""(over communicator) Uh... Noel? I'm not sure I can tell if you're being serious or not..."", ""(auto-talk, over communicator) I think there might be a cemetery somewhere in the ruins. Please tell me if you think you've find it."", ""(auto-talk, over communicator) There's something I just have to make sure of. They can't seal off the ruins. Not yet. They still deal with threats the same way. The government didn't learn anything from the Purge."", '(auto-talk, over communicator) Ugh, finally! Can you hear me now? It looks like Atlas is starting to slow down a little.', ""(auto-talk, over communicator) Some say that time is a box full of possibilities. Until someone from the future peeks inside, the past remains uncertain. You know what I think? Maybe we're just one of those possibilities, waiting for the box to be opened. And I think this paradox phenomenon is happening because someone in the distant future can't decide whether or not to flip the lid."", ""That's great news! I'm on my way!"", ""(approaching) This is it! This is the place! (She sinks to the ground and reaches her hand towards the epitaph.) I thought it might be... But that's not my name."", ""It's my friend's. She died here. Running from the Purge. (gets up) And me? I'm one of those who survived. Five years ago, the entire town of Bodhum-- it was wiped out by the army. I was there, visiting my friend. Then everything went to hell. We ran and hid with the other fugitives. But just as the troops were pulling out... That's when the ceiling of our hiding place collapsed. Ever since then, I've had the same dream. I'm trapped under rubble. It's dark, I'm in pain, and I can barely breathe. The next thing I know, I rise out of my body, and I'm standing before this grave. (points) And the name written on the stone... It's mine. After seeing that image so many times, I started to think that maybe I did die back then. And the life I'm living now is just an illusion."", '(chuckles) Real enough, I guess. (She sits down to look at the stone again.) Even if they all forget... I never will.', ""Thank you. You've helped me see that I can overcome any experience, no matter how terrible."", ""Forgive me. I was just so glad it wasn't my name on there. I wish it wasn't yours either..."", '(suddenly running up, breathing heavily) Director Hope! There you are! What were you thinking? Taking off and leaving me all on my own.', ""How long has it been? Five years? You two haven't changed at all."", 'Ruins are places where memories gather like dust. So many layers of time... Probably the easiest place for a paradox to occur.', ""We've made significant progress these past five years."", 'This is the front line of paradox research.', 'This eclipse is so unusual.', ""I'd say the institution has grown considerably since the last time we met."", ""Without the fal'Cie around, we have to be able to protect ourselves. And that means guns."", ""You know, I wish you'd said where and when you were from the last time we met."", 'The whole place was in an uproar after you suddenly disappeared.', ""I'm so glad Mog is still with you. I like him."", 'No, they were destroyed because they could see the future.', ""Being able to see the future is awfully dangerous. It can mess with people's heads."", ""Oh! Come on, Director Hope! I want to show them! It's okay to show them, isn't it?"", ""I think I'm a bit jealous of you, Serah. You can travel to the past or the future, and if you find somewhere you like, you can just stay there."", 'Well, of course you are.', 'Oh, hi. Still wandering around the ruins?', '(auto-talk) Director! Who are you waiting for?', 'Director!', 'What happened? Did the prophecy get rewritten?', 'When is Cocoon supposed to fall? How many years? Is it soon?', ""(looks relieved) Oh, that's a long time from now. I mean, none of us'll even be alive to see it."", 'Yeah, but how? You think you can go to the time when it falls and hold it up yourselves? Do you even have a gate to take you there?', ""I still find it hard to believe though, that my memories can change just like that. - We've got work to do. - Long time, no see. But not really. Strange, huh?"", ""With paradoxes, anything's possible. 'Until someone from the future peeks inside time, the past remains uncertain.' Do you remember talking about that? Paradoxes are spacetime entanglements, differing possibilities sealed in a box. When an observer peers into the future and corrects its contradictions, possible past histories collapse into a single timeline."", 'You got it. And it works the other way, too. Twist the future, and the whole of spacetime, backwards and forwards, gets bent out of shape.', ""I'm in pain, and I can barely breathe."", '(tosses off a wave) Later!', ""We realized we couldn't let that happen. We had to levitate Cocoon using only human technology."", ""So I bet you're dying to know how we came to the future, huh?"", ""You've heard about the time capsule we used? It's a device that slows down time only for its occupants. The effect is caused by the creation of a powerful gravitational field and... well, essentially we just slept as the outside world flashed forward into the future."", ""Unfortunately not. And considering it broke down after a single use... I doubt it'll prove to be a popular method of time travel."", 'Oh, the director was there with me. Hey, Serah? After coming to the future myself, I-I think I understand how you must feel. The Academy has welcomed us with open arms, and we can research as we always have, but... ... sometimes I get these terrible anxiety attacks.', ""Please, Serah, you have to let me apologize for the way I treated you in the past. Maybe you can't forgive me for that, but I hope as fellow time travelers we can face the future on friendly terms."", 'The Academy has made progress on its investigation into the Thirteenth Ark. At this stage, there is good news and there is bad news.', ""We've discovered that the Ark's reactor is powered by an ore cluster known as the Graviton Core. By collecting these, there's a possibility that the new Cocoon will be up in the sky in no time!"", ""I'll put together some data on Graviton Cores. Check in with the Academy front desk."", 'Thanks to you two, we almost have all the cores we need!', 'Did I tell you? The director is inventing a new device.', ""But, Director? Didn't you say you were missing a certain material?"", ""You've brought us another cluster!? Thank you so much. I mean it."", ""He's right, you know."", 'Yes, I think so. And look what I found. It was lying next to the gate.', ""That's what we figured. Thought we'd save you the trip."", ""Sometimes, when it looks like all hope is lost, people can turn against each other. They end up full of hate. But really, when they stop and think about it, they're making themselves sad for no reason. Director? What are you looking at me like that for?"", ""That was always in the back of your mind, wasn't it, Director? If we abandoned the old Cocoon, maybe you could free your friends. Or am I wrong? It's okay. We all knew. We wanted to help anyway."", ""(voice) I'm sorry. But in the new future that you wish to build, I no longer exist. Good-bye."", 'Yes, I think so. And look what I found. It was lying next to the gate.', 'Huh? What?', '(grabs for the artefact, but is restrained) Give that back!', 'So what if he did?', '(Alyssa-entity) Nice to meet you.', 'A fabricated life-form... or a living machine, the semantics are irrelevant.', 'Yes, everyone is a duplicate. An artificial life-form.', 'The Caius entity came through recently, accompanied by a green-eyed girl. They were proceeding to the top of the tower.', 'Of course. This way.', 'This way, please.', 'This was an effect of the paradox. You just witnessed an event that took place on this spot 187 years ago.', ""Yes. After the tower was completed. During the Proto fal'Cie development project, the artificial intelligence and humans came into conflict."", ""You two have seen it now. You've seen the forbidden history. People who know too much have to be buried.""]",NPC
Final Fantasy XIII-2,2011,Japan,Amodar,Male,"[""Greetings, young man and young lady! How would you like to test your knowledge with Captain Cryptic's Confounding Quiz!?"", 'I am Captain Cryptic, quiz-giver extraordinaire! So, little lady, how about that quiz?', ""Correct! Captain Cryptic is a quiz-centric duplicate. Let's get started then!"", 'Mommy not helping with your homework?', ""And we're still on the easy questions! Oh, boy."", 'Exercise that gray matter! And away we go! Question time!', 'Yes! This round is yours!', ""And we're still on the easy questions! Oh, boy."", 'Show me how brawny your brains have become! And away we go! Question time!', 'Oho, well done!', ""That's showing your smarts!"", ""Welcome to Captain Cryptic's Confounding Quiz! And away we go! Question time!"", 'Excellent. Another winning answer.', ""And we're still on the easy questions! Oh, boy."", 'Are we ready, my little lad and lass? And away we go! Question time!', 'Yes! This round is yours!', ""Welcome to Captain Cryptic's Confounding Quiz! And away we go! Question time!"", 'I am Captain Cryptic, quiz-giver extraordinaire!', 'No more questions for you two!', 'Quiz time is over now, kiddies!']",NPC
Final Fantasy XIII-2,2011,Japan,Arbiter of Time,Male,"['(deep voice) Who dares? Explain this intrusion!', 'Travels of the Void Beyond. What are you seeking in this bloodstained place of war?', 'My domain exists outside the march of ages. It is unseen and unknown, beyond life and death. Until the day the bell of the goddess tolls, this realm welcomes not the living. Begone from here. You bring naught but calamity. My halls already play host to an omen of time-shattering misfortune.', '(lighting up with energy and posing) Begone, I say! Heed my words... Or face judgment at my hands!', '(lighting up again) Take it, and leave this place! (He produces a fragment.) The Day of Reckoning has not yet come.', 'I am the Arbiter of Time. I am the lord of this domain. This field exists only for battle and death.']",NPC
Final Fantasy XIII-2,2011,Japan,Baxter,Male,"['What... what happened?', ""The airship went up in flames. I don't know if the others survived. But I do remember one thing-after the crash, I saw that our pilot, Ray, was still breathing. He must have wandered off somewhere."", 'The situation is just hopeless.', 'I pray that everyone else is safe and sound.', ""I'm all right, I swear. I'm just worried about the others."", 'Would you mind looking for my friends? I know this area is dangerous, but it would mean a great deal to me.', 'Please. Find the pilot that crashed in the vicinity. We call him Ray.', ""We're not authorized to share personal information so we use call signs. Our commander's name is Sergeant Blitz."", ""There's not an inch of me that doesn't hurt. But don't worry, I am not gonna die here--not now."", ""Please, check on the others. I'm fine. I'll wait here for the evac team."", ""You want to know where it hurts? How's 'everywhere' for an answer?"", ""Oh, thank goodness! Ray, the guys... They're okay!""]",NPC
Final Fantasy XIII-2,2011,Japan,Brant,Male,"['I think you guys took a wrong turn somewhere. The kiddie pool is that way!', 'This medical textbook is useless. It has no appendix!', ""The book of magic was useless. They didn't run a spell check!"", ""Not all jokes are funny. I'm proof of that!"", ""You're Mog nificient. I've met my Serah people and I Noel not many can keep up! You have my respect! Now give it back! I wrote everything down. Here, take this. Oh, and one other thing--tell him he's my one and only buddy till the day I stop breathing. You look confused. See, the thing is, the man you talked to before, my buddy, he died three years ago. I don't mean to scare ya, but you were talking to a ghost, not a person. Thanks for playing along! I had a roaring good time!"", ""You're still here? Are you looking for something? Like your dignity?"", ""When you see my buddy, tell him I'll see him around. Wait, scratch that--I can't!""]",NPC
Final Fantasy XIII-2,2011,Japan,Brenda,Female,"[""You two are famous. People say you're quite the swordsmen. Do you care to prove that you're as good as they say? I recently received an urgent request from one of the labs at the Academy. They need a fang from a behemoth as soon as possible for a project they're working on. They don't want just any fang, though. They need one that's in pristine condition. Unfortunately, with the military's current weapons... ... there's no possible way to take down a monster that size without ruining its fang in the process. Now that you know the situation, if you happen to come across any, would you mind sharing them with me? I know it's a lot to ask, but it would help me out so much."", 'If you change your mind, please let me know.', ""The Academy's scientists are looking for a certain body part belonging to a behemoth."", ""I'm trying to get my hands on the fang of a behemoth. I haven't come across any in good enough condition."", ""Thank you! I appreciate this. If you're as good as they say, this should be easy. Once the Academy gets their hands on an adequate sample, they're going to use it to research all sorts of things... ... such as the monster's biology and evolutionary background."", ""A behemoth fang! And it's in such good condition! I can't believe you managed to get this! So the rumors were true. You two are nothing less than excellent! The Academy scientists will be thrilled! Once the lab gets ahold of this, they'll be able to figure out everything they need to know about the monster, like where it comes from. Did the paradox bring this beast from the past or from the future? Is it the creation of the fal'Cie, humans, or Mother Nature? What you brought us will give us the answer we've been searching for. I want to thank for helping me out of this predicament. Here, take this as a token of my appreciation."", ""(auto-talk) I've never heard of just two people defeating a behemoth. That's incredible. The military uses brute force, but a little magic goes a long way."", ""(auto-talk) I want to thank you for finding something that's so important to me. I hope my research will help build a bright future for everyone.""]",NPC
Final Fantasy XIII-2,2011,Japan,Bridget,Female,"[""See this flower? Isn't it the most beautiful thing you've ever seen? It's called the Flower of Fenrir. It only bears fruit once every couple hundred years, during the time of the eclipse. Unlike most flowers, it requires complete darkness to go through the process of bearing fruit. It's an amazing subject to research, but... As you can see, at this stage, it's still a flower. I don't know exactly how long it'll take or when it'll produce fruit... ..but I do know that it's unlikely that it'll happen in my lifetime. But I can still hope, can't I?"", ""I know it's impossible. But it doesn't hurt to dream, does it?"", 'I wish I could find out what sort of fruit this flower will bear.', ""If only I could see the flower's fruit with my own eyes during my lifetime."", ""Really? You're willing to search for the Fruit of Fenrir for me? I don't think it's possible to find one when there's no eclipse. Or do you know something I don't? Is there a secret way to obtain one?"", ""You say you've found something that resembles the fruit? But... how can that be? This is it... I can't believe my eyes! I don't know how you did it, but you found one! Thank you so much! Now I can focus on the research I've always wanted to do. I can finally figure out how this fruit is able to grow in complete darkness. Ever since the fal'Cie became dormant, the weather on Cocoon has been pretty miserable. There are always dark clouds in the sky. I want to engineer a plant that will help cheer people up. I know many people have abandoned Cocoon. But I want to show people that no matter how grim things might be, there's always hope. Just like this flower can bear fruit without light.""]",NPC
Final Fantasy XIII-2,2011,Japan,Caius Ballad,Male,"['This eternity--it was never your desire. Is that not so, Yeul?', ""Warrior goddess. (He draws a sword which features a large glowing orb of energy.) Now we cross swords. (Lightning draws her own gunblade with a flash of feathers. Caius slashes his sword and leaps into the air. A fight begins between Caius's and Lightning's monsters.) Lose yourself in battle, and rejoice!"", '(chuckles and sends out another beam of energy) Husk of the wandering comet... I summon thee!', 'Impressive.', ""Let's not waste time."", 'The goddess made a wise choice. Powers of chaos, bend to my will!', 'Keeping up?', 'Oblivion is the fate of all things.', 'Predictable.', ""Now it's my turn."", 'Pathetic.', 'I long since ceased to feel pain!', 'Final Fantasy XIII-2: The story so far...', 'If you change the future, you change the past.', 'You must understand. There are many Yeuls.', 'I learned of journey, leaping back and forth along the timeline. Yeul has been watching everything you do.', 'Yes. I see you understand the significance of that. Then you must also understand that I am here for a reason. Your actions have necessitated the strongest sanctions.', 'I must protect the sanctity of the timeline.', 'Face your worst fear.', 'Times have changed. I am not the Caius you once knew. (He levels his sword at Noel.) To change history is a sin.', ""(kneeling at Yeul's feet) But, must we accept this, Yeul?"", '(voices echoing in flashback) If you change the future, you change the past.', 'Yeul...', 'Yeul. Will you allow this?', 'Will they ever find the dawn?', ""Pretend to capitulate and buy yourself time. It's not a bad strategy."", '(points) Wrong. You are the enemy. You are contradictions in the timeline. I have every reason to eliminate you. Two hundred years ago, you learned the forbidden history, and were entombed in that tower as a consequence. But now you stand before me, alive and well once again. What can that be, if not a paradox?', 'There is no mistake. You are one and the same. A distortion. A contradiction.', 'Your very existence poisons the timeline and invites disaster.', 'Vermin. If this tragedy is to come to an end, no trace of you can remain in this reality.', '(voiceover, flashback) Two hundred years ago, you learned the forbidden history and were entombed in that tower as a consequence.', '(voice, flashback) Two hundred years ago, you learned the forbidden history and were entombed in that tower as a consequence. But now you stand before me, alive and well once again. What can that be, if not a paradox?', 'I shall remember your pain. It will be carved in my heart. Together with the memories of every other Yeul, cursed to die this way.', 'I shall remember your pain.', 'To live is without meaning.', ""You fight bravely. (She charges at him, but he vanishes and reappears behind her. She slashes again, but it's no go. Caius reappears on the throne.) Noel gave up much more quickly than this."", ""To save her. Long ago, the goddess Etro rescued you and your friends from your fate as l'Cie. For you, it was a miracle. For Yeul, a sentence of death. In that moment, immutable history was transformed. Time was twisted. With each distortion of the future, the life of the seeress was cut short. (He has a flash of one of Yeul's deaths.) So often have I seen this... Seen her wilt before my eyes. When time is in flux, the future changes, and Yeul is consumed. So I will dam the river of time... ... and tear down the foundations of history. Only then will Yeul's suffering come to an end."", ""Surrender now to your heart's desire."", 'Did you get one?', ""You're improving. It must have been a difficult hunt."", '(chuckles) Yes, you are ready to become the one true Guardian.', 'Because, Noel, that is the way. You are ready to challenge me to a duel. If you defeat me, the sacred pact passes to you. Just as I once defeated my predecessor.', 'I killed him. That is the law of the Guardians. There can only be one. Noel. If you wish to succeed me... You must kill me.', 'Well? Are you ready to kill me?', 'Leave and go where?', 'That is a vain hope, and you of all people should know it.', 'There is one thing. Kill me.', 'The Heart of Chaos beats in my chest-- a manifestation of Etro. Should this heart stop beating, the goddess will die once again. When the goddess dies, the chaos of Valhalla is unleashed. The chaos has the power to warp the timeline and destroy the past.', 'If you cannot... ... you must die instead.', 'To live is without meaning.', 'Face your worst fear.', ""It's as I feared. You are too weak."", ""Surrender now to your heart's desire."", ""You still don't know the truth, Serah. You are the same as Yeul. You can see the timeline. Even if you save your future, you will not survive to see it."", 'How very noble of you. But you shall die first!', 'Face your worst fear.', 'You fight bravely to protect your friends. Like a true Guardian.', 'Everything I do is for Yeul. Her spirit is bound by a curse. I will save her.', 'Here in Valhalla, the chaos is my ally. Now let us decide the true history!', 'You both shall know despair.', 'You cannot kill me. Not now.', ""Which Yeul are you talking about? I've known and protected hundreds of Yeuls. Although they had the same soul, every one of them was unique. A Yeul who dreamed of travel! A Yeul who loved to sing! A Yeul who collected flowers. They all died. All of them, before my eyes!"", ""Noel, you told me that Yeul is reborn because of me. Then I have to die. We must free Yeul. Kill me. You're the only one that can end this eternal torment."", 'Lightning is dead. I killed her with my own hands. Will you allow me to go unpunished?', '(chuckles) In Valhalla, time does not flow as it should. Long before we began our battle here, I had already faced her. Now she sleeps, never to wake. Things that shall happen in your future have already been decided... in my own past. I know how it begins, and how it ends.', 'The moment I cease to exist, Yeul shall be released from her fate.', 'Impressive. (He grabs the sword.) He who can change time, must choose between those who die, and those who live. You must bear the burden. Of the eternal paradox!', 'The Heart of Chaos beats in my chest, a manifestation of Etro. Should this heart stop beating, the goddess will die once again.', 'When the goddess dies, the chaos of Valhalla is unleashed. The chaos has the power to warp the timeline and destroy the past.', 'Every one them was unique! They all died.', 'To live is without meaning.', 'To live is without meaning.', 'There must be some temporal distortion.', 'This is the world you chose. Had you simply accepted defeat, a pleasant dream would have been yours for all eternity.', 'Face your worst fear.', 'There must be some temporal distortion.', '(narrating against a black screen) They have seen all of history, all of its possibilities. They have seen all the endings.', 'But they must know, the goddess Etro is already dead.']",NPC
Final Fantasy XIII-2,2011,Japan,Catlin,Female,"['Welcome to our timeless paradise, Serendipity! You guys are travelers lost in time, right? Is this your first time here?', ""All sorts of people come here for different reasons. Don't worry--we won't try to get in the way of you having fun. In this place, we're all just servants of the goddess--you might know her as Lady Luck."", ""All the better. You've heard of beginner's luck, haven't you? To play the games, you'll need to purchase casino coins from the exchange desk. Go! Enjoy!""]",NPC
Final Fantasy XIII-2,2011,Japan,Chester,Male,"[""(another soldier) Exploring are we? Might wanna be careful in here. Someone spotted a Cie'th in one of the tunnels, deeper in the ruins. We haven't seen a Cie'th on Cocoon for several years now. There's definitely something spooky going on here. I hope someone takes care of it soon."", ""Wise decision. They say someone spotted a Cie'th. It was in one of the excavated tunnels."", ""I hear a Cie'th is wandering around in the ruins. Hopefully some brave soul will deal with it."", ""You think can handle one of those monsters? Maybe you should just leave it to the soldiers. A creature like that shouldn't even be here. With the paradox effect thrown in, there's no telling what it's capable of. Watch your step, and be ready for anything."", ""Cie'th are shambling monsters created by the fal'Cie, right? It just creeps me out."", ""They say the Cie'th was seen in the tunnels further in. Did you spot anything yet?"", ""(auto-talk) The reports say you handled that Cie'th in the ruins. Now I can sleep at night. We learned that all Cie'th were once normal human beings. And their only salvation lies in a merciful death. Such a tragic fate.""]",NPC
Final Fantasy XIII-2,2011,Japan,Chocolina,Female,"[""Choco boco lina! Welcome! Get your traveling products here at Chocolina's emporium! The beauty's all mine, but the products can be yours but only if you show me the money! This might be a once in a lifetime choco mazing opportunity, so don't miss out!"", 'Have a fantabulous day!', ""Have you seen that big ol' giant? Where'd he come from? Someone sure wasted their time and hard-earned money making something that big! I don't like seeing materials go to waste like that, but hey, what can I do? I can open up my shop! That's what I can do!"", ""You know I'm counting on you. Everyone is!"", ""If it's the giant you want to take down, then take a look around!"", ""Oh my gosh! I can't believe you really did it! You subdued that big ol' hunk of a meanie! You just saved us all from a devastating fate! Now that we're all safe, what say we find a way to spend some of that money?"", ""If you ever need a hand with anything, you know where to find me! I'll be right here!"", 'Howdy, time-buddies! Care to help a choco-girl out by spending some gil?', ""The scientists are so passionate about their work! They're working just as hard as ever, even in the dark! Speaking of passionate, I'm the most passionate person I know when it comes to making a living! And on that note, please peruse my passionately promising pick of pieces!"", ""I know it's a little dark in here, but I paid my electric bill, I swear!"", ""A little darkness can't stop me. I light up the room with my luminous character!"", ""The sun feels so amazing! Time for my feathers to soak up some of that good o' vitamin D for extra fluff! Oh! Choco-boco-lina! Sorry, didn't see you there!"", ""Thank you for shopping here on this bright and sunny day! I think it's time to hit the beach, don't you?"", ""I'm in a great mood today! A bright new future and bright new feathers! Welcome!"", ""I can't stand to even think about flan. They're slimy and gooey and sticky and goopy! So gross! Hey, there! I'll sell you some great stuff, so in return, I think you should take care of that giant flan! You know what I mean by 'take care,' right?"", ""Oh, thank you thank you thank you! And don't forget to 'take care' of the flan! You promised!"", ""I'm happy to sell you whatever you need, as long as you promise to kill that piece of goo!"", 'I have super low, everyday prices! So no haggling, all right?', 'Well, thank you kindly!', 'Pssst, hey there! Wanna see what I got?', ""I'll have something extra special for you next time!"", 'Bargains, bargains everywhere!', 'Until we meet again! Choco-boco-lina!', ""Welcome to my shop! Take a breather and survey Chocolina's charmingly cheap chest of charity!"", ""Thanks again! You're becoming quite the regular!"", 'Welcome, Master. I am here to serve your every need. Just kidding! Choco-boco-lina!', ""You'll come and see me again, won't you... ? Choco... ?"", 'I really hope to see you back here soon!', 'I have to say, you have a really good eye!', 'See you later, choco-gator!', 'Everyone comes to me to stock up on their time-traveling goods!', 'Retail therapy is a great stress-reliever!', ""I'm Chocolina--a busy little choco-bee flying around time to serve your needs!"", 'Did you come to check out my chocotastic selection of goods?', ""Meeting like this is fate. Won't you buy a little something to remember me by?"", 'Welcome, you and you! What brings you to my fantastical shop today?', 'Step right up, folks! You want something? You know I got it!', 'Welcome one and all to Casa de Chocolina, the only store within goddess knows how many years!', ""(moans) Thinking about the C'ieth makes me so sad. They used to be regular people, you know? They lived their lives just like you and me. Well, not exactly like me, of course, since I'm not human. I feel so blue, but I might feel better if you buy something."", 'Thank you kindly. I hope my shop is helping people in some way, no matter how indirectly.', ""Welcome. I'm down in the dumps of timelessness. Buy something if you want. Or not."", ""It's like the liveliness has been sucked out of the Augusta Tower lately. The people there are all so quiet and almost... robot-like. Although, I'm not human so what do I know? Anyway, back to business. Open up that wallet and shower me with gil!"", ""It's really quiet around here, so I've been talking to myself a lot. Trying to keep things lively, you know?"", 'So for my lucky customers today, you get a big dose of spirit and zest along with your purchase!', ""(squeals) You there! Are you lost, too? I don't know how I ended up here! And I can't seem to find a way out! I really need your help to get out of this bind! First, buy something from my shop. Then, look for an exit so I can get outta here!"", 'Love you! And find that exit-STAT!', ""Choco-boco-lina! If there's anything I can do for you, just holler!"", ""You look way too serious! It's like you're about to head off to a final showdown with your nemesis or something. If that's the case, you should spend an absurd amount of gil at my shop. It might help you win! Come on! Lighten up and pull that gil out of your wallet!"", ""It doesn't matter whether you win or lose. The only thing that matters is whether I win or lose in this game called life."", ""Chocolina's shop guarantees a good life at a good price. Or you money back!""]",NPC
Final Fantasy XIII-2,2011,Japan,Cole,Male,"[""I'm collecting parts for my computer terminal. If you've got any, I'd be happy to buy them from you. What I really want to get my hands on, is the battery used for one of the older models, like the kind they used on Cocoon. It wasn't a very popular model, so the parts are scarce. I saw it in a store window once. I got excited and ran in, but it turned out that the item had already been bought."", ""If you have the battery for that older model, I'm willing to pay a generous price."", ""They discontinued that model, so there's no way I can get the parts at a store."", ""Really? You'll help me try and find the battery? It might be an impossible task. I already called every store in the book with no luck. But if you say you can get your hands on it, I believe you! Thanks for doing this! You want to know what I'll be using it for? I'm a collector. I want to get my hands on all the retro electronics I can."", ""I'm looking to obtain the battery of the older model terminals. I'm willing to pay whatever it takes. It's been ten years since they stopped producing them. No wonder the parts are so hard to find."", ""Is this what I think it is? You really found one! How did you get your hands on something like this? Would this be enough to compensate you for your trouble? You say you want to know why I'm paying this much for a piece of junk? Hmm, you two popped out of that gate, didn't you? Well, in that case, I suppose you'll believe me if I tell you then. The reason I'm collecting things that can almost be classified as antiques, is because I'm from the past. I'm a time traveler, just like you. I was thrown into the future by a paradox, and so far, I haven't been able to find my way back. But please, don't tell anyone about my situation. I love my life here and I don't want anything to disrupt that. I even have a beautiful wife who adores me! Can you get to the bottom of the mystery of the gates? I don't want more people getting swallowed up by a paradox and finding themselves in a foreign time. I made the most of it, but I don't know if others will be able to do the same."", ""(auto-talk) I just don't want anyone else to become a victim of accidental time travel. At the Academy, they call it something fancy. They refer to it as the time dislocation phenomenon.""]",NPC
Final Fantasy XIII-2,2011,Japan,Cordelia,Female,"[""What do I do? This is hopeless... Hm? You wanna know what's wrong? Well, I can't get this stupid drawer in my desk to open. You're thinking, 'She's forgotten her password,' aren't you? Well, you're wrong! The stupid lock on the stupid drawer is broken. And I really need a file I left in there."", 'So what can I do... ?', ""How can you open a lock if it's broken?"", ""My file's in that drawer. How do I get it out?"", ""You can get it open? Oh, but don't just go busting the desk apart. I need a non-violent solution."", ""Yes, this is the file! That's amazing! How did you get it out? These are my personal notes. I have research ideas and theories and all sorts of things in here. Thank you, now I can get back to work. Wait, this can't be right. This is my file, but I don't remember writing these notes. Augusta Tower? Duplicates? This isn't my field. And the date it was saved hasn't even happened yet. Don't tell me... these are my notes from the future? Is it possible that the drawer wasn't really broken at all, but somehow phased out of time? Was my desk the site of a paradox!? This is huge! Thank you for your assistance!"", ""(auto-talk) That file was definitely written by my future self. But the shorthand is so cryptic, I have no idea what I was trying to explain. According to my notes, in a few year's time, that trainee Alyssa will climb pretty high in the Academy. I wonder if that really happens...""]",NPC
Final Fantasy XIII-2,2011,Japan,Dajh,Male,"['(offscreen, as Hope watches) Daddy!', 'Yeah! Daddy!', 'Yeah.', 'Yeah!']",NPC
Final Fantasy XIII-2,2011,Japan,Dr. M,Male,"[""I am a researcher of monsters. My database contains profiles of every creature in existence, from Cocoon to the furthest reaches of Gran Pulse. Yes, I have them all. Ah, it's been quite the trial. I scoured the records, you see, compiling data from the most obscure Academy files. My work is a thing of beauty. If anyone has research that rivals my perfect database, I would certainly like to see it."", ""Not up to the task? I don't honestly expect anyone to improve on my work in any case."", 'I wager there is not a single monster anywhere that has escaped my scholarly gaze. I challenge you to find a database anywhere that claims superiority over mine.', ""Hm? You believe there are monstrosities even my research has overlooked? Very well. Let us see proof of your words. Return to me when you think your datalog has captured details on every monster. Do you understand? I do mean 'every' single monster."", 'Well, well. This is a significant amount of data, even for a specialist in the field. You surprise me. It still falls short of my work, but this is a first-class database.', ""Yes? You say you've tracked down and recorded data on all the monsters you could find? Hm!? What's this!? You've discovered a creature missing from my database!? A new species... I have been remiss. The monsters appearing with the paradox leave behind no bodily remains. It stands to reason that their data should remain unrecorded. I thank you. You have given me new purpose. The next database I compile will truly be a work of perfection."", ""We'll need to rethink our current system of classification."", 'This new data will prove invaluable for overturning established theories.']",NPC
Final Fantasy XIII-2,2011,Japan,Duncan,Male,"[""Have you heard about this legend? Many years ago, there was a young girl who worshipped the seeress of Paddra. With much training and dedication, the girl secured herself a position as one of the protectors of the seeress. But when war broke out in the city, the girl was fooled by the enemy and wound up betraying the one she set out to protect. Charged with treason, the girl faced severe punishment. She was turned into a C'ieth, and was forced to wander the Yaschas Massif for all of eternity. According to the legend, she's still there, waiting for someone to defeat her and help put her soul to rest. I don't know how much truth there is to that story... ... but if you ever spot a C'ieth in the ruins, you should do it justice and kill it. You'll be doing it a favor by putting it out of its misery."", 'Even after death, she continues to pay for her mistake. My heart goes out to that poor girl.', ""There's a C'ieth, a girl, wandering through the Yaschas Massif."", ""If you want to set her free, I won't stop you. But remember... Even though she used to be a human being, she's a monster now. Stay on your toes out there, or you'll end up losing your life."", ""So, tell me, have you run into the C'ieth I told you about? When you fight a C'ieth, you have to forget that it was once human. If you dwell on that fact, it could easily get you killed. You don't want that, do you?"", ""You found a mysterious crystal? Let's see. You're right--this is no ordinary substance. If we can obtain a few more, we might be able to discover their true properties."", ""(auto-talk) The C'ieth left behind a shiny stone and disappeared? I wonder if that was her--the girl from the legend. You know, I'd like to think it was. I forgot to mention it before, but there's more to the legend. You see, if the girl was ever freed from her cursed fate as a C'ieth, her new responsibility will be to protect her new master from harm. So they say. Perhaps her soul is in that stone, determined to protect the ones who freed her from her horrid fate.""]",NPC
Final Fantasy XIII-2,2011,Japan,Falcon,Male,"[""Please! D-don't kill me!"", 'Sorry, I thought you were gonna kill me. Wait, are you a search party?', ""I couldn't believe what I was seeing. The corporal and I were thrown out of the ship, and when I came to, 'it' was standing right in front of me. Listen up, I'm only gonna say this once. Don't go any further. That thing... That monster... It's not something you want to mess with! If you value your lives at all, I suggest you turn around and go back. I'll go check on Torreno."", ""It's just like you said. Torreno's leg is in pretty bad shape, but other than that, he's all right for now."", ""Just promise me you won't go any further. No human can go up against something like that."", ""There's no way the corporal's still alive."", ""Are you joking? You plan on taking on that monster? Come on, you're just gonna get yourselves killed! The corporal ordered me to cooperate? No way! He knows that no one has the strength to go up against that thing."", ""The corporal's always been one to shoulder all the responsibility. It definitely sounds like something he would do. Okay, then how about this: what's the corporal's call sign?"", 'See? I knew it. You guys are lying through your teeth.', ""If you met the corporal like you say you did, you should know his call sign. Tell me the corporal's call sign."", ""That's right. So you really did talk to the corporal. Fine, I'll tell you everything you want to know. A powerful energy source was being sent to that area from another time. In fact, it was so powerful that it even blew up our calibrator! The creature's getting its powers from a different time. Getting rid of that power source should weaken it considerably. Take this with you, so you don't get lost along the way."", ""There's no way to kill that sinister creature unless you terminate its power source. It's like the beast is devouring energy from a different time. Is that even possible?""]",NPC
Final Fantasy XIII-2,2011,Japan,Fang,Female,"[""We've come to pull you out of this fantasy of yours."", ""We're just showing you a way out. You're the one who made the decision to wake up and leave this world. If you hadn't rejected the fake Lightning, we would never have been able to reach you, and you'd still be stuck in your dream."", ""Tch. Guess our time's up, huh?"", 'See you around.']",NPC
Final Fantasy XIII-2,2011,Japan,Gadot,Male,"['Serah, come on!', ""(auto-talk) You're askin' for it! Serah! You okay!? Is Lebreau okay? We gotta handle this mess!"", ""All right, everyone, listen up. The meteorite hit over there. We're gonna go check it out."", ""Serah! Still in one piece? We're seein' lots of unfriendly critters around that meteorite. (notices Noel) Oho... Who's this?"", ""Is that right? (He gets up close.) I'm Gadot!"", ""You better not. Anything happens to Serah and the boss'll string your carcass out to dry."", ""Huh!? Who d'ya think you are!? (runs off) Hut, two, three, four! Hut, two, three, four!"", ""(auto-talk) Guess that Noel's seen a few fights before. Don't wander off alone! What's goin' on inside that rock? What do I tell everyone?"", ""(grabbing him) You're full of it!"", ""Whaddya mean, 'Time Gate'?"", '(auto-talk) That impact site is off-limits for now.', ""It's not safe near that thing. There's monsters everywhere."", ""Hey, Serah. Listen. What's the deal with you and that Noel guy, anyway?"", ""Let you run off with some con artist? I'd beat him half to death first."", 'Wish Snow was here right now.', ""Gotta be careful out there. Still a lot of nasties roamin' around."", ""This Noel guy, what's he after?"", 'Still a bit early for patrols.', ""Hey there, Serah. Sorry, but I'm not lettin' anyone near that meteorite just yet."", ""How should I know. Even if I did, I wouldn't tell you."", ""N-no, I got no idea! You're not actually swallowing any of that crap, are ya?"", 'That meteorite is off-limits.', ""That Noel guy... Stirrin' up a bunch of trouble."", ""He's up to somethin'. I can smell it."", ""Keep an eye out. Never know when some creepy-crawly'll pop outta nowhere."", ""Hey, I don't see why not."", ""Maqui'll do it."", '(nudging him) Hey, shut up.', ""(pointing) You know what you're doin', right?"", 'Hey, what about Serah!?', ""Hey, guys! You're back. Not that you've been away that long. A few hours ago, right? That's when we saw you off. But look at you now... You've changed somehow. Like you've gone through a lot in a short time. So Noel was tellin' the truth about time travel and all that jazz. Don't tell the townsfolk, though. Who knows how they'll react? You gotta be tired. Go home, get some rest."", ""To think we said good-bye to you guys just a few minutes ago. Back almost before you left, ha! I have a hard time wrappin' my head around all this time travelin' stuff."", ""Journey's not over yet, right? If you've got things to take care of in town, go do 'em."", ""You need something from me? Speak fast, I'm busy. The paths need fixing, and the guards need supervising!"", 'Leave the monster hunting up to us. You just concentrate on finding Lightning and getting her back safe and sound.', ""Hey, you found your way back! You didn't happen to bump into the boss while you were out there, did ya?"", 'If you see the bossman, tell him Gadot says hey. Oh, and tell him he still owes me for that time I bought him lunch!', ""Hope you guys bring back Snow and Lightning. You'd better hurry back before we all forget about you guys!"", 'Oh, and next time, bring us back a little something from your trip, will ya?', ""Why don't you do it?"", 'Not in your bed, for starters.', ""Hey, let's go."", ""Man, I'm hungry. What's for lunch anyway?"", 'You were sleeping like a baby out there, You sure do have it easy, Serah.', ""Do I like it? Well, there aren't as many monsters as there used to be. I liked chasin' 'em off. Things have gotten kinda boring. Other than that, no complaints. Anyway, you better get a move on. You-know-who's waitin'."", ""You're not gonna go inside?"", 'No more catnaps on the beach.', 'Stay close to the village.', ""There are still dangerous monsters prowlin' around out there.""]",NPC
Final Fantasy XIII-2,2011,Japan,Hope Estheim,Male,"['Final Fantasy XIII-2: The story so far...', ""It's her knife. I found it near the base of the pillar."", ""When monsters like these are cornered, they cause a spacetime vortex to appear. An electromagnetic shock usually shuts them down. It's been a while, Serah."", ""I'm grateful you remember me."", 'Director of Academy Research, Team Alpha. Hope Estheim, at your service. And you, you must be Noel.', ""You appeared here with Serah some years ago, at the Bresha Ruins. Subsequently, we analyzed the gate and forecast your reappearance at this location. To be honest, I didn't really believe that time travel was possible. But here you are. (takes Serah's hands) I'm really glad you're safe."", ""For me, it's as if time has stopped. Everyone I knew is gone."", ""Not just Serah. Snow as well. And Sazh and his boy. You all disappeared from my life. It's been ten years now."", 'When the paradox occurred some ten years ago, I thought if I could solve it, maybe you would all come back.', ""There's something I want to show you both. We can continue our conversation as we walk. Alyssa (clinging to Hope) I'll show the way."", 'A sense of duty. Vanille, Fang, Lightning... They turned to crystal so that we might live. It was an enormous sacrifice.', ""They put the future in our hands. We're in a position to build a society based on human technology, no longer subject to the whim of the fal'Cie. That's the gift we've been given."", ""Serah, you've just stepped into the near future. You must be curious about a few things."", ""Our goal of creating a society independent of the fal'Cie is slowing but surely becoming a reality. We're seeing all previous opposition fade away, and people are coming together under the leadership of the Academy."", 'Thank you.', 'The time distortions spawn hostile creatures. Until we can resolve the paradox, we need military force to repel threats. These armed patrols are essential for our safety.', ""It's hard to believe it's really been ten years. So much time has passed."", ""I always had doubts. And it wasn't just me. Sazh had them as well."", ""Yes. He couldn't believe that Lightning would just 'up and leave Serah like that.' After all, she was the one who said we shouldn't face things alone, that we should stick together."", ""I'm glad to see you're doing well, Serah."", ""I believe it. Good old Snow. I'm glad to hear he's alive."", ""Have faith. I think I understand what Snow's going through. He's trying to save Vanille and Fang. Not to mention Lightning as well. We're only here today because they chose to bear the weight of a world."", 'I wonder how the others are doing.', ""We've been out of touch. Sazh took Dajh to live on Gran Pulse, and he was flying airships the last I heard. Then suddenly, they both disappeared. I... I searched everywhere but never found them."", ""Yes, and I can't tell you how much it means to have you here now. Sazh and Snow may have set off on different paths, but I've started to think that in the end, we're all headed towards the same goal."", ""It's been ten years already..."", 'A great many things have happened.', 'According to our research, we believe they constituted an entire nation, a polity that was ruled by a seeress.', 'Yes. The seeress would read the fates, see the future, and guide her country.', '(extending his hand to Serah) Here.', 'The seeress Yeul foresaw the future destruction of this city. Some citizens wanted to try to avert the disaster. Others felt that they should simply abandon their homes and run. A few fell into despair, and took their own lives. The divided populace clashed. The nation was torn apart by civil war.', 'Huh. So you know the story?', ""This way. Here, this is what lies at the heart of our paradox. The Oracle Drive. We've been giving it careful study."", 'Wait, you know of these devices?', ""The Oracle Drive appears to be some kind of recording apparatus from ancient times. We've excavated a number of the devices. However, the recordings depict... things that cannot be possible. Perhaps you should see for yourselves."", 'The device was excavated from an ancient part of the ruins. We used carbon dating methods to determine age. The device and the recording stored within are several centuries old.', ""Someone in the past recorded this vision of the future. Perhaps it was the seeress, Yeul, herself. What we're concerned about, however, is this. You'll have to excuse the image quality."", 'Yes, I think so. We need to conduct further analysis to be certain.', ""No. We've tested both the device and data and everything is nominal. Yet, when we try to view the recording, we get this. Perhaps it's not the recording that's broken... ... it's the immediate spacetime in which we are located."", 'Yes, I believe so...', 'This object serves as a key, is that right? We tried to make it work ourselves, but with no success.', 'You understand why I wanted to show you the Oracle Drive?', ""Yes. It's not much of a clue, but I thought you should see it all the same. And I wanted you to see how far we've come."", ""We're still excavating, gathering clues, and putting things together, but Paddra was likely founded before the War of Transgression."", ""We've still barely scratched the surface here."", 'The Oracle Drive is my main field of research.', ""I'm curious to see the uncorrupted images."", 'I wonder what sort of person was this seeress.', ""Snow, you don't mess around, do you?"", ""I don't know. But... I think they'll be here soon."", 'I have something I want to show you.', ""This is a recording of the future. We're unable to identify the location or circumstances. There is one thing we are sure about, however. And remember, we don't know what era this is. Lightning is alive in that place. In my memory, Lightning disappeared after the battle with Orphan. But she's living somewhere in the future."", ""She's out there."", 'And you will find her, Serah. After all, you traveled through time and found me. Many years of research have finally borne fruit. It all began with the Oracle Drive. We excavated it from ruins many centuries old.. ... yet it recorded an image of Cocoon supported on a pillar of crystal. It was an impossibility, an enigma. Impossible... but a reality nonetheless. This is when I learned what I must do.', 'If it was possible to journey through time and look into the future... ... then it must also be possible to travel backwards and change the past.', 'I wanted to change history, make things better. Not just bring Lightning back. But Vanille, and Fang... ... and my mother.', ""Chasing the impossible, you might say. But, you've made me realize something. It's clear to me now we are not the only ones who are intervening in history. The past has already been changed. Serah, you are the only one who remembers a time when Lightning survived the fall of Cocoon..."", 'Not necessarily rewritten. It could be the original prophecy, restored as it once was. Perhaps a continuation of the first recording.', 'It might not be necessary to travel to the specific time and place.', 'The future depends on what we do now, right? Yes, there is chance Cocoon will fall, but we can start working now to prevent it from happening.', 'We can at least work to mitigate the damage. If we begin our research now, we have time. Then, should Cocoon indeed fall, we can help protect the planet and save the victims.', ""Yes. Let's change the future."", 'Serah?', ""Time will separate us, but we'll share a common goal."", 'I see. Valhalla... otherwise known as the Unseen World.', 'She was unable to do anything on her own, so she turned to the one person she trusted more than anyone. Yes, it is possible. Although the idea raises even more questions.', 'Solve the paradoxes. Correct the timeline. Restore history as it should have been... Then you will find Lightning alive. Of that, I am sure.', 'Noel, you were born in a different future. In our world, in our future, Cocoon survives. When the paradoxes are eliminated, Cocoon remains safe in the sky.', 'Yes, I believe so. My task is to save Cocoon.', 'Believe in your future. You can bring the people you love together again.', ""I'll try to help in any way I can."", ""There is still so much we don't know..."", 'It does give us a reason to hope.', ""Go see what's happening."", 'What is this?', 'Welcome to the future you saved.', ""Now is that a polite way to greet old friends? I mean, we haven't seen each other in, what, how many years?"", 'Well, exactly. So we were forced to reevaluate the project, and eventually abandoned it.', ""We were following the wrong path to the future. If the Proto fal'Cie had managed to get control of Cocoon... ... it would have made itself the second Eden, and we'd be back where we began."", 'Really? Then we owe you our lives. Thank you.', ""Each ore cluster provides only a certain amount of power. The Thirteenth Ark, for example, requires a single Graviton Core. We're going to need multiple cores... that we can't seem to find."", ""We could use the help. With you two on the case, we'll have those cores in no time."", 'The Academy has been making progress on the development of a paradox weapon. A very powerful weapon that feeds on time-distorting energies.', ""Exactly. There's a possibility we may come up against the man who appears in the Oracle Drive recordings. The war has already begun. And we're fighting to protect the future itself."", ""A Chaos Crystal. It's a solidified chunk of paradox energy. But according to the data, it doesn't exist in this time period."", ""I knew I could count on you. Once you've found the crystal, I can build you a prototype."", 'Serah, did you really do it?', 'I know we can do it.', ""Let's all fight together. We'll follow you to the future by a different path. There are things there I have to protect."", 'Leaving without even a farewell?', 'Sorry. I was just remembering something. There was a time when I almost lost myself because I had so much hate in me. And then some friends showed me a way out.', ""It all began back then. I remember, Serah. Weren't you the first one who said you wanted to 'save Cocoon'? It was because Snow and Lightning vowed to carry out your wishes that we all came together back then. And to this day, Vanille and Fang still keep Cocoon safe."", ""Yes, but the old ark is almost finished. It will fall soon. It's going to be hard for many of us to abandon our old home."", ""I've had the great fortune to be helped by many people over the years. Serah and Noel, you are the ones who showed me how the future should be. You gave us all a motive. You helped us make the Academy what it has become."", 'Once preparations are complete, we plan to journey ahead one hundred years. I want to be there. I want to see the raising of Cocoon with my own eyes.', ""Greetings, Serah in the future. Can you hear me? I'm sending you the access codes for the supply spheres. The final battle with your ultimate nemesis draws near. I hope the contents are of some use to you."", ""Good, you're okay."", ""Get on board. He's the best pilot we have. (Serah and Noel nod and head for the ship.) Quickly."", '(from the bridge of another ship) We can catch him!', ""You're right. I'll see you on the new Cocoon--don't be late!"", '(nods) Take care!', 'Come on, Sazh.', ""Thank you, Sazh. Thank you for saving them. They've kept our world safe for centuries. But now they can rest, and join us in our new ark."", ""The gates haven't been shut down yet. Which means, the timeline must still be unstable."", ""It's okay. Serah and Noel will fix it. They just need more time."", ""(narrating) This is our ark--our haven. It will be called 'Bhunivelze'... ... and it shall be the new home for the human race."", 'Noel? But why... ? You were safe, everything was fine.', 'You mean Serah... she saw this vision?', 'We can catch him!', 'Snow, how did you... ?', ""You can't just drop a bomb like that and take off. You always do what you want, even if it means leaving people behind. You haven't changed at all!"", 'What can I do?', 'Me?', '(nods) Right.', 'Thirteen different eras? Not one to sit still, huh?', ""There's no stopping you, is there? Go on then.""]",NPC
Final Fantasy XIII-2,2011,Japan,Jed,Male,"[""Have you heard of the 'Silver Petal'? It's an extremely rare plant that blooms with stunning, silvery flowers. My niece has been pestering me, saying she wanted to see one for real. So when I heard they grow in this area, I decided to go look for it. But I'd forgotten one thing. The Silver Petal only blooms when the weather is cold, and snow is falling. Seems I've completely missed the season. I don't suppose you could find it anywhere right now. You see, that niece I mentioned is such a selfish and demanding little princess. But the pouty thing she does is just so cute! Ah, what's her favorite uncle supposed to do?"", ""Hey, I can't force you to go looking. I mean, it's not in bloom anyway, right?"", ""If I had a Silver Petal, it'd make her so happy..."", ""A flower that only blooms when it's snowing... where would I find something like that?"", ""Oh? You'll go look for one for me? Is it snowing somewhere that I don't know about? Well, I won't hold out too much hope."", 'Did you find the plant? Is the Silver Petal in bloom?', ""I just can't say no to our little princess."", ""You actually brought me a Silver Petal? But where on Pulse did you find it? Are you really giving this to me? Thank you! But I must confess, my niece is no longer around to admire it. On the day that Cocoon fell, she died alongside many others. It broke our hearts--she was just 5 years old. I'll never forget how much happiness she brought to our family. Such a sweet girl, even if she was spoiled rotten. We were never able to find the place where she fell. I'll put the flower on the grave and say a prayer to her memory. Do you think our little princess will like the Silver Petal?"", '(auto-talk) We should keep that in mind as we strive to build a better world. When Cocoon fell from the sky, a lot of children lost their lives in the chaos.']",NPC
Final Fantasy XIII-2,2011,Japan,Jonah,Male,"[""With this many monsters prowling the area, all we can do is take them out one at a time, starting with the ones in front of us. According to my extensive research, there should be some kind of device that's been recording the biology of these monsters for some time now. If only I could find that valuable piece of equipment. It would certainly make dealing with the monsters a lot easier."", ""(chuckles) Don't worry about it. I was just unloading on you two."", ""Hey there, you two. Is there any way I could convince you to help me look for a recording device? It's vital. I really want to get my hands on that monster data. But I don't know where in the world I can find the device."", ""You mean, you'll do it? You'll help me look for the recording device? I knew I could count on you two!"", ""(chuckles) I'm counting on you two! Bring me back some good news! Please, if you can find the recording device and bring it to me, I would owe you so much!"", ""The recording device! You found it! Let's see here... This should be chock-full of data. There's enough information here to keep me busy for years to come! Thank you! You've been a great help. This breakthrough will help the military immensely! And the compensation they'll give me won't hurt either. I can't thank you enough! Your efforts may have saved many lives! This is just a small token of my gratitude. Please, take it."", '(auto-talk) Well, hello there, you two! I want to thank you again for your help. Heh heh. With the money I got from the higher-ups, I plan on taking a vacation.']",NPC
Final Fantasy XIII-2,2011,Japan,Lebreau,Female,"[""Get ahold of yourself! Lightning can't protect you anymore. You have to look after yourself now. Do you hear me? Your sister's dead. She can't help you!"", ""Now don't start whining. We agreed to take care of things while he was gone."", 'Morning!', ""Hey, do we have to go through this again? I told you, we look out for each other. I won't tell Snow. Noel will be our little secret."", 'Good mooorning, kupo!!!', 'Mornings are what I do best.', 'Time for you to move on, huh?', 'Better start getting lunch ready.', ""If you want to believe what Noel says, that's your decision."", ""The guys have been acting kinda weird. Wonder what they're up to."", 'You know, I was thinking, if Noel here really is from the future, he must be pretty curious about this time period.', ""We were all born and raised on Cocoon. But three years ago, our home basically fell out of the sky. We couldn't rely on the broken fal'Cie anymore, so most of us made the decision to move to Pulse."", 'Well, it was. But on Pulse, we had to deal with new hardships, like vicious monsters and a lack of provisions.', ""Yeah. But things eventually settled down and some former military types helped get things organized. Now there's a growing town at the base of Cocoon's pillar. The guys who used to be in charge are long gone."", ""Our leader, Snow, suggested we live somewhere near the ocean. We used to live in a seaside town on Cocoon, so it was like we were rebuilding our home. Snow and the rest of us were used to fighting monsters and getting our hands dirty. So we pretty much settled back into our old way of life. Snow's not around right now, so we do the best we can. But if Lightning were back, everything would be so much better."", 'How about it, future boy? Do you want a quick history lesson?', 'I know people have changed since we came down to Pulse. But some folks have even learned how to use magic, like our Serah.', ""Three years ago, our home, Cocoon, came close to breaking apart. After that, most of the residents moved down to Pulse. it was pure chaos for a while, but now the government has things under control. Our group, NORA, used to hang out at one of the coastal towns on Cocoon. That's why our leader, Snow, decided to make this place our new home away from home. Lastly, there's one more thing you should know. It's about Serah's older sister, Lightning-- she disappeared into the pillar holding up Cocoon. Serah was the only one who wouldn't accept it. But then again, if you're telling the truth about what you saw in that other world... ... then maybe Serah's right, and we're the ones who had it all wrong."", 'Are you sure you can look after her?', ""If you ever need a good meal, you just come on back here. There's a NORA special with your name on it."", ""(approaching the group) Why don't you guys go fess up? Go on. You, too."", 'You can go. But you have to come back in one piece. Promise?', ""(putting her hand on Gadot's shoulder) Gadot..."", ""Don't tell me--you guys forgot to pack a lunch? How much luggage CAN you take with you through that machine anyway? Any security checks in the future?"", ""If there's anything you need to take care of while you're here, go get that out of the way. If not, then get the heck outta here, already!"", 'Back so soon? What happened? Get a little homesick, did ya?', ""Oh, wait, I know! You couldn't stay away from my NORA special, could you? I regret to inform you that lunch is no longer being served."", ""Or maybe... You guys never left town at all and you're just playing us for fools!"", ""Serah... You ran into Snow, didn't you?"", ""So you really did travel through time, huh? Wait, don't tell me! I don't want to know all the details just yet."", ""You'll have plenty of time to tell me about your journey once it's over. I don't want to have to wait in suspense to find out the ending."", ""(sighs) I'll get her up. Hey, Serah! Wake up! (Serah wakes in a flash.) What are you doing, sleeping out here?"", 'Come on, Serah.', ""Didn't you just eat?"", 'I know school is out right now, but what will your students think if they see Teacher dozing on the grass?', 'The Void Beyond who? Now, which do you think is a dream--me, or this Void place?', ""Where else would it be? And let me tell you, the monsters out here are real, too. So why don't you run home, pronto?"", 'Ah, girl, I would love to be you.', 'Not a care in the world, snoozing in the grass. Must be nice being in Serah Land all the time!', 'What are you doing, standing there gawking at me? Are you still dreaming of moogles and moondust?', ""You're supposed to be a teacher. At least try to act like you know what's what.""]",NPC
Final Fantasy XIII-2,2011,Japan,Lester,Male,"[""Excuse me, I don't mean to take up too much of your time, but did you see some strange lights last night? Someone witnessed three stars falling from the sky. I thought it could be a meteorite of some sort, but there's no evidence of that anywhere. It's possible it burned up before it reached our atmosphere. If you see anything that looks out of place, please let me know."", 'If you change your mind, please let me know.', 'Someone witnessed several shooting stars last night. Would you mind helping us with our investigation?', 'Please let me know if you find anything that might help us figure this out.', ""I'm counting on you. Come to me if you notice anything strange. By the way, the witnesses noticed something interesting about the stars. They said that all three of them were different colors. Three different colored stars falling from the sky... It sounds like it could be something quite mystical, don't you think?"", ""I'll take a look if you find anything. The witnesses claim that three different-colored stars fell from the night sky yesterday."", 'So you were able to obtain two of these mysterious minerals. The colors seem to match the accounts of the incident. Perhaps the crystals emitted some kind of light while falling out of the sky. If only we could find the last one, we would have enough to get to the bottom of this.', ""You found three crystals, all of a different color? Can I see them? These must be what fell from the sky. And I can think of only one explanation for what they are. Of course, I must warn you, it's-it's not a very scientific explanation. Even though I'm a scientist, I try to keep an open mind. This is why I think it's possible there's some truth behind what I read in an ancient transcript. Long ago... ... the seeress of Paddra offered three prayers to the night sky and made a prophecy. She predicted that her three prayers would take the form of stars and fall from the sky in the course of time. The colors of the three stars were stated clearly in the prophecy. It just so happens that they match the colors of the crystals down to a T! This can't just be a coincidence of some sort. The crystals are yours to keep. The people of ancient times believed that the prayers of the seeress had powers of protection. This is her gift to you from the past."", ""(auto-talk) I wonder if the seeress saw into the future. Did she know that you would be the ones to find her prayers? Some people think this prophecy is an old wive's tale. But I believe it. Even magic exists in our world, after all.""]",NPC
Final Fantasy XIII-2,2011,Japan,Lex,Male,"[""Me and my buddy are out here doing research on monsters in the area, but I can't get ahold of him. Can you find him? He should have some sort of message for me."", ""Tch. All right, I'll ask someone else."", ""If you find my buddy, tell him I'm worried sick. Boy, I hope he's all right."", ""I don't want to impose, but do you think you can get in touch with him for me? He's been gone a while."", ""I'm counting on you two! Oh, by the way, he's a slightly odd fellow, a natural-born jokester, if you will."", ""Have you found him yet? He's very energetic, always laughing at something. I'm a bit worried about my friend. He's a tough fellow, so I'm sure he's not dead or anything."", 'Thanks for trying! Or should I say, thanks for crying... at my jokes!', ""I'm reading a book about anti-gravity. It's impossible to put down!"", ""You brought back the message from my buddy, did you? Let's see here... He discovered a new species of monsters? Could that be the missing link between the realms of spacetime? He did it! I knew he had it in him. What's that? You say he left me another message? He said that I'm his one and only buddy till the day that he drops dead? That's just like him. You already know, right? I'm not like you guys. I don't belong in this world anymore. I ended up here by a simple twist of fate. If you see him again, tell him he needs to find himself a new buddy that'll watch his back. Got it? Anyway, thanks, guys!""]",NPC
Final Fantasy XIII-2,2011,Japan,Lightning,Female,"['That time was lost; yet time continued onward.', 'Divine Etro. Go peacefully to your rest. I will stand guard over your legacy.', 'This endless realm is awash with sadness. Life and death lose all meaning under the rolling waves of chaos. (The scene pans out to show a distant shore.) Valhalla. The currents of time do not touch its shores.', 'In this world of lost moments, I begin my life anew.', 'Save it.', 'Damn you...', 'Odin!', 'Forgotten time, be reborn!', 'Not kidding around, huh?', 'Come on, then.', ""What's he up to?"", 'So you want to destroy everything?', ""We're done here. Say good-bye."", ""You're finished, Caius!"", ""Let's end this. You're done!"", ""You're finished, Caius!"", 'Valhalla. You prayed for a miracle, and that brought you here. Or am I wrong?', 'From Valhalla, I can see everything.', 'Lightning.', 'Time for a real fight.', 'Gonna get worse!', ""This is not your battle. There's something else I need you to do."", 'Bring my sister to me. Her name is Serah.', ""You'll need to use the portal. Your time-gazing friend should have told you how it works."", ""Because you're the only one who can. You crossed the Void and made it to Valhalla. You can find Serah, and together you can change the future."", 'A good luck charm. Give him to Serah.', ""Get to the gate. I'm counting on you."", 'Serah.', 'My hopes go with you, Noel Kreiss. Become an arrow through time, and speed your way to Serah. Be there for her... because I no longer can.', 'Time flows without pause. In a world where I no longer exist, the future is about to change.', 'Serah. The truth still survives. But only you remember it.', 'Final Fantasy XIII-2: The story so far...', 'I know your name. Noel Kreiss.', '(narrating) Serah, you set out on your journey for my sake. You believed in a promise. You believed in a future you could not see. I will keep fighting here, at the end of the world. I know you will come. I believe in you.', '(narrating) When reaching for the future, we sometimes fall into the past.', 'As we gaze upon events that cannot be changed, our hearts grow bitter with regret.', ""(narrating) Serah, forgive me. That was a past you never should have had to deal with. But now, because of your courage, the timelines have one less knot to unravel. If I could, I would thank you for what you have accomplished. But I can't. Not just yet."", '(narrating) People always say the future will be better. They believe the hardships of the present fade with the passage of time. And so we hope, waiting for a future brighter than today. But Serah, remember this... As you walk towards a brighter tomorrow, you have to look back to your past.', ""Serah, I'm sorry."", 'I believe you.', ""(narrating) Hope dreamed of changing the past. The weight of history drove him forward. But now, he's turning to face the future, a future even more frightening than the past. Serah, do you believe, too? Do you believe in your own past?"", ""(narrating) Each reunion is a twist of the knife. The joy is ephemeral; it leaves fear in its wake... A fear that all too soon the time will come when you must bid farewell again. Yet you cannot help but long for the next encounter. Humanity's great frailty... We prefer past happiness to future uncertainty."", '(narrating) 10 AF. A large-scale distortion was observed in the Vile Peaks, a land filled with ancient debris. The Academy dispatched Blitz Squadron, an investigative unit, to check the area. The elite Academy force armed themselves with anti-paradox weapons. Their mission was simple - to find out just what was causing this spatial distortion. However, the airship carrying the crew disappeared within the clouds looming over the Vile Peaks. That day, six elite soldiers vanished without a trace. And it was my fault. I was responsible.', ""(narrating) When two people part and go their separate ways, their memories split as well. Some people wish they could go back and be together like before. Others look forward to the day they can meet again. Serah, the future is yours. Follow your path. Don't stop now."", '(narrating) The power to influence the future... The power to alter destiny...', ""Such an ability may, if one was not careful, change a person's fate for the worse. Such power was never meant for mortal man. There are none who possess the wisdom to wield it. Serah, you must seek out your own answers as you waver at the edge of despair."", 'Please, Serah. Banish this twisted reflection of the past back into the darkness.', ""(narrating) This land will soon return to its original state. The shadow of a false Odin is not my burden to bear. (She is shown again looking down from one of the structures.) But if the men had died, nothing could have erased my guilt. I fought alongside those six men years ago. I thought they would have forgotten my existence by now. I find comfort in the fact... ... that people can disappear, but still continue to live on in others' memories. So, Serah. If you keep me in your thoughts, one day I am certain I will find my way home again."", ""(narrating) I am no longer there. But they'll encounter a friend. My first comrade-in-arms, a man who treasured family more than anything. We did not meet here, but this is where we parted ways."", 'I am in Valhalla, isolated from others, engaged in a solitary battle.', 'Welcome home, Serah.', 'Because you want me to be.', ""(stepping forward) You've changed history and you're back where you belong. This is it. Your adventure's over. (She walks to the other end of the pier, then turns back to Serah. She extends her arm.) Serah, come with me. Your family's waiting."", ""Serah, let's go."", 'This is a future that I could not save.', ""Do you doubt me? (Serah nods slightly.) No, it's good to doubt. You're growing up."", ""Just listen, Serah. I'll explain everything. Everything that's happened to me in the past. And about the one who wants to destroy the future."", ""(narrating) I felt a whirlwind of emotions. A large part of it was happiness. And relief was there, too. But somewhere inside, I still felt uneasy. Vanille and Fang were gone. And the world hung in silence. Our fight had just ended... ... but I couldn't relax. A new battle was about to begin. (Energy begins streaking around Lightning... ) What is that!? Watch out! (narrating) The events of that day tore open a portal to another world. (Back in the scene.) Get off me! (narrating) And from the depths of the rift appeared a darkness that had no place in our world-- an irresistible force that dragged me away to the edge of time. The screams of the dying had unlocked a gate-- A door that led directly to the throne of the goddess. Etro waited beyond the gate, and sent her miracles to the human world. But a creeping darkness slipped through, and threatened to devour our reality. Etro closed the gate, and warped the timeline. Time's flow was altered, and existence itself was distorted. I was lost. The darkness caught me in its embrace, and wrote me out of history. (In the flashback, Lightning finds herself on the shore of Valhalla.) Where am I? (narrating) Valhalla. Beyond time. Beyond life and death. A netherworld of shifting gloom. The chaotic realm of the goddess Etro. What power had brought me to this alien shore? From Valhalla's heart, I could track the entire span of time. I gazed upon the future of mankind, and sensed Etro's divine will. (In the flashback, she is transformed into her new, feathery costume.) The goddess was fading away. If her spirit should cease to be, the world would descend into entropy. I made my choice. I will fight. (flashback of the fight with Caius) This man, Caius Ballad. He seeks to destroy all hope, and bring an end to the future. Though the battle might be endless, I will never give up. Etro has chosen us--her champions. And we cannot fail."", ""I don't know. It was an enormous power. Something that shouldn't exist in this world. Only Etro can control the power and keep it contained in Valhalla. If she were to disappear, there would be nothing to stop it. And that's what Caius wants. He plans to find Etro sleeping in her temple, kill her, and release the power. The chaos would be unleashed into the realm of humans. Into our world, through the Unseen Gate."", 'When a person dies, her soul flies to the otherworld, and passes through that portal. If a great many people die at once, the gate must open wide to let them through.', 'Exactly. It would be unstoppable. The power of chaos would gush through the gate like floodwater through a broken dam.', 'Chaos would infect everything. It would become pure entropy, without life, or death, or time.', 'Yes. Caius is trying to create a world where time does not exist. If he can erase time...', ""We have to face Caius on two fronts: in Valhalla, and in the world of humans. If we don't... We won't be able to change the future. I can't do it on my own. I need your help."", 'Yes. Everything will depend on you. I have to go to Valhalla, and stop Caius there. Can you do it?', ""Right. Your good luck charm'll show the way."", ""It's up to you to keep hope alive."", ""It's up to you to keep hope alive.""]",PC
Final Fantasy XIII-2,2011,Japan,Maqui,Male,"['Stay down!', '(auto-talk) Time to bring out the new toys! I-I-I got this!', 'Hey Serah, are you okay?', 'Yeah! Gotta go!', ""And careful. That area's crawling with monsters."", 'With you!', ""Weird... How did these plants grow so fast? I don't get it. Must be pockets of unstable time or something."", ""You got that right. Look at this stuff! Ever since that rock came down, we've been seein' all kinds of aberrations."", ""Not the slightest clue. Some spots seem to have sped forward centuries. But other parts haven't changed at all..."", ""Right! It's exactly like that!"", ""Hmmm. Well, I'd have to dismantle it to know for sure..."", 'His clothes are pretty funky, but he seems normal enough to me.', ""Man, I can't believe this!"", 'Weird stuff going down, huh?', ""Most exciting thing that's happened since we built the town!"", ""This can't be good..."", ""Yeah, that's impossible!"", 'Whoa, far out.', 'Wow.', 'What the...', ""Shouldn't we check it out, though? Just gonna make everyone more nervous if we don't."", 'P-project? Yeah, I was, uh, working on something for Snow. That thing, you know?', ""Listen, I don't think you can trust that guy."", 'I am beat...', 'Is Snow getting back anytime soon?', ""I'm not trying to hide anything, honest!"", ""I'll bet you anything it's that guy for sure. He looks totally guilty."", ""N-n-nothing! I didn't say anything!"", 'The only person there at the time was...', ""I'll get that little brat!"", ""I think we should keep her, too. Just as long as she doesn't make a mess in my workshop."", 'You too!', ""That's the kid I was looking for! I knew my eyes weren't playing tricks on me!"", 'He certainly is faster than he looks.', ""Huh? What? I wasn't... ! Don't creep up on me like that!"", ""There's nothing going on! Honest!"", ""I'm just tryin' to find my spanner!"", ""Hey, Serah. I figured no way you're leavin' the pendant behind. So, I made a chain. You know, so you wouldn't lose it."", ""If you leave, someone's gotta pick up the slack looking after Snow. So, I volunteered myself."", ""What's going on? What are you doing here? Didn't you just step through the gate? So, you're back already?"", ""Wait, I think I get it. You guys really did travel through time. So it would make sense that'd you be able to come back whenever you wanted to."", 'But this is so weird! You guys were gone for days and days! From your perspective, anyway. It was only a few moments for us.', ""It's that easy to pop back here, huh? If that's the case, don't be a stranger! Come back any time!"", ""Did something happen out there? You two seem different. So it's like Noel said, you really are traveling through time."", ""You know, something's been bugging me... If you guys travel back in time and change the past, what's gonna happen to us?"", ""Do you think it'll cause history to branch out, creating a parallel world somewhere out there? Or will the redesigned past create new memories for all of us in the present?"", ""If history changes, it'll change what we are right now. But if that happens, we won't know it, will we? Man, thinking about this hurts my head!"", 'Look at her. Asleep like a baby.', ""it is a really nice day for a nap, I've gotta say."", ""They can't wait for you to get back to NORA House."", ""Well, d'uh! Of course they are! Serah, are you sure you didn't knock your head or something?"", ""You know, Serah, you really don't seem like yourself. Not one bit."", 'I have to stand out here and look for monsters.', 'Boy, am I ever bored. I wish something exciting would happen!', ""Shouldn't you get back to NORA House?""]",NPC
Final Fantasy XIII-2,2011,Japan,Marlow,Male,"[""This can't be! This is horrible. Can you spare a minute to listen to my ramblings? We uncovered a stone tablet, only to have it broken into pieces by some monsters. We hadn't even deciphered the engravings yet. We thought we had made the discovery of a lifetime. But now that dream has turned to dust. Literally. I would give my right arm and more to go back in time and retrieve it before it gets damaged."", ""I don't believe anyone will be able to find anything worth as much as that tablet."", 'The stone tablet we found in the Paddra Ruins... How could we let it get destroyed?', 'The tablet was incredibly important! How could I let anything happen to something so valuable?', ""You're going to search for the tablet? Don't be absurd. Like I told you before, it shattered into a million pieces. It's gone. No other relic compared to that tablet in value. I don't see how you'd be able to get your hands on something like that."", ""Wait, is that... ? This can't be! That's the tablet that shattered into pieces! Where did you get it? It's... It's the real thing! The stone tablet tells the story of an ancient myth. According to some legends, the people of Cocoon and the people who lived on Pulse many years ago... ... were born from the same ancestors. Can you imagine people from two different worlds being related by blood? It turns out the people on Pulse spoke a language quite similar to ours, so the legend might not be as far-fetched and absurd as some may think. I think we've finally found a piece to a very important puzzle--the puzzle of our history, our background, our evolution."", '(auto-talk) We need to decipher the engravings as soon as humanly possible. The tablet is fine condition. We should be able to retrieve important information.']",NPC
Final Fantasy XIII-2,2011,Japan,Millie,Female,"[""Where am I? What happened to me? I think... I think I got sucked into the paradox. I remember having an argument with my sister and then... I was here. But... I know it's not her fault. It's not anyone's fault. I understand that. But if I know here, she's blaming herself for my disappearance. She must be so distraught. Can I ask a favor of you? If you see my sister, tell her I love her very much, and that none of this was her fault. As much as I want to, I know that I can't go home and tell her myself. I was swallowed up by the paradox. I was attacked by the monster. I... I just don't belong in this world anymore.""]",NPC
Final Fantasy XIII-2,2011,Japan,Mog,Male,"['Kupo! (It checks out Noel.) Kupo! (It swirls and changes into a crossbow.) Kupo!', 'Tada! Kupo!', '(flying off after him) Kupo!', 'Final Fantasy XIII-2: The story so far... kupo!', 'Kupo!', 'Kupokupo!?', 'Kupo!', 'Kupo?!', '(auto-talk) Kupo?', 'Kupokupo!', 'Kupokupo!', 'Kupo?', 'Kupo?', 'Kupo!', 'Kupo!?', 'Kupo...', 'Kupo!', '(sounding worried) Kupo?', 'Kupokupo!?', 'Kupo!', 'Kupo!', 'Kupo!? Kupo!', 'Kupo?', 'Kupo.', 'Kupo!?', 'Kupo? Kupo! (He hides behind Serah and Noel. Serah and Noel put their hands up.) Kupoooo...', 'Tada!', 'Kupo!', 'Kupo.', 'Kupopo?', 'Kupo!!!', 'Ku... Kupo...', 'Servant of time. Daughter of chaos. Unto the world unseen, the untamed you guide.', 'Kupo!', 'Your power over monsters, kupo.', 'You can do the same, kupo.', '(spins) Kupo!', 'Leave it to me, kupo!', 'Kupopo!', 'Umm, I think... I like Serah more than I like Noel, kupo!', 'Kupo!', 'A time labyrinth, kupo.', 'We have to figure out the labyrinth and its puzzles before we can get out, kupo!', 'Kupo.', 'Kupo?', 'Time for some moogle magic. Kupo!', '(spinning) Kupo, kupo!', 'Kupo, kupo!', 'Kupo!', ""Look, enough with the toy comments! I'm not a toy, kupo!"", 'Kupo!', 'Kupo?', 'Kupo?', 'Kupo!?', 'Kupo!? We have to figure out the labyrinth.', 'Kupo.', 'Kupo?', 'Kupopo?', 'Kupo?', 'Kupo? (Serah lets go of Hope.) Kupo!?', 'Kupo...', 'Kupo?', 'Kupo?', 'Kupo. Kupooo?', 'Kupo?', 'Kupo?', 'Kupo!', 'Kupopo?', 'Kupo?', 'Kupo!', 'Kupopo.', 'Kupo? Kupopo!', ""Kupo! You shouldn't make fun of me, kupo!"", 'Kupo?', 'Kupo!?', 'Spacetime has doubled and twisted on itself. The past and future are tangled together as one, kupo.', ""Now you're thinking, kupo!"", 'Kupo!', ""Splendiferous! I knew you'd do it, kupo, kupo!"", '(auto-talk) You solved the paradox, kupo!', 'Kupo?', 'Kupo!?', 'Kupo? An artefact, kupo!', 'Kupo!', 'Kupo?', 'Kupokupo.', 'Kupo?', 'Kupo?', 'Kupo?', 'Kupo.', 'Kupo?', 'Kupo?', 'Kupo!', '(nods) Kupo!', 'Kupo?', 'Kupo?', '(zipping by) Kupo! Find the gate and the key, kupo!', ""I don't sense anything strange within the ruins. But I did feel a disturbance from the direction of the mountains, kupo."", 'Kupo!? Kupo...', 'Whoops, wrong turn?', 'Go back to the Historia Crux, kupo!', 'Kupo.', 'Kupo!?', 'Kupo?', ""(flying to the rift) Kupo? This is the rift between gate and gate. It's the Void Beyond, kupo!"", 'Kupo.', 'Kupo?', 'Kupo.', 'Kupo!', ""The Void is simply a shadow of Valhalla. It's a space that connects a gate's entrance and exit, kupo."", 'Kupo!', 'Kupo!', 'Kupo?', 'Kupo?', 'Kupo!?', 'Kupo!? Kupooooo!?', 'Kupo!? Kupo!', 'Kupo!?', 'Kupo!?', 'Kupo.', 'Kupo! Kupopo. Kupo.', 'Kupo?', 'Kupo, kupo!', 'Kupo.', 'Kupo.', 'Kupo.', ""(auto-talk) Something's not right here, kupo."", 'Kupo.', 'Kupo.', 'Kupo!', 'Hmm... If he really wants to enjoy his food... ... he should chew it properly before he swallows, kupo!', ""Very good, kupo! It's been sealed in such a way that an artefact won't open it. We have to find out where and how to break the lock, kupo!"", ""Let's take a look... It's been sealed in such a way that an artefact won't open it. We have to search in this time period and break the lock that binds it, kupo!"", 'Kupo?', '(auto-talk) Be-beep! Kupo!', 'Kupo! Kupo!?', 'Kupo!?', 'Kupo! (Serah and Noel leap onto the beast, Mog floating down.) Kupo!', ""No. It's too far for me, kupo."", 'Kupokupo!?', 'Serah, please! Save Mog, kupo!', '(spins) Kupo.', 'Kupo, kupo, kupo!', 'Kupo!', 'Kupo.', 'Kupo!', 'Kupo?', ""Now you'll be able to defeat that gigantic flan, kupo!"", 'Kupo!', '(nods) Kupo!', 'Leave it to me, kupo!', ""Aw. It's easy to get lost when you leap across time, kupo."", 'Kupo?', 'Kupo.', 'Kupo!?', 'Kupo.', 'Kupo.', ""This is the Void Beyond, kupo. It's just one of the many shadows of Valhalla to be found, kupo."", 'Kupo!', 'Kupo?', 'Kupooo...', ""(narrating) It looks like another paradox appeared in the Bresha Ruins, kupo! The number of monsters just keeps growing and the military's in a tizzy trying to cope, kupo! So the government is asking civilians to help out, kupo! Of course the three of us are going to help, kupo! Nothing makes us happier than lending a helping hand, kupo!"", ""The more we help, the more the government will pay for our trouble, kupo! I've already made room in my pockets, kupo! (spins) Kupo!"", ""I'll figure that out once I have the gil, kupo! First we have to earn it, kupo!"", '(auto-talk) What you heard were the voices of the tormented victims who disappeared into the Void Beyond, kupo. Their grief and anguish remain here, kupo.', 'Ku-kupokupo!?', ""The distortion that emerged in the city started to spread like a plague, kupo. If it wasn't stopped, it would've swallowed the whole realm, kupo."", 'This rift is part of the paradox that was sealed by the seeress, kupo!', '(auto-talk) Now things are going our way, kupo!', 'Kupo!', 'Kupo!', 'Kupo?', 'Kupo!', 'Kupo.', '(auto-talk) The gate is up there, kupo.', 'Kupo!', 'Kupo?', 'The circuits are tangled with another age, kupo.', 'Kupo!', ""(auto-talk) If the key for the other tower is anywhere, it's here, kupo."", 'Kupokupo!', 'Now the tower back in 200 AF should be open to us, kupo!', 'Kupo? Kupo!', 'Kupo!?', 'Kupo?', 'Kupo!', 'Kupo!', 'Kupo!?', 'Kupooo...', '(nods) Kupo.', 'Kupo?', '(drooping) Kupo?', 'Kupokupo! Kupo?', 'Yeul might up there with him, kupo.', 'Kupo?', 'Kupo?', 'Kupo.', 'Kupo.', 'Kupo?', 'Kupo?', 'Kupo! Kupo, kupo!', ""As long as the crossroads exist, you cannot defeat the Proto fal'Cie, kupo!"", 'Kupo!?', 'Kupo!', '(spins) Kupo!', 'Kupo? Kupo, kupo, kupo.', 'Kupo? Kupo! (He returns.) No good, kupo!', 'Kupo!', 'Kupo?', 'Kupooo...', 'Kupo? Kupo!', 'Kupopopo!', ""I don't know, kupo. I've been all by myself ever since I can remember, kupo."", ""That's a mystery too, kupo. I was wandering through the Void Beyond and I ended up there, kupo. It was terrible in Valhalla. It was, kupo. But then Lightning found me and took me in! So in the end, everything worked out, kupo!"", ""Kupo. I'm a rolling stone, kupo!"", ""You're absolutely right, kupo! The time labyrinth is an incomplete space, kupo."", 'Not a single thing, kupo!', '(auto-talk) See, kupo! I knew you had it in you, kupo!', 'Kupokupo... ?', ""That's not it. I smell something familiar, kupo. I know this smell from a long, long time ago, kupo."", 'Kupo!', 'Now that I think about it, I remember the same scent coming from the other labyrinths, too, kupo.', '(auto-talk) You fixed another distortion in time, kupo!', '(auto-talk) That was one successful escape, kupo!', '(auto-talk) You fixed another distortion in time, kupo!', '(auto-talk) The world is the way it was before, kupo!', '(auto-talk) See, kupo? I knew you had it in you, kupo!', '(auto-talk) We did it, kupo! We solved the paradox! On to the next labyrinth, kupo!', 'Kupopopo! I sense something straight ahead, kupo!', ""Of course I am! I'm an expert at detecting things no one else can find, kupo! Ever since I can remember, I've been searching for that one special thing, kupo!"", ""You're a meanie, kupo!"", '(auto-talk) It was the will of the goddess, kupo!', 'This place, it smells like tears, kupo.', 'I remember crying here a long time ago. I was all alone; no one was around, kupo.', ""I remember feeling sad, kupo. But I also remember something else. I remember thinking that I wanted to go home. But I didn't know where home was, kupo."", 'Kupo! I remember something called the Ocean of Time, kupo.', ""I don't know, kupo. But I do know that when I think about that place, I become all flustered and giddy, kupo."", ""Kupo? You'll help me find my home and my family, kupo?"", '(auto-talk) That was one successful escape, kupo!', '(auto-talk) Was it too easy for you, kupo?', 'This place smells really familiar, kupo! It smells like the Ocean of Time I told you about before, kupo!', 'Kupo!', ""It does, kupo. I remember everything now. We're headed to the place where I was born, kupo."", '(nods) Kupo.', 'Kupo...', ""Why do you say that, kupo? Mog has a new home--right by Serah's side, kupo."", 'Kupo! Of course, kupo! Lightning saved me! I promised to be loyal to her forever, kupo!', '(auto-talk) That was one successful escape, kupo!', '(auto-talk) Was it too easy for you, kupo?', ""(auto-talk) Let's keep this up, kupo!"", '(auto-talk) See, kupo! I knew you had it in you, kupo!', 'Kupo? Kupopopo.', '(flying over to Hope) Kupo? Kupopo.', 'Kupo.', 'This rift is from many centuries ago, kupo! It was sealed by a powerful spell, but the magic is very old and now the effect is starting to fade, kupo!', 'Kupo! I hear a bunch of voices nearby, kupo!', 'The voices we heard before belong to them, kupo. It looks like this is some sort of gathering place for the young flan, kupo.', ""Yes, but they have troubles, too, kupo. (The flan split up and go in separate directions, kupo. :D ) A bunch of their friends got lost somewhere in the forest and haven't been seen since, kupo."", ""(auto-talk) Don't get lost on your way back, kupo!"", ""(auto-talk) That's another little guy we helped save, kupo!"", ""(auto-talk) He said, 'Thanks for helping us find our way,' kupo!"", ""(auto-talk) He said, 'I'll give you one of my treasures,' kupo!"", ""(auto-talk) Don't get lost on your way back, kupo!"", ""Cocoon's pillar is in jeopardy, kupo! The little ones are up to some kind of mischief, kupo!"", '(auto-talk) The little flan are causing trouble, kupo!', ""Kupo? They said they won't do it again, kupo."", ""They also said, 'She's scary! We don't want her to get mad at us again so we'll be good... ... from now on,' kupo."", 'Kupo.', ""Have you seen that broken gate in the town? Well, it's all fixed and working normally."", 'We collected the ore crystals, so the future has changed, kupo.', 'Kupo?', '(auto-talk) The essence of this creature is this fragment--the chaos of Valhalla, kupo!', 'To the rescue, kupo!', ""(auto-talk) He's nothing, kupo! I know if Lightning were here, she'd be taking him out before he even had a chance to blink, kupo!"", 'Kupo!', 'My moogle senses are telling me that they all joined up with Torreno, kupo!', 'Kupo!', '(auto-talk) Kupokupokupo! Could this really be? I think I sense someone, kupo!', ""That's right, kupo!"", 'Kupo.', 'Kupo.', 'Kupo?', 'Kupo.', 'Kupo.', 'Kupo!', 'Kupo.', 'Kupo? Kupo! (The party enters the gate. In the timestream... ) Kupo! Kupo! Kupo! Kupo.', '(auto-talk) Kupo!', '(materializing) Kupo!', '(auto-talk) We need to talk, kupo!', '(auto-talk) Kupo...', ""(auto-talk) I'll tell you about Caius, kupo!"", ""(nods) Kupo. I know all about Caius, kupo. The Farseer Guardians were given a mission. They had to protect the seeress. They were l'Cie, kupo."", ""Not anymore, kupo. He was saved by the goddess. Etro freed him, and he's not a l'Cie anymore, kupo."", ""Kupo! But Caius became immortal, too. He's lived for centuries and centuries at the side of the seeress. He protects her always, the undying Guardian, kupo."", 'Kupo!', ""She's waiting for you at the end of time, kupo."", 'Kupo.', 'Kupo?', '(nods) Kupo.', ""(auto-talk) Lightning can't remain beyond the boundaries of Valhalla for long, kupo."", ""It's important to investigate all aspects of the case, kupo. One step at a time, kupo. One step at a time."", ""(narrating) Thanks to my amazing leadership, we finally found the first password, kupo! If we find the other on, we'll be well on our way to solving the case, kupo! And when we do, the government will give us oodles of gil, and I can buy whatever my little heart desires, kupo!"", 'I sense it, kupo! The password is up ahead, kupo!', ""(narrating) We finally got our hands on the second password, kupo! Now all that's left for us to do is return and resolve the paradox, kupo! I'm going to rolling, no, swimming in gil, kupo! But it looks like Serah and Noel have something on their minds, kupo. I wonder what's happening, kupo."", 'Kupo!', ""He was hiding in the Void Beyond, kupo. When the portal was closed, he was trapped in this world and now there's no way back home, kupo!"", '(chuckles) Truer words were never spoken, kupo. People are much more scary than monsters, kupo! We risked our lives to solve the case, kupo, and how does the government pay us? Not with gil, but bits and bobs and household goods, kupo! No one needs ten years worth of toilet paper, kupo! No one! I had no choice but to decline their offer. The government is evil, kupo! Humans are evil, kupo!', 'Kupo! Kupo?', 'Kupo!', 'Bursts of chaos are warping reality, kupo.', 'Kupopo! Kupopo!', 'Kupopopo!', 'Kupo.', 'Kupo!', 'Kupo!?', 'Kupo.', 'Kupo!', 'Kupo!', '(nods) Kupo.', 'Kuuuupo!', 'Kupo, kupo, kupo!', 'Kupo.', 'Kupo.', 'Kupo.', ""You've resolved the final paradox, kupo."", 'Kupo.', 'Kupo, kupo.', 'Kupo!', 'Kupo.', ""I don't think she's here, kupo."", 'Kupo.', 'I bet Snow will be waiting there, kupo!', 'Kupo.', 'Kupo!', 'Kupo!', 'Kupopo. Kupo.', 'Kupo!', 'Kupo.', 'Kupo.', 'Kupo.', 'Kupo? Kupo? Kupo! (He collapses.) The goddess... She has gone, kupo.', '(auto-talk) Kupopo!', 'It belonged to Vanille, kupo.', '(narrating) Once upon a time in a faraway land, there was a giant forest, kupo. There was plenty of water in the vibrant woods, and all the monsters lived happily together, kupo. The monsters loved to test their strength, and sometimes the games got a little rough. But even so, they all got along fairly well, kupo. One bright and sunny day, a mean flan came along and declared himself to the king of the forest, kupo.', '(narrating) The flan stood as high as the clouds in the sky, so none of the monsters disobeyed him, kupo. The king ordered his royal subjects to shower him with gifts from all corners of the world, kupo. In return, he promised to banish humans from their domain. And he would create a kingdom where monsters ruled the land, kupo.', 'Kupo!', ""(narrating) The king was even bigger than the giant flan we defeated in the past, kupo. So we all came up with a marvelous plan, kupo. We would transform into monsters and sneak in unsuspectedly. Then we would present the king with a delicious flan, kupo. And he would say... 'Incredible!' And then he would keel over and die on the spot. We're going to serve up a dish of poison flan to his royal highness. Fight flan with flan, as the say! It's a flawless plan, kupo!"", ""Why do I have to do all the work, kupo? Noel, you're going to be the first to get a taste of my poison flan, kupo!"", '(monotone) Kupo.', 'Kupo!', 'Kupppo!!!', 'Kupo.', 'Kupo.', '(narrating) Countless days have passed since we began our journey with Noel and Yeul, kupo. The key to unlocking the paradox--it was lost along with Caius, kupo. We are trapped in a world where the four of us are the only ones left, kupo.', 'Kupo!', 'Kupo. Kupo! Kupo? Kupo.']",NPC
Final Fantasy XIII-2,2011,Japan,Morris,Male,"[""This is so messed up... Hm? What's with the sighs? Oh, I'm having some trouble with ID overlaps. You know how our communicators serve as personal IDs? Well it seems like there's another guy out there using the same identification signature as me. When I checked my activity log on the database, it was obvious. It has me existing in two places at the same time. Someone else's ID is overlapping with mine. I wanna know how this coulda happened."", ""Why's it always me... ?"", ""What a joke. I'm getting so many identification errors I can barely do my job."", ""The activity logs show there's two of me running around. What's going on?"", ""You'll look into it for me? Hey, it's like I have my own private detectives. Imagine if you actually found another me walking around the ruins. How weird would that be? Nah, it's probably just a tech screwup. Somewhere out there, there's another communicator with the same ID signature."", 'The real problem is just tracking that damn thing down...', ""Somewhere out there's another communicator with the same ID sig as mine."", ""You found a suspicious comm device? Let's see it. Here we go. This is the source of my headaches. It's emitting the exact same ID sig as my communicator. Wait a minute... these two devices look exactly the same! They even have the same scratches on the casing! What the hell... ? Is this what they mean when they talk about events that 'shouldn't be happening'? There's a theory that the paradox effect ignores the boundaries of time. If that's true.. ... then maybe a future 'me' somehow wandered into the present... ... and dropped 'my' communicator, landing me in this mess. Er, you know what, let's not think about that. My problem is solved. I'll leave the mind-bending paradox theories to the experts in the Academy. Thank you for sorting this out!"", '(auto-talk) Ever since those gates appeared, all the clocks and compasses have gone haywire. So, I wonder who was actually patrolling with that second communicator...']",NPC
Final Fantasy XIII-2,2011,Japan,Myta,Female,"[""I heard you took care of our monster infestation problem. I'm impressed! Now that you've proven yourselves, I have another favor to ask of you. I need help collecting wool from the sheep wandering the plains."", 'I understand. If you change your mind, let me know!', 'It would be a great help if you were willing to gather some wool.', ""You wouldn't happen to have time to collect some wool for me, would you?"", ""I appreciate whatever you can do to help. You'll come across some sheep bigger than the others. They're the ones you want. They have the best wool."", 'Once you gather enough wool, can you bring me what you have?', ""As a hunter, you shouldn't have problems shearing a few sheep."", 'The flan are our main food source. If they keep disappearing like this, then...', 'Since the storm, the flan monsters have been disappearing rapidly for some odd reason.', ""Can't be anything else. It's puzzling because all of the other creatures seem to be left alone."", 'Thank you so much! The quality of this wool is amazing! Here is a little something for your trouble. Only the best hunters can run around these plains without a care in the world. Maybe, just maybe, you two can save us from the peril hanging over our heads.', ""I hear you're looking to what's causing the storm. I don't know much, but I'll tell you what little I know. The storm only comes when it's really hot and sunny outside."", ""There's a weather controlling device nearby."", ""(auto-talk) Have you tried using the weather device? It's idiot-proof, you know The storm carries away monsters on hot, muggy days with lots of sun. Of course, there's always a little wind on rainy days, but nothing like that storm."", ""(auto-talk) The sheep wandering these plains are so fluffy- they're downright adorable! We gather wool from sheep to make clothing and blankets."", ""(auto-talk) I'm even seeing monsters in the area again."", ""Have you heard? There have been recent reports of an odd creature lurking around this area. I wonder if has anything to do with all the strange things going on around here... I wish it would go away on its own, but that doesn't seem likely. Will you help us?"", ""Bah. Don't worry about it. Thanks for listening, though."", ""There's a strange monster roaming the area. If only someone would make it go away."", ""Do you think you two are up for the task? I wouldn't be asking if I didn't think you could pull it off."", ""Really? Oh, that's fantastic. I'll be waiting here for good news."", 'I know you can do it! I have faith.', ""Now's a good time to show us what you're really made of."", 'Either you two have excellent hunting skills, or your weapons are out-of-this-world!', ""You took care of the monster? Amazing! Now there's nothing to be afraid of.""]",NPC
Final Fantasy XIII-2,2011,Japan,Nell,Female,"[""Hey you guys, did you see a medical kit lying around anywhere? I thought I'd left one in NORA House, but I can't seem to find it. I'm guessing someone had a use for it during that ruckus yesterday. Pulse is a dangerous place, and I don't have the supplies to deal with serious injuries. If you find the kit, can you bring it to me?"", 'Oh, got better things to do? Well, let me know if you free up some time.', ""Who could have taken the medical kit? it's gotta be somewhere..."", ""That medical kit, it's like it just disappeared."", ""Thank you. My other kits are practically empty. And we still have people to treat. I put in an order for supplies, but deliveries take forever to arrive. I'm counting on you."", 'Did you find that medical kit? No one seems to know anything about it.', ""Stuff doesn't just up and vanish, right? Where on Pulse could it be?"", ""Yes, yes, that's it! You found my kit! I've been using this kit since I lived on Cocoon. Couldn't believe I'd lost it! It's funny how you get attached to these things. I'm sorry it's not much of a reward, but... here. Even seen a rock like this? I found it, just over there. Do me a favor and try not get yourselves hurt-- I've got enough patients already. There aren't many people who like to play nurse around here.""]",NPC
Final Fantasy XIII-2,2011,Japan,Noel Kreiss,Male,"['What in the... ?', 'Where am I?', 'How did you know!?', 'But... who are you?', 'Look out! Here it comes! (It attacks with a bolt of energy.) What now?', 'How do we fight him?', 'What?', 'Okay.', ""That's a gate... ? But, why me?"", 'What? I can change the future?', ""Right. (He shoulders the weapon.) You got it. I'll track her down. (The sky goes dark and the ground begins to shake.) What's happening?"", 'What the... ?', ""(offscreen) You want her? (He is shown standing on top of a structure.) Then you're gonna have to go through me! (He leaps down by Serah.) Get up, Serah."", ""You're gonna have to. One more thing... (He draws his swords.) Don't ever lay down and wait to die!"", ""She took a hit, but she's gonna be fine. She just needs some rest."", 'Noel. Noel Kreiss.', ""He's supposed to be your lucky charm. Your sister gave him to me."", ""(nods) Mm-hmm. She's the one who told me to come here."", ""Yeah. How'd you guess?"", '... and dragged me along with it. I guess.', ""Maybe, I don't know. Damned if I can remember. Why don't we go and check it out?"", 'Final Fantasy XIII-2: The story so far...', ""Then you're gonna have to go through me! Can you fight?"", ""I'm a hunter."", 'Shoot.', 'Curiosity killed the cat, you know.', 'She was covered by silver armor decorated with feathers. She looked just like a goddess out of some fairy tale.', ""A beast? A fal'Cie? A servant of the gods? How 'bout it, Mog? Which is it?"", ""I'm not trying to hide anything."", ""You don't believe me?"", ""Guess I'm not so good at small talk."", ""(auto-talk) So, hey, those clothes remind me of Lightning's. They've got the same patterns."", ""I'm pretty sure this isn't a dream."", '(auto-talk) Wow.', ""I-I just didn't think it would be that beautiful. Cocoon, I mean. It's exactly like in the legend. I can't believe I'm really here."", 'Really? Is that what happened? Then how was I able to meet with Lightning?', 'Okay, take it easy, big guy. I am not here to make trouble for anyone.', 'Sounds like a tool. I can deal with him.', ""You're holding things together here. I'll be sure to let Snow know."", ""(auto-talk) Huh? What's going on here?"", ""I see it, too. Pretty sure it's no dream."", 'I guess news travels fast.', 'Hey, likewise.', '(auto-talk) More of them.', 'More meteorite phenomena?', 'So these areas are from different timelines. Realities blending together? Like two ages overlapping. That about right?', ""I think he understood you. In any case, we can't go breaking Serah's good luck charm."", ""I stepped right out of Serah's dreams, and rode in to the rescue on the back of a meteorite."", '(auto-talk) We made it.', 'Yeah.', ""Well... you're looking at a different time. That's the world I come from. In my world, Cocoon doesn't exist. When I was born, the sky was already empty. Tell me, how many years has it been? Since Ragnarok appeared and Cocoon fell?"", 'For me, all that happened 700 years in the past. I was born and raised in another time. 700 years in the future.', ""I'm the last of humanity."", 'Serah. I can take you there. We can find Lightning together. I know she wants to see you.', ""You see? It's a Time Gate."", ""It's like a portal. Lightning is in a place called Valhalla. She's waiting on the other side."", ""Listen, when different eras overlap, all kinds of crazy stuff happens. Objects from different times get mixed up. If you want to open a gate and travel through time... ... you have to find one of those objects. They're called artefacts."", 'The keys to the future.', ""They're anachronisms, relics of a different world. Basically, things that don't belong in your time. If we can find one, we might be able to use it to open the gate. Then we could cross time and travel to Lightning's world."", ""Let's meet outside once you're ready. Okay?"", 'I slept great. Just like being at home.', ""This's a nice place. Almost a shame to leave it behind."", ""We've got to get looking for that artefact."", 'Serah, wait up for me.', ""Serah. There's still so much I don't understand myself. If we can actually find an artefact, then I'll know what I've been saying is true. And once we open the gate, you'll be able to put some of your doubts to rest as well. So, what do you think? Will you search for the answers with me?"", ""(auto-talk) Give me a chance, and I'll prove that it's true."", ""I'll answer as best I can."", 'You saw the future? But that means...', 'They were an ancient nomadic tribe. They wandered Gran Pulse for centuries. They were long before Cocoon was created.', ""Yes, that's what they call them. But they did have some contact with people who left Cocoon."", ""I'm all ears."", ""Weren't there millions of people living on Cocoon? It must have been pretty cramped."", 'Sounds like a rough time.', 'How did you end up in this place, then?', 'So for everyone here, your sister being gone is the reality. Odd.', 'Tell me more about this town.', ""Wow. So that big guy's in charge, huh?"", ""So the four of them together make the perfect leader. What about Serah? What's her role?"", 'Oh, wow. You grow vegetables?', ""Well, the soil is barren. Nothing will grow at all. We have to survive by hunting. It's that or starve."", 'Just what I said. When I was born, there were fewer humans in the world than live in this village. After a while... I was the only one left.', ""Let's check it out."", 'is that the artefact?', 'All your friends think your sister is inside that pillar.', 'Listen, Serah. Your memories are the truth. Lightning is alive. The question is, why are you the only one who remembers?', ""You're talking about another possibility. A world that might have been."", 'You mean, your memories are true, but history was altered afterwards?', ""Maybe someone was cleaning it out here and then forgot about it. I don't think it's our artefact, though. Let's keep looking."", ""No one knows. Only that it's something that 'doesn't belong' in this time."", ""You're thinking too hard. We'll have more luck if we just follow our instincts. These disturbances are all happening in the area around the impact site. I'd say our best bet is to search around the town."", ""'A moment of time, captured in crystal. A gift to travelers from the goddess.' That's all I've heard that describes them. The disturbances are happening in the area around the impact site. I'd say our best bet is to search around the town."", 'Look, I think Mog has found something.', ""No, I don't think so. But maybe the cat could've picked up the artefact."", 'Stay on her, Mog!', 'Snow?', ""So it hasn't been all bad."", ""Those friends of yours are like family, aren't they?"", ""You and Snow want the same thing. I'm sure you'll find each other again."", 'Wow. You like animals that much?', ""(auto-talk) We're way off track."", 'Mog, help us out here!', ""Yeah. But I don't think he's just looking for playmates."", 'A school teacher, huh?', ""Seems like you'd be soft on kids, but you're pretty strict, huh?"", 'My grandmother was a teacher, too. She taught me everything I know. She taught me about Gran Pulse and its history.', ""Even if I did, there's no one waiting for me. Besides, I don't even know if it's possible."", ""I'm not sure. First, I want to help you track down your sister. Then... Well, there are things I'm looking for, too."", 'I was always her favorite. She kind of spoiled me. She lived until she was fifty, so she had a lot to teach me.', ""Life spans were longer during this age. If my grandmother were still alive... I could've learned so much more. I could've... I could've handled things better."", ""(auto-talk) Hey, what's he got there?"", ""Watch it, don't go that way!"", 'Ah ha!', 'Huh. Not sure about your style of discipline, Miss Farron.', 'Er, I think you just completely creeped him out.', 'The kid was trying to get away from Maqui. I bet you anything he was up to no good.', 'Not exactly making friends, are we?', ""When's that gonna be!?"", ""Hey, hey. Why don't you find out what he did first, before laying into him?"", 'This oughta be good. And then what happened?', ""And that's why he was chasing you?"", ""That belongs to Maqui, doesn't it?"", ""And doing nothing, right? Lightning and Snow are long gone, but you still sit here and wait. Why didn't you go after them?"", ""I wonder if he really meant it. Maybe you didn't want to go, and you were glad to have the excuse."", ""(covers his forehead) Sorry. It's probably the right choice, anyway. I mean, what if he came back and you weren't here?"", 'Sure. But what about your responsibility to yourself? Were you secretly glad Snow was out your life?', ""Sorry... It's that in my world... Saying farewell... well, it was usually for good. We didn't like to let go easily."", 'Are you losing your touch, Mog?', ""I've got a question for you. Who's this Snow person? A boyfriend?"", ""I'm done, yeah. Thanks for all the detail."", 'No artefact yet, huh?', ""I wonder if someone's trying to mess with us."", ""I guess not. Unless they think they're doing the right thing."", ""Right. And that's how your things ended up out here? It's not a bad theory. Okay, so maybe we should ask if anyone else is missing stuff."", 'Hey, check it out.', ""It's... a twist in time. Something that doesn't belong. I think this is an artefact."", '(auto-talk) Okay. Now we just have to head for the gate.', ""Well, the mirror must have belonged to someone else in the past... or the future. Wherever it came from, it didn't belong here in this time."", ""I'm going to take this artefact and open that gate. But you still don't trust me, do you? I can see it in your eyes. If there's anything you're wondering about, or don't believe, just ask and I'll try to explain."", ""A future that has people in it. (He hands the artefact to Serah.) I lived at the end of days. I was the very last child to be born. As I grew up, everyone I knew died, one by one. Until, eventually, it was just me. All their dreams fell on my shoulders. I was their last hope. It was too much. So I left. Sure, maybe I couldn't go home again. Maybe I couldn't make everyone happy. But at the very least, I could rebuild a future where everyone could survive. So I went through the gate. I wasn't thinking very clearly then. I had a dream, but I didn't think it all out. I didn't know what it really meant. But once I got here, and saw how you and your friends live in this village, I knew my dream could come true. In Valhalla, your sister gave me a chance. She gave me hope. The future can be changed. That's what she told me, and I believe her."", '(auto-talk) You wanna take a moment to say good-bye, before we leave?', 'You know, it must be strange to have it there, always watching over you.', ""(auto-talk) There's still monsters around. Keep a lookout."", ""You mean, like your friends and the way they act? Understandable, though. Guess it's not everyday someone like me drops in from the future unannounced."", ""You say she's disappeared, but I know where she is. She's in Valhalla. I'll take you to her, I promise."", 'Bad news for him!', ""Are you sure you're ready? You know, once we go through, there might be no coming back."", ""it's okay. You have to be sure in your heart."", ""I won't let you down. We'll find Valhalla, I promise."", ""So, you're not gonna say good-bye?"", 'Hey.', ""The future won't change until you make the first step."", ""I'll protect her. I promise you. I vow never to let her come to harm."", ""Trust me. For Serah's sake."", 'Guess so. Looks like the future starts now.', ""It's the Historia Crux. The crossroads of the time continuum."", ""Right. Just floated through this nowhere space. And now it's your turn."", 'Really? Are you sure?', 'Wow. So this is how Cocoon looks from the inside.', 'Look out!', ""Yeah, and it's not looking to shake hands, I'm guessing..."", 'Okay!', 'You okay?', 'An invisible giant!', 'That was exciting.', 'Friends of yours?', ""(auto-talk) We're being treated like criminals. But it's just a misunderstanding. Stick to the truth and we'll be okay. And smile. Smiling usually helps."", ""What's up?"", ""I heard them call it 'Atlas,' I think. As far as I can tell, it seems to be the cause of all the trouble here."", 'Yeah?', 'Booored.', 'Had enough of this...', ""What's up?"", ""One question: what's the Academy?"", 'When do we eat?', ""The Gran what? Serah, what's he talking about?"", 'Okay, Serah, let me explain. The elevator that was under construction in your time is up and running. Which means, this must be the world of the future. Got it?', ""Next year in your time. Last year in this time. Which means we've traveled two years into the future."", ""You're a friend of Serah's?"", 'Noel Kreiss.', ""Then we're better off keeping quiet about where we're from for now."", ""So, I'm curious."", 'Just why are you helping us, anyway?', 'What, you mean through the gate?', 'So basically, helping us out was almost like part of your research. But you still have questions.', ""(crossing his arms) But with Atlas throwing his weight around, the ruins'll be closed off and there goes the chance to get your answers."", ""No problem. We'll take care of that giant for you."", 'We call him Piggy Kitty.', ""Because we can't let Atlas shut this place down. We need to search the ruins. There might be other gates we can use."", 'Exactly. And how can I take you to Lightning without those handy dandy portals?', '(folding his arms) Now that you mention it, Lightning had monsters fighting with her in battle.', ""Looks like we're getting overlap from another reality. Atlas has disappeared into another world, or another time, I guess."", '(auto-talk) Another gate, huh? Figures.', ""Right. The 'key' is something that doesn't belong in this time."", ""We can't activate the portal without the 'key.' First we have to figure out what opens this gate."", ""Hehe, she's keeping tabs on us."", ""It's Atlas!"", 'And that machine showing up is no coincidence.', 'Two choices. We try that new device and hope it controls Atlas, or do it the old-fashioned way, and fight him head-on. No regrets, no looking back.', 'Ouch. You know I have feelings, right?', ""All right then! Let's do it!"", ""Let's go check it out. You know, if we try to take Atlas out while the paradox is in effect, there's no telling what else may happen."", 'Hmm, let me think... Yeah, I remember this.', ""My... memories are unreliable. There are events I should remember, but my memory is hazy. Like I'm seeing them through fogged glass. But not this time. I remember this one. There was a war hundreds of years before I was born. That's when Cocoon crashed into Pulse."", ""You'll know when I'm telling a joke. Trust me."", ""Who's to say what's possible? That could be the reason we're here in the first place."", ""If that's true, the timelines must be pretty tangled. Alyssa? When did these portals first appear?"", ""So they took everyone by surprise. Either that or someone's been hiding them..."", 'These portal things are useful as heck! You can travel to the past or the future, as easy as walking through a door.', ""Let's go find an artefact."", ""No good. It won't open."", ""I guess we don't have the right artefact yet."", ""It does kinda feel like she's using us, huh? But that's okay. When I was a kid, I knew a guy around the same age. We didn't get along too well. He was always trying to... ... get me to do his share of the work. Then one day he asked me to go hunting with him. I refused. I'd had enough of being bossed around. So he ended up heading out alone. And that was the last time I saw him. If I had just sucked it up and gone hunting with him he might still be alive."", ""So now, I just do my best to help out. It's better than dealing with the alternative. That isn't fun."", '(auto-talk) Weird machine. Must be it.', 'Huh?', ""I think we're inside the paradox."", ""Let's see what it does, yeah?"", 'All we can do is pray.', 'And not looking too happy.', ""So, how'd we do?"", ""I'm on it. Oof! Hey!"", 'How did we get here?', 'Move!', 'Do it!', 'Now!', 'Whoa! Now what!?', ""This is just a theory, but I think there might be someone out there derailing history and bending the timeline. That's why Atlas and these gates are appearing out of nowhere."", 'Interesting idea. The gates would be like cracks in the continuum, and Lightning has fallen through one of them.', 'Could be. You remember your sister coming home, right? You have memories from before everything got twisted.', ""That's the question. We'll keep looking for an answer."", '(auto-talk, over communicator) Alyssa! We took Atlas down. That place you were looking for is right in front of us.', ""(pokes Alyssa's head) Well... you seem real to me."", 'Okay then. I think that wraps things up for Alyssa. Now for our little quest.', ""Let's find an artefact, and open a gate."", ""Now we've cleared up the paradox effect, it's possible those sneaky artefacts have come out of hiding. Let's try searching those areas we couldn't reach."", '(auto-talk) Nice, Mog!', 'Think our Mog is getting talkative.', 'Yeah, although he does get overexcited sometimes.', 'Yes. Yes, it worked!', 'Serah? Are you okay?', ""I have no idea. With all this jumping back and forth, I'm not sure I know which is which anymore. (Serah chuckles.) But the past is what makes us who we are, defines us as people. The future that we're aiming for, that's the thing we can change. No matter how bad things have been, without that past, I wouldn't be who I am now."", ""So Serah, you shouldn't feel like you're wasting your time. Even if we don't arrive in Valhalla, there's still value in every path we take."", ""(chuckles) But hey, I wouldn't complain if we do end up there. All this running around is exhausting."", ""(chuckles) Just be honest with yourself. If you are, you'll be sure to arrive in the future you want."", ""In ancient times, the fal'Cie devoured the light, darkness cloaked the sky, and the earth knew only night. This must be the eclipse."", ""They said five hundred years ago, a massive fal'Cie appeared. For a while, it blotted out the sun and turned everything dark."", ""Right. But something's wrong. Look, the eclipse is only affecting this small area. That shouldn't be possible."", ""(points) That's what I'm saying."", 'What happened to it?', ""You'll be sure to arrive in the future you want. This must be the eclipse."", 'Ah, yeah, perfect. I do have some questions. Where are we? And what year is it?', 'You said the paradox. Are you talking about the eclipse?', 'Which mean, his appearance in this area indicates some sort of time distortion, right?', 'But the eclipse is only happening here, right? Maybe all these gates that appeared are causing the distortion.', 'Figures.', 'There are two questions. Why is the eclipse happening now, and why is it happening right over these ruins?', ""I'm sure. I remember the dates pretty clearly."", 'If history changes, do our memories change, too? Say we change the past. The things I remembered... the things I should know... do I just forget them?', ""Maybe, but we can't know for sure. In any case, I remember everything since we first met. At least, I think I do."", ""(drawing his sword) Maybe this'll count as official business!"", ""We're being dragged in!"", ""Who's this?"", 'Nice guess. Who told you?', ""From your point of view, it's been years since you last saw Serah."", 'I hope not. And here we are, meeting in ruins again.', 'What about the Academy? How are things going?', 'Just three hundred years in the future. If you can believe that.', ""The Farseers? You're telling me there used to be enough of them to build this entire town?"", '(staring out at the city) Can you see me now? Standing here in this place...', 'Yeul...', 'Tell me about it. The nation fell apart, and the survivors fled into the wildlands, avoiding contact with others.', '(stepping forward) But, how did you--!?', ""Oh, uh... yeah. I've--I've heard of them. In... books and stuff."", 'Is it broken?', 'Yeah, we can use that to travel across time.', 'Time to find that gate.', 'Tell us about these ruins. What have you learned about Paddra so far?', 'Maybe. (Serah stares at him concernedly.) Yeah? What?', ""(turns away and mutters) Sure. But it's just personal stuff."", 'Is it that obvious?', ""I look at his strange little face and I can't help but worry..."", 'I mean, what now!?', ""Sorry, Serah. I'm not trying to hide anything. It's just, that story about Yeul..."", 'Back in the future, I knew a young girl with the same name.', 'Is this a future where everything has been destroyed? Or is it a distant past, before the world has even come into being?', ""Right, and we have to find out what's causing this. (The two turn to each other and nod.) Okay."", ""In a world abandoned by the fal'Cie, the ones who are left behind craved nothingness--an empty world."", ""It's just an old fairy tale."", 'In this spacetime, the past and future intersect. I bet if we solve all these puzzles, we could dissolve the current paradox.', '(auto-talk) No problem.', 'Right on schedule. Now we find the gate and its artefact.', ""So you're saying they traveled through time to save the future?"", 'Yeah.', 'Serah!?', ""But, that's impossible."", 'Caius!', '(grabbing her) Yeul!?', 'But...', 'Caius...', 'What are you doing here in this time?', ""No, she's been watching us?"", 'Serah! Stop this, Caius. I am not going to fight you.', 'Yeul...', '(crossing his arms) What does Caius want?', ""I thought I recognized him. But I don't think he's the man I used to know. He couldn't be here... not in this time."", 'What happens to the prophecy recorded here should affect the one in the past. At least, I hope so.', ""She was the same. The same face, the same voice. But even so... she didn't know me at all."", 'Yes. Well, no questions?', 'Appreciate it.', 'The eclipse is over... or it never existed in the first place. History here has changed.', ""There's still the Oracle Drive. Maybe that would have been enough of a draw for him. Only one way to find out..."", ""Maybe. But... we can't be sure."", ""No, that's not how it works. Usually it's changes in the past that affect the future, and that's why this is so confusing."", 'Serah, please. Can you work with me on this?', 'The future, maybe. Who knows?', 'How did you... ?', ""(shakes his head) Huh? So, you don't know me, either?"", 'It looks like Yeul lives in this time, too.', 'Yeah. It was just so... unexpected. Threw me for a loop.', ""Aren't those time periods a little far apart? How could they be twins?"", ""Unlikely. I think you're trying too hard."", '(auto-talk) I was afraid of what would happen if no one was here.', 'Caius!', 'Yeah. It came to ground long before I was born. After it happened, the whole world just fell apart pretty much.', ""No. He couldn't do that."", 'No. Not for a couple of centuries.', ""Right. That's the future I lived in."", 'How so?', ""But what if you can't, Hope?"", ""Okay, let's do it. We can try to solve things at the other end, in the future..."", 'While you start preparing in the here and now.', 'It was bound to collapse over time, there was no stopping it. But why did Caius interfere?', ""Lightning was fighting in Valhalla. That's where I met her, and that's when she told me to come and find Serah."", 'What do we have to do to find Lightning?', 'In that history, does Cocoon stay in the sky?', ""You're saying I was born into a future created by the warping of the timeline?"", ""If we succeed, you'll be reunited with Lightning. I guess we know what we have to do!"", 'So do I, Serah. So do I. Time to travel again.', ""(auto-talk) Right now, we don't have a clue where the artefact might be. But there are still some places we haven't checked out."", 'Er, so solving paradoxes in the future fixes the past to what it should have been.', ""(auto-talk) All right, then. Where's the gate that fits this key?"", ""We can, and we will. Then we can go back to homes that we've made safe."", 'What the heck is this place?', ""Doesn't look like there are any other gates, either."", 'What? You mean Valhalla?', ""No. Something's different."", ""This isn't Valhalla. It looks like it, sure. But it's not the same."", 'We had a legend back home, about a goddess...', 'We hunters passed the legend down, from father to son. It gave us strength when times were tough.', ""(chuckles) Yeah. But when the going gets rough, you don't need anything complicated, just a reminder to stick things out. Let's just keep telling ourselves that every time we go through a gate, we're getting closer to Lightning. Sound good?"", ""Let's go check it out."", 'No way past this point, huh?', '(auto-talk) Way to go, bobble-head!', 'Okay, that did it!', ""Serah? Don't tell me you're having visions..."", ""(nods) Oh. Okay then. Let's get going."", 'So this is what the end of the world looks like.', ""I don't know. But if the world does end here... ... my future should never have happened. Which means there must be a way to stop them."", ""Serah? What is it? What's wrong?"", 'Serah... Serah? Serah!', ""Wait! Serah! What's wrong?"", 'What did she see?', '(auto-talk) Was it a vision? Does Serah have the same power as Yeul?', 'But why? Why did she react the way she did?', 'Wow. That is one gigantic monster.', ""No! I'll hold it off, you get outta here!"", ""Fine. We'll do it together!"", ""Don't be a fool!"", ""This jelly bean's tickin' me off!"", 'With ya!', 'See if you like this! Serah!', 'Serah!', 'Yikes...', ""Let's go!"", 'No! I mean, we get out of here! (points with larger sword) Look, that way!', ""Listen. Hotheads who can't back down don't last long on this planet."", ""You're not listening to me. Humans aren't strong. They die easy."", ""You know, somehow I didn't expect you to be such a hothead. All I hear is what a great guy Snow is. And look where you are, all the way in the future."", ""Now it's your turn. Why did you up and leave Serah? What are you doing, fighting here in the future?"", ""I asked, didn't I?"", 'You mean the flan we just fought?', 'According to the stories I heard, back in my own time, Cocoon was brought down by war.', ""It's consistent with what I know... sort of."", 'No! Have you forgotten already? We ran because it was too strong.', ""If that's what Lightning wants, we've got no choice."", ""So will I. There's no telling how many people will die if Cocoon falls."", ""Maybe she knew we'd be along to help out."", ""None of this makes sense. There're thousands of flan appearing out of nowhere, and they're fusing and creating a beast that shouldn't exist."", ""If it is, we'll need to do some traveling to fix it."", 'Now!', 'Got it. If we get stuck, just look for a vine.', ""It's too risky."", ""(auto-talk) Look at these guys. I wonder where they're going."", ""If we get stuck, that's what the vines are for!"", ""Long story short, I'm trying to save humanity."", ""I lived at the end of days. I've seen how we end. And I'm the only one who can change it."", ""And there's our artefact."", 'This is crystal, too.', ""Serah, you know what it's like, don't you? Being turned into crystal."", ""In the future, there was a legend, about how the 'daughters of the goddess' saved Cocoon."", ""Fang and Vanille, they were friends of yours? And now they're... sleeping inside that crystal pillar?"", 'We had a legend, back in my future. In answer to our prayers and pleas, the goddess Etro blessed the daughters. She gave them the power to protect our world and hold us safe.', '(auto-talk) Looks like this gate leads back to the Historia Crux.', ""The erosion is progressing rapidly. The pillar won't be able to hold much longer."", '(auto-talk) From my own history, the pillar was gradually eroded over centuries before civil war finally toppled it.', ""No. The rate that thing is eating through the crystal, it won't need a war to bring down Cocoon."", 'Not you.', ""For every road, there is a different gate. Somehow, I don't think this one's yours."", 'Snow.', 'What? Look out!', ""They seem desperate. Like they gotta get this one, or there'll be nothing else to eat."", ""Let's introduce ourselves."", ""Good idea. And let's hurry, before those chocobos decide they need to stretch their legs."", ""You guys aren't exactly hauling it in. Prey getting scarce?"", ""Don't look so surprised; she's right, you know."", ""(auto-talk) Right. Let's go exterminate some pests."", 'Okay...', 'Wow. Back in a flash, huh? A bit unsettling, but I could get used to it.', 'Is the storm targeting the flan? Is that even possible?', 'What should we do then? Wait for the weather to change?', ""If there are flan here... ... I'll bet you my favorite bow that there's some connection to the giant flan back in Sunleth."", ""It's a definite possibility."", 'Mog, help us out here.', 'Really?', ""Look. (The monster is shown sucking flan.) There's no other explanation. They're being sucked into a time rift."", 'Right. If we can take down this beast, we can stop the giant flan from getting any bigger.', ""This gate... it feels different somehow. What's the deal here, Mog?"", ""If we wanna open this gate, we gotta find and break the lock that's keeping it sealed."", ""No artefact'll open this gate. We better get searching for a way to break the seal."", ""Oh yeah, we're gonna need to break the seal on this gate if we want to open it."", 'Huh? Where did we end up?', '(auto-talk) Okay. This one might be a bit much for us to handle.', ""Mealtime's over!"", ""(nods) Yes. Now let's head back, before Snow gets himself into more trouble."", ""What? No. I just figured you'd be itching to see him again."", 'You know, I could never do what you two do. Staying apart and doing your own thing, even though you love each other. You never know when someone might disappear from your life. Take it from me, you have to make every moment count.', ""But it's okay. I believe we can change our fate. If I didn't I wouldn't be here."", ""Exactly. That's why it seemed the storm was coming right out of its mouth."", '(auto-talk) What was that? Did we break a seal on the monument? Did we unlock it?', 'If I feel like it. Maybe later.', 'What is this place? Looks like a dumping ground.', ""So your sister's been here, too? I bet that's no coincidence."", 'You got pulled into a paradox. Who knows? You might even be in a different time than before.', ""(auto-talk) You said before that Lightning's been here In the past. I wonder if she had to deal with this monster, too. Do you remember hearing any stories about it?"", 'Yes, we heard the crazy story about a dark shadow that took down your airship.', ""I hate to say it, but it also probably means that he's not alive either. In any case, let's look for him and bring him back to the others."", 'We can talk later. Right now, we need to get you outta here.', 'End of the road. We have to turn back. (A massive beast appears.) Come on. No way we can take that.', ""Don't encourage it!"", ""It'll swallow you whole!"", ""I don't think so. I think he actually likes it."", 'Good idea. We can broaden our search radius.', ""Maybe he's looking for a free lunch."", 'How have you even survived this long?', ""(auto-talk) The flan are headed in that direction. Let's go."", ""Let's break up the party and get our artefact."", ""What's a theme park?"", ""A place that doesn't have much in the way of fun or civilization. That's where I'm from."", 'Really? How so?', 'We have things in common.', '(pointing) That guy!', ""Okay, then. We'll make you a deal!"", ""(steps forward) You want this omen gone from here, right? Give it to us, and we'll leave you and your realm in peace. What do you say to that?"", 'Job well done, I guess.', ""I hope he's still okay back there... ... but I bet he won't be waiting by the gate for us."", 'Charging ahead into an early grave.', ""He acts like he's everyone's boss, just marches ahead, and neverthinks how much danger he's putting himself in. Idiots like that, they're all the same. Their heads in the clouds, thinking self-sacrifice can somehow save everyone. But people die anyway."", 'Huh?', ""Right. But I can tell the difference between fantasy and reality. I'm not like Snow."", ""He just took off and left you alone. He did what he wanted. Didn't care who he left behind, or who he hurt."", 'Lucky he was open to reason.', ""Something like that. In any case, let's get outta here before we have anymore close encounters."", ""I knew it. He's gone off to fight on his own."", ""You really don't know when to quit!"", 'You knew you had no chance of winning. Why did you even try?', ""You couldn't just sit still and wait for help, could you? Tuh! Typical!"", ""(points) You're the worst of them all. I hate your kind! You think you're everyone's protector--everyone's hero -- but who do you save, really? Do you even realize how useless you are!? Do you realize what you do to the people you're supposed to protect!?"", ""(turns away) No! You... you don't get it. You don't know anything. You're wrong, we're not the same. I couldn't protect anyone."", '(turns to him) Snow.', ""(mouths an affirmative and Snow begins to fade away) Snow? What's happening!?"", ""Maybe that's the reason. The timeline is correcting itself. Things that don't belong in this era are disappearing. Snow is a contradiction. He comes from a past that no longer exists."", 'This, this is what it means to change time.', 'He might not have been forced. Maybe it was something he asked for.', ""What if you needed to protect someone? And the only way you could do it was with the power of the l'Cie."", ""Snow only cares about the people he's trying to protect. Damn the consequences, damn himself. 'If it means helping my friends, I'll gladly become a l'Cie.' Sound like something he'd say?"", '(shakes his head) Yes, I hate him. But... I understand him, too.', ""Okay. And I'll make sure you do. He asked me to look after you, remember?"", ""(auto-talk) Cocoon should hold now, for a while longer at least. The rest, we'll have to leave to Hope and the other researchers."", '(auto-talk) Snow helped stop the pillar from collapsing too soon. Natural wind erosion will eventually break it down, but the immediate danger is behind us.', 'Okay.', ""(nods) Let's."", 'Say, Serah.', 'You remember when you told me that you saw Lightning and me in your dreams?', 'Are you still having them?', 'Okay.', 'I was just curious.', ""I don't know anything about either of the Yeuls you met."", ""(gets up) I don't think so. She's like a reincarnation, a new Yeul born over and over. In each generation of the Farseers, a girl with the same face, the same power is born. That girl is always called Yeul."", ""But they're all different-- and neither are the Yeul I knew. Although, it took me a long time to actually start believing it."", ""Perhaps it'll become a future where I never existed."", ""Sure it is. But it's okay if it does. There's too much sadness in my world, your future. It'd be better if it never happened at all."", ""Yeah. Well, come on, let's go. We've got a date with Lightning, remember?"", 'Okay.', '(auto-talk) Something looks different from the last time we were here. Mog, is this even the same place?', ""Makes sense. Let's go see what changed."", 'A throne without a ruler. I wonder who used to sit here? The goddess? Or some other deity... ?', 'Wow, check it out. What is this place?', ""Well, I guess it's worth taking a look."", 'Wait, so you know who we are?', ""So, are they something we're supposed to have or... ?"", 'It probably is... but... should we try exchanging it anyway?', ""We're gettin' paid. I wonder how much. But what are you going to do with all that gil, anyway? Got your eye on somethin'?"", ""(auto-talk) Something is happening in the ruins of what was once the most prosperous city in the world. Many of the scientists and researchers who came to investigate the site have gone missing. And when they do, ominous sphere shaped objects appear in their place. Mog seemed to know all about the orbs. He told us they're called the 'Rubies of Grief.' They're manifestations of the remorse and sadness left by the unlucky souls who disappeared into the paradox. The orbs resonate with the powerful emotions sealed inside. What kind of message are they trying to tell us?"", ""Yeah, it's like someone's talking to me inside my head."", ""Huh, I get it. So that's what that was. Is there anything we can do for them?"", ""(auto-talk) Boy, that guy really thinks he knows everything. It's going to be hard to convince him otherwise."", ""Yeah, I think you're right. Let's go find manual and set him straight once and for all."", ""As far as I know, Farseers generally avoid tampering with time. But if that's what she did, they must have been dealing with something much worse than anything we've ever seen before."", ""I see. So that was the only option left for her to make sure the entire city wasn't destroyed."", ""I hear you. Let's go!"", '(narrating) We stepped into the rift and solved the paradox. It was the same paradox--the same ancient threat--that Yeul had banished into the Void Beyond so long ago. The seeress distorted the timeline to save an entire city. But I have to wonder, what went through her mind as she performed such an act? Did she know how her intervention wouldchange things? Did she look into the future? Was she able to see the consequences of what she did?', 'Wow. How do you build something like this?', ""They had a vision for the future, and they grew it from there, huh? You know what, Serah? I used to think the only way to make a better future was to change something right away, in the here and now. But creating something for people to build on, that's not a bad idea. Right? Even if it can't be completed in one lifetime, it's still worth starting. If you believe that someone in the next generation will take up the same ideal, then the dream lives on."", 'I wish she could have seen it.', '(auto-talk) Who did this?', 'We gotta stop it.', ""What threat? I hope they're not talking about us."", ""That can't be good. We should look for a way to slip through."", ""Snoop away. We can't fight back if we don't know what we're facing."", ""(auto-talk) Who's closing things off?"", 'Corrupt information? Is that a side effect of the paradox?', 'So tell me, did you find out what happened?', '(auto-talk) They are taking up position in front of the wall.', 'Guess so. Now we know how to get past the rest of these barricades.', ""Did she just say 'fal'Cie'? Why is a fal'Cie in control of the city?"", 'Uh... not this way.', ""Think you're right!"", ""(putting up his hands) All right, all right. We give up. We won't fight anymore. So why don't you show yourself? (Caius appears behind the party.) Caius..."", ""You've got no reason to fight me, Caius."", ""Could be. Maybe at some point we travel two hundred years before this time, and encounter Caius there. But I don't plan on letting him kill us."", ""Caius, this isn't like you. If we're in your way, why not just stop us yourself?"", 'Serah!', ""They're killing everyone? But why? Why would you do that?"", ""And we're the only ones who can save them. We can't stop now. That's just what Caius would want."", ""He really is convinced we're the cause of this paradox, huh?"", '(auto-talk) Caius! We gotta catch him and make him talk.', '(auto-talk) The true history? Which part was that?', ""You mean, go back 200 years and look for this tower. Okay, let's find a gate and figure it out."", ""And Caius smashed the bridge to block our path? If he thinks that's gonna stop us... he can think again."", ""Dammit! What's his deal? Is he goading me on, or just toying with me?"", '(auto-talk) Where are you going, Caius!? Stand and fight me!', ""That won't fix anything. The city will still be doomed. If you want to change the future, you have to shoulder the burden of saving lives. It's hard... I wasn't ready either."", ""I'm willing to take that risk. We need to find out what he's up to."", '(auto-talk) Could the gate be over there?', 'I guess we fight!', 'Another pack.', 'Yeul, no! Get away from her!', 'Yeul!', ""I've got it!"", '(runs to Yeul and clutches her) Yeul! Yeul, why?', 'But why!?', 'Yeul, hold on. Please!', '(nods) Yeah.', ""Yeul saw everything. You realize that. She knew exactly what would happen today. There was never a time she didn't."", ""It's the law of the Farseers. 'Seers must not change history to save themselves.' Because if they do, they can doom thousands of others to a worse fate instead. How about it? Ready for the truth?"", ""The gates link places and eras that are connected somehow. Do you remember the forbidden history, the one Caius was talking about? I'll bet we'll find some clues here."", '(auto-talk) First off, we need to find out exactly where we are.', '(auto-talk) Let me guess. We just got locked in this room?', 'He needed the power to float Cocoon.', ""But then Caius took control of the artificial fal'Cie. And now we need to find out why."", ""(auto-talk) We're free to leave the room now, right?"", ""Yeah, I can see them. Why did you think I couldn't?"", 'I know what you mean. I was thinking the same thing.', 'He might have been watching us from here the whole time.', ""If that's who he really was. The Caius we met in Academia seemed different to me. I don't think he was the real Caius."", ""We used to spend a lot of time together. We were both Guardians. Warriors who are charged with protecting the seeress. Although I was young back then, just starting out. Anyway, he took off, left me and Yeul on our own. I couldn't protect her, not by myself. Then, when it was just me left, a portal appeared. I went through it, and the next thing I knew I was in Valhalla."", ""(nods) I don't know why I keep running into him wherever I go. But I do know he wouldn't sacrifice the seeress. It's not in him. There's no way he'd allow Yeul to come to harm."", 'Yeah.', ""Not again... It's so frustrating."", ""I'm missing some of my memories. I'm trying to think about what happened after Caius left us, but I can't remember how Yeul died. But I remember her face. I remember it like it was yesterday."", 'So he is here. But is he the real Caius?', ""There he is. Now we grab him and find out if he's the real deal."", '(auto-talk) There must be some way we can get across this. If Caius did it, so can we.', ""It's being jammed by a paradox."", ""I'm not very good with all this fancy machinery. What's going on here exactly?"", ""So basically some bad guy snuck in and took over the tower? Well, there's an easy solution for that. We just need to find him and solve this whole problem. Case closed."", ""Lucky for us, we have the means to get there. Let's give them a piece of our minds! Come on!"", '(auto-talk) We should flip the switch.', '(auto-talk) Yep, looking good.', ""And if it's not, we're throwing you off the roof."", ""I'm kidding! When we get to Valhalla, you'll be with us, Mog."", '(auto-talk) Yep, looking good.', ""(auto-talk) it's hard to believe that all of this is happening because of one person hacking into the system."", '(auto-talk) Can it go any further?', ""(auto-talk) Yep, that's perfect."", '(auto-talk) Ha! We nailed that one.', 'And our work here is done. No more intrusions from the future, right?', 'We never got to find out who was behind this whole thing, did we?', 'It really makes you wonder what they were after, huh?', ""(auto-talk) The paradox's been resolved."", ""(auto-talk) Caius came to this facility as well, right? I don't know why, but he seemed convinced it was our fault the timeline was distorted."", ""(auto-talk) Just a sec. If a key from another time is all we need, don't we already have one?"", ""That's more like it."", ""(auto-talk) She does look like Alyssa, but it can't be her. Let's find out for sure."", 'We used to know a girl who looked like you, but that was a long time ago now. ???: (bows) Ah, my apologies. I must recalibrate my previous greeting. It appears that you are acquainted with the Original.', ""Where'd she... ?"", 'Hmm.', ""Alyssa, you haven't had any other visitors recently, have you? Like someone called Caius, for example."", 'Yeul as well? Why is she here?', 'Trying to look on the bright side, are you? Still, you might just be right. If it means protecting the true timeline, the seeress is bound to help us.', ""Yeah, it's possible, I guess... No, wait a second. Remember, the future Yeul sacrificed herself so we could make it here to this tower, in this time. Why would a seeress from the future work against us in one of her own past lives?"", ""(nods) We make the first move. Sounds good to me. Let's get our future back."", ""They say 'spirit' is a gift from the goddess, given to humans and humans only. We're a study in contradictions, with the freedom to make mistakes and the will to start over."", 'So the legends tell us.', ""What's happening!?"", 'What the hell was that!?', 'The artificial intelligence killed them? Because they were in the way!?', ""The broken fal'Cie was created by a broken artificial intelligence. Humans were betrayed and then they were wiped out."", 'Hm. Looks like they closed the door on us.', ""Well, now we've seen the forbidden history. Does that mean we're stuck here for good?"", ""That's why he acted the way he did. As far as he was concerned, we were supposed to be dead. He saw us two hundred years later, assumed it was a paradox and tried to get rid of us."", ""Agreed. Alyssa and Hope's fate are in our hands."", ""It's not over yet. Not by a long shot."", ""(auto-talk) This is more than just an elevator malfunction. We've been sucked into the paradox."", 'All we can do is try to fix it. And not get our own wires crossed in the process.', 'There we go.', ""(auto-talk) The old Cocoon fell from the sky because the fal'Cie who powered it was gone. Then the Proto fal'Cie was created in its place to make Cocoon float again. At least, that's how Hope planned for things to go, right?"", 'This is great. The artificial intelligence that killed Hope and his team now seems hell-bent on killing us.', ""No, I don't. Someone else is pulling the strings."", ""I don't buy it. Even if Yeul is here, it's in her role as a Farseer. She would never agree to this kind of cruelty. Plus this is not like Caius at all. He doesn't stand by and talk while others do the work for him."", ""Yeah, he's leaving everything to the machines. Something's not right."", ""I appreciate your enthusiasm, but I think we're getting off track."", ""(auto-talk) We're almost at the top floor. I bet that's where Caius is."", '(auto-talk) This is the last key. Next stop, the very top floor.', 'You might be right. But why would the seeress come here?', ""We're getting close! Let's take it down!"", 'If what Alyssa was telling us is true, Yeul and Caius should be up here as well.', 'Yeul. Are you on your own?', ""What? You mean he can't die, ever?"", 'Yeah.', ""Yes. Can you tell us something else? Someone has been laying traps for us inside this tower. Do you know who's behind it?"", 'Machine!? So, the Caius who we met earlier in Academia, he was...', ""We'll do it."", ""Yeah. But... if we're going to fight, we can't afford to have doubts. She's hoping for a better future, and believes we can make it."", 'Look! The fake Caius was sent out from this place.', 'This place must be like the Void Beyond. A crossroads where the future and past intersect.', ""You're saying the Proto fal'Cie took control of the AI and ordered it to build... the Proto fal'Cie. It's a closed loop, a chicken-and-egg paradox."", 'And it knew all along that it was part of the paradox.', 'It can travel back in time and rebuild itself.', 'Dammit! Hey! What are we going to do now?', 'We gotta stop it!', 'Serah, now! Perfect! Okay, my turn! See how you like... ... this! Time for you to go away--for good!', 'Thanks to Mog, huh?Mog: (rematerializing) Kupo! You guys plays rough, kupo!', 'You saved the day.', ""This is Hope's fault."", ""He was the one who started building these things. The Proto fal'Cie and AI both. Ah, will you listen to me, looking around for scapegoats. These fights are really starting to wear me down."", ""It's not going to do us any good whining about the mistakes of the past. If we don't stop this thing from regenerating..."", ""... we're never going to get out of here!"", 'It must have a core it regenerates from. If we can attack that directly...', 'Poor little guy...', ""Mog can't solve everything for us."", ""Okay, so you're saying the original hasn't shown itself yet? It does seem to be a little different every time we fight it."", ""We just have to keep taking out copies, until only the original fal'Cie is left. Let's do this!"", ""I'm starting to think there is no 'original' fal'Cie."", ""I like it. Let's give it a shot."", ""This isn't right!"", 'Huh?', 'Serah!', 'You did it, Serah.', 'Serah? Are you all right? Can you hear me?', '(sinks to the ground) Ah, what a relief.', 'Heh. You know something, when you get mad, you sure do remind me of your sister.', ""I'm sure of it."", ""I see. So that's your plan, huh? You go where the wind takes you. I never thought I'd say this, but I'm kinda jealous."", ""What is this place? It looks... I don't know, unfinished."", 'How do you know that? Or better yet, who did you hear that from?', 'What is it, Mog? Did you find treasure or something?', 'That familiar smell... Could it be the smell of your hometown? Could we be close? Maybe the labyrinth is connected to the place where you grew up.', ""If your detector's going off, then you must be right."", 'Gotta be food or treasure.', 'I bet you felt like the only one in the world, huh?', ""The Ocean of Time> Could that be where you're from?"", ""Yeah, I mean you've helped us out here and there, so we at least owe you this much."", ""That means the place we're looking for has to be just up ahead."", 'So this is the Ocean of Time. Mog, does any of this look familiar?', ""Your friends and family are waiting on the other side, aren't they?"", ""So you're sure about this, Mog?"", 'So pick a side, Mog. Serah or Lightning?', 'We did it. We actually did it.', ""This is what you wanted to see, wasn't it?"", 'Are they real?', 'Where do we find the Academy head office?', ""(auto-talk) After all's said and done, you handled the Proto fal'Cie pretty well. What did you do to it anyway?"", ""A hunch? Well, we won, and that's what matters, I guess."", 'You know him?', ""Serah, the Amodar that you used to know lived hundreds of years ago. Which means... Hey, uh, Captain? You're not human, are you?"", ""He doesn't seem to have anything to with the man you knew. Are they really that similar?"", ""So they just borrowed his appearance then. That explains why he doesn't remember you."", ""He's not a duplicate after all?"", ""Maybe we'll never know. But there is one thing we can tell for sure. This guy is on Lightning's side. It's up to us to get his message through."", ""Okay. You saw Serah getting mad at you, so you canceled your project, and then poof, the Proto fal'Cie disappeared. Is that about right? We didn't destroy it so much as it never existed in the first place."", 'Right. Not to mention that if you had kept with the original plan, your machines would have killed you.', ""This capsule of yours, it can't take you back, can it?"", ""Let's hear the good news first."", 'Yeah, okay, so now you gotta hit us with the bad news.', 'Need a hand with the search?', ""(auto-talk) I'm curious. The creature that the seeress banished--what kind of monster was it? And what exactly happened to the city of Paddra?"", 'An ancient seal from centuries ago... You have to be talking about a spell cast by the seeress.', ""(narrating) There's a story that's been passed down for generations that the people of my time believed was true. Long ago, a bloodthirsty monster attacked the city of Paddra, and wreaked havoc on its residents. Only a lone seeress had the strength to seal the beast. I had strong feeling we were going to encounter in the labyrinth. But we didn't. There was no trace of him anywhere. Still, something was wrong. I couldn't help thinking there was something we couldn't see, hidden from us. I was overcome with a sense of unease."", 'Yeul!', 'Yeul..', 'Right. And that created a paradox. Yeul knew what the future was going to bring. She knew she was going to cause pain and suffering for a lot of people. But she also knew that was her only choice. Her anguish remains in these ruins, in the form of a Ruby of Grief.', 'I hope we did it. I hope we were able to end her suffering.', ""(narrating) In an effort to save her city, Yeul broke her oath and tampered with time. This caused a disturbance in the timeline, which led to the creation of a paradox... ... and the death of many innocent people. I have to wonder, did Yeul make the right choice? Was there even a right choice to make? If she had done nothing, people would have died. But the city that Yeul so desperately hoped to save was eventually destroyed. No matter what her decision, either choice would have eventually led to the death of the people of Paddra. I don't have the ability to see into the future like she does. And I'm thankful for that. If we knew the outcome of all our actions... ... wouldn't we just give up? What would be the point of trying? But I can't see what's going to happen. I don't have the power to know what tomorrow may bring. And that's why we can still hope and believe in the future."", ""Looks like they're having fun."", ""I know you mean well, but aren't you forgetting something? They're monsters, and I'm a monster hunter."", '(chuckles) Just this once. All right, come on.', 'Where do they get all that energy from?', ""I don't think a good scolding is going to solve anything."", 'Huh? No way.', ""(narrating) It was then that I remembered Serah had been a teacher back in New Bodhum, and the kids called her Meanie Miss Farron. I'd completely forgotten about that until now. I'll bet she was one of those teachers that was nice when you were good. But could scare you when you weren't. As quick as lightning, she could turn from smiling angel to angry ogre. Yeah, no doubt about it. They're sisters all right."", 'Using a paradox against itself, huh?', 'A battle to the end. Against Caius.', ""And we've got the Historia Crux."", 'What do you think? Should we try for it?', '(auto-talk) We really did it! Can you believe it? Now all we have to do is trade in our coins to get the crystal!', 'Maybe it takes us to the day Cocoon collapses, the one we saw in the prophecy. The one where Caius is fighting.', ""It won't be long now. Hope and his team are close to raising the new Cocoon. It's hard to believe, but we really are changing history."", ""Remember, the Caius who caused the C'ieth incident was just an imposter. I wonder why the real one didn't intervene."", ""Maybe he will. If that's what it'll take to protect Yeul, then I know he will. I remember, we argued about that very thing once, and... Wait. Did we argue? I-I don't remember..."", 'Dammit, I wish I could remember! Not being able to protect Yeul, and being the only one left alive on the planet. And then leaving that place, and traveling to Valhalla-- I should know these things.', 'The most likely explanation is that the dark entity traveled through time. But where did it come from?', '(auto-talk) Hey, Serah. How do you think Lightning would handle this one? Would she just dive in and attack, damn the consequences?', 'Odin!? Is Lightning behind all of this?', ""That was what created the illusion of Odin. But wait, if that's the case..."", ""Probably. But now that we have the energy source, there's a good chance we can defeat the thing."", 'Noel Kreiss.', ""So your call sign is Blitz, and the other soldier's call sign is Thunder... I think I know where you got your inspiration."", ""We need to help the corporal. He's not gonna be able to fight for much longer. And I don't want his death on my conscience! Let's do this!"", ""Lightning is looking down on us from Valhalla. I guess now's the time to show her what we're made of!"", ""I'll what?"", 'Impossible things are happening all around us, what with the paradox and the artefacts. Anything can happen. I believe you did hear her voice.', ""(auto-talk) We're done searching for the lost survivors, right? I'm pretty sure we found all six."", ""Who're you?"", 'I wonder what they argued about that would make your sister leave him behind. Whatever it was, I guess they had as rocky a road as we did.', ""That's her, right? That's Lightning?"", ""Well, that's that. After hearing a touching sisterly speech like that, no we have choice but to go to Valhalla. I know that's been the plan all along, but now it's official."", ""I think we're getting close to some kind of final reckoning. Before we jump through this gate, we better make sure we're good and ready to fight."", ""(crossing his arms) Well, we still don't know if he really is against us or not. This silence makes me nervous. He's always been deadly quiet before taking action. It's like the calm before the storm. If he is in Valhalla, then he's been watching everything we've done here. And if he sees a weakness, he'll exploit it without mercy. We let our guard down, we die."", 'Exactly.', ""Okay, let's head back to the city."", ""I've got a real strong feeling we're getting close to a showdown."", 'How about it? Ready for the showdown?', 'If you still have things to do here, now is not the time to enter the gate.', ""All right then. Let's go do it."", 'What? No, of course not. We were going to drop by and see you before we left.', 'Thanks.', 'And, maybe, Lightning does, too.', ""Humanity is doomed to repeat the mistakes of the past. It's part of being human. But we also have the ability to build new futures."", ""And when we do, we'll have Lightning with us."", 'Serah!', 'Serah!', 'Boy, oh boy. This one put up a tough fight. Hunting alone is harder than it looks.', 'Caius!', 'Yeah. All by myself.', 'Pssh. Naw, it was as easy as anything. No problem. Too easy, in fact. I got bored.', ""Why does there have to be one 'true' Guardian? I don't get why I have to replace you."", 'What happened to him, anyway?', ""(shakes his head and walks away) There's no way, Caius. I want to fight you, not kill you."", ""You can't do this. I need more time before I can beat you. You can't just... leave like that. (narrating) I wanted to get stronger than Caius, so I began training with swords. I'd never beat him at his own style, so I went with two blades. If I didn't kill Caius, I couldn't become the next Guardian. But there was no way I was following some musty old rule like that. Problem was, I wanted the power of chaos that all Guardians were given. Caius Ballad, I wanted to stand at your side, and help protect Yeul. But you, Caius... you left before I had the chance."", ""Hey, I'm back!"", '(spreading his arms) I bagged a huge one. I wanted something special for tonight.', ""How could I forget? Tonight's feast will be the best yet! Although, I wish we could have more people, like in the old days. Maybe a party with just three people will be kind of depressing."", 'Well, okay. If you say so.', ""Yeul! (narrating) I was nothing but a disappointment. In the end, I couldn't save you. I couldn't accept her fate, or forgive Caius for leaving. But more than that, what I truly couldn't forgive... ... was myself, and my own helplessness."", ""No, I'm not. Today's Yeul's birthday, Caius. It's not the time for this. Look, I will fight you, but not to the death, and not until tomorrow. After I win, I'll receive the power of the Guardian. Then we can leave this place, and protect Yeul together."", ""To wherever other people are living, of course. I know. I know there are more people out there, somewhere. If we find them, Yeul won't have to feel so lonely anymore. She'll feel happy again."", 'But, there must be something we could do.', 'Not this again.', ""(turns away) I don't know what you're talking about. I don't care how many times you ask, I'm not killing you!"", ""I don't understand you, Caius. This talk of killing you, and destroying the past. You think any of that will make Yeul happy? Do you really?"", ""Where are you going? You're going to leave us, just like that?"", ""(narrating) And that's how Caius came to abandon us, and made Yeul and I the last two humans left in the world."", '(narrating) It happened not long after Caius left us. It came so soon, in fact, it was over before I knew what was happening.', ""(narrating) When Yeul died, I finally learned the truth about the Farseers and the fate of their seeress. Each time a seeress sees a vision of the future, she loses a piece of her life. She dies while she is still young. That is the price to be paid for Etro's gift. I didn't know any of this. Caius chose to keep the secret from me. I couldn't forgive him for that. He knew all along what Yeul's fate would be."", ""(narrating) I left on my journey. I thought that if I could become Etro's chosen warrior, like Caius, then I'd have the power I would need to change Yeul's fate. So I set my sights on Valhalla--the home of the goddess."", ""(narrating) As I searched for Valhalla, I realized something. If it brought Yeul the happiness she deserved, I didn't care what happened to me. If I died, so be it. Maybe somewhere deep down, below the layers of numbing pain, I wanted to fade away from this world completely."", ""(narrating) Ranks of obsidian mountains pierced the heavens. Bone-white deserts choked the world with sand. No matter how far I walked, I saw no one. No matter how long I waited, the gate of the goddess didn't open."", 'Etro?', 'Serah!', 'We have the same hope, the same road to travel.', 'We will change the future!', ""(sheathing his sword) I can't."", ""Listen to me, Serah. The dream I've been having... reminded me of something. The power to see the future, it's a curse. Yeul died when she was only fifteen. Seeing the timeline exacts a terrible toll on the body. (flash of Yeul's death) And Serah... you can see the timeline, too."", ""(putting his hand on her shoulder) You're okay right now. You haven't seen as much as Yeul has. Not yet, anyway. But that could change, and soon. If we alter the past, you'll see a different future. You can't avoid that vision. The more we change the timeline, the more history changes... And the more you see, the sooner the visions will destroy you. I know that I wasn't able to protect Yeul. But try as I may, I can't remember what happened to her. It's like the memories of that moment have been erased from my mind, leaving an empty page. If only I'd known the truth earlier..."", ""I don't know how to make it up to you."", 'But, Serah...', ""Okay. I'm going to make sure you get there."", ""There must be a hint somewhere. Let's go back to where Yeul was before."", ""(auto-talk) You know, Serah, I gotta thank you for not forgetting about me. You're the reason we've made it this far."", ""Yeul... I promise, I'll never say I regret knowing you. Not anymore. I'm not going to rest until I find him again."", ""Come on. Let's change the future."", 'Hey.', 'I think he got scared and was hiding here all the time.', ""The Guardians were servants of the fal'Cie. Can that really be true? Does that mean Caius is a l'Cie?"", ""He's heard every prophecy that the seeress has seen. He knows the entire timeline. Those memories, and his immortality, give him tremendous power. Someone like him could easily move through history and bend and mold events as he wants."", ""Yes. He's been behind everything from the very beginning. Now we know who the enemy is. It's up to us to stop him."", 'So, I guess... this is how dreams end.', 'Hm. It looks a lot like my era.', ""Let's look."", '(auto-talk) No doubt about it, this is your village. But the time period... this is far into the future, after mankind is gone.', 'It all started with Valhalla, is that right? Whatever came from there created the paradoxes... ... caused the gates to appear, and twisted the timeline.', 'For example, if Cocoon should fall.', 'What would happen to the world then?', ""Yeul would be saved. And not just Yeul. All the seeresses down through the ages. They'd be released from their curse. (Lightning nods.) He wants to sacrifice Cocoon to rebuild the world in Valhalla's image all for the sake of Yeul."", 'If we can change this prophecy, then the true timeline will finally be restored.', 'We can do it.', ""Let's go keep Hope's new Cocoon in one piece. If we pull it off, then Lightning can return fully to a restored world."", 'I guess the future is in our hands now.', ""We've been given a second chance by the goddess herself."", 'Yep. And save the future, too.', ""(narrating) Hey, Caius. You told us you wanted to save Yeul by destroying the world. That if you could take away our future, Yeul wouldn't have to see anymore prophecies, and she wouldn't have to die. You really are a fool. Yeul never wanted the world destroyed. She never gave in to despair. In the end, when she died, she was smiling. She saw a future of hope. Caius Ballad, I am going to fight you, and show you the truth. I'm going to show you the future that Yeul really wanted."", 'Are you sure this is the way to solve the paradox?', 'The paradox is occurring because of that one control unit. How did it get powered up again? Is someone messing with it?', '(auto-talk) Do I need to get my hearing checked, or did he really say that he was pushed into the paradox?', 'We should be careful. Come on, we need to go find that other password. I think there might be clues in the ruins of the future.', ""That makes sense to me. That explains why we couldn't seem to find it anywhere."", ""I thought the paradox had been dealt with. So what's this big, ugly guy doing here?"", ""Monsters don't kill people; people kill people. Does that sound about right?"", ""Look. It's like it's turning into Valhalla."", ""I don't see any of the people. Do you think they've already been evacuated?"", 'Exactly. This must be the moment that Hope launches his new Cocoon, right?', 'This energy is leaking in from Valhalla? We have to stop Caius, and fast.', 'Ah. And if we get the pattern down, we can get past them.', 'Yeah, I did too. She said something about not killing the goddess, right?', ""No. Nothing, not anymore. I wonder if it was Caius's doing. A trick to slow us down."", 'The blocks have changed position.', ""(stepping forward) Yeul, what do you mean? What's going to happen?"", ""You're wrong, Yeul! I believe in hope!"", ""I can't turn back now, not anymore. In my world, you no longer exist. A world without you is no world at all."", ""Well, we better get moving! Hope's Cocoon is just ahead!"", ""'Course we are. Just took a little detour."", 'Ready.', ""Let's go, Caius. You want to see how well you've trained me? Now's your chance!"", 'What about you, Caius!? You swore the same oath to protect Yeul!', 'What curse!?', ""Look at the sky! It's tearing apart!"", ""Count on it! This isn't good-bye!"", 'Are you ready?', ""It's Valhalla!"", 'I think she sent us a present.', ""She's watching you try to save the future, and lending you a hand."", 'Give it up, Caius!', 'Together now! (They move forward and slash at him, but he slides back.) Do you think this will make Yeul happy?', 'But despite that, she chose to live again... So she could be with you! (He kicks Caius away.) I only ever knew the one Yeul. But that was enough.', ""She was smiling when she died. She believed in the future. She knew we'd meet again. (pointing his larger sword at Caius) Think, Caius. Think. Was it really a curse? Was it forced on her by Etro? Do you really think that Yeul wanted to die, and not come back? Of course not. Yeul wanted to come back. Every time she died in your arms, she wanted to come back. (Serah gets up.) She knew her next life would be short. She knew! Because she wanted to see you! Again and again, without end!"", 'Serah!', ""Even if it were for Yeul's sake... (withdraws his sword) ... I wouldn't want to kill you."", ""He's lying."", ""Then you should know you can't provoke me... ... no matter how hard you try. I'm not going to kill you."", 'Caius, no!', ""Give it up. I won't do it."", ""He thought if he did, he could end Yeul's cycle of rebirth. This way, all the Yeuls that are called back to Valhalla... They can be with him here. They don't have to return to be born again."", ""This is a world that gives birth to infinite possibilities. But that's all they are, possibilities. There's no death here, but no real life, either. The Yeuls that returned to this place chose a different fate. They wanted to be born again. They didn't need immortality."", 'Serah, are you feeling okay? When the timeline changed, did you see anything?', 'I mean, did you feel any pain?', ""Good. Why don't we go and find Lightning?"", ""No, that was just a lie. Now that the timeline is fixed, she's back in her own world. I bet she's waiting for you, along with everyone else."", 'The paradoxes are resolved. The gates will disappear soon. We better hurry on back.', ""It was the future Lightning fought to protect. It's the start of a brand-new era."", ""They'll be there for sure. And don't forget, Hope is in that time as well. Once the gates disappear, everyone stays where they are. Every day we'll be able to look into the sky and see the new Cocoon above us."", ""Snow. Well, we'll see. That'll be up to Lightning, I think."", ""It's Sazh."", 'Nice catch!', 'Thanks. (extends his hand for Serah) Gotcha.', 'Are you feeling all right?', 'Yeah.', 'The gates are closed.', 'Hm?', 'Serah? Not now, please! (The image of the gate appears in her eyes. Noel grabs her shoulders.) Serah! Snap out of it! No! (She faints.) Serah! Serahhhh!!!!!', 'The future changed. It changed. If you change the future, you change the past. The effects ripple outwards, up and down the timeline. The seeress is forced to see it all.', '(staring at his hands) I killed the goddess?', ""Wait. That sounds kind of familiar... It's the people from my village!"", ""They're testing me. I can't have any doubts if I'm going to kill Caius."", ""Caius... he's protected by the power of chaos. To overcome that power, he must be defeated by another Guardian like me. So yeah..."", ""Pretty much. I'm afraid there's no other way around it."", ""It's a letter. But from who?"", ""Hey there, Noel. This might be hard to believe-- but this is you from the future. I'm just a little bit further along the timeline. This is a warning to my past self. There's a serious trial ahead of you. I know we're pretty tough, but this almost broke me. Just don't give up and don't give in. I know it's weird coming from yourself, but trust me, I know you can do it."", ""It's a message from my future self. It's not really like me to look backwards like that. You know, Serah. This might be some sorta trick."", 'Huh. Looks like a message of some sort.', ""You don't know what it means either, huh? Could it be a prophecy?"", 'And not looking too happy.', ""(narrating) That story has been passed down for generations. It happened long before I was born, but for Serah, it's a war she knows nothing about-one that has yet to take place. The massive weapons of war overran the land. They say it was the beginning of the end of the world--the day the giants caused the fall of Cocoon. If it's true..."", 'Thanks, Serah.', ""(narrating) The pillar supporting Cocoon is already weak and starting to crumble. There's not much time left for us."", ""It's too risky."", ""(in the form of a Microchu) Ha! I told you we'd be able to sneak in! Hey, Serah, how do I look? Just like a monster?"", ""Hey, what's taking so long? Where's that wonder honey? We also need some hoax herb and exquisite sugar, you know. And don't forget the rotten cheese!"", '(robotic) Understood.', 'Serah?', ""Yeah. I made a promise, too. I'm supposed to protect a friend."", 'Snow!?', ""Where's Lightning in all this?"", 'And what are you gonna do?', 'How come you guys get to do all the fun stuff?', 'Yeah, yeah.', 'Serah!', ""We weren't supposed to defeat Caius. There's no way we could've known that. But look at where it got us. There's no way out of here. We're trapped in the end of time."", ""Yeah, I suppose you're right. If there's a time to be positive, it's definitely now."", ""(narrating) Yeul doesn't see visions in this place. She says it's because time has stopped. There is no future. I don't know if there's a way to change the events of the past anymore. But we're still searching for a gate--one that will let us travel through time like before. Serah's not one to give up. She's a positive influence on all of us. She believes that we'll be able to reunite with Lightning and Snow."", ""Let's go!"", '(narrating) The moment I defeated Caius... ... the power of chaos coursed through my body, and transformed me into a Guardian.', ""(narrating) That's when I saw memories of his past, his life. I saw the day he slayed his predecessor, and became a l'Cie to protect the seeress. I saw the great war, and how it tore Gran Pulse apart. I saw the battle in which he saved the seeress from her enemies, and was crowned a hero. All he ever wanted was for Yeul to be happy. The goddess Etro was struck by his undying devotion, and offered Caius her own heart. With this, he became an immortal being, one who could protect Yeul till the end of time. That marked the beginning. The beginning of his eternal nightmare. I have Caius's memories inside me. Just like Caius before me, I've received the terrible gift of eternal life. And Serah, she's now destined to live the fate of a Farseer, just like Yeul. Caius had put all his hopes in me. He believed that I was the one that could stop the beating of his cursed heart. But I couldn't. I wasn't strong enough. The heart took over my body and threw me into an endless spiral--a prison without end. But then... I saw a light. I don't know where it leads. I don't know what kind of world is out there, waiting for me. But I do know one thing--I have to take Caius's place. I'm his successor. I can't escape this fate. This is just the beginning of my never-ending nightmare. I have to face whatever's out there, in that unknown world. I have to save Yeul. I have to save Serah. The gift of immortality made me realize that hope is a double-edged blade. It's cruel to those who cling to impossible dreams. For the undying, this torment haunts them for all eternity. Caius lived knowing the futility of his single plea, his single hope. I wonder what awaits me. A life without hope? A life without friendship? A life of utter solitude?""]",PC
Final Fantasy XIII-2,2011,Japan,Oerba Dia Vanille,Female,"['(auto-talk) Serah!', '(auto-talk) Keep going.', '(auto-talk) You can do it.', '(auto-talk) Not far now.', 'Serah?', ""Don't be fooled."", '(sounding a bit depressed) Serah.', 'Serah.', 'Serah.', 'Stay strong.', 'Over here.', ""Well, that's a good question. Hm, put it this way. It's the real me, but inside a dream. I'm still sleeping in the crystal pillar, you see. And you're dreaming away, too. So it's like, we're meeting inside each other's heads."", ""Oh, you've never met Fang before, have you?"", ""You're trapped in a dream that never ends, somewhere in the Void Beyond. If we don't help, you'll never wake up."", 'Good one, Fang.', '(nods) Right.', 'You need to go and find him. I reckon you can save him, Serah.', ""(narrating) The war against Cocoon--it was inevitable. The army of Gran Pulse was annihilated by the overwhelming power of the fal'Cie. Countless lives were lost. But I didn't fight. I couldn't. Not even to protect my friends, the people I love. To hate. To hurt. To destroy. I refused to accept my Focus. I was sad. I was scared. That's why I decided to run. I left Fang to deal with everything. We vowed to protect each other. And I broke that promise. I'm the reason. I'm the reason Fang was forced to carry the burden of the monster--of Ragnarok. Because I was weak. Because I abandoned her. Fang, where are you? (Serah and Noel approach Vanille's crystal.) I have to make up for what I did, Or else...""]",NPC
Final Fantasy XIII-2,2011,Japan,Paddra Nsu-Yeul,Female,"['Final Fantasy XIII-2: The story so far...', 'Serah...', '(standing a little ways away) Stop.', 'I have seen you. I have seen you both.', 'I am not the Yeul you know.', ""(holding a flower) It's too late. The timeline has already changed."", 'If you change the future, you change the past. You can remold history as your heart desires.', 'Welcome home.', 'The one you met was a different Yeul, a Yeul from the future.', ""I know about you. I've been watching you both."", 'I can trace the timeline. I see the future, and lead others along the correct path. I came here to confirm something I already know. (Images of Time Gates appear in her eyes and she points to Serah.) You and I are the same.', '(voices echoing in flashback) If you change the future, you change the past.', '(voice) The daughters of the sundered cocoon are sacrificed to beasts that warp time itself.', 'The pillar crumbles to ashen sand, and down to earth the cocoon does fall.', 'It is not for me to decide.', 'It depends on what lies in their hearts.', ""It's too late."", 'I saw death. If I were to live, it would bring contradiction to... to the timeline.', 'Caius? Caius is not here.', 'I brought you this.', 'You must protect the timeline. I saw you in Oerba. I trust you. I believe in you.', '(nods) Yes.', 'I am the seeress of the oldest tribe on Pulse. My visions of the future are recorded and stored in the Oracle Drive. But that... is long in the past. There is no more need to record the prophecies. I have Caius now.', 'He is tasked with protecting the seeress and remembering her visions. Now and forever, he will remember the entire timeline. Caius, he is beyond death.', '(nods) The seeress possesses the Eyes of Etro. And inside Caius beats the Heart of Chaos. The goddess has gifted him the curse of eternity. He is a Guardian, and his mission is to protect the seeress. The power to see the future is a terrible weapon. It can turn history into chaos.', 'History has already been broken. The timeline had been twisted before I met you. The distortion leads to a future of death and destruction. If you change the future, you can change the past and correct the distortions. The miracle that saved Cocoon has already been altered.', 'Someone who was meant to survive did not come home.', 'It was because the future was changed.', 'If you change the future again, the true past will be restored. The past that you still remember, Serah. Together, the two of you can correct the timeline.', 'Your enemy. It is here inside the tower. It has generated the contradictions that threaten you. (points) The machine is sentient.', 'An imitation created by the machine.', 'He is real. He brought me here. And when we are finished, he will take me away.', 'Yes, go. And please, let me see a new future.', '(nods) Yes.', 'Yes. I am one of many Yeuls. From your perspective, I am a Yeul from the ancient past.', 'I am not truly here. I only watch events from a distant time. This place? It is a shadow of Valhalla. In the depths of the Unseen Realm, I see you held prisoner.', 'Yes. The broken key was your undoing. And your betrayer is one known to you. You heard her voice. I am sure of it.', 'This dream is eternal. Is there a way to wake yourself from a dream that never ends?', '(nods) Yes. You have not met me yet. I call your present age my home. You and I are the same. We are blessed by Etro; her chosen servants.', 'The power to step outside the timeline. The power to witness the future. These gifts come from Etro. Her servants are known by her blessings.', ""The warrior? She stands guard over Etro's temple. She is unable to leave the Unseen Realm. And so, she turned to you for aid."", 'Etro only gives, she does not command. The use of these powers is left up to you. Repair the timeline if you will. Or warp it beyond recognition, as your conscience allows.', 'Yes. I am from a future you have never known. Very soon, my presence here will fade. There is little time to tell you of the things I have seen.', ""Once upon a time, there were six and one l'Cie, and their story is a miracle. The destinies of the six were bound--bound through the completion of a Focus that belonged to the one."", ""The goddess Etro saw that the l'Cie fulfilled their tasks. She saw their courage and took pity on them. She blessed the six, and the one, and one other, a child. And so she released them from the prison of crystal."", 'Yes. But in doing so, she warped time itself. Etro was fading away, and she could not restore it. But perhaps you had the power to repair the distortion. And perhaps you did.', '(vanishing) The future. I can no longer see it.', ""You summoned me here. In this place, you can see all your heart's desires come true."", 'Look. This is the place where all time flows. The dreams of humanity are here washed ashore. A world without beginning or end... A world closed upon itself... Why do you want to change time? Why do you try to stand in his way? Why do you continue on this journey? (Yeul takes her hand.) As you change the timeline, you come closer to death.', ""But, now... (speaking in her and Caius's voice) Your journey is over."", ""(voice) In this place, you can see all your heart's desires come true."", 'Hi, Noel. How was the hunt?', 'You mean for my birthday? So you remembered!', ""(shakes her head) No it won't. It'll be lots of fun. As long as you and Caius come, it'll be great."", ""You don't have to cry. We will meet again."", 'No, stop. You must not go this way. The goddess cannot be killed.', 'No. You must not fight Caius.', 'Your path leads only to evil and despair. It is not too late. You can still turn back.', 'A cruel fate. Endlessly repeated, with no hope of release. I cannot see any future.', 'But what if hope does not exist?', ""(flashback) You don't have to cry. We will meet again."", ""(narrating over a fiery scene) A colossal war once raged across the land. The spark was the pillar of Cocoon, growing weaker by the day, threatening to collapse. Among the people, there were those who sought to resurrect the fal'Cie. They wanted to use their power to avert catastrophe. However, there were many who feared the fal'Cie and their part in Cocoon's history. The populace was split. Anger divided them. Over the course of time, the debate escalated into war. As the battle raged on, one side created soldiers the size of mountains. Instead of surrendering, their rivals retaliated by building their own massive weapons. What began as a dispute between humans, became an earth-shattering war between giants. The titanic conflict grew beyond the people's ability to control. Pulse became a scorched battlefield. And eventually, what they set out to protect, was destroyed."", 'Travelers of the timeline, can you hear me?', 'Yes, I am Paddra Nsu-Yeul. Servant of the goddess, witness to the timeline. I have committed an unforgivable crime, and now I must pay the price for my sins. Many years ago, evil in the form of a merciless beast materialized in the city of Paddra. It was no ordinary creature, but one that devoured time instead of prey. In order to free our city of the menace, I had no choice but to banish it into the Void Beyond. There was peace once again in Paddra. However, this created a distortion in time which continued to grow. As it spread, it began to swallow innocent victims one by one. When they were taken, all that remained were crimson orbs, orbs that contained their grief and anguish. Each one a silent reproach, reminding me of the terrible mistake that I had made. But look what is happening. The creature cannot be imprisoned for eternity. It is trying to break free to once again feed on time. I cannot banish it now, not like I did all those centuries ago. Travelers of time, listen to me. The terrible beast must be defeated.', 'Travelers of time, only you possess the power to rid the world of this evil. It is in your hands. The beast is growing restless. It longs to be released from its cage to devour time once more. Please, it has to die!']",NPC
Final Fantasy XIII-2,2011,Japan,Pat,Female,"[""Oh, hello. More bounty hunters, I see. You two are much too young to be in a place like this. What a sad world this has become. I'm working on the development of a new weapon. The materials I need can be found where the paradox effect is the strongest, somewhere inside the ruins. If you see anything of the sort, I'd appreciate it if you brought it back to me. Of course, you'll be compensated for your efforts."", ""Ah, well. I suppose I'll ask someone else then."", ""If you find any strange objects in the ruins, can you bring them to me? I'll pay you for your work."", ""I'm desperately looking for materials to build a new weapon. You'll be rewarded generously."", ""All right, the objects you're looking for are likely lost within the spacetime rift. I know they won't be easy to find, so make sure to check every hidden corner, every crevice."", ""Hey, how's the investigation coming along? Once I get the materials, I'll build a revolutionary weapon!"", ""You've got everything I need! Now I can build a weapon that will destroy even the strongest of monsters! You know what I'm going to do with a weapon like that? I'm going to sell it to the government for a serious profit! Here's what I promised you. Thanks again for your hard work!"", ""(auto-talk) I wish I could help you out, but I don't have any jobs for you right now. Sorry! I appreciate your help!""]",NPC
Final Fantasy XIII-2,2011,Japan,Ray,Male,"[""So you claim the guys in my unit asked you to look for me. Show me some proof and maybe I'll believe what you say. I recognize this compass. It's Falcon's. Then... maybe what you're saying is true. The name's Ray. I'm the Blitz Squadron pilot. I wish I could join up with the other guys in my squad, but for now I gotta stay right where I am. It's Sergeant Blitz. He's trapped in the paradox. I want to help him out of there, but some monster I can't see is blocking my way. It's the dark shadow--the beast that took down our airship. It wasn't fazed by the ship's barrage. With our current gear and weapons, I don't think we stand a chance. Dammit, isn't there anything I can do!?"", ""We need to pull the sergeant out of there before it's too late."", 'That creature needs to be taken out so we can rescue the sergeant! There has to be a way to defeat that monster somehow.', ""I hope you have a plan of some sort. Be careful. It's stronger than you might think."", 'You have to find a way to deal with the creature.', ""We can't evacuate without the sergeant! Please, find a way to destroy the beast!""]",NPC
Final Fantasy XIII-2,2011,Japan,Raymond,Male,"['Go back to where you came from unless you want a good ass-kicking!', ""What the hell are you brats doing here? What are you, morons? This ain't no playground!"", ""You think you can bring out my 'nice' side? Heh! Maybe when hell freezes over."", ""Why don't your curl up and die!"", ""There's a bunch of monsters in the area so be careful. Heh! Not like it matters to me if you die!"", ""Are you lovebirds here for a picnic in this freakin' hellhole?"", 'I like you two! What did you say your names were? It feels like a great day to get some work done!', ""It's like my weapon knows I'm in a good mood, too!"", ""Hey there, hope things are going okay. I didn't know that feeling good would help make my job easier!""]",NPC
Final Fantasy XIII-2,2011,Japan,Rhett,Male,"[""(runs off) It's Maqui! I better get outta here!"", 'Miss Farron...', 'A whole year!?', ""Er, you're kinda scaring me..."", ""I know you say you won't get mad at me, but I can't tell you. I don't wanna get yelled at."", 'Nooo! Please, please! Anything but that!', ""Really? Thanks! Maybe I'll tell you later!"", ""Please don't yell at me! Please!"", ""I was watching him work on the robots and then I saw it and I just couldn't help myself."", ""I'm sorry, Miss Farron. Guess I'll own up. The truth is, I stole something from Maqui."", ""This necklace. It belongs to you, doesn't it?"", 'Miss Farron, are you leaving us?', ""It's just that some people were talking and it would be lonely if you left."", 'I apologized to Maqui about the necklace!', ""I promise to be good, so please don't go away!"", 'I want you to teach me more about science!', 'I wonder if Maqui will teach me about mechanics and robots and stuff.']",NPC
Final Fantasy XIII-2,2011,Japan,Ronan,Male,"[""It is vital to retrieve months, if not years worth of data in order to completely resolve the paradox. We can't waste our time on the phenomena occurring right in front of us. That's why I placed a monitoring device on the epitaph. At a glance, it merely looks like an offering or gift of some sort. However, it can measure even the slightest effect the paradox has on an object. Centuries from now, someone will be able to access the data in this device and figure out a way to resolve the paradox. I wish I could be there to witness the event, but unfortunately, I'll be long gone."", 'I was just talking to myself. I do it all the time.', ""The offering placed near the epitaph is actually a monitoring device. I'm curious as to what the readings will be like hundreds of years from now. I hope that someone in the future will find the device and put all the information to good use somehow."", ""Are you saying you're going to travel to the future to bring me back the data I need? I won't hold my breath."", 'I placed a monitoring device near the epitaph to pick up readings. If only I could get my hands on years of data, I might be able to figure out the paradox.', ""Is this... Is this my monitoring device? I can't believe my eyes! It looks as though it easily contains several centuries' worth of data. Was it some kind of paradox effect that brought this back from the future? Now, let's see here... Yes, it appears the cause of the distortions came from a specific location. If my calculations are correct... Then the cause of the paradox should be the control unit of the giant Atlas. If I report this to the government, they should have enough data to support a change in strategy. Here's a little something for your trouble. Thank you both so much."", ""(auto-talk) Thanks to you, there's a good chance we can resolve the paradox. I don't want money. I'd rather be reinstated at the Academy.""]",NPC
Final Fantasy XIII-2,2011,Japan,Sazh Katzroy,Male,"[""Kid doesn't miss a beat."", ""Know what that is, Dajh? That's our home, Cocoon. Must be your first time seeing it from the outside, huh?"", ""Hang on up there, you kids! You're on the Sazh express to the sky!"", 'Hey, Serah! Dajh says he misses your classes!', ""We can catch up later. First, we've got a planet to save!"", ""Okay kids, let's do this!"", ""Don't worry, Dajh. They'll be back!"", 'And... here we go.', ""We're pullin' out!"", ""We've got Vanille and Fang. Their crystal is intact! Bringin' them home!"", 'Hey! Look! The heroes are back!', '(chuckles) Welcome home!', 'And here we go.']",PC
Final Fantasy XIII-2,2011,Japan,Serah Farron,Female,"['Lightning... (She awakes with a gasp.) She was fighting. I guess it was just a dream.', ""Such a strange dream... (The meteor hits.) What? What was that? (She looks down and observes her hot new outfit.) What? Where did these clothes come from? What's happening out there?"", ""(auto-talk) That dream felt so familiar. Like my horrible vision of Cocoon's collapse. Maybe the dream was really a vision. Maybe it was Lightning in the future. But no... that can't be right. Lightning is gone, transformed into that crystal pillar..."", ""(auto-talk) Is this a dream? These clothes aren't even mine. I must still be asleep. I have to wake up. Lightning... Lightning is gone."", ""What's happening?"", ""(auto-talk) This place... did I always live here? Are my memories just lies? Was it all fake? This has happened before. I felt things change when Lightning disappeared. Why? I don't know this place--I don't belong here!"", ""(auto-talk) What is this place? Could I still be dreaming? No more... I can't take this. How do I get away from here? This is all just a bad dream. Wake up. I just have to wake up."", 'Gadot!', 'No. Please, no... (She backs away and falls over a body.) Lightning, help me!', 'You were in my dream. I saw you.', 'If I have to...', '(turning to him) Yeah.', 'Okay.', ""You're okay."", 'Thank goodness. (gets up) And thank you... Whoever you are.', 'Okay.', '(giggles) Wow. Is that a toy moogle?', '(catching the moogle) Wait, you know Lightning!?', 'Where? Where did you see her? Was it... Valhalla?', 'I saw it in a dream. (She lets go of the moogle.) I saw my sister. She gave you the moogle. Then the meteorite came...', 'Do you mean, you actually rode here on that meteorite?', 'Okay.', ""Now I know for sure. Lightning is alive. She's in a place called Valhalla. (Scenes of the village are shown) I'd only just met Noel, but I believed him. I believed every word he said. Even though it couldn't possibly be true. It seems like only yesterday. The smile on Lightning's face when she gave her blessing for Snow and me to get married. But I'm the only one who ever remembered that. No one believes. It's just a dream, they say, from when I slept in the crystal. An illusion. They say my sister is gone. That three years ago, she sacrificed herself to stop the fall of Cocoon. She turned into the crystal pillar that that holds Cocoon above the surface of Pulse, and saved both worlds. That's what they say. But even so..."", 'Final Fantasy XIII-2: The story so far...', 'What?', ""(auto-talk) Noel. Is that all you're going to tell me, your name? Like, who are you? What do you do?"", 'I feel like an interrogator. Do you mind me asking?', 'Just like in my dream! Maybe you really did meet her.', ""The moogle doesn't seem like an animal. Is it like, a fal'Cie or something?"", 'Wait, what? Which one was right?', ""Really? All I know is I was wearing them when I woke up. But, maybe I haven't woken up yet after all..."", ""I heard a meteorite fell from the sky and that's when all these monsters appeared."", 'How are the kids?', 'Thank goodness!', ""What's up, Noel?"", ""My sister is somewhere inside that pillar. At least, that's what everyone says. She and our friends transformed into crystal, and kept Cocoon from falling."", ""Good question. But my sister never came back. It's been three years without her. I wish it weren't true."", ""So you've heard stories about Cocoon?"", 'Noel... where did you come from?', 'Oh. This is Noel. He helped Lebreau and me out of a tight spot.', 'Am I dreaming?', 'Oh, hey, Yuj.', 'Yep.', '(giggles) You want to try them on? They might look better on you!', '(waving) Bye.', ""If I told you they fell from the sky, you probably wouldn't believe me, huh?"", ""Maybe it's an illusion. Like some sort of mirage showing scenery in the distance."", ""Do you have any idea what's happening?"", 'So, is the moogle from another dimension, do you think?', ""I'm starting to wonder where Noel came from..."", 'Wait up!', 'What is that place? Noel, do you know?', ""Wait. What happened to Cocoon? It's not there."", ""Well, it's 3 AF. So, that was three years ago."", ""Yes, I knew it. I knew you weren't from this world."", '(walking up to him) Gadot.', 'Noel, do you know where my sister is?', ""What's happening?"", ""(narrating) I couldn't turn my eyes away. I knew the answer lay beyond that gate. The answer to my doubts and dreams. On the broad plain beneath Cocoon, my sister once celebrated my marriage to Snow. I remember her smile like it was yesterday. But sometime, when I wasn't looking, she disappeared. She was gone as if she'd never been there in the first place. Lightning, are you out there? Did I dream that day on Pulse, or did it really happen? Noel says he can find you. But is he telling the truth?"", ""Noel's world was a terrible place where Cocoon did not exist. He had traveled back in time to change that bleak future. Or so he told us."", 'Artefacts?', 'Hmm.', '(narrating) Could Noel be telling the truth? Beyond that gate, in a place called Valhalla... ... is Lightning alive and waiting for me? Can I dare to hope again, after all this time? Oh, how I want to believe. I want my sister back! (The scene fades to black and then Serah starts narrating again.) So much happened the night the meteorite fell. We all had a lot to think about. I wonder if anyone slept. (She is shown rising and stretching.) Good morning.', 'If I said I was going with him, would you stop me?', ""I guess you're right. It's just hard after I had that dream about Lightning. You know what I mean?"", 'You were up late last night, Maqui. Big project?', 'Sorry you got yourself hurt because of me.', ""Hey, it's not like that!"", 'Lebreau! Good morning, kupo!', ""You win! I can't compete with morning people."", ""All this talk about artefacts and gates and time travel... To be honest, I don't know if I'm ready to believe it."", 'Is this really a moogle?', ""I remember that part. That's what she said in the dream I had."", 'Noel, tell me about the people you lived with.', 'They were the hidden tribe of Pulse.', ""That's true. We should probably explain a few things."", ""Hm? What's that now?"", ""All right then. Hey, Gadot? What do you think those 'artefact' things are? You know, the keys Noel was talking about."", 'So... you do know something?', 'I have to give him a chance, at least.', 'Not yet? Have you been looking too?', 'What?', ""What's going on?"", ""Wait, I remember. Wasn't there another path along the shore?"", 'Someone from a far away place. Noel, is there anything you want to ask?', ""Don't listen to him. Gadot and Lebreau have important roles, but... Without Yuj, we'd never agree on anything, and who knows what we'd do without Maqui's gadgets?"", ""He's teasing again!"", ""Oh, hi there. This might be a strange question, but have you seen something that 'shouldn't' exist?"", ""Yeah, I know. The people here are counting on you guys to protect them. They couldn't survive without NORA."", ""What? You mean you don't?"", 'Yesterday, you said you were the last of humanity. What did you mean?', 'How... did it happen?', 'It looks like Mog has found something.', 'What?', ""This is Lightning's knife. I keep it in my room, but how did it get out here?"", 'Hey, look there. Snow!', ""C'mon!"", '(tentatively taking the knife) Snow...', '(moaning) Wait, what are you talking about!? She was right here a second ago! (sobs) I saw her. We talked. She gave us her blessing...', 'But then, all of a sudden, Lightning disappeared. She was gone, like she was never there to begin with. No one else remembered her smiling and laughing. No one but me.', ""(nods) I was scared. People said I was dreaming. They said... They said I was just making up stories so that I didn't have to face the truth."", 'Perhaps I saw a different future.', 'Does such a world exist? A place where my sister is still alive?', 'Well, perhaps history changed, somehow?', ""Of course, that's not really possible. I know that. But I just don't understand how I can remember it so clearly, when no one else can."", ""(auto-talk) Weird. The knife looks like it's been polished."", 'What is an artefact anyway?', ""I can't get my head around it. How do we find something that doesn't belong?"", 'Any other hints? Anything would help at this point.', ""But, that's just a cat... Oh, and it's with the one we keep at NORA House."", ""(auto-talk) Wait, the cat isn't an artefact, is it?"", '(auto-talk) After her!', ""Oh, yeah, she's my pet."", 'Yuj found her and brought her home.', ""Thanks. She's adorable. (narrating) I thought I could hide it from them. But they knew. They saw right through me. I'd lost Lightning, and then Snow. But those guys, they really tried to cheer me up."", 'No, not at all. Life is harder here, compared to back on Cocoon... But everyone sticks together. Even in the tough times, we have each other. That helps.', '(nods) Yeah.', 'But without Snow, I still feel as lonely as can be. Even with all these friends around me.', ""This is why I can't just leave. Little Snow means so much to me now."", 'Yep.', 'Where else should we look?', ""Look, the moogle's reacting to the kids."", 'Good morning!', 'These are my students. I teach their classes.', ""I'm so glad you're all safe."", 'Now, did everyone do their homework?', 'Hey!', ""I'm not that bad! (The kids giggle and run off.) Come on. (sighs and crosses her arms) You know, I'm only strict because my teacher was strict. Lightning must've rubbed off on me."", 'Do you want to go back to your own time?', 'So... what are you going to do?', 'What was your grandmother like?', 'Fifty? But she was still so young...', 'What are you mumbling about?', ""Let's follow him!"", '(auto-talk) What are you running from?', ""There, now we've got you!"", ""You wanna tell me what's going on? If you do, I'll buy you Lebreau's special lunch every day for a year!"", ""What have you been up to, young man? Why don't you talk to Miss Farron?"", ""Why did you run away? I promise I won't get mad if you tell me."", 'Listen up, mister, and you listen good! Start talking or your homework gets tripled!', ""You really can't tell me? Oh, well. Then I guess I won't force you to."", ""That's about enough! Tell me what you did right this instant!"", ""You were running from Maqui, weren't you? Did you do something you weren't supposed to?"", ""I hope you're not misbehaving. It makes me sad when my students don't behave."", 'What did you take?', 'Hey, wait!', 'What was he doing with this, anyway?', ""No, it's mine. It's a reminder of a promise a good friend made me."", 'Thank you, Snow.', 'Okay.', ""(narrating) And that was the last time I saw Snow. The memories I had of Lightning, standing on the plain beneath Cocoon... He was the only one who believed. Believed them enough to do something. (The flashback and narration ends.) That's why I've been waiting here."", 'Snow told me to wait for him.', ""No, that's not true. Of course I wanted to go!"", ""I'm a teacher. I have a responsibility to my students."", 'What!? No, of course not!', ""(auto-talk) It wasn't the artefact after all."", ""It's not his fault. Come on, let's head back."", ""He's just this super cool guy, you know? He doesn't care about the way he looks, but that just makes him so much cooler."", ""(her voice starts speeding up) And he's not just kind, he's reliable too. He always means what he says, and you can totally trust his word. (Serah is sounding like a sped up chipmunk.) I mean he's my hero oh and I know you're thinking no one's perfect I know he has his flaws and sometimes he makes me so mad but I love that about him too no other guy... can compare to my hero."", ""He has this amazing body and his face is so handsome he's tall and broad and makes me feel so safe! (stops speaking sped up) Oh, and even though he's big and tough, he can be so adorable. That's my Snow. You done asking?"", ""No, instead my things are showing up in places they shouldn't be..."", 'I doubt it. No one here would do something like that.', 'It might not be a person at all. I mean, with time and space being warped everywhere, anything could happen, really.', ""Let's head to the house and find out."", '(auto-talk) That mirror. It was never there before!', 'Okay, what is that?', 'How... How did that happen?', ""(narrating) We found an artefact, just as Noel said we would. Does this mean everything else he said is true? Did he really meet Lightning in Valhalla? Maybe. Once I step through the gate, I'll be leaving my friends, my students, and the village, for who knows how long. Can you tell me, Lightning? Do I dare believe this man?"", ""I don't get it. What was that artefact doing in the mirror?"", 'Scary stuff.', 'Thank you, Lebreau.', 'There is one thing. What is it you want, exactly?', 'I understand. Thank you, Noel. Thank you for telling me that.', ""Thanks, I think I'm okay."", 'Yep! He even saved my life once.', 'Did you find out anything more about the meteorite?', ""I hope so... But I wouldn't count on it. I hear they're having a hard time keeping Cocoon together as it is."", 'Wh-why do you say that?', '(auto-talk) The gate is where the meteorite fell. So we should head towards Cocoon, right?', 'I will. You be careful too, Noel.', ""(auto-talk) I'm glad we found the artefact, but that's not the only weird thing going on here."", ""No, even before that. Everything's been off for the last three years--ever since Lightning disappeared."", 'Not again!', ""I'm sorry. I can't do this yet."", ""Yes, I'm ready to go. It's not a dream, or a lie. I know my sister is alive out there. (turns to Noel) I'm sorry I doubted you. Of all people, I should know how bad it can make you feel when no one believes what you say. Snow put all his trust in me. Now it's my turn to do the same for you. I've made up my mind. You and I, we go together."", ""There's no need. We already have, sort of."", ""(unsheathing Lightning's knife) Lightning's knife. It's been sharpened and cleaned."", 'Look, my pendant has a brand-new chain.', 'And Snow was purring like a kitten. Someone gave him a good brushing.', ""Thanks, guys. It's time for me to go. I don't know what's waiting out there, in the future, between worlds... But I want to see Lightning so much. If there's any chance, any chance at all, I want to take it."", 'I promise. If I believe, maybe a miracle will happen.', 'I guess this is it.', ""(waving) I'll be back!"", 'This place is incredible.', 'So this is how you were able to travel backwards from the future?', 'This is Cocoon...', '(pointing up) Yeah, check it out. You can see the ground above us.', ""That's right, I forgot. This is your first time here."", 'What is that ?', 'An arm!?', 'Noel!', 'Yeah.', ""Guess it's over. (One of the planes prepares to land.) It's the army!"", 'That huge hand. Any idea what it was?', ""He could be talking about the elevator that's supposed to connect Cocoon and Pulse. But it's still being built. It's going to be finished next year."", 'Last year!?', 'Could my memory be messed up somehow?', ""I don't get it."", 'Strange world. Stranger events. Unfamiliar faces. An uncertain future.', ""They speak of anomalies-- of a strange energy that warps time itself. Things that shouldn't exist here are appearing near the gates. Things that shouldn't happen are happening. They call this phenomenon the 'paradox' effect. And if you think about it, that term could apply to our existence in this age as well. Lightning... how will I find you when I don't even know when or where I'll end up next? (The narration ends.) Rain?"", 'Thank you for your help. I was just wondering: have we met before?', ""Are you sure it's okay to lie like that?"", 'Whoever you are.', ""Is that a toy moogle? I wanna see Lightning so much. I'll be back! Noel!"", ""(auto-talk) You know, think we may've really traveled into the future."", ""So Atlas wasn't born from the ruins."", ""Oh, no. I'll eat anything. Thank you!"", ""Not exactly. He's more like a good luck charm."", 'So if we want to defeat Atlas, we need to destroy that component.', ""Um, well, I was supposed to go to the capital's university."", ""It's all right. Things turned out well."", ""Um. Hi there. I'm a little overwhelmed, and slightly confused, to be honest. So you run a shop?"", 'Noel.', '(auto-talk) Why did you offer to stop the giant?', 'Like the gate to Valhalla?', ""Right. We'll do it your way."", 'What? The monster turned into crystal!', ""Wait, what do you mean? 'Guide the untamed'?"", 'Over monsters?', 'Okay. This power, can you show me how it works? I want to learn how to protect myself. Might as well start now.', 'What just happened?', 'And we need an artefact to open it, right?', ""N-no, we're okay. Thank you for asking."", 'Hmm... what about Alyssa?', ""Did the device appear along with Atlas? If Atlas is a weapon built by humans, they must've designed a way to stop it."", 'Right!', '(auto-talk) Hey, Mog. What do you think about all this?', ""(auto-talk) I'm all for living in the moment. I'm with you! No regrets!"", '(auto-talk) You know what, I wanna look at that device. It must have something to do with the paradox.', 'Hey, Noel. Is Atlas used in some war that happens in the future?', 'Are you forgetting stuff?', 'Are you joking?', 'If we travel to the future, maybe we can stop it.', ""He's the strong one--not me."", ""It's another gate. Are these all linked to different time periods?"", 'What are these gates, anyway?', ""It's not working."", 'We need to find the right artefact for this gate.', ""Nothing's happening..."", 'So... about Alyssa. You think we can trust her?', 'Noel...', 'Where are we?', 'Oh, no.', ""(points) The machine's working!"", ""Let's."", 'Hope this actually lets us control Atlas...', '(activating the device) Please work!', 'Sounds like we did something .', '(auto-talk) There he is!', 'We did it!', 'Noel!', 'What the... ?', 'Noel, look out!', 'I think I found his weak spot! Ready?', 'Wait for it... !', 'The paradox is dissipating!', 'I wonder what caused the paradox effect.', 'You know, this might all be a natural occurrence. Like, I dunno, a- a ""timequake"" or something.', ""Could this 'someone' be responsible for Lightning disappearing?"", 'But why only me?', 'Cast out... These must be victims of the Purge.', 'Then, whose is it?', 'Alyssa, you feel that way too?', ""(narrating) And neither will I. I can never forget. The events that scarred Alyssa were started by l'Cie. If had never become a l'Cie... If I had never made those mistakes... Then the Purge... well, it may never have happened. (The screen goes dark.) Lightning, is there any to make up for the suffering we've caused? Can we ever give back what we've taken?"", 'Right.', 'So, where should we look?', ""Mog, you can help? You're a lifesaver!"", ""Where'd you hear that? Does it mean we need another artefact?"", ""We can't take all the credit. Mog helped, too!"", 'Uh oh.', ""It wasn't a fight that could be won by brute force. We were able to weaken him first by resolving the paradox."", ""I'm glad you found it... entertaining."", ""I just... I've always been protected by others, and I knew that had to change."", ""I appreciate that, but I'm sorry, our hands are full. Why? Are you short of new recruits?"", 'It is wonderful! And he never even complains--er, well, almost never.', ""I didn't mean to get in the way of your work."", ""(gasps) It's nothing. I'm fine, really. Just tired, I guess."", ""(narrating) We unraveled the paradox, and continued on to another time, another place. But why had these gates appeared? Who had tangled the timelines, and for what purpose, we still didn't know. Why am I able to fix these temporal anomalies? Bend monsters to my will? Why do I have this power at all? I'll keep traveling with Noel, knowing that we'll find you eventually. So, Lightning. If you're watching, do what you can to guide us to your side."", ""I hope we land right in the place where Lightning is waiting. Where do you think we'll end up this time? The future? The past?"", 'That makes sense.', ""Yeah, I guess you're right."", '(giggles) Hey, make up your mind!', ""It's so dark."", 'You know what this is?', 'If that happened five hundred years in your past, then this must be two hundred years in my future.', ""Okay, so you're saying, this could be... a paradox?"", '(nods) Huh.', '(auto-talk) This reminds me of the stories we heard, that there used to be a giant city on Gran Pulse. I bet this what these ruins are.', ""No one's been able to figure that out. We were more or less locked up inside Cocoon. We never had much opportunity to learn about the world below us. Our scientists have only just begun to study the mysteries of Gran Pulse."", 'You know what this is?', ""Wait, you can't just-- Noel!"", '10 AF? So nowhere near two hundred years.', 'Well...', ""There's more than one gate in the ruins, isn't there?"", ""Are you sure the eclipse was two hundred years from now? Maybe it's your memories that are muddled."", ""Then I guess it must be a paradox. Scary to think we can't trust our memories though."", 'That kinda sounds like what happened with Lightning, right? Could that be why no one remembers what happened to her?', 'Are we not allowed to go inside?', 'Oh. (A fierce monster suddenly appears.) Look out!', 'Is it dead?', 'Hope?', 'Is... is that you?', 'Oh, uh...', 'Hope...', 'Oh. I never thought...', ""(narrating) It was a shock seeing Hope grown older than me, but he was still the same Hope I knew. Lightning, Hope listened to my story without saying a word. I told him about how I'm the only one who remembers your smile on the plain of Gran Pulse. I told him about how Snow set out try and save you and Vanille and Fang. And I told him about Noel. Noel from the future."", '(auto-talk) Tell me, Hope, what made you join the Academy?', 'My sister and the others... I think they wanted to preserve life. They gave us a chance to live again.', 'Do you always have to work in such dangerous areas?', ""That's wonderful. It's good to hear our future is in safe hands."", ""(auto-talk) Isn't the Academy a research institute? Why do you need so many soldiers?"", 'Hope, do you still think my sister is trapped inside that crystal pillar?', 'Really? Sazh, too?', 'Actually, Hope, we were able to catch up with Snow.', ""He's alive, but he was trying to protect the crystal pillar all by himself. The worst part is we had to leave without being able to tell him where we were going."", 'I wonder how Sazh and little Dajh are doing.', 'Look at us--all gone our separate ways.', 'This is some kind of ancient city, right?', '(auto-talk) So this nation... Paddra? Their leader was a seeress, right?', '(taking his hand) Thanks.', 'If they could read time, why did they die out? Surely they could see the danger coming, and do something to avoid it.', 'Why?', 'But it shows Lightning...', 'Was that my sister?', 'You mean it could be the paradox. Because the surrounding spacetime is twisted, that might be directly affecting the device. So if the paradox is eliminated, spacetime will return to normal. Then we could see the prophecy, and find out where my sister is!', 'Great!', 'An artefact!', '(narrating) During the years that passed as we traveled outside time and space... Hope had devoted himself to his research, trying to unlock the mystery of the paradox. If the gates are the cause of the puzzle, they might also be the key to unlocking it. But I wonder, am I getting closer? Will I find Lightning in the end?', 'It was in the ruins.', ""I think I do. You've been looking for Lightning, too, all this time."", 'And that was, what? Six hundred and eighty years ago?', ""Huh, I've never thought of it like that. I've been so focused on finding my sister..."", ""They must've been fighting monsters, too."", 'Here. This must be the gate Hope was talking about.', ""There's something on your mind."", ""It's the moogle."", 'He really bothers you, huh?', ""His face isn't strange, it's totally cute."", 'The Paddra seeress.', 'Is that right?', ""(narrating) Something had been bothering Noel. And it had been ever since we heard the story about the Paddra seeress, Yeul. But, of course, he wasn't the only one who was troubled. Was it really Lightning I saw in the flickering images of the prophecy? The only way to find out is to go through this portal and solve the paradox."", ""What's happening? The world is... falling apart."", 'The paradox is affecting spacetime itself.', '(auto-talk) Whoever it is that created the paradoxes, did they really want an empty, dead world?', 'Where did you hear that?', ""It's like a maze, a crossroads within the paradox itself."", 'Hey, we did it.', ""There might be other things to discover, too. It looks like everything's back to normal."", ""Oerba. This was their home. But now they're frozen in Cocoon's crystal pillar, never to return. They slept for centuries. And then they awoke again, in our time. Though they came from Gran Pulse, they became Cocoon's saviors."", 'Yeah. I guess they did, in a way.', 'It looks like an Oracle Drive.', 'Lightning? Lightning.', ""(narrating) My memories... They're real, aren't they?"", 'But how can they be?', ""(falling to the ground) The prophecy... it's been changed!"", 'It keeps changing?', 'What? You mean the seeress?', 'Wait. I saw you. My sister was fighting you.', 'Hey, hold on a second. What do you mean, ""sanctions""?', 'Noel...', ""That man, Caius. Who is he, exactly? I've seen his face before... in my dream."", 'Do you think we fixed the Oracle Drive that Hope found?', 'I believe it will. I think all those drive things are connected across time and space.', 'You mean Yeul?', ""Seems to me that if I ask, you'd have a hard time trying to answer. I know what it feels like, not being able to explain how you feel. So, I won't ask."", 'Sure.', ""No, I'm not going to ask you anything. You'll tell me when you're good and ready. Right? I can wait."", 'Sure.', ""(narrating) Lightning, Noel and I traveled to Oerba. You wouldn'tbelieve how much happened to us there. We found a prophecy that there seeress of the Farseers had recorded. We saw a young girl called Yeul, just like the seeress. And we met a man named Caius... The man you were fighting in my dream. I guess what worries me most, though, is that Noel looks sad--sadder than I've ever seen him. And there's something else, too. The strange thing that both Caius and Yeul said... about the past. 'If you change the future, you change the past.' I'm afraid of what that might mean for us. When Noel and I solved the paradox, we changed the future. Does that mean the past of Hope and the others has also changed?"", '(auto-talk) The sun is back in the sky.', ""If the paradox didn't happen, then maybe Hope never had any reason to come here."", ""Yeul said that changing the future will also change the past. Is this what she meant? The eclipse doesn't happen because we solved the paradox in the future?"", ""If the future changes, the past changes, too? Isn't that how it normally works?"", ""Oh, right. Sounds like Yeul is the one who's confused."", ""(auto-talk) The fal'Cie that caused the eclipse... What was it looking for, up in the sky?"", 'Yeul... Did you come through the gate, too?', 'What?', ""You can see the future, can't you?"", 'Huh? What do you mean?', 'Wait.', 'Noel, are you okay?', 'Ah! I got it. The Yeul we just met, and the Yeul we met in Oerba are twin sisters!', 'Maybe one of them is immortal and always stays the same age!', ""(narrating) We journeyed through time, solved the paradox, and met two girls who looked exactly the same. And now, at last, we've found our way back to Hope's Oracle Drive. He'll be waiting for us. Or perhaps he won't. Maybe after all this time... Hope has forgotten us."", ""I guess the ruins were interesting enough. They didn't need the paradox to draw them here."", '(narrating) In a world where the paradox was solved, the eclipse never darkened the sky in the first place. No one remembered that Noel and I had been here. But even so, Hope was there, waiting for us. Of course, his memories had changed. We had our ten-year reunion all over again, as if our last meeting had never happened. When we explained his memories had changed because the paradox had been dissolved... ... Hope believed us without question. And then...', 'It is Lightning.', ""So it's not just a dream, is it?"", ""Then I'm going find her."", 'Hmm?', 'Right.', ""So that's what your research was about."", 'Yeah.', ""If this is showing us the future, then someday Cocoon will fall. Noel, you told me in your time, Cocoon didn't exist like it does now."", 'But who made it fall? Could it have been Caius?', 'But others will. Cocoon will fall into Gran Pulse. Imagine the catastrophe. Think how many lives will be destroyed.', 'Noel, we can change the future.', 'We can stop Cocoon from falling, and make your world a better place.', 'Well, we...', 'Right.', '(gasps) If you change the future...', ""It's nothing. Hope, thank you for the help."", 'We tried so hard to save the pillar... together with Snow. Was it all in vain?', ""I think Lightning wants us to fix the timeline. Put it back how it was. Maybe that's why she gave me the power to travel through time and control monsters."", 'And we have to travel across time to protect the future.', 'Noel. You know, I started this journey hoping to find my sister. But now, I want more. I want to save the future.', 'We should try asking some of the people around here. They might know something that will help.', 'We changed the future, and that in turn changed the past. But how could that happen?', 'But who changed it in the first place?', ""Noel, we can change the future, can't we?"", ""(narrating) Lightning, thanks to Hope, I can see light at the end of the tunnel. He told us that if we solve the paradox, we can save the future. Meanwhile, in his own way, and in his own time, Hope is working toward the same goal. Together, we can keep Cocoon safe. And if we do, then I know... ... I'll be able to bring you home. I believe this with all my heart."", ""I guess if we don't resolve the paradox, this place will stay suspended in limbo."", 'Yeah, Mog is right. We should turn back.', 'Is this where I think it is?', 'Could Lightning be here?', ""So, are you saying we're lost?"", 'Right.', ""I need a break. (She sits down on a stone.) Finding my sister isn't gonna be easy."", 'Huh?', 'What was it?', ""(giggles) It's not much of a legend really, is it? It sounds more like common sense to me."", '(gets up) Sounds good.', '(auto-talk) This place seems weird enough. How is it different from Valhalla?', ""No good. We can't get past."", 'Now for the gate!', 'Oh, no. Just staring into space!', 'Okay.', 'Are they going to destroy the planet?', 'The pillar crumbles to ashen sand, and down to earth the cocoon does fall.', 'No!', ""Snow! Is that really you? I-I can't believe it!"", 'Thanks, Noel!', '(nods) Got it! Hit it!', 'What?', 'Hit it! Oh...', ""Er... This is Noel. And this is Snow. We're getting married!"", 'Yeah.', 'Listen, Snow...', ""(narrating) Guess what, Lightning? I found Snow again. He hasn't changed a bit. Still as reckless as ever, still doing his own thing. To think I spent all that time worrying about him. Stupid me. Guess I'll never learn. (ends narration) ... And that's how we got here."", 'You saw Lightning?', ""But Vanille and Fang, they're inside it."", ""I can't believe Lightning appeared in your dreams as well. She told you to protect Cocoon's pillar, so she must want you to save Vanille and Fang."", 'In any case, with Snow on our team, we can do anything, right? I bet we can even beat that giant flan!', 'Okay!', 'You saw Lightning in a dream, too. That means it must be true. She is alive!', ""Let us help you fight the monster! I won't abandon Vanille and Fang."", ""Thank you, Snow. But you're lying, aren't you?"", ""Really? I know you're always trying to protect me. I wouldn't put it past you to make up a story, just to make me feel better. Sorry I doubted you. If you say you saw Lightning in a dream, then I believe you."", ""Are Vanille and Fang still safe? If the stories about Cocoon collapsing are true, we'd better hurry!"", ""I'll help you!"", ""What I don't get is this: if that really was Lightning in your dream... ... why would she be asking you for help?"", 'But still, why just you?', 'Could it be a paradox?', ""(narrating) Lightning, did you meet Snow in his dreams? Is there a reason why you can only talk to us when we sleep? Snow hasn't changed one bit, even though it's been years since I last saw him. He's still as hotheaded as the day we said good-bye. It makes me so mad. But it's a relief, too. I've been caught up in the fate of the world for so long. It feels good to worry about the simple stuff. Being with Snow helped me forget about what the future might hold."", 'What the... ? Wait for it... !', 'The paradox is dissipating!', 'There are so many little flan. Where are they all going to?', ""Hey, Mog, what's got your attention?"", ""If Serah's up for a fight, then so am I! Gonna knock it back down to size!"", ""No, we can't win this, not now."", 'I had to, if I wanted to find you and Lightning again.', ""But there's no path for us to take."", '(auto-talk) Oh, hey. This is where the flan were trying to get to.', 'I remember... I cried a crystal tear.', 'Yes, I know. It was the loneliest, scariest moment of my life.', ""It's all right. You know, I think I dreamed the whole time. But they were good dreams. Dreams about turning back to normal. Being with my friends again."", '(auto-talk) Hope and the other scientists are working to reduce the damage that the disaster will cause...', 'Could that monster bring Cocoon down faster than the prophecy predicted?', 'Did your history books happen to mention the monster?', ""Wait, you mean, Snow can't go through?"", 'Are you okay?', 'I will.', '(clasping his hands) Snow, we mean it. No heroics, okay?', 'Wow.', 'Really? I guess you have to be a hunter to tell.', '(nods) Sure.', ""(auto-talk) We should talk to those people. Maybe they can tell us what's going on."", ""But Noel's a hunter."", 'We should search somewhere in this area, I guess.', 'Whoa! What the... !?', ""(auto-talk) But, this is the hunter's camp. How did we get back here?"", 'Is it something to do with the storm?', 'Where can they be going?', 'There has to be something we can do.', 'Thanks.', ""A beast that can swallow dozens of flan in one go? Noel, are you thinking what I'm thinking?"", 'Maybe the flan that are being swallowed by the monster here are being sent through time to Sunleth.', 'So we should go check it out, right?', ""And then, they're reappearing back at Sunleth."", ""I'm not sure, but this gate seems different from the others."", ""This is the gate that won't open with an artefact. We've gotta find the seal and a way to break it."", ""This is a special gate, right? And it won't open until we find and break the seal."", ""This won't open with an artefact. We've gotta unlock whatever is sealing it."", '(auto-talk) Now where are we?', 'If we could just get it to step out of the way... Maybe we can try asking the hunters.', 'Do you think this will fix the paradox?', 'Why, are you worried about him?', ""If there's one thing I know about Snow, it's that he's as tough as a behemoth. I don't worry too much when he's off on his own."", 'Noel...', '(auto-talk) So the fragment was causing the storm. The monster swallowed it by accident, but it kept working inside it.', 'Yes! We broke the seal on the gate!', 'The Vile Peaks.', 'You know, Lightning told me she came here on a mission once.', ""Are you all right? Oh no, you're hurt!"", ""You stay here and try to get some rest. We'll go and find your friends."", ""No, I don't think she mentioned anything like it. But it would be easy to hide in a place with so much rubble like this. It's possible it was asleep this whole time."", ""We're not here to kill you. We came to help."", ""(auto-talk) He said the corporal was thrown out of the ship, too, right? That means he should be around here somewhere. He couldn't have gone too far."", 'Yeah, but I think we need to be really careful around this place...', 'Are you a corporal in Blitz Squadron?', ""it's true! He's out there fighting all by himself."", ""Then we've got another to solve!"", 'Snow!', ""Um... I don't think it heard you."", 'Snow!', 'Is it angry?', ""'kay!"", 'Good luck.', ""(auto-talk) I think he's in a good mood."", '(auto-talk) So this is where they were all trying to get to.', 'Thank you, Mog.', ""Yeah, that's what I was thinking. He's like a theme park mascot."", ""Well, it's a place where people go to just go on rides and have fun."", ""I guess you only have them when times are peaceful and prosperous. Not like where you're from."", 'Yeah.', 'They were born on Gran Pulse, just like you. Back then, on Cocoon, that was really unusual.', ""We have to do this. We can't afford to fail. If we don't find a way to defeat that flan..."", ""Yeah, maybe you're right."", ""We'll be back!"", 'Who said that?', ""An omen of misfortune? Something that doesn't belong here."", '(nods) Yeah, and Snow will be waiting.', ""No, I suppose not. He's just like my sister. Always just charging ahead."", ""Noel, I hope you don't get yourself killed."", ""After all, you've risked your life a lot of times. To help me, I mean."", ""I didn't say you were."", ""(narrating) I understand why Snow made Noel so angry. Once upon a time, someone Noel loved left him behind. It hurt him almost more than he could bear. It still does. He didn't have to tell me. The pain on his face made it clearer than words ever could."", ""(auto-talk) I can't believe that worked."", ""(auto-talk) So what do you think all this is supposed to be for, anyway? He said something about a 'place of war,' right?"", ""(auto-talk) Huh? Where's Snow?"", ""Snow! That's enough!"", 'No, wait! But we resolved the paradox!', ""(runs over to Snow and grabs him) No! Stop it! I won't let you go!"", ""No! Please don't leave me! I can't lose you over and over."", ""A l'Cie brand... But how?"", ""(drops her necklace) Why did he have the brand? Who made Snow a l'Cie? Why?"", 'Not in a million years! Who would be insane and stupid enough to do that?', ""But everyone knows what happens to l'Cie! Succeed or fail, they're doomed."", 'And you... you hate him for that?', ""That's it. I've decided. Snow is always putting himself in danger trying to save others. So, I'm going to save him. When I became a l'Cie, he did everything he could to help me. Now, it's my turn. I swear, I won't stop until I find him again."", ""(auto-talk) That's way out of reach. Looks like a job for Mog."", 'Shall we?', 'Another detour?', 'Oh. Thanks.', 'Hmm?', 'Yeah.', ""No. The last time I saw Lightning was the night before we met. Although, I've had lots of dreams about what happened the next day."", 'Why do you ask?', 'All right, my turn. I want to know about Yeul.', 'What do you mean? She could be a time traveler, right? Just like you and me and Snow?', ""So you're saying, every age we travel to, there's a different Yeul waiting? A Yeul from Oerba, and a Yeul from Yaschas Massif..."", ""Noel, I've been thinking. If we keep traveling through time, and resolving paradoxes, and changing history... Doesn't that mean the future you come from will change along with everything else?"", 'Is that possible!?', 'Yeah.', ""So it looks similar, but it's really a separate world. That's why there are all these little differences."", 'This throne... I remember it from my dream. This is where Lightning was praying to the goddess.', ""I don't think it's a theme park. Maybe a casino? But I've never seen anything like it before."", ""I don't really know much about gambling or placing bets."", ""Well, we're not exactly sure what they do."", '(auto-talk) Just one gil? This has gotta be a mistake.', ""Hey, guys? It looks like we're not the only ones interested in the rewards the government has to offer."", 'Hey Noel, do you feel that?', ""I'm with Noel. Let's help them find peace so they can go to a better place."", ""I'm sure he's read the manual before. He probably just got a few things mixed up."", '(auto-talk) I wonder... How did the seeress of Paddra seal the paradox? Did she interfere with the timeline?', 'Oh, no! The ancient seal has been broken? Noel, we have to stop this before someone gets hurt!', 'A little bit at a time, I guess. It probably took a lot of people working over decades, maybe even centuries, to make this city what it is now.', ""That sounds like Hope's way."", ""Yeul, you mean? She's very special to you, isn't she?"", 'Noel!', ""Not a human. Only fal'Cie have this power."", ""Is... is that you? I won't let you go!"", 'The bots must see us as intruders.', ""This terminal's on. Shall we do some snooping?"", ""I don't think it is a 'who.' This is all the work of machines."", 'Is there anything we can do to help?', 'And we can help you do this?', 'And the restored data closed that entry off, right? Will this help you stop the other malfunctions?', ""(auto-talk) That guy must've been the gatekeeper, huh?"", ""No way... that can't be right. Have the fal'Cie somehow come back and taken over from the government?"", ""Or this! Noel, I think we're trapped."", ""Towers and forbidden histories? What's the talking about? Could it be something from the future?"", 'Right.', ""Cocoon's fal'Cie were like that too. They wouldn't think twice about sacrificing human life."", '(auto-talk) Look at these people. This is happening because of us.', 'Take it easy. If we rush in, we might just lose sight of him.', ""He thinks we're his enemies, because of something that happened in the past. So, we travel back in time and find out why."", 'Hey, do you think there could be a gate on the far side?', ""(auto-talk) Noel, look! Now he's over there!"", ""Noel... don't let him get to you."", '(auto-talk) Maybe we should leave... Then Caius would, too.', ""(auto-talk) Should we keep chasing him? We'll just run into another trap."", 'Yeul!', 'Noel!?', 'Noel, look out! Noel!', ""It's because of us. Just like Caius said. We're causing a paradox to occur. Because of that, Yeul has to... She has to..."", ""She's showing us the way."", ""But even so, she didn't try to avoid her fate."", ""(narrating) The law of the Farseers. It's a terrible thing to live by. Because to obey it means someone has to sacrifice themself. Lightning, tell me, is there no way for us to save everybody? Noel and I are traveling through these gates, because we believe we can change our fate. But even as we do, I can't forget what Yeul said. She said Caius isn't in this city. But if that's true, who was it that we met here?"", 'Yeul wanted us to come here.', 'Could this be the tower?', ""Time to gather some info. And there's a terminal right here."", ""Let's check the computer. Maybe there's an override command."", ""Do you realize what this means? The Academia fal'Cie must have been built by Hope."", 'Vanille and Fang... he did it all for them.', '(auto-talk) Can I ask you a stupid question? Is it just me, or can you see all these people around us as well?', ""It's just that they have no presence. Like they're not... alive."", 'Was that us, from before? This machine can show different eras.', 'Do you mean Caius?', 'How could you tell?', ""You met them there, didn't you? My sister... and Caius."", ""Well, we've got to find him. Yeul brought us here, and we have to help."", ""What's wrong?"", '(auto-talk) Was that... ? That was Caius, right?', '(auto-talk) We have to be careful. This could be a trap.', ""Why don't we just try the switch?"", 'Maybe we can fix it with a key from another time.', ""The system that controls the facility has been hacked by someone from the outside. Whoever they are, they're trying to use the network in an attempt to override the system somehow."", ""The security system's been hacked, too, so the security bots are just pieces of metal. And, I don't think the person behind this is actually physically here. It seems like the culprit isn't even in this time at all. They're accessing the system from somewhere in the future."", 'I know, but it has to be. Maybe this is a paradox of some sort.', ""It looks like we're safe. The network's back up and running."", ""Yeah, I don't know who it could be. Who would go through all the trouble to take control of a tower from the future without a demand of some sort?"", ""(narrating) The future city of Academia is overrun by C'ieth. And the sealed pages of history may hold the reason why. Caius was here in this tower, where the secrets of the past still lie. Lightning, it was our faith in the tiniest chance that helped us get this far. We might not know what kind of answers are waiting for us. But there is one thing we've learned already... When the path ahead is too dark to see, sometimes it's important to just keep going."", ""So we track him down, and find out if he's the real thing."", ""Hey, you're right. There is that access key we picked up. Couldn't hurt to try it."", ""Now we can explore the other floors. (She spots a girl who looks like Alyssa.) Hey, that girl... isn't that Alyssa? What's she doing in this time period?"", ""'Nice to meet you'? She doesn't know who we are. I guess she's not Alyssa after all. ???: Alyssa."", ""She's a machine!"", '(auto-talk) Are all the people who work here the same as you, Alyssa?', ""Noel, do you think Yeul came here to tell us some kind of secret? Maybe the forbidden history that's supposedly locked up in this tower..."", ""Hmm. Maybe she came to hide something that she didn't want us to know. Some secret about the timeline, perhaps."", ""All the Yeuls see the same timeline, and all of them have the same goal. They'd always cooperate. No matter what time period they are from."", ""If anyone knows the secrets of this tower, it'll be Caius. If it means resolving the paradox, we have to talk to him."", 'Alyssa, will you take us to the top floor?', '(auto-talk) If a person is created artificially, do they still have a spirit?', 'And we owe all that to our spirit?', 'Is this a paradox?', 'Hope!', ""Wait a minute. So, you're saying the real Hope and Alyssa were murdered?"", 'Hope and the others were killed in this tower. And then after they were dead, the AI took control of the Academy!', 'And the duplicates were mechanical puppets that were built to hide what happened.', 'It stopped moving.', 'Do you remember what Caius said? In his memory, the next thing that happens is... we die.', ""But there's a way out. If we can survive now, instead of dying, that will automatically change history. We can save the future."", ""Uh-huh. There's something strange going on with the system."", 'You think we fixed the elevator?', ""Right. But the artificial intelligence needed to build the Proto fal'Cie rebelled against the humans. That's when everything went wrong."", ""So you don't think the Proto fal'Cie and the other AI are being controlled by Caius?"", ""I'm still putting my money on Caius as the bad guy. I can't prove it right now. But I bet both Yeul and Caius are waiting on the top floor."", ""I hadn't thought of that. Last time he attacked us right away... ... and now he's hiding behind the fal'Cie and the artificial intelligence."", ""This... this is just like a murder mystery! Let's start the investigation. First off, we question the lead witness and search the scene for clues."", 'Then we narrow down the suspects and dismantle their perfect alibis!', 'Hmm.', 'Better get our hands on an access key, then.', ""And that's where Caius is waiting for us. Someone who looks and talks a lot like Caius at least..."", 'We can do it! For Hope, for Alyssa, for Academia!', ""(auto-talk) This must be the heart of the system. I know it's a machine, but it seems like it's almost breathing..."", 'But are they with us... or against us?', ""We're in the same time as when we met in Oerba. So, you're the same Yeul."", 'But, who are you? Who are the Farseers?', 'What do you mean?', ""But then, I don't understand. Why are you helping us? I mean, you do know we're trying to change history, right?"", ""Someone who was meant to survive? You mean my sister? You do, don't you!? You're saying that Lightning shouldn't have disappeared that day!"", 'So, if we keep traveling through the gates, and resolve all the paradoxes that are happening...', ""Did you hear that, Noel? We've been doing the right thing all along!"", 'And what about the other Caius? The one we saw in the tower.', ""Let's go."", ""I'm worried about Yeul."", 'Hmm.', ""But where's the enemy that Yeul warned us about?"", ""This thing has been behind everything. It's the one turned the people into C'ieth... ... and it's the one who's been trying to kill us in the tower!"", ""I don't understand. How did the future Proto fal'Cie end up here?"", ""And that would enable time travel. Noel, do you realize what this means? The Proto fal'Cie could have used this place to travel through time and infiltrate the artificial intelligence. Then it could have manipulated the AI to kill all the humans in the tower... ... and build the fal'Cie of Academia's future."", ""Right. A paradox is exactly what it is. The Proto fal'Cie was trying to protect the distortion that gave birth to it."", ""(gasps) Just a sec! If the Proto fal'Cie can manipulate the past, that means..."", 'No way...', 'Mog!', 'Noel!', 'Yeah, thank you. You did great.', 'Not again?', 'Huh?', ""I don't blame you."", 'Mog!', ""You gotta help us. Search the fal'Cie for its weak point!"", 'Er, sorry, Mog...', 'There must be something we can do.', ""I got it. It's not reaching through time and reviving itself-- these are all just test copies of the Proto fal'Cie."", ""Right? And if that's true..."", 'I guess my theory was wrong.', ""There must be a limit to how many times the fal'Cie can revive itself. If we defeat it enough times, we can exhaust its supply of energy!"", ""We can't outlast it."", ""The machine is manipulating the past. But then... there's no reason we can't, either. Please. I hope you're watching this."", ""Hope! Can you hear me!? I've got a bone to pick with you. These machines you built..."", ""Noel... I'm alive?"", '(gets up) You worry too much, Noel.', ""(narrating) Noel isn't himself these days. I wonder if it's because he can't remember the future. It's understandable. No one wants to think they'll forget something... ... that's important to them."", 'Careful. She might be watching, you know.', 'I hope we are returning to a better future.', ""Hey, Mog, where do you come from? Where's your hometown? Do you have a family somewhere?"", 'Hmm, I see. Well, do you at least know why you were in Valhalla?', ""It's like someone started to build something, and then gave up halfway through."", ""Did your friends back home tell you about it? Hey Mog, are you absolutely sure you don't remember anything about your past?"", 'A long time ago? Even before you met Lightning in Valhalla?', ""All right then. We should check the other mazes, too. If we search them all, we're bound to find some sort of clue that will lead us to your hometown."", ""Oh, really? You've never told us that before. What were you searching for?"", ""Really? I can't smell anything. Is this place filled with sad memories?"", 'Mog, have you been able to remember anything about your hometown? Anything at all?', 'So that place means something to you. Then it must be important. I think we should check the Oerba labyrinths some more. Maybe we can help Mog remember more about where he came from.', ""Come on, you guys! Mog, you're going home!"", '(narrating) When Mog was still a young moogle, he was playing hide-and-seek with his friends. Somehow, he ended up getting swallowed by a paradox. Before he knew it, Mog was drifting farther and farther away from the land where he grew up. When he came to, he was in the Void Beyond, not knowing how or why he ended up there. On top of that, he had forgotten about his home, his friends, and his family. He was all alone with no memories of his past.', 'Mog, do you... do you want to go home?', ""(narrating) I never thought the day would come when we would have to say good-bye... ... to a dear friend, someone we can't imagine our lives without. Mog, do you want to continue on this journey with us? Or do you want to go home to where your friends and family are waiting? Mog, the decision is yours."", ""You don't know if you're going to get another chance. Are you sure you don't want to think about this just a little bit longer?"", ""Thanks, Mog. That's so sweet. But remember, when we get to Valhalla, you have to listen to Lightning, okay. My sister's pretty strict, you know."", 'I think Yeul must be happy now.', ""It's probably the most impressive-looking building. What about that one?"", ""I sort of have an idea of what happened, but I can't really explain it. It was more of a hunch, really."", ""It can't be... Amodar?"", ""Yeah, he was in Cocoon's army. Lightning served in his unit. I've met him lots of times."", ""That's weird, he doesn't remember me."", 'Like twins. How did this happen?', 'Captain Cryptic really does look just like Amodar. I bet they used the lieutenant as a model when they made this duplicate.', 'A message? For Lightning?', ""No, he's definitely not Amodar. But how does he know about my sister?"", ""(narrating) Hope told us that he invented a machine called a time capsule. That's how they got here. Back in 13 AF, Hope devised a plan to build an artificial fal'Cie. It was called the Proto fal'Cie Project. He wanted to use the new technology to re-levitate Cocoon. But then, one day, Hope saw a certain prophecy in the Oracle Drive..."", 'Well, I was getting pretty ticked off by that point.', 'Yeah. It would have been just like how it was on the old Cocoon.', 'Kinda.', 'You risked your own life for the sake of Cocoon.', 'Alyssa...', 'That is good news!', ""If there's one thing we're good at, it's looking for weird objects."", 'Maybe can find some sort of answer in the ruins.', 'Come on, Noel. We have to go and fix the paradox!', ""Noel! It's her!"", 'Okay, I need to sort this out. So one of the Yeuls from long ago caused a distortion in time to banish the monster and save the city. But then that caused another distortion.', ""That's awful. Noel, we have to stop her suffering. Let's show her that she did the right thing. If we defeat the monster, we should be able to set her free."", ""I'm sure we did."", ""(narrating) The forest of Sunleth is a quiet place. I thought I heard a voice. I cocked my ear towards the wind, and through the rustling of the green leaves, I thought I heard Snow. As much as I'd hoped we'd run into my hero, it wasn't him that we encountered in the forest. (The narration ends and the party hears a sort of screechy animal noise.) I think there's someone else here with us."", ""I've never seen so many of them together."", ""That's so sad! Noel, we should help them find their way back."", 'Can you be a monster finder instead? Just this once?', ""I know they don't mean to cause trouble, but there's so many of them..."", ""This has gone too far. (She sucks in a deep breath and shouts.) That's enough! I've about had it with your mischief! You should be ashamed of yourselves for behaving like this! You should know better! Well? What do you have to say for yourselves?"", ""All right, that's a promise! Now, it's time for all of you to go home!"", ""We just did what little we could to help. The credit belongs to everyone at the Academy who spent years researching the technology in the first place. They're the real heroes as far as we're concerned."", ""Well, hey. You've still got us."", '(auto-talk) Did you notice> One of the prizes you can win is a Chaos Crystal!', 'Now we can build a paradox weapon!', ""(narrating) We had. We had collected all the ore clusters Hope needed to levitate his new Cocoon. I don't think I'd ever seen Hope look so happy and excited. But this was just the beginning. It would take a century to complete the new Cocoon. And if the old Cocoon were to fall before it could be finished, well..."", 'An artefact! I wonder which era this unlocks.', 'Time for the final showdown?', 'Right. You mean Vanille and Fang, and the new Cocoon.', 'Noel, are you worried at all? Caius has tried to interfere before. Maybe he will again.', 'I hope he lets us finish here.', 'Are your memories playing tricks on you again? Noel, something must have happened between you two.', 'I wish there was some way to find out. But I wonder, your memories disappearing... Does it have anything to do with the future changing?', ""(narrating) The man we encountered was an elite member of the Blitz Squadron. They called him Baxter. He was wounded from head to toe, but miraculously, none of his wounds were fatal. The airship that was carrying these Academy soldiers was attacked by a dark shadow in the sky before it crashed to the ground. It's a miracle they survived this horrible accident."", ""(auto-talk) The soldiers of Blitz Squadron were scattered through the past and the future. This wasn't an ordinary accident."", ""Probably. But just because that's how she would do it, it doesn't necessarily mean that's how we should. I think we need to find our own way to do this. Don't you?"", ""No, it's not hers. It's just an empty vessel. It doesn't have any human thoughts or emotions."", 'Then maybe... maybe the shadow that appeared in the future was also an illusion!', ""I'm Serah Farron."", 'Uh, um... Did I miss something?', 'You mean Lightning? How do you know my sister?', 'But my sister... she quit the military and was branded a traitor by the Sanctum.', ""Thank you, Sergeant. When I see my sister, I'll be sure to tell her what you said. She'll be happy to hear from an old friend."", ""(auto-talk) We finally located all six members of the Blitz Squadron, but guys, there's still one more important thing we need to do."", 'We have to find out how far we can get on our own. We just need to believe in ourselves! Come on, guys!', 'You will.', ""Oh, it's nothing. I just thought I heard Lightning's voice. I know it's probably just all in my head."", ""Yeah, I hope you're right."", ""Well, technically, we've located everybody, but some have disappeared since then."", 'Sazh!', ""That was Sazh. He's an old friend of ours. He fought alongside Lightning and Snow to try to protect Cocoon. He's been doing this kind of thing a lot longer than we have."", ""Yeah, that's for sure. But I think experiencing the bumps and the hardships along the way is what brings people closer together. That's how you make great friends, right?"", ""(narrating) The soldiers we met shared Lightning's beliefs and had once fought by her side. They never forgot who she was. They had found a place for her in their memories, in their hearts. Can you hear me up there in Valhalla? You've touched so many hearts. You made a difference in so many lives. You made your mark on the world, and I'm proud of you."", ""It's like she can't see us or something."", 'Lightning...', ""I do. As if you're right here."", ""Oh, yeah. It does look like the gate's fixed."", 'I wonder what Caius is up to. Where is he?', 'So we better not use the gate until we are definitely sure.', ""I'm sorry. I'm not ready. Not quite yet."", ""Let's go. We don't have anything else to do here now. If we have to fight Caius now, then so be it. I'm ready."", 'I hope the future turns out like this. A place where we can be happy.', 'Right. You mean Lightning and Snow.', ""But when you raise the new ark, maybe you can help our friends as well. They won't have to bear the burden of a world anymore. And just maybe, Vanille and Fang will be released from the crystal."", ""Well, we got lost a lot. I don't know how many times I almost gave up."", ""I'm sure we'll meet again, Hope."", 'Right.', ""Is this... the Void Beyond? Noel! Mog? (She sees her weapon and picks it up.) Come on, Mog! What's wrong? Why won't you answer me? (The weapon dematerializes and shows a shadowy form.) This can't be..."", '(auto-talk) Where did Noel get to? How do I find him?', ""(auto-talk) Come on, Mog. What's wrong with you?"", 'How do I get out of here?', '(auto-talk) Wait, is that Yeul?', ""Noel! What's wrong? Why won't you answer me?"", ""You're Yeul, aren't you?"", 'But, where are we? Are we trapped in this place?', 'Is this a trap someone left for me? Has someone locked me in here on purpose?', 'But how do I get out? Is there any way for me to escape?', ""Are you saying I can't ever leave?"", ""Wait, don't go!"", ""You're a different Yeul, aren't you?"", 'Servants of the goddess?', ""My sister is also somewhere in Valhalla. What's her part in all this?"", ""If I'm a servant of the goddess, what am I supposed to do?"", '(auto-talk) So the ability to change the future is a gift from the goddess herself.', ""I suppose you're another Yeul as well?"", 'The six. That was Lightning and Snow and the others. And the one, that would be... me?', 'You mean it was the goddess who saved us that day?', 'Perhaps I did? What do you mean? Is it too late now?', ""You're Yeul, too. Which era do you come from?"", 'Have you come to tell me something?', ""I don't understand."", 'How?', ""I don't understand!"", 'What have you done to him?', 'But why, Caius? Why do you fight us?', ""You're going to destroy history, just so you can save Yeul?"", 'Where am I?', 'Maybe I am.', '(auto-talk) Have I really come back to New Bodhum? Or is this just part of a dream?', ""Listen, Lebreau. I'm not sure, but I think this might be a dream. I was in the Void Beyond, and..."", ""I don't know, I'm so confused. But Lebreau, tell me. Is this really my village?"", 'Do you know where Noel is? Or even... who he is?', 'No, not really. I must be back in the past, before Noel came here.', ""(auto-talk) I know Caius stabbed me, but there's no wound."", ""Er, really? Someone's waiting for me?"", '(auto-talk) Could I have dreamed everything that happened up until now? Not very likely.', ""Why do you say that? Don't you like it here?"", ""'You-know-who'? (auto-talk) Could I be dead? Caius did stab me."", 'Snow! What are you doing here?', 'B-But you went looking for my sister! You left ages ago!', 'What?', ""(backing away) I don't understand..."", ""Everything's falling apart. (The people vanish... ) Where... where did everyone go?"", '(auto-talk) Is this a dream world? Am I trapped? Am I the only one here? Is Lightning here somewhere? Maybe Snow? Am I really alone? Lightning, please! Help me!', ""(auto-talk) Can't they hear me calling?"", 'Is it really you?', 'Lightning. Why are you here?', ""Yes. My family... That's right. I'm home. My family are all here. (narrating) Deep in my heart, the truth still glinted like a razor. This wasn't real. It was a dream. If I accepted it, my journey through time would end. But... My sister was here. Snow was here. If I stayed, I would be with everyone I'd ever loved. This is what I'd been searching for, all this time. I'd found my home. I'd found happiness."", 'Yeah.', ""(narrating) Just being here with my sister fills me with joy. I'm home. In some ways, it's almost like that happiness has taken over, forcing out the feelings that were there before. At first I was overwhelmed with loss, but soon even that feeling faded away with the rest. Now every day is paradise. Lightning is here with me, and Snow as well. Lebreau and Yuj, Gadot and Maqui, the whole gang. Sometimes Sazh and his son come to visit. And guess what? Hope had some great news for us. He said he was pretty sure they might be able to save Vanille and Fang from the pillar. I'm content. I like my life the way it is. There's only one thing that keeps it from being perfect. I can't remember a certain person. I know he was a friend. And I'm sure we were close. But no matter how I try, I can't recall his face or his name, or even how his voice sounded. (A shadowy form of Noel appears before Serah.) It's so strange. Who could he be? In my room, I have a mirror. I never use it. It scares me. On the other side of that mirror, there's a whole other world. And if I peek inside, I'll be lost. Or so it seems to me. When I told Snow how I felt, of course, he said I was just being silly. (She looks into the mirror.) Maybe I am. I can live with that. All I want is for these magical, wonderful days to continue. For this time to stretch on forever. This is where I'll stay. I'm home. And I never want to leave."", ""(narrating) I couldn't do it. When I had lost faith in the future, Noel came and gave me hope. Snow left his home and his friends. He traveled through time to save others. Hope worked feverishly to save Cocoon. And then... There was Vanille and Fang, trapped in crystal, holding Cocoon in the sky. I couldn't desert them to live in this world of dreams. I couldn't betray them. (She shakes her head.) Lightning, I'm so sorry. (The fake Lightning vanishes.) No! ???: (female voice, which sounds familiar) Don't give up."", ""No. That's not my sister! ???: Serah."", '(auto-talk) Who was that? And why is she trying to help me?', ""(auto-talk) Somebody is helping me. But no one's here."", ""(auto-talk) That voice... I'm sure I've heard it before."", ""(auto-talk) I don't see anyone. But I'm not alone."", ""(auto-talk) Huh? Where's the gate? There's nothing left."", 'Vanille! Vanille? Is that really you?', 'So this is a dream, after all. But, why did you come?', 'No.', 'Thank you.', ""I almost believed her--the fake Lightning, I mean. But then, I remembered my sister is fighting in Valhalla. Snow and Hope, they're fighting their own battles as well. Out of all of us, I was the only one who was running away from the truth.Fang: That's all right, because now it's your turn to help someone. You're not the only one who's trapped in a dream they can't wake up from."", 'You mean Noel!', 'Fang? Vanille?', ""Noel, I'll save you."", ""Okay. It's time find Noel. (She enters the rift.) (narrating) Guess what, Lightning? I met Vanille again. She saved me once three years ago, and today she came to help me. I owe her my life twice now. And I met Fang for the first time, too. We only talked a while, but she kind of reminded me of you. Even though they're still trapped in crystal, they reached out to me, showed me a way out of my dream. One day, I'm going to pay them back. I promise. I wonder what kind of dream Noel is living in. Whatever it is, I'm going to wake him out of it--and together, we'll find you, Lightning."", ""(narrating) Lightning, I've come a long way, and it's all thanks to Noel. That's why, when I reach Valhalla, I want him with me. So here I am, inside the memory of a lost future. I've come to lead Noel away from this cold, distant world."", 'Noel!?', 'Noel!', ""(auto-talk) This place, it must be Noel's dreamworld."", 'Mog?', '(auto-talk) Come on, Noel!', 'No.', 'Uh... Noel.', ""Noel, don't you remember me?"", ""You've been living in a dream, Noel. You're happy here, and you would be forever. But, I've come to take you away from it. I'm sorry."", ""We have to stick together, Noel. I've got no one else I can count on but you."", 'We will change the future!', ""Let's go, Noel. It's time to change the future."", 'What?', ""You mean... I'm about to die!?"", 'Will you take responsibility?', ""No, I don't mean for what's happened. I mean for what will happen. Make sure I make it as far as Lightning. Please. From now on, that'll be your job."", ""I understand, Noel. But it doesn't matter. I've already made my decision, and we're going to change the future."", ""Lightning sent me a message from Valhalla asking me to do just that. So let's change the future. Together."", ""If we hurry, we just might do it in time. Then I wouldn't have to have anymore visions. I'm going to believe that I get to Valhalla. What else can I do? Which means, this conversation is now over."", ""(auto-talk) We're still inside the dreamworld. How do we get out?"", ""Come on, Noel. You're not just the 'future boy' anymore. You're a part of my time period as well, now."", 'Look! (narrating) Yeul saw the future that Noel fights to protect. She believed that someday, they would see each other once more.', ""That's right."", ""He's back!"", ""(narrating) The spirit of Mog had been sealed up somewhere inside the Void Beyond. Although he could see everything we did, he couldn't make us see him. He said Lightning came to rescue him, and that's how he got back to us. Then, Mog told us he had a message. A message from my sister. It was the truth about Caius."", 'Mog, tell us what you know.', ""That's exactly what happened to me and Lightning. We were l'Cie and the goddess intervened to free us."", ""So, he's been plotting for centuries!"", '(auto-talk) Where did my sister, go? After she helped you, I mean.', 'No. This is just the beginning.', ""(narrating) I've traveled the world of dreams, and at last I know the truth. It doesn't matter how tough the going gets now. I know I can face any challenge. I've found it, Lightning... Hope,.. in the midst of despair."", 'Is this... is this my village?', 'I wonder if anyone is here.', ""This can't be the fate the world is moving towards."", ""(auto-talk) Hm? What's that? I wonder if it leads somewhere."", 'Lightning! What are you doing here!?', 'Is that really you, Lightning?', ""I knew it. It is you, isn't it? I've been looking everywhere for you! Where have you been? What was that dream you made me see? Why did you make me come out here?"", 'Lightning, what did you see?', 'A gate.', ""No life or death? You mean like Valhalla. That's what Caius is after! If he can bring down Cocoon, millions of people would die, and the power of chaos... ... would turn this world into another Valhalla."", ""That's why you were fighting Caius in Valhalla. You're protecting Etro."", '(narrating) Lightning then told us what would happen to Cocoon. In 500 AF, the old Cocoon would collapse and fall into Pulse, the crystal pillar no longer strong enough to support it. By that time, Hope and the Academy would have completed the new Cocoon, but... When they attempted to launch it, Caius would intervene. He would smash it into the old Cocoon, and bring them both down. (The narration ends.) So we have to travel to 500 AF, and stop Caius from destroying Cocoon.', ""Hey, Lightning. We'll be able to be together again, right? When all this is over?"", ""(narrating) The truth is, I didn't want to let her go. I'd come so far to find her, I was afraid to lose her again. But I had to be strong, for her sake. She had her own battles ahead of her. So I swallowed the words I wanted to say and hid my fear. It was the hardest thing I ever did."", '(auto-talk) Hey, look. Lightning has left us the last artefact we need.', ""But still, I was finally able to talk with her. And it's all thanks to Noel."", ""Hm, what's this? A message?"", ""Good 'ol Hope. He's still helping us fight."", 'I guess this is it, huh?', ""We're going to save the Cocoon that Hope built."", ""Mog, that's not very convincing coming from you. When's the last time you took a step anywhere?"", ""Maybe someone turned it on by mistake. Let's check the ruins to see if we can get to the bottom of this."", 'Does that mean someone... someone tried to kill him?', ""Yeah, I hope so. Let's go find them!"", ""It's hidden in the labyrinth?"", ""If we don't defeat this monster, then who knows what'll happen to Cocoon! Come on, Noel. Mog, you too!"", ""I can't believe a man-made machine could bring forth such a terrible monster! And the paradox, too! That was caused by humans as well, wasn't it?"", ""We're at the time of the prophecy. The pillar is going to crumble any moment, and then the old Cocoon will fall."", ""Yeah, everyone must be in the ark. Wait! I'll bet that's Caius's target!"", ""We'll be able to be together again, right?"", ""(auto-talk) What's going on?"", ""Watch. If you follow the movements closely, you can see there's some sort of pattern."", 'I just heard Yeul inside my head.', 'What did she mean?', ""I can't hear Yeul anymore. What about you, Noel?"", 'Look!', 'Looks like we can cross.', 'Noel, do you hear that?', '(auto-talk) Are they starting the launch already!?', 'Hope is here!', ""We're on!"", 'Sazh? Is that you?', 'This is it. A fight for the future.', ""I know the truth, Caius. I know that every time I change things, I lose a part of my life. But don't you see? I don't care. (She and Noel get up.) I'm here to protect the future. And I will."", 'Noel!', 'No, Hope, not you!', 'You have to protect Vanille and Fang!', 'Okay!', ""Yeah, we'll be there--and Lightning will be with us!"", 'This is Odin. Is Lightning trying to help us?', ""Not just me. She's helping you, too, Noel."", 'Ready?', 'Noel?', 'Now what?', 'Noel!', 'Lightning?', ""Noel... He always wanted to come back here, didn't he? He wanted to come back here to die."", 'He heard you. In the end, he believed what you told him.', 'They wanted reality.', ""Then let's do it. Build a new future."", 'Then the timeline is back to how it was.', 'No, I feel great.', 'Okay.', ""Oh no, wait. You don't think that Caius really... ?"", 'Right! So this will takes (captioned - she actually says ""take"") us to 500 AF. I guess that\'s where we\'ll be living now, 500 years in my future. Maybe Lightning will be there.', 'What about Fang and Vanille?', ""Yeah. Let's go!"", ""You're okay now."", ""It'll be good to see everyone again."", ""It's the end of our journey. Hey, Noel."", 'Now what?', ""Do you hear that? Music? No... it's someone talking."", 'It must be difficult to hear them.', 'Is it something that you have to do?', 'The only person left who can stop him... is you.', ""What, you think a future Noel is trying to trick us? You're thinking too much. It's probably safe to take your own words at face value."", ""(from the fragment) Where am I? I don't really know. I can't hear anything. I can't feel anything. It's cold. It's dark. And I'm alone. This place seems completely empty. But I have no regrets. I fought right until the end. I fought, and I didn't run. I know that someone somewhere will carry on what we've started... they have to."", ""I said I had no regrets. Doesn't sound like a bad thing, at least."", '(auto-talk) There he is!', ""If we defeat all the giants, then we should be able to save the future, and the world! I've made up my mind. I'm staying with you, Noel, in this time. I can't let the world be destroyed."", '(narrating) When we came to, we found ourselves in the town of Oerba. We were in a world that had been devastated by the War of Transgression, hundreds of years before I was born.', ""(narrating) All traces of humanity were replaced with monstrous C'ieth. People had been stripped of their normal lives. Denied even a human death, they wandered the ruins of their home. I thought I heard a faint whisper, a familiar voice. Could it be the voice of someone who lived here long ago? The voice of someone begging to be heard?"", 'Vanille? Is that you?', ""(narrating) Vanille, listen. I know what it's like. You're trapped in crystal, but your soul is still alive. You're sleeping, but your thoughts are still awake. I know, because I experienced that, too. I can feel your pain. I can feel your sorrow, your grief, and your remorse. I know there's someone you want to apologize to. Can you give us some time? I promise we'll find Fang and bring her here, so you can tell her how you feel."", ""(in the form of a Miniflan) The transformation spell worked like a charm! No one can tell who we are! Mog, now we'll need the wonder honey. Can you go find some?"", 'Off you go!', '(also robotic) I shall obey.', ""I wonder if I'll ever be able to find her."", ""I remember... I remember I'm supposed to find someone. Someone important to me. But who?"", ""What's going on?"", 'Snow!?', ""(narrating) Snow gave us some valuable information. Alyssa was working with Caius of all people. If we had tried to use the artefact... Noel and I would have fallen right into some kind of trap. Caius was the one that was trying to change the events of the past. Snow's constantly on the move. There are Caiuses in the past, present, and future... ... and they all have to be stopped."", 'What!?', ""We're going there on this?"", '(narrating) And this is how I set off on an exciting and scary adventure with my hero, Snow. No one can predict how our time-traveling journey will come to an end. But the past, present, and future are all connected. And until time stands still... ... the future will always bring us a new adventure.', 'Where am I?', ""It's different than before."", ""You're not giving up, are you? Don't you remember? You're the one who told me that as long as you have hope, the goddess will smile upon you."", ""(narrating) A sky without Cocoon. A sky dark and ominous, stripped of hope. But we'll keep searching for a way. I know that one day, the sun will rise and we'll all look up at a golden sky. And we'll be able to laugh again and be with the people that are important to us.""]",PC
Final Fantasy XIII-2,2011,Japan,Sergeant Blitz,Male,"[""I want to thank you two. I'd be dead if it weren't for you. I'm Blitz. I lead an investigative unit for the army. Who are you?"", ""Did you say Farron? Wait a minute. You do look kind of familiar. So you're... I see, I see!"", ""I apologize. I never thought the day would come when Sergeant Farron's younger sister would save my life. What a strange twist of fate."", 'We go way back. We were all in the same security force. We took our duty seriously, working hard to keep peace and order in the town of Bodhum.', 'That obvious, huh? It was sort of an homage to Lightning.', ""Yeah. For a long time, I was pretty ticked off at her. But after a while, I saw the truth behind her actions. Although it was hard to see at first, she was trying to save Cocoon. She was fighting against the fal'Cie alone, standing up for what she believed in. That's when I knew I couldn't just sit back and watch this go down. Me and the guys, we applied for positions in the Academy's force. In my heart, I believe we're still on the same team, your sister and I. We're trying to make the world a better place."", ""Well, I just hope she hasn't forgotten about us after all these years. But whatever happens to the world, whoever you might have to face, make sure you find her. Your sister cares for you more than anything in the world, you know.""]",NPC
Final Fantasy XIII-2,2011,Japan,Shannon,Female,"[""Make sure to watch your step when you're walking along the cliffs. It's a little embarrassing, but this one time, I accidentally slipped and almost went over the edge! At that moment, I was sure I was gonna die. Fortunately, help came right away so the only casualty was my wristwatch. It's now lying at the bottom of the valley. It scares me to think that could have been me. I still miss that watch... It was expensive one that had to be modified to withstand all the wear and tear of the outdoors. Ah, what a waste."", 'No use crying over spilled milk! But I did love that watch...', ""I've been searching for a new one to replace the one I had, but none seem to be the right fit for me."", ""You'll look for my watch? Are you sure? Believe me, I've tried, but have had zero luck. With the eclipse keeping everything in the dark, it's almost impossible to see anything around here. I doubt it's the best time to go searching."", 'If only the eclipse would end! Then there would at least be some hope of finding that thing. It was a custom-made watch, made especially for an outdoors-y girl like me.', ""You found my watch? Wow, this is it! This is really it! And there's barely a scratch on it! How is that even possible? It fell from such a great distance. It looks like the date is off a little, though. But amazingly, other than that, everything else looks intact. Once I adjust the date, it'll be as good as new. The storeowner really meant it when he said that watch would last over 10,000 years! I thought he was joking then, but now I have proof he was telling the truth! I bought it from a little shop called Lenora's Garage in New Bodhum. They really know how to make things that last. You should check it out when you get a chance. It's just about my favorite shop on Pulse!"", ""(auto-talk) Thanks for finding my watch! You two are my heroes! It's like I never dropped it into the valley. It's working like it always has.""]",NPC
Final Fantasy XIII-2,2011,Japan,Snow Villiers,Male,"[""'Kay!"", ""(sighs) Serah, I'm sorry. She must be inside the pillar. Lightning's holding up Cocoon along with Vanille and Fang."", 'Serah...', 'Serah...', ""Serah, I believe you. Your sister's alive. She's out there somewhere."", ""Here, you hang on to this for a while. When I come back, it'll be with Lightning. Then there's no way she can say no to us getting married."", ""'Ey, 'ey, 'ey, the apologies can wait! We've got a wedding to plan, right?"", 'Come on.', 'Whaddaya say? Lightning, I swear to you! I will make her happy!', 'Serah...', 'Serah! Serah!', ""Serah? Am I dreamin' again? Dream or not, you gotta get outta here!"", ""I'll give you a hand!"", ""Hey, you kiddin'? With Serah watching? I don't think so."", ""Get close, I'll cover you!"", ""C'mon trust me!"", 'Not bad, eh?', ""C'mon, all together! Now!"", 'Yeah, do it!', 'Shoot!', 'Yeah!', 'Come on!', ""It's no good."", ""It just won't stay dead!"", ""Yeah. We'll hit it hard while it's down and..."", 'Serah!', ""Maybe. But sometimes, you've gotta make a stand."", 'Well, some of us are tougher than others. Anyway, thanks for the help. You got a name?', ""It's on hold for now."", ""I'm sorry, who's the hothead? What were you thinkin', bringing Serah out here?"", 'You really wanna know?', 'Lightning appeared in my dreams, too. Can you believe it?', 'She told me I had to protect Cocoon. So I started jumping through time, checking things out. I learned that the giant jelly bean back there knocks Cocoon down.', 'Uh huh.', ""Well, there's more than just one cause. Did'ya see what it was doin', that flan? It's melting the crystal of the pillar, bit by bit."", ""Yeah. So Cocoon starts to get unstable. People feel the tremors and begin to panic. Next thing you know, everyone's fightin' each other."", ""Like I said, sometimes you've gotta make a stand. I don't have a choice. My mission is to stop that thing for good."", ""Hey, Serah, you're comin' 'round to my way of thinkin'. Let's do it. Let's turn back... ... and finish that jelly bean off, once and for all."", ""Yep, you were right all along, Serah. There she was, right in my dream. We talked and everything. So once I've made sure Vanille and Fang are safe, we can look for Light together."", ""What? Of course I'm not lying. I-I could never hide anything from you, S-Serah, not... not in a million years!"", 'Oh, oh, oh! The dream! Yeah, I saw her all right. That was definitely Lightning. For sure.', ""No worries. I got it covered. That's why Lightning asked me. She knew she could rely on me to protect the and the pillar -- 100%."", ""Because she knows I can take on the tough jobs. I mean, Sazh ain't gettin' any younger, and Hope's got a lot to deal with already."", ""(crosses his arms) Which means you've gotta find an artefact first."", 'This is a map of the area. Take it with you.', ""We follow them straight to the artefact. Well, maybe.Noel: It could happen. They may be drawn by the spacetime disturbance. Let's find out."", ""Must be that vine. Guess he's telling us we can use it to get across."", ""Noel looks like he's up for it. Whaddya say we give it a shot and see what happens?"", ""(auto-talk) Serah, you've toughened up while I've been away."", ""I'm sorry I left you like I did. Look, when this is all over, I'll help you find Lightning. Okay?"", ""(auto-talk) Hey, guys! I could be wrong, but aren't we going the wrong way? Looks like the flan are headin' further in."", ""(auto-talk) So, Noel. You haven't told me why you're traveling through time."", 'Save humanity? Why? What happens to us?', ""(taking the artefact) I've seen crystals like this before. Right, Serah? You remember, don't you?"", 'Serah, I...', ""I hope that's true. I hope Fang and Vanille are dreaming right now. I hope they're happy in there."", ""(chuckles) They would have been the first to tell you they weren't goddesses. Not the type."", ""Yeah. They've turned to crystal."", ""Protect our world? Hold us safe? Are you saying the legend is about Fang and Vanille? If that's true, then it was the goddess Etro who saved Cocoon."", ""Okey-dokey. Let's check out the future."", 'Say what?', 'Just watch me.', '(rebuffed by a magical barrier) Ouch.', ""Okay, not my gate. I can take a hint. Guess I'm stayin' here then. Don't do anything I would. You take care."", 'I know, I know. Catch ya later. (Serah and Mog enter the gate.) No heroics, huh?', ""(auto-talk) ... I don't think it worked. You managed to put a dam in front of the flood of little flan, but that big one... he ain't going anywhere. Maybe we're dealing with a double paradox."", 'Hey! Furball!', 'Over here!', ""Hey, big guy. We need to get through this valley. Mind givin' us a ride?"", ""No answer. Guess I'll take that as a yes."", ""(leaps) Well, let's find out."", 'Bouncy.', ""He just had an itch that needed scratchin'. Come aboard; help me out!"", ""Okay. I'll throw you closer."", ""No worries, if he does attack, we'll think of something."", '(auto-talk) Look at these guys. They sure know how to stay in line.', ""Now we'll see what all the fuss was about."", 'Hey there, feller.', 'Where do you come from, anyway?', 'Kind of reminds of Vanille and Fang.', ""Come to think of it, he's a lot like 'em."", ""I'll make sure to introduce them to you. One of these days."", ""Hey don't get too wound up now. People start to make mistakes when they stress out too much, if you know what I mean."", 'Anyway, you kids take care.', 'Looks like I needed the cavalry after all. Maybe going solo was a bad idea.', ""(he looks to the crystal pillar) Fang and Vanille, I guess. (He gets up.) I knew it was stupid. But the pillar is gettin' eaten away, bit by bit. I can't just stand by and watch. Not when those two are in danger."", 'Hey, I do what I do, all right?', ""Now you wait just a damn minute. You've been looking after Serah. And back in your own time, you protected your village, and your friends. Am I wrong? Seems to me, you and I are pretty much the same."", ""Noel... You know what, forget it. Maybe you're right. But you've gotta survive. Because if you don't, then neither will anyone you love. Listen, I'm sorry I charged in on my own."", ""(taking his shoulder) I guess what I'm sayin' is, you keep looking after Serah for me, okay?"", 'My time is up.', ""Sorry, Serah. I can't be with you here."", 'Hey, there you are.', ""What, I'm not allowed to hang out in my own place. You..."", ""What are you talking about? Lightning hasn't gone anywhere that I know of."", ""She's livin' right here with us. Ever since we got married. Remember? Hey, you okay?"", ""It's okay. (She runs away.) Serah? Where you goin'? Serah!"", 'It reminded me of you, and why I had to go on.', ""If Serah's up for a fight, then so am I! Gonna knock it back down to size!"", 'Did I hear someone call for a hero? I think I did!', ""(taking the artefact) Thank you. Give it up, sweetheart. We're onto you. We know everything--like the fact that this artefact is booby-trapped. We also know that someone gave this to you. Someone like... Caius."", ""Okay, okay, sorry. But at least I'm consistent, right?"", ""That Caius... I think he's serious. He means business."", 'I try to fix the past, and he just changes it back to how he wants it again. Like nothing ever happened.', ""She's on the job. With Sazh and Dajh."", ""Stay alive. Listen, I hate to be the one to tell you this, but you're going to be assassinated exactly three days from now."", ""Without you, we might as well forget about having any kind of future. Without Hope, we're done for. So it's important that you do everything in your power to protect yourself."", ""Noel, you're on guard duty."", ""I'm going to the future to greet Caius with my fist. But before all the fun happens, I got thirteen different eras to visit. There are a bunch of crystals with my name on 'em!"", ""I'll fill you in on what you missed when you get back. So stay safe and stay alive!"", '(taking off) Ha ha ha ha ha! All right!']",NPC
Final Fantasy XIII-2,2011,Japan,Thorne,Male,"[""Who am I? Where am I? Why can't I remember anything? If only... If only I could remember my name!"", ""Who am I? Where am I? Why can't I remember anything? If only... If only I could remember my name!"", ""I don't know... That doesn't seem to ring a bell. No, that's not it. That's not my name."", ""Yes, that's it! My name is Thorne! I remember everything. I was investigating the ruins with my colleagues, when suddenly, I felt someone push me into the paradox, and somehow, it... absorbed me. I see. She told you my name, did she? I'm relieved to hear that they're still working as hard as ever, even after I'm gone. It's good to know I taught them well. I think I understand the situation. So you're trying to find the password for the control unit in order to resolve the paradox in the ruins, is that it? Well, I'm as good as dead, so the key to solving the paradox is no help to me. Here, take it. I've written down the password. Maybe you can save everyone.""]",NPC
Final Fantasy XIII-2,2011,Japan,Thunder,Male,"[""I don't plan on leaving this place until dies. It's either him or me."", 'This is a standoff. First one to flinch, goes down.', 'Interesting. We might have a shot if we cut off its energy source, eh?']",NPC
Final Fantasy XIII-2,2011,Japan,Thursten,Male,"[""I wonder why people waste their efforts picking off monsters one creature at a time. I know a faster way we can get rid of them. We just need lots of explosives--enough to blow up the entire runs! I'm having an explosives expert look into it now. If you happen to run into a mercenary called the Commander, can you let him know that I want to speak with him?"", ""Don't forget--his nickname is the Commander."", ""I have the Commander looking into my idea for ridding the area of monsters. He's well-respected in these parts. He's a great veteran, and he has a lot of experience leading important missions."", ""Ah, I see the Commander gave you his report. Can I take a look? Well, he poo-pooed my mass destruction idea. I thought it was a good idea at the time. Well, back to the drawing board! I noticed something interesting in his report. Apparently, the ruins have been subject to many explosions in the past. And they weren't from any battle. There was a direct attack on the Academy by a certain group. I've never heard of anything like this before. I have a feeling there's a lot I don't know about this... I shouldn't stick my nose in where it doesn't belong, though. Anyway, here's something for your trouble."", ""(auto-talk) It's hard to believe that anyone would actually want to attack the Academy in these ruins. Although I suppose not everyone believes in what we're doing here.""]",NPC
Final Fantasy XIII-2,2011,Japan,Tipur,Male,"[""Listen, we could do with an extra arm. You help us, and I'll give you this map."", ""If you're here to hunt, find someplace else."", 'Yes. Ever since that storm blew up. These lands were teeming with game before that. Friends went to investigate the storm, but they never came back.', ""So, you want to know what brought on the storm. My friends are out there assessing the situation, but even if I knew, I wouldn't tell anyone that wasn't a hunter."", ""Really? Then you wouldn't mind if I put you to the test. Let's see what you can do. We've been getting harassed by a pack of monsters lately. Think you can get rid of them for us?"", ""Too scared for the task, are you? Ah, I didn't think you could do it, anyway."", ""Go and defeat those monsters, if you want to prove yourself. Then we'll know what you're made of."", ""Prove that you're not all talk. Go and hunt down those beasts that have been troubling us."", ""We're counting on you. No one knows why they appeared all of a sudden. What are they after?"", ""If this task is too hard for you, I'm afraid you're not cut out to be a hunter."", ""Everything that's happened is because of that ominous storm. What the hell is that thing, anyway?"", ""I'm counting on you to get rid of those annoying little pests. They shouldn't be too far."", ""So you took care of those little monsters? I have to hand it to you; you're stronger than you look. Thanks for dealing with that little problem. (auto-talk) Say, can I ask you another favor? Some of my people are in desperate need of wool. Why don't you go and talk to the folk over there? They'll fill you in. My friends could really use your help. You've proven that you're stronger than most young hunters. The storm... It's never going to end, is it?"", 'Our friends have returned safely from the storm. They say the monsters are sucked into the storm and never come out. Not even as corpses.', ""(auto-talk) It's good to know our friends are safe."", ""(auto-talk) You two are lifesavers! I have to say, I'm proud to be a fellow hunter. Did you learn to fight like that while you traveled? Where are you from? Are the people of your land as strong as you are?"", ""We've learned what's behind that storm. There's a monster prowling the grasslands that's taking all the flan. The beast is massive! It can swallow dozens of flan! And when it does, it kicks up that storm we've been seeing!"", ""(auto-talk) It seems the monster faeryl is causing the storm. Defeating him will most likely end all of our problems! If anyone can stop the storm, it's you two. Make sure you stay on your toes. I want to see you back here safe and sound!"", ""Has anyone told you of the savage monster lurking around this area? You'll see it on rainy days. That's when it comes out to feed. You see, that's why I never step foot outside when it's raining. I bet you could take that monster on. What do you say? Do you want to give it a shot?"", 'Sure, whenever you can!', ""That monster by the water that's giving us trouble. Can you take care of it?"", ""My heart drops when I see rain clouds forming! I don't want to feel that way anymore!"", ""Really!? It only comes out when it's raining. Keep an eye on the clouds. Try not to get killed!"", ""It hates sunlight. I don't know if it's because of the heat or the lack of moisture in the air, but you'll never catch him outside when it's sunny."", ""You'll find him lurking in damp, dark areas with lots of rainfall. For some reason, gloomy weather seems to drag it out of its lair."", ""What? You took care of the monster? It's really gone? You two are legends!"", 'Now I can sleep soundly on rainy days! Of course, I always sleep in on rainy days anyway, so no change there!', 'The hunters in this area are having a hard time with a certain beast. Want to hear more about it?', ""I see. I'll be right here if you change your minds."", ""I'm sure you could defeat the monsters in this area with one hand tied behind your backs."", ""That's the spirit! I'll be waiting to hear the good news!"", 'So? How goes the hunt?', ""I think it's time to see what you two can really do."", ""My hat's off to you. You have proven yourself worthy, and more."", 'You did it! You defeated the little monster! I never doubted you two.']",NPC
Final Fantasy XIII-2,2011,Japan,Torreno,Male,"[""Wh-where am I? Who are you guys? Do you know how long I've been out for? The shadow! Where did that shadow go? I'm not sure what's going on, but I think it's safe to assume that I'm miles away from the rest of my unit. We were headed to our mission LZ on an airship. I remember there was a really bad storm that day. Out of nowhere, a dark shadow enveloped the sky and a monstrous creature appeared in front of us. We lost power, and the airship crashed to the ground. Everything went dark. The next thing I know, I wake up in this place. And well, you know the rest."", ""Is that possible? Are you saying this isn't 10 AF? That means... the others..."", ""Seems like it. I'm trying, but I can't move my leg. Dammit, what am I supposed to do?"", 'What am I supposed to do now... ?', 'I need to find out what happened to the rest of my unit. Please.', 'I just... I need to know!', ""Would you? I would really appreciate it. There are five others in my unit. Tell them Torreno of Blitz Squadron sent you to look for them. Here's a map of the land. I hope it helps."", ""The sergeant's call sign is Blitz. That's where we got the name for our squad."", ""There are five others in the unit besides me. I hope that they're all safe and sound somewhere."", ""Don't worry about me. I'm not gonna let this be the end of me."", 'Thanks to you guys, Falcon made it to me in one piece!', ""The corporal's alive!? You're sure? That's great news!"", ""Thanks again for your help, lil' sis! Couldn't have resolved the paradox without ya! The members of Blitz Squadron are finally going to return to our time. All six of us, together! I know you're on a journey to find your sister. It might not be easy, but don't give up until you find her, okay? Oh, and don't forget our invitations to her welcome home party!""]",NPC
Final Fantasy XIII-2,2011,Japan,Uma,Female,"[""My previous boss was transferred here from the Bresha Ruins. He taught me everything I know. Unfortunately, he's no longer with us. He was a nice man, and he took care of me. He was my mentor from Day 1. If only he hadn't come here, he'd probably still be alive and well."", ""This is interesting. If we get our hands on the password of the control unit, we might be able to solve the disturbance within the ruins fairly quickly. It's unfortunate. Mr. Thorne was the only one who knew the password. And now he's disappeared inside the paradox. I don't know if he's dead, but I doubt we'll ever see him again."", 'My late boss, Mr. Thorne, was the only one who knew the password. Losing him was a great loss for us.', ""He was strict, but only because he cared about me. Sometimes I wonder if he's still alive in some other dimension."", 'Sometimes it feels like Mr. Thorne is watching over me from somewhere.']",NPC
Final Fantasy XIII-2,2011,Japan,Walter,Male,"[""I'm currently studying the sociobiology of monsters. By learning how these monsters react to human aggression, the military will be able to formulate more advanced battle strategies. I have my eye on one of the mercenaries in the area as a test subject. He's brash, abrasive and violent, and he's always ready to fight any monster he encounters. I wonder how differently the monsters would react to him if he became calm, relaxed, and genial. I'd love to get my hands on such data."", ""My topic of research is the correlation between human aggression and the monsters' behavioral reactions. There's a hotheaded mercenary here who is perfect for this experiment."", ""I analyzed the recorded data from the mercenary's encounters with various monsters. There doesn't seem to have been any kind of significant change. Continued research of this topic may be useless. Perhaps it's time to scrap the idea and move onto the next."", 'I ran into that mercenary I told you about. He was in an awfully good mood.']",NPC
Final Fantasy XIII-2,2011,Japan,Yuj,Male,"['(motioning) Everyone, this way!', '(auto-talk) Everyone stay close! Serah! Be careful! We need Snow here! Is Lebreau okay!?', 'Maqui!', 'Team Yuj ready to roll.', 'You heard him. Move out!', 'Hey. So, this is the famous Noel, huh?', ""Lebreau told me how you helped her out. I'm Yuj. Nice to meet you."", ""What's with the new stylin' threads, Serah? Not exactly a 'dress up and hit the town' kind of occasion."", ""Lightning's gone, man."", ""If only Snow were here. He'd know how to handle this nightmare."", ""So, you're just taking him at his word? He says he's from the future, but where's the proof?"", ""Noel doesn't seem to be a bad guy. Still..."", ""We're just trying to look out for you, you know?"", 'I wonder what Snow would do.', 'Hi, Serah. Did you find one of those artefact things?', ""I'd try if I had any idea what I was looking for. You know, Serah..."", 'Ah, never mind. Forget it.', ""You know, Maqui's been acting kind of shifty lately."", ""If Snow hadn't trained us the way he did, there's no way we could survive here on Pulse."", 'This outfit is so last week. Might be time for a shopping trip.', 'Where did that rascal get to, I wonder...', ""Can't we all do it? I mean, we are one big family, right?"", 'Shh!', 'Uh-oh. Did you guys forget something? Hey, and when did you become pros at working that time machine?', ""So I see Lightning's not with you. That must mean... Your journey's not over yet, is it?"", ""I wonder where your adventure's gonna take you guys. Any ides where the finish line will be? If you let us know, we'll be waiting there for ya!"", ""We'll be waiting here for good news. Serah, Noel, I have faith in you guys."", ""Hi, guys! How's your adventure through time going? Taking in the scenery? Enjoying the action?"", ""You two seem different somehow. What's changed? ... You are the real Serah and Noel, right?"", ""It's strange to think that while you're out there on a long journey, not a lot of time has passed for us."", ""They say people grow from what they experience. If that's true, I might not recognize you when you come back to us again!"", ""Hey, let's all yell 'Serah' at once."", ""You still dreamin'?"", ""It's not like you to slack off like that. Have you been working too hard in the fields?"", ""Noel? No, I can't say I do, not in this village. Old friend?"", ""It's another peaceful day."", 'Hey, I have a thought. Maybe things are too easy for you these days? Getting bored?', 'Monsters can show up any time. Better not take naps outside the village.', ""Yeah, I'm still here. Someone's gotta keep a lookout for monsters, right?""]",NPC
